record_id,person_id,group_id,row_sha256,decision_id,reviewer,reviewed_at
2024:2021420251177270001,p0009,g_3c63a2ed4db51b5ac1c64e38,3b3a643cb3603eb4c6d3f923d851785582012629e8e04f605d32bac08cc496a0,d_22098c59609a921156552393,Codex — agent-assisted initial review,2026-09-20T09:08:32.301672+00:00
2024:4010320251125715893,p0002,g_48867d177a9001e75064aa2d,8e5c7f6f91692f19d427bdc5c3c9c32f4e74d2f6caf296370613882218c1b500,d_f0f6aab9854b8721a47a6845,Codex — agent-assisted initial review,2026-09-20T09:23:18.404604+00:00
2024:4010320251125715895,p0003,g_617913b6113ba9f2cb4a3d22,421be792760de8f37fd2b5877dba7e97ed4520fd927f34b1332fa65e1bb57ea7,d_55173acc8fc9d0001537c94a,Codex — agent-assisted initial review,2026-09-20T09:23:18.404604+00:00
2024:4010320251125717039,p0009,g_af1886602cf99e7622bf7af0,69e465687f42625d736ca50d0ae24585cbba4c15df3cb67bfb61fad0dee4c8a8,d_857229ce21f533dd245732f6,Codex — agent-assisted initial review,2026-09-20T09:08:32.301672+00:00
2024:4010320251125729669,p0009,g_3d1fd68d1b0a4de3b68715a1,cccd6a62276752309280ac6f1e7ca87b3f6d2e349ec312a24c05933611a4c29c,d_f04672894c8d189f46f6fedd,Codex — agent-assisted initial review,2026-09-20T09:08:32.301672+00:00
2024:4010520241814879404,p0004,g_a69179c7f516413b2da2c798,6bb366a5189c71d7f89de00c45bdf16327439cf37ea257a0981493f36284319a,d_687dd8349657de6307ed6684,Codex — agent-assisted initial review,2026-09-20T09:23:18.404604+00:00
2024:4010520241814884030,p0004,g_a69179c7f516413b2da2c798,c64bf549cdedd6e74c102e004fc0617e72a90feb188aa6bd86c5c099c57875bd,d_687dd8349657de6307ed6684,Codex — agent-assisted initial review,2026-09-20T09:23:18.404604+00:00
2024:4010620251126924644,p0002,g_bde236a37d07a2431b7c1630,e9ee1868c178682827e2792191d264031f10117a9c8c28d81e412944208aa202,d_aae06956d1bd2773cfdfd88a,Codex — agent-assisted initial review,2026-09-20T09:23:18.404604+00:00
2024:4010620251126926590,p0003,g_554894c4490b0685aaf85533,04ce966755a9a3de151b9547db6ff1c3b56f60a5572bbfe04489ea8b6363bdac,d_b59a595f8ae488e44f0c573c,Codex — agent-assisted initial review,2026-09-20T09:23:18.404604+00:00
2024:4010720251127149488,p0004,g_bfe68c8eb06a4e15783bd381,718ef4389575095f31141574744472b4c56f5d7eab57a5ba7ac36c7e53b6a12c,d_232552bb5a5e89ee37d1cc10,Codex — agent-assisted initial review,2026-09-20T09:23:18.404604+00:00
2024:4010720251127149489,p0004,g_bfe68c8eb06a4e15783bd381,a55c539d0f0168abaab74813d5622fad2aad4c7930e66150d5a8b5b766161275,d_232552bb5a5e89ee37d1cc10,Codex — agent-assisted initial review,2026-09-20T09:23:18.404604+00:00
2024:4010720251127211298,p0004,g_bfe68c8eb06a4e15783bd381,643ff2bdcd457c39fe9cae17d93fcb74d1d9e8b1ed18da9f7b8eb0347cd70345,d_232552bb5a5e89ee37d1cc10,Codex — agent-assisted initial review,2026-09-20T09:23:18.404604+00:00
2024:4010720251127211299,p0004,g_bfe68c8eb06a4e15783bd381,6d98f05d1e1de8cbaf12ca0cf22c40c97feaff10e6754f2f2efd2a071efa6b81,d_232552bb5a5e89ee37d1cc10,Codex — agent-assisted initial review,2026-09-20T09:23:18.404604+00:00
2024:4010720251127217130,p0010,g_9e74b58acd6939633ae90ac8,0f4a7f2572beec8d8a7444c068453089169a605f592c1a5f545bf71a698dd4ce,d_48aa13c8c9532027aa9d9088,Codex — agent-assisted initial review,2026-09-20T09:08:32.301672+00:00
2024:4010720251127273790,p0003,g_b18273bf405cd6ff79fb34c1,3e7118d535bc679a293614e5f692f019dae0d02c03d9978cff1512610e02372a,d_58c9a91ca78ffba11a0090cd,Codex — agent-assisted initial review,2026-09-20T09:23:18.404604+00:00
2024:4010720251127273982,p0002,g_8ea87ed1988309da962140a1,301128082503ac148bfebd52274cd439d5ba6196e6a2976060d219040507fc01,d_f497961510e2759b5118cd3f,Codex — agent-assisted initial review,2026-09-20T09:23:18.404604+00:00
2024:4010720251127424837,p0015,g_59d1835ef28498d23a6117da,37ec944f3e3c8a86a444f6927f3bbcd25353789fd10d597370512d69480b9e5d,d_19ee43a1b826cb9e403d0e77,Codex — agent-assisted initial review,2026-09-20T09:23:18.404604+00:00
2024:4010720251127424885,p0004,g_31c7836510589c744f5dc675,5071ca558d41faa3312f2fcd48906144f9774bea463858a21f46f465ed587f18,d_1fb134cea9535c5532a18b27,Codex — agent-assisted initial review,2026-09-20T09:23:18.404604+00:00
2024:4010720261300203952,p0015,g_0df146e2dc411e763e44f79f,dc51ee98fcba7cbb58554aeec5969f3c8f3be06e08491a457016f6835e134618,d_18c275611bc671f94544f671,Codex — agent-assisted initial review,2026-09-20T09:23:18.404604+00:00
2024:4010820251127665743,p0003,g_554894c4490b0685aaf85533,515ed407f9d0b78a40c5df9a656ed0a72b445b978098529425cd2272fa021289,d_b59a595f8ae488e44f0c573c,Codex — agent-assisted initial review,2026-09-20T09:23:18.404604+00:00
2024:4010820251127665758,p0002,g_e1f9c2baf0625467e20c1622,d0c3a0652b8a6259f8decf580e86428cf97f07848b9da3b570aa9c9b8406b902,d_e73062e2dd8eb2e9b5f09b6b,Codex — agent-assisted initial review,2026-09-20T09:23:18.404604+00:00
2024:4011020251127843355,p0004,g_bd058d69d0304e30bc389d7c,350051595fc2afd7ad00b7a4041367895a68c014fc9c5382e48a6cc57f6cc524,d_0a55b981bcef47f157f2f646,Codex — agent-assisted initial review,2026-09-20T09:23:18.404604+00:00
2024:4011120251127998844,p0004,g_b0c9daa0610f513e734e410d,cdf962b440375ef70cfc3a98207e8e04bd9eda8da6b29cfa7eba324944d01487,d_685c106636415f5c7193eed4,Codex — agent-assisted initial review,2026-09-20T09:23:18.404604+00:00
2024:4011120251128081595,p0014,g_a3749f8abe928abdaf08d2a4,7df990a55eb97ab58cb80fe7a368425507958fa6d29bdd65e964feb848a2fe16,d_e112fbf655c920a10e2cf107,Codex — agent-assisted initial review,2026-09-20T09:08:32.301672+00:00
2024:4011320251128198473,p0004,g_bd058d69d0304e30bc389d7c,dddd07a552440ebda66d9af6bde5b167bcc04b2d0a7a94512752b1d30eef2c8d,d_0a55b981bcef47f157f2f646,Codex — agent-assisted initial review,2026-09-20T09:23:18.404604+00:00
2024:4011320251129780938,p0002,g_46e99dbae68133c91b74dcb2,563079a17401736bda8dc92e72c5ed5dd0d02cc1ddfdb32064c1cf227ca1d513,d_c4fe273510599c35ac57234b,Codex — agent-assisted initial review,2026-09-20T09:23:18.404604+00:00
2024:4011320251129780939,p0003,g_15234b9194f0080445672351,a208b8b5f9c2090512f1b2a35d5362a2c95e913fe0d3857c702949fdcd51d48e,d_1776992f9749f9a8e968cc84,Codex — agent-assisted initial review,2026-09-20T09:23:18.404604+00:00
2024:4011420251130074285,p0010,g_49fc2f2a3ae9ec3e318ff837,0771851b21589a9146a14e5f68ed2a7a2f1471390abf694685459d73912267bc,d_a72a1f8f7f9cba7ff8c76f6f,Codex — agent-assisted initial review,2026-09-20T09:08:32.301672+00:00
2024:4011520251130261241,p0003,g_617913b6113ba9f2cb4a3d22,2cf15480179616cb9e9fca3d2aef7c2717fa311dedc487ae6496b21cba85fbc4,d_55173acc8fc9d0001537c94a,Codex — agent-assisted initial review,2026-09-20T09:23:18.404604+00:00
2024:4011520251130261331,p0002,g_2ef4420b071c1eb04418e5e2,a6edf8f693dab289146d73b23bfdf3ec2a2c7ab45ad560acbf8562b6d9ec7bc4,d_1965b2722f0eacd585833a32,Codex — agent-assisted initial review,2026-09-20T09:23:18.404604+00:00
2024:4011520251130766650,p0012,g_e77fca5ffec2922b8770159d,ac1c8a020dc67717c7f300dd678812614f6070973ab21239fce698aa7e6f1c56,d_f3415e381dfd1dbc8b144e6a,Codex — agent-assisted initial review,2026-09-20T09:23:18.404604+00:00
2024:4011620241815512992,p0009,g_dd3cd7e5d69b8f28130ff5f7,8e50087786f650b88d1c1534f276a7c50d259e0b4d0ec4b3bd34335e9f78f8db,d_6aed25a77b957b71b7a93601,Codex — agent-assisted initial review,2026-09-20T09:08:32.301672+00:00
2024:4011620241815551737,p0017,g_19304979b797103de37614fa,a5ea91fbd190970c4b28441acc621f0cb9c8f5092a7f29d055792219b39ce2bf,d_f9ce84be74013e6bae0b4ea3,Codex — agent-assisted initial review,2026-09-20T09:23:18.404604+00:00
2024:4011620241815553765,p0017,g_19304979b797103de37614fa,583f7f8b9852c6687e29a29840fa6a68d589e8ac0bbd8b3da516edd65ecaf3e6,d_f9ce84be74013e6bae0b4ea3,Codex — agent-assisted initial review,2026-09-20T09:23:18.404604+00:00
2024:4011620251132157567,p0013,g_48d750321e2c45aa62aed888,fe2b00e2f2c70aaab42ed38f7b1c730b55416b54da3e19df63cac3c0fe2967e3,d_d9ef0c57798e15b8079fd207,Codex — agent-assisted initial review,2026-09-20T09:23:18.404604+00:00
2024:4011620251132180611,p0004,g_819c5bf624c7aa993ef7f42b,d39a7dbcf7bae2bf0ec59b9a0c0c5f8eb7648704a35379d8780540a00b2b0e70,d_e14d94fd79a55f526dc49be3,Codex — agent-assisted initial review,2026-09-20T09:23:18.404604+00:00
2024:4011620251132340137,p0012,g_66a98ff28415b7389db6105c,3c312dbbc7aa11ec7f52068bffe23ddd6ed3c0f5cb2e2bb8fac760ef2680141f,d_7a176a4d58423b39f7f41afe,Codex — agent-assisted initial review,2026-09-20T09:23:18.404604+00:00
2024:4011620251132342892,p0001,g_99251e01a281ef05b3bb71e7,ca4b44073938862b123bfe5c5bc86f9037a90d89920aa7b9d9d56b730ef2c647,d_5b77e2f7b4d2d6044056b0f6,Codex — agent-assisted initial review,2026-09-20T09:08:32.301672+00:00
2024:4011620251132342893,p0001,g_99251e01a281ef05b3bb71e7,e5975bb92790acc73c0c7a778da6635f9975ce6e075cfd3188c5c5a5b05a1ff3,d_5b77e2f7b4d2d6044056b0f6,Codex — agent-assisted initial review,2026-09-20T09:08:32.301672+00:00
2024:4011620251132342894,p0001,g_99251e01a281ef05b3bb71e7,5ea6857b870fe55d94b6a8fd3ff73b7eee780bd41dc0686839ee8dd4f92c7beb,d_5b77e2f7b4d2d6044056b0f6,Codex — agent-assisted initial review,2026-09-20T09:08:32.301672+00:00
2024:4011620251132342895,p0001,g_99251e01a281ef05b3bb71e7,f2fa4eb2375b4d39a821263171b86b54cd0c714f2d1669954e64725458a9c20d,d_5b77e2f7b4d2d6044056b0f6,Codex — agent-assisted initial review,2026-09-20T09:08:32.301672+00:00
2024:4011620251132342896,p0001,g_99251e01a281ef05b3bb71e7,ca8b4f0e3b69a052345f486931be34c93e7e0f56fcce86fc758708d379d701ea,d_5b77e2f7b4d2d6044056b0f6,Codex — agent-assisted initial review,2026-09-20T09:08:32.301672+00:00
2024:4011620251132342898,p0001,g_99251e01a281ef05b3bb71e7,cba8b75a5830152a4e2a1ebb52347bd2c77348ceb4cb8bcb0380492c698434d7,d_5b77e2f7b4d2d6044056b0f6,Codex — agent-assisted initial review,2026-09-20T09:08:32.301672+00:00
2024:4011620251132342902,p0001,g_99251e01a281ef05b3bb71e7,176037581f67a521d6c172be40d73578baccb3e2226dde8a3f34d8b1ae5497d5,d_5b77e2f7b4d2d6044056b0f6,Codex — agent-assisted initial review,2026-09-20T09:08:32.301672+00:00
2024:4011620251132342904,p0001,g_99251e01a281ef05b3bb71e7,2f267adb903a69cfe6a6aa7c255b74bed3f5898e9cc031074ea703a2334f6b2a,d_5b77e2f7b4d2d6044056b0f6,Codex — agent-assisted initial review,2026-09-20T09:08:32.301672+00:00
2024:4011620251132342906,p0001,g_99251e01a281ef05b3bb71e7,9edf908ed13ec1067d44662c030117c7441b0b4c34e92fe901cf95d00d90400d,d_5b77e2f7b4d2d6044056b0f6,Codex — agent-assisted initial review,2026-09-20T09:08:32.301672+00:00
2024:4011620251132342908,p0001,g_99251e01a281ef05b3bb71e7,8e119104963f5b7bbdda4ef458928dc7bde401ece47fbcbaae582fb7abd747a4,d_5b77e2f7b4d2d6044056b0f6,Codex — agent-assisted initial review,2026-09-20T09:08:32.301672+00:00
2024:4011620251132342910,p0001,g_99251e01a281ef05b3bb71e7,e151aabef060efb72eae986a5c692ece3f935208795c1f2ff085d02612b93167,d_5b77e2f7b4d2d6044056b0f6,Codex — agent-assisted initial review,2026-09-20T09:08:32.301672+00:00
2024:4011620251132356568,p0002,g_665c4f1432d327bf1fe04a0d,deb63e4dd98b93084f469d3653e7eb093c13e3cbe8ed916c5ecba403bfb45e83,d_e9192e4d90a1be6a2c7e1e5b,Codex — agent-assisted initial review,2026-09-20T09:23:18.404604+00:00
2024:4011620251132356569,p0003,g_12486b787aeab657956e87c2,a3e27a842f319f363114f21f00b0813fd2adcfb1e054420d2b2f19d99201a9f7,d_f997f823a2fc74f257082603,Codex — agent-assisted initial review,2026-09-20T09:23:18.404604+00:00
2024:4011620251132364570,p0001,g_7b11c2e94600cf383cc3c600,9c5c713ee37aee35c53796cb75b69af7e4aaff4a7b6e6ef4fc3a55abe7eb6ca0,d_a84b3756c6c78179b4536097,Codex — agent-assisted initial review,2026-09-20T09:08:32.301672+00:00
2024:4011620251132367923,p0012,g_66a98ff28415b7389db6105c,c8e813297b6174c3a4a7fe67372fd8f3bf4f3590c43721b223270ff3c0988105,d_7a176a4d58423b39f7f41afe,Codex — agent-assisted initial review,2026-09-20T09:23:18.404604+00:00
2024:4011620251132373432,p0003,g_54d976e9fffa3a944dd66e8e,9d352e48b5137b6cbf6fe81667cbad05ea8b7a82a6993bd57aff0b950b3e13a0,d_3ad4c1758ab3085ababa6212,Codex — agent-assisted initial review,2026-09-20T09:23:18.404604+00:00
2024:4011620251132376021,p0004,g_533b99cae13b20adfeee2dec,df16135cfb9cd31c3bb831fb7ff193ea9528f6fc3a86e23db9c602167b680d19,d_0141d6cf2a985b3c36c657e4,Codex — agent-assisted initial review,2026-09-20T09:23:18.404604+00:00
2024:4011620251132376023,p0004,g_533b99cae13b20adfeee2dec,10f49cc06c80b7205dc9aec2407d7cae636fc2b68abc8afa4fbc58e5ae5a9398,d_0141d6cf2a985b3c36c657e4,Codex — agent-assisted initial review,2026-09-20T09:23:18.404604+00:00
2024:4011620251132376024,p0004,g_533b99cae13b20adfeee2dec,72f5c179e4a634ca3e12f6a35859f587cf3eb1457456f2d0c8c825338add5de4,d_0141d6cf2a985b3c36c657e4,Codex — agent-assisted initial review,2026-09-20T09:23:18.404604+00:00
2024:4011620251132377284,p0003,g_54d976e9fffa3a944dd66e8e,6a7ca4962322c82b383a91b3b5d9ddaae857d9f8ce38df948eaa5b3dcd418219,d_3ad4c1758ab3085ababa6212,Codex — agent-assisted initial review,2026-09-20T09:23:18.404604+00:00
2024:4011720241815683823,p0002,g_98d9baf9743cf34c7469a813,c3fb1d451f6a0bcbecc63204deeb793cd89fb00783e2db1d705236fec611b937,d_8465eadc1d77a8ea4bb89914,Codex — agent-assisted initial review,2026-09-20T09:23:18.404604+00:00
2024:4011720241815683826,p0003,g_6e5c56296dfebf4d8141efcf,2a603d82a454119e7cf3c049fd81ff41d5791b7a68b1a35c465e1b2cbf349377,d_c13bcab5cd5db3be9e64ffee,Codex — agent-assisted initial review,2026-09-20T09:23:18.404604+00:00
2024:4011720251132615724,p0002,g_8aac48dd3821037480c6b835,f7197585da0978d5b8dfa975ddf652c85bebbb7d078e364c3fd379eccdec4557,d_7fa489a47f0e9105eac463bb,Codex — agent-assisted initial review,2026-09-20T09:23:18.404604+00:00
2024:4011720251132615736,p0003,g_80c4e2fbb14298f88b72d1bc,f998a7feee9dd5dc41063ba38e575aaec63917d29724cca808a809ab14a921d8,d_c27ea8c569326b5982d1d6e5,Codex — agent-assisted initial review,2026-09-20T09:23:18.404604+00:00
2024:4011720251132811788,p0004,g_560c7a9bdd1b26699a53bfd2,41c4c2cd99108f2b6739a659437460e87f13e6e2b6d0090a8be814fabfc4619f,d_3cf8763bc9fd1f6c80001d09,Codex — agent-assisted initial review,2026-09-20T09:23:18.404604+00:00
2024:4011720251132836861,p0012,g_66a98ff28415b7389db6105c,632fa8b40e8906152a52214251e62b4bd19e11478be97e1e00e59de2d86e1abe,d_7a176a4d58423b39f7f41afe,Codex — agent-assisted initial review,2026-09-20T09:23:18.404604+00:00
2024:4011720251132842389,p0012,g_743f6d17002092ef8c3d07eb,7c1d2706938a55d46fc3c34ec78aea39b54d8e0b3d0b3e596375b52745c7098c,d_4bceb35e61b75e1699484d47,Codex — agent-assisted initial review,2026-09-20T09:23:18.404604+00:00
2024:4011720251132842391,p0012,g_743f6d17002092ef8c3d07eb,be4d54ad4591c944fe937ce1661b08a89a98ac581de04536d15362abeb732f7d,d_4bceb35e61b75e1699484d47,Codex — agent-assisted initial review,2026-09-20T09:23:18.404604+00:00
2024:4011720251132926804,p0004,g_819c5bf624c7aa993ef7f42b,0e4d4c3b25d7b035e95041e16bfa0598337bed3b8b96e0d0460e4b96744d4cda,d_e14d94fd79a55f526dc49be3,Codex — agent-assisted initial review,2026-09-20T09:23:18.404604+00:00
2024:4011920241815787120,p0020,g_bf4dcb81a7123610287a978c,9376a034a598e694f569539e6bcea1c2bb6ce0619d5795296ac5065a2491191f,d_5b88d4a1f82402230699e1de,Codex — agent-assisted initial review,2026-09-20T09:23:18.404604+00:00
2024:4011920241815790961,p0017,g_06695097e2da00f9bd4000ea,e741eae859646186bec83f39406ad6e3f16c621d3265c00484800100b45eec14,d_2368c53a95b2d7bbf8bac755,Codex — agent-assisted initial review,2026-09-20T09:23:18.404604+00:00
2024:4012120251133039642,p0012,g_a6983b6aa221737b6d82fe62,e7f8112803af8b91b55fc4369a8cea4b6f1f20bf155e4f66ec0dba4f358dbc10,d_bee107d112656e671e6cbe57,Codex — agent-assisted initial review,2026-09-20T09:23:18.404604+00:00
2024:4012220241815940600,p0004,g_82fbf8bb376aef5504cd9602,bbc11f78ad5968301ea49a8ed0b4a6ced3ef57c57ec56f693174ec7daf1952f4,d_01717856f86057d9416c5aed,Codex — agent-assisted initial review,2026-09-20T09:23:18.404604+00:00
2024:4012220241815964456,p0015,g_36b268e26f69f523262bd80a,bcf92f8099c12649fc12b09658fb481e50fa0f493800d9f3eb02a31d7bb703bb,d_7287f01b3cea95991fd923b5,Codex — agent-assisted initial review,2026-09-20T09:23:18.404604+00:00
2024:4012220241815964457,p0015,g_36b268e26f69f523262bd80a,9c732d20a4efca897df1e798091da7f17cfa9c1f1f03f2c79531b447a4e28d1d,d_7287f01b3cea95991fd923b5,Codex — agent-assisted initial review,2026-09-20T09:23:18.404604+00:00
2024:4012220241815964458,p0015,g_36b268e26f69f523262bd80a,9164191bf4462b1435d5628c1fb158f846f9af9dcaf1ceae7048dbab57460cda,d_7287f01b3cea95991fd923b5,Codex — agent-assisted initial review,2026-09-20T09:23:18.404604+00:00
2024:4012220251133165226,p0015,g_59d1835ef28498d23a6117da,273181b1c409f745a2cc708e748e0be06d02d143f9badc672a66dd88bab7d029,d_19ee43a1b826cb9e403d0e77,Codex — agent-assisted initial review,2026-09-20T09:23:18.404604+00:00
2024:4012220251133179420,p0014,g_be2aa6b787231460bced0a32,a60a1a8effa35692aa7005f1bf38bc8db0fde33299036e9981c3ee739c0b4ad5,d_d9608d3f190ca424caf0dc22,Codex — agent-assisted initial review,2026-09-20T09:08:32.301672+00:00
2024:4012220251133561893,p0015,g_0ba186ca5843379daa435ab0,ac7ea0ff0073859874cc5c1b8955a2ca5b1fc40562a1c92ca79f4799a55fad9c,d_d2cba77348e9ebe0dddafee5,Codex — agent-assisted initial review,2026-09-20T09:23:18.404604+00:00
2024:4012220251133565390,p0012,g_66a98ff28415b7389db6105c,6cc05d42e0773e4cbd7089ebca4e4c7897200581da0de52f8e8e577b05f63279,d_7a176a4d58423b39f7f41afe,Codex — agent-assisted initial review,2026-09-20T09:23:18.404604+00:00
2024:4012320241816190471,p0004,g_89826e446fa1aaddb7c18306,2aa26166aa00f0bb76a6cc040ceeff90f51878434083f96835b66dca379ffb45,d_3073b7529cb442003b874292,Codex — agent-assisted initial review,2026-09-20T09:23:18.404604+00:00
2024:4012320251133647914,p0012,g_66a98ff28415b7389db6105c,5d1d376c2ab0fbfc79cc0637081c190edb2559641c79bb88f0b76cd0c39b6931,d_7a176a4d58423b39f7f41afe,Codex — agent-assisted initial review,2026-09-20T09:23:18.404604+00:00
2024:4012320251133839282,p0013,g_886af3ba8a1db8407a6736f8,363ea9d5a5b55046c6e88e77b8d1594ba94dc9740569b80c8c2e6be9129562fa,d_c0381fff5f9e0109b981624e,Codex — agent-assisted initial review,2026-09-20T09:23:18.404604+00:00
2024:4012320251133839283,p0013,g_886af3ba8a1db8407a6736f8,c7bbf26f1fe0562253007a3d7564033f2994c991edd1072a4ff8fcfbaca3bcb4,d_c0381fff5f9e0109b981624e,Codex — agent-assisted initial review,2026-09-20T09:23:18.404604+00:00
2024:4012320251133840830,p0010,g_a0017affdbbd1434fe57f318,ee4ad4d6bf290248e95abf2c399f811bdd540835d42bcd36cb3ab1c9fa5001b5,d_ebf3b5f5d0fe5d05d1afcc37,Codex — agent-assisted initial review,2026-09-20T09:08:32.301672+00:00
2024:4012320251133929658,p0012,g_66a98ff28415b7389db6105c,e5072f3efdf3c4eaed8e2277e4babb658d804ad3719c51080f2aafe14a962a72,d_7a176a4d58423b39f7f41afe,Codex — agent-assisted initial review,2026-09-20T09:23:18.404604+00:00
2024:4012320251133994094,p0003,g_7e617f2e9c5fa3f4b2ca6ff7,be14b54e78c116b73f369b1ea05174a5f758f4a113e621786d1ac73284faad09,d_538edc632adae9832052c4be,Codex — agent-assisted initial review,2026-09-20T09:23:18.404604+00:00
2024:4012320251133998023,p0012,g_66a98ff28415b7389db6105c,930e017126d47fba9b5edcbc0a3cadbc468a15928aed8b2fca42116562d3e52e,d_7a176a4d58423b39f7f41afe,Codex — agent-assisted initial review,2026-09-20T09:23:18.404604+00:00
2024:4012320251134485465,p0012,g_0b2f859e0859b28358f60ede,49ae1cd989ae0b2ca3ce643cf30a494fcad06cd5b1cad6207d6902298bd6b00f,d_623f95f5188ad0a607fb04e8,Codex — agent-assisted initial review,2026-09-20T09:23:18.404604+00:00
2024:4012320251134644974,p0012,g_6042bfd49363f2561771f321,18ccbbb89ec9e65ee8f80bc44f467cfd9b02cd26d8e458ca298f033e99ac5e51,d_0eda7d40fb23c4eac95e936b,Codex — agent-assisted initial review,2026-09-20T09:23:18.404604+00:00
2024:4012320251134710481,p0004,g_819c5bf624c7aa993ef7f42b,07e3689a0a5bb723bd7827dc73570ab4186283ced4c27ec3ef2b144ceddc2f6c,d_e14d94fd79a55f526dc49be3,Codex — agent-assisted initial review,2026-09-20T09:23:18.404604+00:00
2024:4012320251134712967,p0013,g_48d750321e2c45aa62aed888,bed855ded38ec52d5ece67547eae3a9acfb443141ecf027269f954ae5cda1391,d_d9ef0c57798e15b8079fd207,Codex — agent-assisted initial review,2026-09-20T09:23:18.404604+00:00
2024:4012420241816227011,p0004,g_ae9c1c4f2699fadfdd69752b,720a8ae592cc9b8654c3886fb34dbb6373a4240960e540fe1857f34b53ba6082,d_bd391daaf043c9003671fbb7,Codex — agent-assisted initial review,2026-09-20T09:23:18.404604+00:00
2024:4012420241816233261,p0017,g_375398206fe8d57c2b4bfd3d,5a60e40ea92d8eb7fb4d2a7080b9c1a531b63aabd2c29f239cb98990d8fdbb2f,d_09b0b18d26c396bc779f3aca,Codex — agent-assisted initial review,2026-09-20T09:23:18.404604+00:00
2024:4012420251135045724,p0012,g_6042bfd49363f2561771f321,9166b7ed2b371b063f496e613d1b1db0920d5b2c1198a58c71d65e87645721f9,d_0eda7d40fb23c4eac95e936b,Codex — agent-assisted initial review,2026-09-20T09:23:18.404604+00:00
2024:4012420251135047120,p0004,g_91fa64da98d48c59bd03ed17,7b8289e1b77e4e4ddba714e5993f2fe1ccfc39eb6fb789fb7712e2e2be8b5b3f,d_d437193d9f0c0904585c1bdc,Codex — agent-assisted initial review,2026-09-20T09:23:18.404604+00:00
2024:4012420251135049588,p0003,g_7e617f2e9c5fa3f4b2ca6ff7,7843cb83e278c54ba0c5ab9f353b7331ce75282122ef9353a442d8e55f747c1e,d_538edc632adae9832052c4be,Codex — agent-assisted initial review,2026-09-20T09:23:18.404604+00:00
2024:4012420251135050485,p0004,g_91fa64da98d48c59bd03ed17,24df5e56875a99afceb50bdb234db000fd50286195ae068b9a43b8227d3b4c14,d_d437193d9f0c0904585c1bdc,Codex — agent-assisted initial review,2026-09-20T09:23:18.404604+00:00
2024:4012520241816362375,p0009,g_dfc1a5c855a30f444e57a302,bb927971a2e793e398ad133074a1fa7f1e1188e96c1e3eed0f2e356033969ab7,d_9cc28f81f56941450d13af47,Codex — agent-assisted initial review,2026-09-20T09:08:32.301672+00:00
2024:4012520241816473452,p0017,g_1927cf0f9f2a01e51e9f61d1,d29f3d87d9f41ad003b3a68177e44da434d852222ec6558863ece217ccfc4a0e,d_ade11bece150b7eeb0f0bb0e,Codex — agent-assisted initial review,2026-09-20T09:23:18.404604+00:00
2024:4012520241816484093,p0002,g_ae2b4dfeb2d16158560c3f29,7973a5f4fdef6300c9b335fe5a38c96e5bea469e9343fd9e3a8044d1bda18f49,d_76d599ac386b7d0f1ffe1229,Codex — agent-assisted initial review,2026-09-20T09:23:18.404604+00:00
2024:4012520241816484096,p0003,g_6e884ac5867888c35a9f5052,6dabfc7159d5b3df80975c4266ae827f13a3c7fe0f9f3bb76481fa5ab80b2599,d_f06986146e95f0b2828f7227,Codex — agent-assisted initial review,2026-09-20T09:23:18.404604+00:00
2024:4012620241816543820,p0017,g_7849bec4dc62b8909cf46f79,f47e7fa4f5736b86814dd7476b2e7524a7ca97c2e316c4b130f7daa439651506,d_bfd79d2a05df8ac8075d141e,Codex — agent-assisted initial review,2026-09-20T09:23:18.404604+00:00
2024:4012620241816941552,p0015,g_2078263478ddf2a170c3a340,22e75876fbeeca553b4c23c262aa37f7cacdc494afa6c28dceb9132aff32ffca,d_a7346cfabc23a134f5c8c1b4,Codex — agent-assisted initial review,2026-09-20T09:23:18.404604+00:00
2024:4012620241816944524,p0004,g_533b99cae13b20adfeee2dec,6cdf26433bd4981964ae694cdb00f39caa8fcbd280af107fbaf822510643b936,d_0141d6cf2a985b3c36c657e4,Codex — agent-assisted initial review,2026-09-20T09:23:18.404604+00:00
2024:4012620241816944672,p0004,g_533b99cae13b20adfeee2dec,b04891ea0f9b4ac8bf3f2cb3333d82e1aa0e85f116709240838f4b9b89fdc732,d_0141d6cf2a985b3c36c657e4,Codex — agent-assisted initial review,2026-09-20T09:23:18.404604+00:00
2024:4012620261303638975,p0004,g_91fa64da98d48c59bd03ed17,c989ff81b93dc17c3ee0875c9867e1f7921b94c62b2f00dd63d0576f4188cb3c,d_d437193d9f0c0904585c1bdc,Codex — agent-assisted initial review,2026-09-20T09:23:18.404604+00:00
2024:4012620261303638977,p0004,g_91fa64da98d48c59bd03ed17,cf5867be9aa8725c7545a5afc2493d3f48321f1518a2fc44cb88362370fe59db,d_d437193d9f0c0904585c1bdc,Codex — agent-assisted initial review,2026-09-20T09:23:18.404604+00:00
2024:4012620261303639773,p0014,g_cae5953ca9eab838bb7890f3,8047015526cae48f6176cb28c65ce6f90db9fea6f968326399fd8d4f20c7bfea,d_2be6dfdf9f2d9982bac05140,Codex — agent-assisted initial review,2026-09-20T09:08:32.301672+00:00
2024:4012720251135304588,p0007,g_c092f2d3d672589727d05bf2,dd5bdb03dcab44c18dd0955a76fcb3dd15bd939da8c2b81246eaf1d859a55279,d_c5ded8747650ebb21d48fef0,Codex — agent-assisted initial review,2026-09-20T09:23:18.404604+00:00
2024:4012720251135334429,p0009,g_728e39e91213356bf0b757a9,60f24b82b203ce0d995e18d54c36ae4f8eb9dd288ac38141efcfab3419044304,d_c7f1339323f4c173cf2c1dee,Codex — agent-assisted initial review,2026-09-20T09:08:32.301672+00:00
2024:4012820251137998359,p0002,g_8ea87ed1988309da962140a1,27e02e8606dc10232a4daf73dbdb46017453afb6e4477d1ac1f844663c1942f6,d_f497961510e2759b5118cd3f,Codex — agent-assisted initial review,2026-09-20T09:23:18.404604+00:00
2024:4012820251137998360,p0002,g_8ea87ed1988309da962140a1,d1b70dbc0f79abf09182ce1b4f546e14ce5fd3e7a492b648007150c3b22d662e,d_f497961510e2759b5118cd3f,Codex — agent-assisted initial review,2026-09-20T09:23:18.404604+00:00
2024:4012820251137998373,p0003,g_837d27b62c9bd79a33a68b19,38db61002e430b682e5815accf22cf1639ee19210edb0d9dc80172ff1ab47c39,d_2044036b510df0028b8d7f71,Codex — agent-assisted initial review,2026-09-20T09:23:18.404604+00:00
2024:4012920241817239865,p0020,g_86e77b50a23fc51ae51a516f,c19461227d43152b7f4569099f4dc870ef6e61cea4f9b44a516d11624f29b726,d_bfe8437a7b360752984bc803,Codex — agent-assisted initial review,2026-09-20T09:23:18.404604+00:00
2024:4012920241817265500,p0012,g_207c07cfa01d5a1a29168ab7,e546741baf8297924dde79c4aef254bc429e08e5d0f2510aaadcf34e5f2e243d,d_de2c4a67b896829b09fae9b3,Codex — agent-assisted initial review,2026-09-20T09:23:18.404604+00:00
2024:4012920241817315573,p0017,g_4d7c13eb7f27fbf14e0eaf32,f90f39d7ced89747e78ea23a08d008e4f04d25b685af5bdd74451752dc4ff8f6,d_75b36a0654787c90f01ae22b,Codex — agent-assisted initial review,2026-09-20T09:23:18.404604+00:00
2024:4012920241817315574,p0017,g_4d7c13eb7f27fbf14e0eaf32,c2932e8e2a9835c92f162fad576a66fd9021d65553413acae62ccde574da40f2,d_75b36a0654787c90f01ae22b,Codex — agent-assisted initial review,2026-09-20T09:23:18.404604+00:00
2024:4012920241817315575,p0017,g_4d7c13eb7f27fbf14e0eaf32,9c9724256f74381b73434a0a4bf3b4a68c5b21af0657910ba0b52870c3ad0b19,d_75b36a0654787c90f01ae22b,Codex — agent-assisted initial review,2026-09-20T09:23:18.404604+00:00
2024:4012920251138236732,p0011,g_2761fe3d990cc40168df3b7a,db29872c740c35e17da20e01f9c14c70966fcc16efd5a4bb5ae7a9dd1f181b87,d_08bdece1d3962888dd2034a8,Codex — agent-assisted initial review,2026-09-20T09:08:32.301672+00:00
2024:4013020241817447110,p0017,g_d195ab5fadde477411ec7749,04a3c8d3fcfbdf853e58afb5e08cfcfc93e3c7cc193a3df187a97f44b53613c0,d_5839f510157083a79e1117ca,Codex — agent-assisted initial review,2026-09-20T09:23:18.404604+00:00
2024:4013020241817625079,p0017,g_d4c82358cd8ebd75268576c7,b7057a69d24d745204034b300fe6b4ef1e040c99344bbe3b8ebce3811fab8fe6,d_6068e370e3cfc139a9d374b5,Codex — agent-assisted initial review,2026-09-20T09:23:18.404604+00:00
2024:4013020241817658035,p0003,g_21c79bddbbcdbaa913b2b68b,1cb47a1c391fd75df361107e406b2746f4416100a4ad935ab87d63adfe35a9e3,d_6a67f8c6434c91ed0ef28516,Codex — agent-assisted initial review,2026-09-20T09:23:18.404604+00:00
2024:4013020241817674920,p0009,g_ae77c6e8d3ca81771ccf9cf0,0a0994696b5d195de0bd7ce24f73609fb40f67665234f09edecf5bd8ccae7530,d_4a376a11f273ea87c213e562,Codex — agent-assisted initial review,2026-09-20T09:08:32.301672+00:00
2024:4013020241817690458,p0004,g_b44c552b8bce2e4c4f285acb,8e30fdbc0b8205047a6eb107cb191b28d22c947287ec5c8c3dc9a064d7c9aa6c,d_f4b5f21bb469e66568637de2,Codex — agent-assisted initial review,2026-09-20T09:23:18.404604+00:00
2024:4013020251138700652,p0012,g_66a98ff28415b7389db6105c,82a0306b6d77643497478e3818d8fd3f2f22f473dba1b6a7e339639a16a599f8,d_7a176a4d58423b39f7f41afe,Codex — agent-assisted initial review,2026-09-20T09:23:18.404604+00:00
2024:4013020251139252501,p0012,g_3ceeb1b626a65aacccbd4c1b,5937541d152e8224e13c2423731eaabcaa3a048ea816402b28f32a7116686e60,d_3eab75c964e939b20be45d0e,Codex — agent-assisted initial review,2026-09-20T09:23:18.404604+00:00
2024:4013120241817812601,p0002,g_8aac48dd3821037480c6b835,30607a64ed445b2f1a1b01fc1e5dd64aae17f05ad4dbc69337fa052d18997b3a,d_7fa489a47f0e9105eac463bb,Codex — agent-assisted initial review,2026-09-20T09:23:18.404604+00:00
2024:4013120241818089492,p0017,g_d362b24b8d940e23086c081e,ba3dcb9f5adeb7b7c4d3871dc99718b08bb51a850f58727a0688b87e07ccda2b,d_082bac4ea616227ba5864cda,Codex — agent-assisted initial review,2026-09-20T09:23:18.404604+00:00
2024:4013120241818089624,p0010,g_44c0fe651469df7e34955fc7,af79227dbe854d2612be95f3c3367845fd3d9a2df2d3e05e84a2a603686c8fca,d_264b3f88b0f266832af492b4,Codex — agent-assisted initial review,2026-09-20T09:08:32.301672+00:00
2024:4013120241818089757,p0017,g_d362b24b8d940e23086c081e,8fa642474f81b58e81a910edb3d4a80a73d38ad4142f780f55f85ea023774596,d_082bac4ea616227ba5864cda,Codex — agent-assisted initial review,2026-09-20T09:23:18.404604+00:00
2024:4013120241818090317,p0017,g_74025ba0d28dfbc14f7e7795,a4a95ebde849a4614ee39749bb12a7d27ac11a7489f8de514768cbedc2ac6b2f,d_1839100fecfe28af44b97371,Codex — agent-assisted initial review,2026-09-20T09:23:18.404604+00:00
2024:4020120241818299709,p0004,g_560c7a9bdd1b26699a53bfd2,ffa762c70d74a327e3139f7b36cdc999a85ad33b7d938140ab46546937e2b073,d_3cf8763bc9fd1f6c80001d09,Codex — agent-assisted initial review,2026-09-20T09:23:18.404604+00:00
2024:4020120241818599694,p0017,g_2ae161403fce03adaf862435,d47d70f013257763aa105c6b6a34c4a2e7f89f71e6e6bd18506d9cc8a3563d57,d_60928935970c971a85e90cc7,Codex — agent-assisted initial review,2026-09-20T09:23:18.404604+00:00
2024:4020120241818599960,p0017,g_3b53a153a7625d9581c159d4,da0bf0025435136604cddaf3b6d3213d792fcb9fbeaf38c66f052ec4aa797011,d_356f0c51a8c12e497ab13b8d,Codex — agent-assisted initial review,2026-09-20T09:23:18.404604+00:00
2024:4020120241818769073,p0007,g_c895b949d59c44a1eaad43cc,655cf5784566fb84e2f4a6646f3a4e6b33f20f180a9c0b906e645680639eb371,d_ea873b2584cc0d26739fd1fa,Codex — agent-assisted initial review,2026-09-20T09:23:18.404604+00:00
2024:4020120241818769074,p0007,g_c895b949d59c44a1eaad43cc,16b6d66ae6912f5437b7a76f33676eab7e6c168fd4bc7d3981d6213fb47715fd,d_ea873b2584cc0d26739fd1fa,Codex — agent-assisted initial review,2026-09-20T09:23:18.404604+00:00
2024:4020120241818769075,p0007,g_c895b949d59c44a1eaad43cc,76a147a786c6681ccbc9585135712ef30bab36fdfd10c6db2f2be58ed334e993,d_ea873b2584cc0d26739fd1fa,Codex — agent-assisted initial review,2026-09-20T09:23:18.404604+00:00
2024:4020220241819098474,p0017,g_ccfe76756d8ad4bbb18a1d55,0173e054c931262b2eca8d12c08e5d911b9225d199fa4d47da9008b20856b75b,d_c03964fb18d59b4dbe0944ae,Codex — agent-assisted initial review,2026-09-20T09:23:18.404604+00:00
2024:4020220241819102268,p0004,g_533b99cae13b20adfeee2dec,5f6541d4d1bff3022cd7c427d86557df9dd6b86d7997bb823d1b91167d98a4f5,d_0141d6cf2a985b3c36c657e4,Codex — agent-assisted initial review,2026-09-20T09:23:18.404604+00:00
2024:4020220241819102270,p0004,g_533b99cae13b20adfeee2dec,9644232e9b2a863fffe59d95b8e0caaa735623fb9a7b8eb4dea2e030d41fdf6c,d_0141d6cf2a985b3c36c657e4,Codex — agent-assisted initial review,2026-09-20T09:23:18.404604+00:00
2024:4020220241819130928,p0017,g_8219139245947d5edcdcabad,dd18ae821fe94ad2952d37e72c421215d531b2cee0e9514dc09886de4f1b4364,d_975acf8f96797aa048421148,Codex — agent-assisted initial review,2026-09-20T09:23:18.404604+00:00
2024:4020220241819130930,p0017,g_8219139245947d5edcdcabad,7f046e0ed6a8520a654876abb5fcfb438d7911b82ce35196c5d6cd4d0a094cda,d_975acf8f96797aa048421148,Codex — agent-assisted initial review,2026-09-20T09:23:18.404604+00:00
2024:4020320251140912791,p0003,g_554894c4490b0685aaf85533,58f50877146b99280671d6206abb04f587b33c42b728345b581748473ebea5f8,d_b59a595f8ae488e44f0c573c,Codex — agent-assisted initial review,2026-09-20T09:23:18.404604+00:00
2024:4020320251140929243,p0002,g_e1f9c2baf0625467e20c1622,0ac4809b8fa38ae62938f4b9db749516b89f34ec1f7bba7186cdff62979bcd63,d_e73062e2dd8eb2e9b5f09b6b,Codex — agent-assisted initial review,2026-09-20T09:23:18.404604+00:00
2024:4020420251141060230,p0004,g_683f2a4bd8acd073580177e1,34d76ab8dd8865e296584b9c17099e393d0e79e275fea5d28ea65593c6b20f1d,d_914ebd13effe50edcde5fa53,Codex — agent-assisted initial review,2026-09-20T09:23:18.404604+00:00
2024:4020520241819434205,p0010,g_e9c85ee28bd6aaab1108c6cf,15a27c58efca3ef1e231e2e95f256a432ed0aad4e6f335000654f3f593564b0e,d_f871f03fb137e1d5e3b9f323,Codex — agent-assisted initial review,2026-09-20T09:08:32.301672+00:00
2024:4020520241819434206,p0010,g_e9c85ee28bd6aaab1108c6cf,c34636cb33274ae0de0f10029c588ce392b13469ff8fd116b204a293aabda5aa,d_f871f03fb137e1d5e3b9f323,Codex — agent-assisted initial review,2026-09-20T09:08:32.301672+00:00
2024:4020520241819434207,p0010,g_e9c85ee28bd6aaab1108c6cf,2f521c86eda60e088253d21448eb63b2f43c0cfbc8c2939f25149b31878648fa,d_f871f03fb137e1d5e3b9f323,Codex — agent-assisted initial review,2026-09-20T09:08:32.301672+00:00
2024:4020520241819436025,p0015,g_3b04932042e025ddb14939b2,fb1185ceaf3a8ada3faee22c043c1cd6bf05d1c6fea005c9c65d5e4bfe02e4a2,d_d76e34c42ba7f61e510f05ad,Codex — agent-assisted initial review,2026-09-20T09:23:18.404604+00:00
2024:4020520241819437541,p0012,g_6042bfd49363f2561771f321,3c89598993b4df604e19013dfe99d9380e742822af7f28aecde647590a10240a,d_0eda7d40fb23c4eac95e936b,Codex — agent-assisted initial review,2026-09-20T09:23:18.404604+00:00
2024:4020520241819437878,p0015,g_3b04932042e025ddb14939b2,96e704074a24b475dbfdaa88832dad40a1d055002463e10b6a31e30d8d0a29c2,d_d76e34c42ba7f61e510f05ad,Codex — agent-assisted initial review,2026-09-20T09:23:18.404604+00:00
2024:4020520251142654884,p0004,g_dfb7aa38444b35b01c5ceb4d,8f41e1ca51e3ad9d7f815c0797f59a747548881dc902cca02fe9941eccf28e12,d_75dc6ad410ed0818f1651ada,Codex — agent-assisted initial review,2026-09-20T09:23:18.404604+00:00
2024:4020520251143024383,p0004,g_b0c9daa0610f513e734e410d,e8c981d6fcaf4a30d2ed036673d80d28ac31d9b3af34fd12035e6077c080b7d0,d_685c106636415f5c7193eed4,Codex — agent-assisted initial review,2026-09-20T09:23:18.404604+00:00
2024:4020520251143024387,p0004,g_b0c9daa0610f513e734e410d,9dd8b45469ec26fdf2171d4390eee2a506f5a45d221a4b1ed98f64f51658d22e,d_685c106636415f5c7193eed4,Codex — agent-assisted initial review,2026-09-20T09:23:18.404604+00:00
2024:4020620241819600362,p0017,g_0d36468d816fdcb3e9f0a2ca,bc02e2c583e3bf47db7888b87b3e1176c07251393d73ac1a15bac2018608fef8,d_252329e11542a8ed521af476,Codex — agent-assisted initial review,2026-09-20T09:23:18.404604+00:00
2024:4020620241819829743,p0009,g_b8f6341b34399e5125f63a12,b5ebf0da7082cebc7abb79b82360d38ee34fd09065034098a2813f5e3e2e8be8,d_42aaa7f21a592231f95e0e31,Codex — agent-assisted initial review,2026-09-20T09:08:32.301672+00:00
2024:4020620241819831585,p0010,g_a6d74c2fafc789fc3de897a1,31f849798e618b387c13a1fd3acc2d3162f7772fdde1c26886fd737dfb4645ab,d_36455db0c4f8a5b403e0eb74,Codex — agent-assisted initial review,2026-09-20T09:08:32.301672+00:00
2024:4020620241819831586,p0010,g_a6d74c2fafc789fc3de897a1,8cab46235c9d43ad8ed6e9182a0dfe21521c1f9a7ad3a3074c399fa0b95a4d2d,d_36455db0c4f8a5b403e0eb74,Codex — agent-assisted initial review,2026-09-20T09:08:32.301672+00:00
2024:4020620241819914296,p0010,g_58d0b2461d2d49767ad0a82e,24432af94a822c409da158fea0d01d579706ac68a1731296b6d36fd70853412c,d_f0bb658837dcb6dec875a98b,Codex — agent-assisted initial review,2026-09-20T09:08:32.301672+00:00
2024:4020620241819942523,p0017,g_26a9bec6926170c513846614,f45505a33bfdb70712ca5bdddfe04f6ba294ed98687aafe1544e256c678139cf,d_04e71ac349287963ab982fec,Codex — agent-assisted initial review,2026-09-20T09:23:18.404604+00:00
2024:4020620241820769946,p0010,g_38a9f0faaf8a4772eb9d8ce1,e17c9a2a12f6ad35a84d40d0890219c0abe50843c0009272b74664e372ee7d43,d_50538b2f51b9564e1785a054,Codex — agent-assisted initial review,2026-09-20T09:08:32.301672+00:00
2024:4020620241820771128,p0012,g_0ee1019c54698f5a8b4eac09,61a62addd83ce49661aa215fc24db85f9d4a079f55c2b9e9a0e9355e6f9af847,d_34438382b9a36922c4425b14,Codex — agent-assisted initial review,2026-09-20T09:23:18.404604+00:00
2024:4020620241822088009,p0002,g_665c4f1432d327bf1fe04a0d,416072a5e9f242d6c804875f2fe59eccf78e23febecc8d588624261459adc3b6,d_e9192e4d90a1be6a2c7e1e5b,Codex — agent-assisted initial review,2026-09-20T09:23:18.404604+00:00
2024:4020620241822088010,p0003,g_12486b787aeab657956e87c2,7143e75a1f1748c9d92fbee06fe06707c9f6c248175724d23c609b808b41b74b,d_f997f823a2fc74f257082603,Codex — agent-assisted initial review,2026-09-20T09:23:18.404604+00:00
2024:4020620241822091735,p0018,g_8c187dc45b7e2d3dd9d7e929,65b7a3f6a0d3823f6835f8037242e2b12a1f22d32eb958774f29d1a3d481d313,d_7cf2aa5e0e986b910f56e310,Codex — agent-assisted initial review,2026-09-20T09:23:18.404604+00:00
2024:4020620241822129551,p0020,g_dfb9b9c090f31da5995fc815,28f663df6c39d03763594790e563acaa064376fb7e52382f11e6674fafd5d741,d_c3e70042a668b7fd9750081c,Codex — agent-assisted initial review,2026-09-20T09:23:18.404604+00:00
2024:4020620241822289113,p0012,g_66a98ff28415b7389db6105c,21ca19293e52a1859f4d1daa2b8073ba763764e62def91fca4a3a5847ab87426,d_7a176a4d58423b39f7f41afe,Codex — agent-assisted initial review,2026-09-20T09:23:18.404604+00:00
2024:4020620241822289115,p0012,g_66a98ff28415b7389db6105c,66a199b69b8c01b3022e61b1f905099fcaf5ddd641fba92133644ae267318d5d,d_7a176a4d58423b39f7f41afe,Codex — agent-assisted initial review,2026-09-20T09:23:18.404604+00:00
2024:4020620241822304843,p0010,g_7f3fba128375dcc755d45517,11c4fde1a7b9a959ec3f12b99d05a6e85181df159f57f219fcbf6c3c5ec7e2ef,d_cd211c241a77d98b077d6ee4,Codex — agent-assisted initial review,2026-09-20T09:08:32.301672+00:00
2024:4020620241822305403,p0012,g_673ccbd067f4fa9d582ec971,4b490dd504426abc827e9b1010ea41bb63363dba459ae2f665b6b62e01e84934,d_fb2fb52960808fbcd239a727,Codex — agent-assisted initial review,2026-09-20T09:23:18.404604+00:00
2024:4020620241822333358,p0010,g_7f3fba128375dcc755d45517,eaed0992cdfeceeb7a54dfbacf961e6962e3f3257e4791ad5d0253dc1f75e4a7,d_cd211c241a77d98b077d6ee4,Codex — agent-assisted initial review,2026-09-20T09:08:32.301672+00:00
2024:4020620241822335016,p0015,g_bbd925aa8361970dc1167440,adf3bad7a84eecc2941e51578de27b1169c4a6886073bea16d8c9c4f48eb0bbb,d_ead967df1bbce394a924e2f4,Codex — agent-assisted initial review,2026-09-20T09:23:18.404604+00:00
2024:4020620241822347287,p0012,g_673ccbd067f4fa9d582ec971,b5b9801e596aec2b15b1cf765d65a63cfc6d5714745a35e79e5b1b18b6fd93fa,d_fb2fb52960808fbcd239a727,Codex — agent-assisted initial review,2026-09-20T09:23:18.404604+00:00
2024:4020620251144166633,p0012,g_66a98ff28415b7389db6105c,9568c1f5874e42d0680591c02baa2f1bd5379cf3138e80cf1237d07ca5c2bbdd,d_7a176a4d58423b39f7f41afe,Codex — agent-assisted initial review,2026-09-20T09:23:18.404604+00:00
2024:4020620251147319847,p0015,g_127445d9bf32ef4ad137305c,e1ae94fa317309ed1e46e741fbc361e5e3cee8ff630f66c3d34ada705e62cab6,d_4c222042787472bea210671f,Codex — agent-assisted initial review,2026-09-20T09:23:18.404604+00:00
2024:4020620251151949111,p0004,g_b0c9daa0610f513e734e410d,767a73e77d7b51044ce54246fe72a0f171cb4af2a97205c5955da70eae5d2ff1,d_685c106636415f5c7193eed4,Codex — agent-assisted initial review,2026-09-20T09:23:18.404604+00:00
2024:4020620251153453981,p0014,g_d959f9eb98fba5d2e2346d4b,a8291fb71da31c41bded74c2725a12694f8fcc9907fbdf2cc541944ca323fbc8,d_5a2d0f1352314b2e6fbcbd21,Codex — agent-assisted initial review,2026-09-20T09:08:32.301672+00:00
2024:4020620251153453982,p0014,g_d959f9eb98fba5d2e2346d4b,ec3fa96ebb36793c3d4fd842476280966f41744f057168f628074b152c6679b8,d_5a2d0f1352314b2e6fbcbd21,Codex — agent-assisted initial review,2026-09-20T09:08:32.301672+00:00
2024:4020620251154819462,p0011,g_1fcc3d5915ab097200849a1c,5e26d56dabaa22f1fb22365ef188920d8ea5bbd86a44102329fc1fe64fb02a97,d_132b57959510db404fa3ebaa,Codex — agent-assisted initial review,2026-09-20T09:08:32.301672+00:00
2024:4020720241823182533,p0002,g_ae2b4dfeb2d16158560c3f29,0f5f202787d82a0c6f40d61df77b44b7b806ebab297718cef59815ed6319fd2b,d_76d599ac386b7d0f1ffe1229,Codex — agent-assisted initial review,2026-09-20T09:23:18.404604+00:00
2024:4020720241823182571,p0003,g_7e617f2e9c5fa3f4b2ca6ff7,50e0559d0ee38d647fb18444387749e67be1db4ee84e7675e8719b1f4e2f8924,d_538edc632adae9832052c4be,Codex — agent-assisted initial review,2026-09-20T09:23:18.404604+00:00
2024:4020720241823211900,p0020,g_503c98a341011ee8e2baf7c0,5c33a4436c1b3b4631162f1ba09b8e0e4bbfe935ae69f381f4001b5d3816b9a0,d_50d899a875a57d028878f3f4,Codex — agent-assisted initial review,2026-09-20T09:23:18.404604+00:00
2024:4020720241823211930,p0012,g_66a98ff28415b7389db6105c,cd2c5c833ab016c5552aa4113a52417b1d3253dc050a8d53b129430c9d44dfb0,d_7a176a4d58423b39f7f41afe,Codex — agent-assisted initial review,2026-09-20T09:23:18.404604+00:00
2024:4020720241823255109,p0004,g_533b99cae13b20adfeee2dec,27a7dee697f7ed14774b2dc9b74b790149f0ceff14e44ec259f5f5cf3955befd,d_0141d6cf2a985b3c36c657e4,Codex — agent-assisted initial review,2026-09-20T09:23:18.404604+00:00
2024:4020720241823262503,p0010,g_44c0fe651469df7e34955fc7,e90de489b3d2b23e55e2d84cda400d9c5aca7adef0450f3a73555e9ea6d0ee70,d_264b3f88b0f266832af492b4,Codex — agent-assisted initial review,2026-09-20T09:08:32.301672+00:00
2024:4020720241823262504,p0017,g_d362b24b8d940e23086c081e,3e5e5c540a8afb87712d620bc7321a5190cdf5058ae36d24a396c09cdd1a6dd3,d_082bac4ea616227ba5864cda,Codex — agent-assisted initial review,2026-09-20T09:23:18.404604+00:00
2024:4020720241823270530,p0017,g_d362b24b8d940e23086c081e,a4113ba5f2685d5386e96e186777d39e32737fb6388c31a93aae3f08e2d818e5,d_082bac4ea616227ba5864cda,Codex — agent-assisted initial review,2026-09-20T09:23:18.404604+00:00
2024:4020720241823272220,p0003,g_eca755cafd5dc12d0720771d,75606b22181c33a03b1d3a42aeee7a8e27950995e565c68757237cef6db22483,d_51b241d4df1d2511ba8670b1,Codex — agent-assisted initial review,2026-09-20T09:23:18.404604+00:00
2024:4020720241823272300,p0002,g_326679e4fa8109ff8e402c71,c0f0541c41c2b371639c7b46c0f7389805268dcb4ba7d8cbd24faad766994d57,d_19b78351c6800e166c40dbde,Codex — agent-assisted initial review,2026-09-20T09:23:18.404604+00:00
2024:4020720251166568827,p0010,g_d9f1810f3f94de00344ca333,09760d81cef5ea7e9b0fac625ac43f2a442756795d3f603aec40bcdc808431dd,d_171f38e484b1d78bbbddc598,Codex — agent-assisted initial review,2026-09-20T09:08:32.301672+00:00
2024:4020720251166624683,p0002,g_8ea87ed1988309da962140a1,30f551dc960b72587bc97d9e8f46f0eeebea42995d5bf7076b9c21cb3ca1ee99,d_f497961510e2759b5118cd3f,Codex — agent-assisted initial review,2026-09-20T09:23:18.404604+00:00
2024:4020720251166625391,p0003,g_b18273bf405cd6ff79fb34c1,dbff1de75f4620e9d8597c1d7366c45cf755210fb1bd6322e204cdb3a8cb795d,d_58c9a91ca78ffba11a0090cd,Codex — agent-assisted initial review,2026-09-20T09:23:18.404604+00:00
2024:4020720251166626216,p0002,g_92ba7a59530b98d1f1530717,ae9b77f9e44e27ccb935c9ff6dd2838fc6046bc8586953cd24bd28789a0e7a37,d_6377851540ee651e7fbf6898,Codex — agent-assisted initial review,2026-09-20T09:23:18.404604+00:00
2024:4020720251166678917,p0002,g_f6067d6301f6439cbc995bb7,fe795202b795feb466be140e54b46689881d586f01d6fb420b29c8a8b8daf635,d_11adf18d790c4a78bb16ff5b,Codex — agent-assisted initial review,2026-09-20T09:23:18.404604+00:00
2024:4020720251166700298,p0003,g_294f1f90d58dea00d5ab746b,e47ce81a95f3fa3709fea43cdf2407b6ada25c4c8fde781fb578b18f79307083,d_1b5260645017e5c614a81119,Codex — agent-assisted initial review,2026-09-20T09:23:18.404604+00:00
2024:4020820241823362913,p0009,g_9fc51f32c8a6ae1f9580485f,08d0c6057239c3e0edce296954326f17dedeafc291b594e32913568453844c06,d_2de663e1fdc997521336a8d5,Codex — agent-assisted initial review,2026-09-20T09:08:32.301672+00:00
2024:4020820241823403528,p0017,g_fe6476b75da93bef265b8d59,8538e1dad11ddc2723117bce0bf9b445b8ccbc6df5c1f7110d75dbab10289e27,d_e889ada71e0ae35b95fef7c2,Codex — agent-assisted initial review,2026-09-20T09:23:18.404604+00:00
2024:4020820241823422205,p0017,g_d362b24b8d940e23086c081e,20a4c042a5f5153100cf5694e8133ae783deab80eef2085d4402fb9635c0c215,d_082bac4ea616227ba5864cda,Codex — agent-assisted initial review,2026-09-20T09:23:18.404604+00:00
2024:4020820241823423772,p0017,g_fb482680fd2c3773a426f200,e1babcdb71458f0d2f386e7684bcb2139059f75b9c90ca0a78543d35dbfb3d89,d_65ed6e18ed0f35a34555f09d,Codex — agent-assisted initial review,2026-09-20T09:23:18.404604+00:00
2024:4020820241823441940,p0017,g_d55ded1355c1eb3a00427e28,1fd04734d147b8d8614f00f96f646faa4253ec4b7feedf79953c9f73b8de4633,d_5517f28dc8d3b1145ab8c4b9,Codex — agent-assisted initial review,2026-09-20T09:23:18.404604+00:00
2024:4020820241823441942,p0017,g_d55ded1355c1eb3a00427e28,5db3ffa5132fa15364c954e961f24d7d919549cf4665dcc44e377cfae6276da2,d_5517f28dc8d3b1145ab8c4b9,Codex — agent-assisted initial review,2026-09-20T09:23:18.404604+00:00
2024:4020820241823467935,p0012,g_ab30c295dda8c7ba5911a012,aa1edd43d809b7e2e4db29c9485977ff083171c886746723ea48c56e18020b87,d_00d29b35dcb61263ed04dc4e,Codex — agent-assisted initial review,2026-09-20T09:23:18.404604+00:00
2024:4020820241823467937,p0012,g_ab30c295dda8c7ba5911a012,f11725fed1c50087bbffbf439a9f7e94319cc9eefed2cee8b8ea418ef19be8a2,d_00d29b35dcb61263ed04dc4e,Codex — agent-assisted initial review,2026-09-20T09:23:18.404604+00:00
2024:4020820241823481124,p0017,g_c45a022a0ebf3a843832399f,b871f4d11e455ac2edb4d066247edd9b041462994d594a89109e6ceeb87593a1,d_4bd55d922964415fde813d46,Codex — agent-assisted initial review,2026-09-20T09:23:18.404604+00:00
2024:4020820241823519564,p0017,g_c781da08addb2e8303486c5b,123e34c23ad1567e1201b8d400dff99c2757d49e655dd4eff28df58402405d0e,d_35b9f5f9062f4ff750c24fed,Codex — agent-assisted initial review,2026-09-20T09:23:18.404604+00:00
2024:4020820241823519731,p0017,g_74025ba0d28dfbc14f7e7795,02b0f52446f160fce53ce9238927f6df70eea4924674d75a2e61f86451375f3b,d_1839100fecfe28af44b97371,Codex — agent-assisted initial review,2026-09-20T09:23:18.404604+00:00
2024:4020820241823548221,p0017,g_0d36468d816fdcb3e9f0a2ca,021437fb8891e32c72f410bccba11dfe52e091d8e7265db874a41fb9b1b0d333,d_252329e11542a8ed521af476,Codex — agent-assisted initial review,2026-09-20T09:23:18.404604+00:00
2024:4020820241823551537,p0004,g_5e72995f5ee8629c5951c7d5,e65b6db1917cbc0106baf932fdab55628f4826922cfd49f973cfc17e6a7d98a0,d_1bf8953f6c8b92e4ab2dba51,Codex — agent-assisted initial review,2026-09-20T09:23:18.404604+00:00
2024:4020820241823551538,p0004,g_5e72995f5ee8629c5951c7d5,56987f2a0cc72a3c41200406ad9a4497c775bc44d1a139f3e32138c1f5ba1fc7,d_1bf8953f6c8b92e4ab2dba51,Codex — agent-assisted initial review,2026-09-20T09:23:18.404604+00:00
2024:4020820241823653068,p0004,g_533b99cae13b20adfeee2dec,2c23bce0936eca61956e2c43e6100e5fa2777637b4797bb75a8ebd6b0b1c3e3e,d_0141d6cf2a985b3c36c657e4,Codex — agent-assisted initial review,2026-09-20T09:23:18.404604+00:00
2024:4020820241823653318,p0020,g_cb89ee29fef8fd2451e9640d,80ff72d10d38b40c1e3ca2c1741970947a1a304712177881d45be7ffc0580c65,d_2aca4426142a12906e0add40,Codex — agent-assisted initial review,2026-09-20T09:23:18.404604+00:00
2024:4020820241823653319,p0020,g_cb89ee29fef8fd2451e9640d,ad3b8ebc5f568131facd7cb1f8333a10bf82f5705e3a9f3827264f1f0a654518,d_2aca4426142a12906e0add40,Codex — agent-assisted initial review,2026-09-20T09:23:18.404604+00:00
2024:4020820241823653458,p0003,g_15e390d9dd35fe1645f68bb8,f835e6671c0cf547f035a4a8d66a12fb67c5e0e963cc37d88261a113cdf5b0bf,d_09be4a65bd0bc92d46f3eea8,Codex — agent-assisted initial review,2026-09-20T09:23:18.404604+00:00
2024:4020820241823653791,p0004,g_533b99cae13b20adfeee2dec,4a970a01dee8b454b0f2555392c169ee3e39875b456377c1d3c49148e704899a,d_0141d6cf2a985b3c36c657e4,Codex — agent-assisted initial review,2026-09-20T09:23:18.404604+00:00
2024:4020820241823653927,p0003,g_15e390d9dd35fe1645f68bb8,35cee98c4293e1d884b8ccafe96a035f6bbf7c52f22adf0f4cf32ae2a42f6b2a,d_09be4a65bd0bc92d46f3eea8,Codex — agent-assisted initial review,2026-09-20T09:23:18.404604+00:00
2024:4020820251166868002,p0002,g_46e99dbae68133c91b74dcb2,0b6ba1df663b5b811bdcf261d32314275db62a54e49b4bdefaf951dfc53a6143,d_c4fe273510599c35ac57234b,Codex — agent-assisted initial review,2026-09-20T09:23:18.404604+00:00
2024:4020820251166868003,p0003,g_15234b9194f0080445672351,dded424a4443e5562e3c3a4fa5b0f2da7aebbb8c187834d09e3148f69f106986,d_1776992f9749f9a8e968cc84,Codex — agent-assisted initial review,2026-09-20T09:23:18.404604+00:00
2024:4020920241823931504,p0017,g_7849bec4dc62b8909cf46f79,2efa5535051e6b06a908cff8d019142d56e974554b99b9d92573d5b71849cf84,d_bfd79d2a05df8ac8075d141e,Codex — agent-assisted initial review,2026-09-20T09:23:18.404604+00:00
2024:4020920241823931734,p0020,g_b7121a38fc9f75f1e03d9c52,4521ced84b4be2cd21f9f45ae05344f8fd94f732215b641be7b2e33a392cf008,d_b8fc8502b6b4778a82ea03c3,Codex — agent-assisted initial review,2026-09-20T09:23:18.404604+00:00
2024:4020920241823956504,p0017,g_dc9f5a6ca5d1cac66c58ca7a,a88f05614f3165af5bb5bc2c2b55028e089ac5b5527d08db91b2f7d7183f4d01,d_de585723f969ec125b4b36be,Codex — agent-assisted initial review,2026-09-20T09:23:18.404604+00:00
2024:4020920241823978215,p0007,g_581ecb8fbd9f03e355c074de,29c99bf4f1c4156478b5caf0ec750364c1756e5b0b56457d342162818cee2839,d_c7e05550ef995e6139520e14,Codex — agent-assisted initial review,2026-09-20T09:23:18.404604+00:00
2024:4020920241824006739,p0017,g_7ea538de1995707b9ae80c57,6e4816a1bd996dc7bd5dce9a072d156b34b419fa64dd60b3e48388eff1662fa5,d_521b038b77e4a977c18bf8b8,Codex — agent-assisted initial review,2026-09-20T09:23:18.404604+00:00
2024:4020920241824006741,p0017,g_7ea538de1995707b9ae80c57,2851a74f1fd9053e4363b2ea0fad26f514bbc2b39a1c4cf50544db38aa5d8a26,d_521b038b77e4a977c18bf8b8,Codex — agent-assisted initial review,2026-09-20T09:23:18.404604+00:00
2024:4020920241824006742,p0017,g_7ea538de1995707b9ae80c57,53b719fb28d949ff209d57d3e6b2922525465b0e5c5d99fce321cc62925008c1,d_521b038b77e4a977c18bf8b8,Codex — agent-assisted initial review,2026-09-20T09:23:18.404604+00:00
2024:4020920241824017841,p0004,g_533b99cae13b20adfeee2dec,f6d22e8bdcb1649f691dbbfcdf9a9e00960f4bb030bab1bee4f2646ab116a5fa,d_0141d6cf2a985b3c36c657e4,Codex — agent-assisted initial review,2026-09-20T09:23:18.404604+00:00
2024:4021120241824430476,p0010,g_9e74b58acd6939633ae90ac8,3595725436520ee3b15cf8a84d8d5ff58d7b7b670d71278feec9eb0b0171fb28,d_48aa13c8c9532027aa9d9088,Codex — agent-assisted initial review,2026-09-20T09:08:32.301672+00:00
2024:4021120241824430477,p0010,g_9e74b58acd6939633ae90ac8,458ec5b833afa375b666d2f5c9587c92445d24adf56c983ecac34f0eff27d0ac,d_48aa13c8c9532027aa9d9088,Codex — agent-assisted initial review,2026-09-20T09:08:32.301672+00:00
2024:4021120241824430478,p0010,g_9e74b58acd6939633ae90ac8,b36ff30edfb774f9d0a16dfb4ac784707a254bbb5272d48449ef44f1255b9970,d_48aa13c8c9532027aa9d9088,Codex — agent-assisted initial review,2026-09-20T09:08:32.301672+00:00
2024:4021220241824518714,p0017,g_74aefb63b48ea4001e2e9bf6,9a42c2bb628c28d53847f4d7b42eedf29d4d16e97add71df937a9a31465d2192,d_7edafa7688ea0ceff6e577c3,Codex — agent-assisted initial review,2026-09-20T09:23:18.404604+00:00
2024:4021220241824532717,p0014,g_76636f18f9f7d12c33968f14,32c9cb2e0b5f4294aff4b6b4f5c8164dcb7bf187b82ee0cc51abb26f9af5d650,d_4aa7f6606dc2416967b2c02f,Codex — agent-assisted initial review,2026-09-20T09:08:32.301672+00:00
2024:4021220241824541250,p0015,g_59d1835ef28498d23a6117da,533a65b46c0d79cecc91825147f9410d065ce74029e159f84f020858181547ac,d_19ee43a1b826cb9e403d0e77,Codex — agent-assisted initial review,2026-09-20T09:23:18.404604+00:00
2024:4021220241824550053,p0017,g_38c09fe8bed50f606509b739,30204764cafa755afa7efcc912c4a11f50299a8c94c5a6a2bf1f7bd7d522bdae,d_70de75268f66ae338f4310e9,Codex — agent-assisted initial review,2026-09-20T09:23:18.404604+00:00
2024:4021220241824557219,p0017,g_1bc6e6e7095d287525d2cc46,565709125d9a539283cb7d878dff89d4d3f1f3a6984514741a937f98f823d42b,d_c2f5b342e7f6d4931726fedb,Codex — agent-assisted initial review,2026-09-20T09:23:18.404604+00:00
2024:4021220241824572312,p0017,g_9b14b6dda16f9e46adab8f7a,23bb620653264377fcac75549d4521327d9a85a0789c27402236d708a7e1f9c7,d_03528ae10d6a877339528f79,Codex — agent-assisted initial review,2026-09-20T09:23:18.404604+00:00
2024:4021220241824572314,p0017,g_9b14b6dda16f9e46adab8f7a,cd2bc3c6c92200a4f44464a5b65153100ab723eddf1d3e056e6c6f9bd330b537,d_03528ae10d6a877339528f79,Codex — agent-assisted initial review,2026-09-20T09:23:18.404604+00:00
2024:4021220241824574388,p0010,g_aebd6e4bb8fb9f6419eb401e,dc7a360b1c04e536d9d3a336f01b0c4e8e873891a9d9c46924ec8221dc50a5e4,d_3b1daaa3f452f6c3e3ffe285,Codex — agent-assisted initial review,2026-09-20T09:08:32.301672+00:00
2024:4021220241824574550,p0003,g_554894c4490b0685aaf85533,7588154fe5a7d47550d26197ee725779903e281dea7b4c94f2b78c31db6dfd2c,d_b59a595f8ae488e44f0c573c,Codex — agent-assisted initial review,2026-09-20T09:23:18.404604+00:00
2024:4021220241824574634,p0017,g_7ea538de1995707b9ae80c57,8d0f1cf7ef9a3a0662048d5f10292f295ac56184c003356aa63cfd7795ff9c77,d_521b038b77e4a977c18bf8b8,Codex — agent-assisted initial review,2026-09-20T09:23:18.404604+00:00
2024:4021220241824588119,p0017,g_59d6aa71738263e74856fd82,6d3ab80c9f25fc521661111640b335aa00c5391e3c8b7bd44cf128781fb99c9e,d_7f39a82690c026534d20dfae,Codex — agent-assisted initial review,2026-09-20T09:23:18.404604+00:00
2024:4021220251172381638,p0003,g_617913b6113ba9f2cb4a3d22,d1f4a787d047096f1af0e43608d8d6d606c70fdc2a0b70b6cb2306daee894954,d_55173acc8fc9d0001537c94a,Codex — agent-assisted initial review,2026-09-20T09:23:18.404604+00:00
2024:4021220251172381644,p0002,g_14e0e654acfb3769faec729f,296f52afb8fa407887e6661d7963fce58b765874dfc37c6b643f8796821ae0d0,d_66943a343fcbc705eefc8119,Codex — agent-assisted initial review,2026-09-20T09:23:18.404604+00:00
2024:4021220251172393218,p0003,g_80c4e2fbb14298f88b72d1bc,5bdc350823fd999592ed77a809694c10b77624632d703a81e5d5ed0f1c0a73ee,d_c27ea8c569326b5982d1d6e5,Codex — agent-assisted initial review,2026-09-20T09:23:18.404604+00:00
2024:4021220251172393220,p0003,g_80c4e2fbb14298f88b72d1bc,b281b282342abd29bb84a112e7d1f8babd2e9c7e46d2f502811d11d6386abd50,d_c27ea8c569326b5982d1d6e5,Codex — agent-assisted initial review,2026-09-20T09:23:18.404604+00:00
2024:4021220251172447192,p0007,g_b62e760d0ba14fcdc73f4b60,537870c8fb38d6cf82dc55fb1b7a9a0005704dc1c99a6e257fb0ca746bdd6fc4,d_c0b63b1610243644bc15ec03,Codex — agent-assisted initial review,2026-09-20T09:23:18.404604+00:00
2024:4021320241824629940,p0017,g_74025ba0d28dfbc14f7e7795,64da46662b31d6dc1dcad60dbf02fa3a2ce0b30e254a927ed4bca11727328865,d_1839100fecfe28af44b97371,Codex — agent-assisted initial review,2026-09-20T09:23:18.404604+00:00
2024:4021320241824639898,p0017,g_2ae161403fce03adaf862435,0e3f9e8e7a8f105d9f5caa7fea436dc0378582b117c20ed8132f10107902f615,d_60928935970c971a85e90cc7,Codex — agent-assisted initial review,2026-09-20T09:23:18.404604+00:00
2024:4021320241824642559,p0017,g_2ae161403fce03adaf862435,9171ddd89d412662c4bdcc8c5df5af7368b57637020cdb2a82cac3e03f960bbf,d_60928935970c971a85e90cc7,Codex — agent-assisted initial review,2026-09-20T09:23:18.404604+00:00
2024:4021320241824645035,p0012,g_66a98ff28415b7389db6105c,cf900242a925af3c4d0d9cdd8762c02c243bec39962c66d96bd4cd876df79fcb,d_7a176a4d58423b39f7f41afe,Codex — agent-assisted initial review,2026-09-20T09:23:18.404604+00:00
2024:4021320241824645037,p0012,g_66a98ff28415b7389db6105c,4242e5fa175e6c3d21ce256822d0db2c8d60cd4e5a2fc5c365ffd3034b4ebd54,d_7a176a4d58423b39f7f41afe,Codex — agent-assisted initial review,2026-09-20T09:23:18.404604+00:00
2024:4021320241824645526,p0017,g_2ae161403fce03adaf862435,9ad394507d68838cc4fee5357bed185287e7e525b2a16d64c281220e9d5f1b49,d_60928935970c971a85e90cc7,Codex — agent-assisted initial review,2026-09-20T09:23:18.404604+00:00
2024:4021320241824663040,p0009,g_463455220169a10aec54665f,fce2aa77b0ece65269c11ee724a1c241c512d7f039a7b3d57a84de9be66735c7,d_e6586eb5617f4ec2402a49d7,Codex — agent-assisted initial review,2026-09-20T09:08:32.301672+00:00
2024:4021320241824663042,p0009,g_463455220169a10aec54665f,9c2db54d57e1f26220f06c95e24d17d1e7eeb4c4672764bd151bd8cde138852a,d_e6586eb5617f4ec2402a49d7,Codex — agent-assisted initial review,2026-09-20T09:08:32.301672+00:00
2024:4021320241824707598,p0012,g_1681fa21ac08ca0a068d6ed3,948a57a638c56e8142ca0b9cf347b0f9b98861c4b8e42311d62b7944a6aef375,d_6a6dc4269fe8b754c39f5b23,Codex — agent-assisted initial review,2026-09-20T09:23:18.404604+00:00
2024:4021320241824712805,p0020,g_87d9b98c42a2b2dbefeab7d2,68b01fcd8b1b28ad5fa3f341f8742ae0dbe3a17148c0f15d22b446ecd5181fcb,d_dac187951f997667fa780787,Codex — agent-assisted initial review,2026-09-20T09:23:18.404604+00:00
2024:4021320241824715931,p0004,g_bfe68c8eb06a4e15783bd381,da0b277b4a4ae2844de0211c425741759d19dad40007e309db472b556032872d,d_232552bb5a5e89ee37d1cc10,Codex — agent-assisted initial review,2026-09-20T09:23:18.404604+00:00
2024:4021320251172522843,p0011,g_23fcd7b87cf602b4b3f207bc,09962aeb8d81bb3bb91da8f791311d78b64f73cd412e72d38101b7149723b2c9,d_a28177f04782f115eda20b9b,Codex — agent-assisted initial review,2026-09-20T09:08:32.301672+00:00
2024:4021320251172522916,p0001,g_06068761b23275b3ec1f81c4,ac8e3d926100c4b044d7591f749ee0bea55b3bb62ce68f80507c23ff8cece364,d_9d8c4e4dd2e337174c359aa5,Codex — agent-assisted initial review,2026-09-20T09:08:32.301672+00:00
2024:4021320251172618625,p0002,g_8ea87ed1988309da962140a1,19c9457f0cc1d5d8543a70b1efdf1d07f8bb31b4f6ea31f91147774d62e3111f,d_f497961510e2759b5118cd3f,Codex — agent-assisted initial review,2026-09-20T09:23:18.404604+00:00
2024:4021320251172619795,p0003,g_911e15420bcf5b9a831ef24a,b4959dcb6d587ad7d1e62e602f78af3909ec54ce03af15a22a4f65145846d15d,d_cca103090572c80fd9cdb4d5,Codex — agent-assisted initial review,2026-09-20T09:23:18.404604+00:00
2024:4021320251172697578,p0014,g_2de4aaced9ebdbf39c75ac85,1654df7c5c6a9fdaaa6b8698e01e1a7f07be2a3a76472a7ba44991822fd8b414,d_6386cfdbd079273c6e616f5f,Codex — agent-assisted initial review,2026-09-20T09:08:32.301672+00:00
2024:4021320251172859517,p0012,g_e77fca5ffec2922b8770159d,9b400ad97e02676e8852fc1cf7e31c9315d03ca45a250a8fa3b55ec004d14d93,d_f3415e381dfd1dbc8b144e6a,Codex — agent-assisted initial review,2026-09-20T09:23:18.404604+00:00
2024:4021420241824763617,p0004,g_dfb7aa38444b35b01c5ceb4d,8720f48c3a66f258ee4e10c5fc3c9e33adb85647e81cbbfcc56535da6fa16119,d_75dc6ad410ed0818f1651ada,Codex — agent-assisted initial review,2026-09-20T09:23:18.404604+00:00
2024:4021420241824763618,p0004,g_dfb7aa38444b35b01c5ceb4d,d7c9c8b506a24276dbd0da239d7c500d107156eed09dd22719b5b27dfd7459a3,d_75dc6ad410ed0818f1651ada,Codex — agent-assisted initial review,2026-09-20T09:23:18.404604+00:00
2024:4021420241824764876,p0017,g_1bc6e6e7095d287525d2cc46,9ba69ce0189e7a1717b3a2cf5811ed1349f91b4aeb58f3fc81848080b44d562b,d_c2f5b342e7f6d4931726fedb,Codex — agent-assisted initial review,2026-09-20T09:23:18.404604+00:00
2024:4021420241824775464,p0010,g_69f074dde322336f327f5af9,9a476611c3df7bf6e2ffe9ae4d6fbef3b9e31cb9219c0d5f611cd1989b19b92e,d_b327066e6b27f903d20c2c49,Codex — agent-assisted initial review,2026-09-20T09:08:32.301672+00:00
2024:4021420241824786486,p0017,g_74025ba0d28dfbc14f7e7795,465ee227cce90b5944b07888f4aaf2732440b9970db6565ab5e372999a4c534d,d_1839100fecfe28af44b97371,Codex — agent-assisted initial review,2026-09-20T09:23:18.404604+00:00
2024:4021420241824797009,p0020,g_503c98a341011ee8e2baf7c0,b95f5cc6a2a6b956bf92e853494faeabfc2ede47a9513b60f2bcf24d17e6d856,d_50d899a875a57d028878f3f4,Codex — agent-assisted initial review,2026-09-20T09:23:18.404604+00:00
2024:4021420241824800104,p0002,g_60babe39b0492a02ebcbd40a,7432ebe0a8b1cb6a32677fb07579705fbe84ecfe914851e7466236308fb91427,d_c905f6bbc19d6f6dbe1d3f23,Codex — agent-assisted initial review,2026-09-20T09:23:18.404604+00:00
2024:4021420241824800105,p0003,g_42c6da1f99c4c2a5773b619c,49bec86863c95ec9bb14fc24f18dbe5712fba13df9eb342e7eee4a650da7a6e1,d_7a04165b09576610d1527071,Codex — agent-assisted initial review,2026-09-20T09:23:18.404604+00:00
2024:4021420241824800107,p0002,g_60babe39b0492a02ebcbd40a,02e17b4e609d5caada78e08e5fa37d6c7819bcc8638ba646cbea4fbb362a91d6,d_c905f6bbc19d6f6dbe1d3f23,Codex — agent-assisted initial review,2026-09-20T09:23:18.404604+00:00
2024:4021420241824800108,p0003,g_42c6da1f99c4c2a5773b619c,e4de1e88aa67341dfd413355f6b32e667b102ee0935d56ab0e97d9f8141475e1,d_7a04165b09576610d1527071,Codex — agent-assisted initial review,2026-09-20T09:23:18.404604+00:00
2024:4021420241824813365,p0004,g_560c7a9bdd1b26699a53bfd2,b14bf7b1d0109af729d0bff7db3c639af67ad074e015b862207f675b50ff7473,d_3cf8763bc9fd1f6c80001d09,Codex — agent-assisted initial review,2026-09-20T09:23:18.404604+00:00
2024:4021420241824830084,p0010,g_7fb7659f58ffe72baa60f738,b822ed9ffd72d3bf7a5d30dc6326a107c50858e8e1311e9c9cf6fbb58ce8ca81,d_c1d7ead5b4504954410e10e6,Codex — agent-assisted initial review,2026-09-20T09:08:32.301672+00:00
2024:4021420241824830085,p0010,g_7fb7659f58ffe72baa60f738,08bbd430d3e788862c02cd8e9acf30f4e7455fc5375742b0fd8e76e423851a33,d_c1d7ead5b4504954410e10e6,Codex — agent-assisted initial review,2026-09-20T09:08:32.301672+00:00
2024:4021420241824836687,p0015,g_bf33e97aac0e71c6dc666829,dea27b0cc7e45989dff841909ce8140a43d743300e290cc788ed0d99f4da3333,d_95be31f54c6d244bc43396d4,Codex — agent-assisted initial review,2026-09-20T09:23:18.404604+00:00
2024:4021420241824836688,p0015,g_bf33e97aac0e71c6dc666829,fc345c44320970c9f065f550aca177e47f0ff65f7087932caec05f3470e08235,d_95be31f54c6d244bc43396d4,Codex — agent-assisted initial review,2026-09-20T09:23:18.404604+00:00
2024:4021420241824837508,p0004,g_560c7a9bdd1b26699a53bfd2,31ff611ea0c81f37837bfd5ee0dbaca0ec48355a7e0444a595823f72209f1106,d_3cf8763bc9fd1f6c80001d09,Codex — agent-assisted initial review,2026-09-20T09:23:18.404604+00:00
2024:4021420241824837510,p0004,g_560c7a9bdd1b26699a53bfd2,ea85f591ff91ce3c2ad86b977ad852f7f41bbd03a94f6bbc0293729f40e92f14,d_3cf8763bc9fd1f6c80001d09,Codex — agent-assisted initial review,2026-09-20T09:23:18.404604+00:00
2024:4021420241824837747,p0014,g_be2aa6b787231460bced0a32,849de208468d70f991f581a069615c5ec0453ec1e396870bae0210143a991394,d_d9608d3f190ca424caf0dc22,Codex — agent-assisted initial review,2026-09-20T09:08:32.301672+00:00
2024:4021520241824941377,p0017,g_bcf1b9a181f8f64aec6ca3c5,e3ba042ad676baadd0a1b1d42c93f068d3e9f723d948a43de288cacfcb856c20,d_1cbcbc78eb73bca19ea210c8,Codex — agent-assisted initial review,2026-09-20T09:23:18.404604+00:00
2024:4021520241824941662,p0004,g_533b99cae13b20adfeee2dec,105d897ce3f5998ccd9df3d87b7d2cb5c2d1343e4dd0cb3de8ae41289ee54dff,d_0141d6cf2a985b3c36c657e4,Codex — agent-assisted initial review,2026-09-20T09:23:18.404604+00:00
2024:4021520241824941725,p0004,g_533b99cae13b20adfeee2dec,42bd09511b882f0214d3ca53cef6a78961d476e43e9b924b730b95a80db95c5b,d_0141d6cf2a985b3c36c657e4,Codex — agent-assisted initial review,2026-09-20T09:23:18.404604+00:00
2024:4021520241825105894,p0007,g_8670ffbf774442747269c3bc,943f9435dfc6ff6dc52ad47f677d70f66113f354f8c031a82d7c890e236099d7,d_0b44a1024314b854c9ae63b1,Codex — agent-assisted initial review,2026-09-20T09:23:18.404604+00:00
2024:4021620241825214377,p0004,g_533b99cae13b20adfeee2dec,ebe8ab513595616ae73c0c64abbeb032b4ddee8d3183fbf42bcb2b3b6e763f2d,d_0141d6cf2a985b3c36c657e4,Codex — agent-assisted initial review,2026-09-20T09:23:18.404604+00:00
2024:4021620241825214379,p0004,g_533b99cae13b20adfeee2dec,2568e5cf73a44439c6af29d92e1992e7d65eac4ee6b1a8f5dfcab267dbf0bf45,d_0141d6cf2a985b3c36c657e4,Codex — agent-assisted initial review,2026-09-20T09:23:18.404604+00:00
2024:4021620241825215173,p0002,g_60babe39b0492a02ebcbd40a,ea08286afee01300dc62b32d8a50e5acc2af438707d10297ab0a03e25e1bfc9f,d_c905f6bbc19d6f6dbe1d3f23,Codex — agent-assisted initial review,2026-09-20T09:23:18.404604+00:00
2024:4021620241825215174,p0003,g_42c6da1f99c4c2a5773b619c,ec5125d11f4779c8b15c9a9607e4f00b97a4945f36380b7880e625c42b5a0305,d_7a04165b09576610d1527071,Codex — agent-assisted initial review,2026-09-20T09:23:18.404604+00:00
2024:4021620241825215176,p0015,g_a65caad503872d6519975ebb,94ff4b088074dc43416e011d9df02d4d2a67f438998df7ffc2030274c823b0cb,d_c1e82081efd22bc8fbb20b94,Codex — agent-assisted initial review,2026-09-20T09:23:18.404604+00:00
2024:4021620241825215558,p0017,g_68f85e714499ff50a8b74566,1a5761115894b0a46b41d70ad9ecc51e7393a004ab4b745171b1932c6e5c7d4e,d_08e9c1abd47bb68e0f22f743,Codex — agent-assisted initial review,2026-09-20T09:23:18.404604+00:00
2024:4021620241825225740,p0015,g_352b1a68709afb03d2abbc4b,2b0267a1a7e98d875fedad9ec258e07a43b458500d333d63741ee4b34ab51d80,d_b6a341ff534b552135d2d9ef,Codex — agent-assisted initial review,2026-09-20T09:23:18.404604+00:00
2024:4021620241825225741,p0015,g_352b1a68709afb03d2abbc4b,9dae1c87bce00fd4d42e91b9b8d38e20bc2bfffe1e97b20a92e8ff43ba56a47a,d_b6a341ff534b552135d2d9ef,Codex — agent-assisted initial review,2026-09-20T09:23:18.404604+00:00
2024:4021620241825245908,p0017,g_74025ba0d28dfbc14f7e7795,5e9a1eadc973b850a300bab65fae4620f67eac386bd67809fbb2b53620eee27a,d_1839100fecfe28af44b97371,Codex — agent-assisted initial review,2026-09-20T09:23:18.404604+00:00
2024:4021620241825249917,p0017,g_2761a0d4d50d5289e4ab72ea,4ba1c0bca97cd2802018857774090a0ecd402700bd3c90c12a8da8ae9a149db3,d_ecdfc692849e5a71fa7ac90c,Codex — agent-assisted initial review,2026-09-20T09:23:18.404604+00:00
2024:4021620241825261403,p0011,g_07038da5b70b0a37dc1a74f7,1613e8e148b8a69dec85f8a7d72152b9e00848fcca7d61fca4aad3c524298708,d_b25600b55b34a5b70956d962,Codex — agent-assisted initial review,2026-09-20T09:08:32.301672+00:00
2024:4021620241825273186,p0017,g_d362b24b8d940e23086c081e,46a6d3444bd5e7d5e39bbc6b97ef5cd1cabbbf8c1544b1e311d0efa1aa255bfc,d_082bac4ea616227ba5864cda,Codex — agent-assisted initial review,2026-09-20T09:23:18.404604+00:00
2024:4021720241825323816,p0020,g_503c98a341011ee8e2baf7c0,152c9d8695a15c4013953525fb2bd274791f6305ce33f1bb0c2495231ba7b857,d_50d899a875a57d028878f3f4,Codex — agent-assisted initial review,2026-09-20T09:23:18.404604+00:00
2024:4021720241825329194,p0017,g_d362b24b8d940e23086c081e,90007a25b7ef7e9b20e205aa5f8062b3e5cdb560199d26a2fdd52d8e5ff20ff2,d_082bac4ea616227ba5864cda,Codex — agent-assisted initial review,2026-09-20T09:23:18.404604+00:00
2024:4021720241825329281,p0017,g_d362b24b8d940e23086c081e,78fe1d872c1f6d7ef977bb4fac1f7a860b172fa7d1a3bf4283a707e4c07b1db8,d_082bac4ea616227ba5864cda,Codex — agent-assisted initial review,2026-09-20T09:23:18.404604+00:00
2024:4021820241825366362,p0017,g_2761a0d4d50d5289e4ab72ea,05791797bacff08caf2e408b3ac4e8589f1ddfb6bfb79bb2c2501133d91f5fce,d_ecdfc692849e5a71fa7ac90c,Codex — agent-assisted initial review,2026-09-20T09:23:18.404604+00:00
2024:4021920241825393518,p0004,g_3df7a8fff605b9d22239f2fd,3f31a83d4bacc2116bfbfe8f834ed30efb41cdc307ac192d38664af8db6c03e8,d_08813b9a76aa5789b8d9eb3b,Codex — agent-assisted initial review,2026-09-20T09:23:18.404604+00:00
2024:4021920251177511675,p0017,g_74025ba0d28dfbc14f7e7795,879374f334a1ac43a98d2ff0849266b188434061daf60743fac201d87d210acf,d_1839100fecfe28af44b97371,Codex — agent-assisted initial review,2026-09-20T09:23:18.404604+00:00
2024:4021920251177523916,p0004,g_91fa64da98d48c59bd03ed17,a8758e398f8be83125d017dda4149e84b0d5478fe7443cb3797d279bb3c2956e,d_d437193d9f0c0904585c1bdc,Codex — agent-assisted initial review,2026-09-20T09:23:18.404604+00:00
2024:4021920251177523978,p0003,g_911e15420bcf5b9a831ef24a,bff6c38fd852f0654b6706a72abdbe3b21df11554aec643c4251c8685356e477,d_cca103090572c80fd9cdb4d5,Codex — agent-assisted initial review,2026-09-20T09:23:18.404604+00:00
2024:4021920251177524022,p0003,g_911e15420bcf5b9a831ef24a,289f5112079a3af17b1e5254965bbd1b358bd9e6f6dfd427caf96de91f6fa6dd,d_cca103090572c80fd9cdb4d5,Codex — agent-assisted initial review,2026-09-20T09:23:18.404604+00:00
2024:4021920251177524261,p0002,g_1d04c5b90bc59e99beea0eed,71a935bafe4265431d236c6decdbe3567e46bcfc23ead59997b8f8b59c73a331,d_4e14df545ff196832d243af0,Codex — agent-assisted initial review,2026-09-20T09:23:18.404604+00:00
2024:4022020241825423093,p0017,g_fe69cf1552ab5980c7ef8b26,81b59c3264eda1a36b9476536db15157d05e0ec7c764f3c17f1a37112bdd5f30,d_9357b8146a420aab3e1c04be,Codex — agent-assisted initial review,2026-09-20T09:23:18.404604+00:00
2024:4022020241825423423,p0009,g_5840acd12cd97fdf811bcedb,8c0cef678d2561791e00f184dfcf99aac84325cb796ea37d2206c7a9eabd5855,d_429f727349172e26f4e8a387,Codex — agent-assisted initial review,2026-09-20T09:08:32.301672+00:00
2024:4022020241825429457,p0010,g_3577de09cef7491521815b57,82c00d851de863269ac169909d4475a9475e55128424dbc590a41593ade7af6d,d_160895e9d5cf9b79ada16051,Codex — agent-assisted initial review,2026-09-20T09:08:32.301672+00:00
2024:4022020241825429458,p0010,g_3577de09cef7491521815b57,5ff3313fa2c36e4bcfe97c19c9de7f31da85f0ed185b76cbb58d8808068c1edd,d_160895e9d5cf9b79ada16051,Codex — agent-assisted initial review,2026-09-20T09:08:32.301672+00:00
2024:4022020241825466969,p0017,g_8219139245947d5edcdcabad,b47129826c87ce9b8b36ee0dd7102b73b4e9612d4b1975a82ffd431a613990d1,d_975acf8f96797aa048421148,Codex — agent-assisted initial review,2026-09-20T09:23:18.404604+00:00
2024:4022120241825517325,p0017,g_dc9f5a6ca5d1cac66c58ca7a,8826e9668993e9c8f7ae589aaa8adecb24331f03937a4d5647546135ddc01078,d_de585723f969ec125b4b36be,Codex — agent-assisted initial review,2026-09-20T09:23:18.404604+00:00
2024:4022120241825548759,p0017,g_74025ba0d28dfbc14f7e7795,a95e01b48784f808def7ec6b9119a4861cba5108d9b3717ddda16419d09f2308,d_1839100fecfe28af44b97371,Codex — agent-assisted initial review,2026-09-20T09:23:18.404604+00:00
2024:4022120241825555059,p0004,g_91fa64da98d48c59bd03ed17,3db9274870cd12039ea895e01bc799f21e4de1dec6b5743d8241f82c76eec21b,d_d437193d9f0c0904585c1bdc,Codex — agent-assisted initial review,2026-09-20T09:23:18.404604+00:00
2024:4022120241825567437,p0004,g_b0ee870c209dee7280fd5cd7,6b9fcf52515ed2812c95f3d5eb28c31af073af615c7816ef04a3702f85000965,d_4f855738a2b38897db0b88ab,Codex — agent-assisted initial review,2026-09-20T09:23:18.404604+00:00
2024:4022120241825572663,p0004,g_653a3a88ca9b248fa0c25d46,e5b1b8c4d7c27bfc6b05a4d0f5c9825abaf4df162ecb805383f5284678996f9e,d_10769e987b95d1cdd3b33338,Codex — agent-assisted initial review,2026-09-20T09:23:18.404604+00:00
2024:4022120241825590046,p0004,g_31083f55230716e0eafe433e,29ecd32a1445d8abfc312bf2edf82d5c6a9825ad1a9442dd894055a8def75d10,d_aeca16aea29ba36358f406d6,Codex — agent-assisted initial review,2026-09-20T09:23:18.404604+00:00
2024:4022120241825605751,p0009,g_9fc51f32c8a6ae1f9580485f,3d6049197241724e38b50fc1fefdc2924bbf1aec3e436880cb3c2402fb3314c3,d_2de663e1fdc997521336a8d5,Codex — agent-assisted initial review,2026-09-20T09:08:32.301672+00:00
2024:4022120241825711490,p0007,g_0bb353d39af7079d74f14768,b408f083f3b0a6c7551d102f04550330239b90d3588b762004458f0ac43be9a8,d_87e9079f68f04784065225ff,Codex — agent-assisted initial review,2026-09-20T09:23:18.404604+00:00
2024:4022120241825711492,p0007,g_0bb353d39af7079d74f14768,f66a2973e7fe4df3ded1c4d779bf0acb3addc1fd11eca588b13406eb6891837e,d_87e9079f68f04784065225ff,Codex — agent-assisted initial review,2026-09-20T09:23:18.404604+00:00
2024:4022220241825850299,p0009,g_edb3ab476641d689423641d4,d054be71f8228a22bd22fa69618d1d996cf465b4a262c039100f88cd56778fdf,d_94b16dc63a75bc531c6de1f5,Codex — agent-assisted initial review,2026-09-20T09:08:32.301672+00:00
2024:4022220241825856342,p0015,g_471bd74ae46000db3e639c5d,6cdd4022cfde222336f9faaad2519d81618708e3579fbda85b3f5441de9cccac,d_c06eb69a50734a3874c473f1,Codex — agent-assisted initial review,2026-09-20T09:23:18.404604+00:00
2024:4022220241825856343,p0015,g_471bd74ae46000db3e639c5d,ac1f3d847a8b7f7112aa43b343f4703cd8bb6880a69093d85a5881a69e349d01,d_c06eb69a50734a3874c473f1,Codex — agent-assisted initial review,2026-09-20T09:23:18.404604+00:00
2024:4022220241825856357,p0015,g_471bd74ae46000db3e639c5d,54e9086b84a3cbec8306cd9cc39ed27b3bafd4ba61dbf28884566e6dc27cdecc,d_c06eb69a50734a3874c473f1,Codex — agent-assisted initial review,2026-09-20T09:23:18.404604+00:00
2024:4022220241825934037,p0004,g_2c99ad1acbd90b22d7af0595,66609cc102c15e88ff6818e6b801824b2b8a587861e90df0d1108556216413be,d_00c70f79f97b96a65cdced3f,Codex — agent-assisted initial review,2026-09-20T09:23:18.404604+00:00
2024:4022220241825936646,p0004,g_2c99ad1acbd90b22d7af0595,bc5f43dc92bb0379165bf0b6805536a084f1da03e4296bec9e5badffcefa8921,d_00c70f79f97b96a65cdced3f,Codex — agent-assisted initial review,2026-09-20T09:23:18.404604+00:00
2024:4022220241825973661,p0004,g_bd058d69d0304e30bc389d7c,9972aaf4233e49a5dc7788a430f64d88af0f1d5c02f9997ee21d90270b3ebb6c,d_0a55b981bcef47f157f2f646,Codex — agent-assisted initial review,2026-09-20T09:23:18.404604+00:00
2024:4022220241826148013,p0017,g_8219139245947d5edcdcabad,cd64d784cb6c8b3ffedddb69ebb86a47ae4099217a8f986eabf88d635b952b29,d_975acf8f96797aa048421148,Codex — agent-assisted initial review,2026-09-20T09:23:18.404604+00:00
2024:4022220241826174991,p0004,g_91fa64da98d48c59bd03ed17,583e0a01bf03d9fac6ba330b23b835f129315d29fe014179d3ae4b5b3d0d6e86,d_d437193d9f0c0904585c1bdc,Codex — agent-assisted initial review,2026-09-20T09:23:18.404604+00:00
2024:4022220241826175442,p0012,g_e79c60a3aa6a33475762b976,c2fb9e38fa7b3b38a04baf86dea997f3fac265649e9481a54af91c4706baf775,d_e90eb4cf45d3ee16b0f79535,Codex — agent-assisted initial review,2026-09-20T09:23:18.404604+00:00
2024:4022220241826183199,p0010,g_ec00dead55187c35de5b527d,2b8138d43def21b1af2908868c06d56cc297f4dffe2917c4c3263538ea8371e5,d_ab23e402e57b4edfa2bfdc81,Codex — agent-assisted initial review,2026-09-20T09:08:32.301672+00:00
2024:4022220241826183200,p0010,g_ec00dead55187c35de5b527d,fef844a5880fd35d681215be9fff3e004b1eb732fbb817998c2500cb7c0b2ed1,d_ab23e402e57b4edfa2bfdc81,Codex — agent-assisted initial review,2026-09-20T09:08:32.301672+00:00
2024:4022320241826405773,p0002,g_ae2b4dfeb2d16158560c3f29,a2be78039d667d26578a8c7f027cf212d0061c80fc133819f100d3e0111a4e07,d_76d599ac386b7d0f1ffe1229,Codex — agent-assisted initial review,2026-09-20T09:23:18.404604+00:00
2024:4022320241826405774,p0002,g_ae2b4dfeb2d16158560c3f29,e61273d20788339556ae668cae2801fbd6265e3a6fc003b9af736aa9727a35e2,d_76d599ac386b7d0f1ffe1229,Codex — agent-assisted initial review,2026-09-20T09:23:18.404604+00:00
2024:4022320241826406011,p0003,g_6e884ac5867888c35a9f5052,5c7de82c604e723b8494df20168ef4251e0491cbfe8eb858df22b038e849cd06,d_f06986146e95f0b2828f7227,Codex — agent-assisted initial review,2026-09-20T09:23:18.404604+00:00
2024:4022320241826406013,p0003,g_6e884ac5867888c35a9f5052,664fc71d46f64a8ce7d0206e1c14ec6dbe0713322c7524611bddaa86016837eb,d_f06986146e95f0b2828f7227,Codex — agent-assisted initial review,2026-09-20T09:23:18.404604+00:00
2024:4022620241826631170,p0020,g_7e8d332d88b30a56258acc03,3fba7ba765a50f1fe18990d7674b1b14554297b4b6ec30c8c65d4f5f13c9428c,d_931d72607a7affd319a6cc16,Codex — agent-assisted initial review,2026-09-20T09:23:18.404604+00:00
2024:4022720241826938403,p0004,g_b0c9daa0610f513e734e410d,e16a580edebbc8fd84f7102aee00bd68009d36e29d23925895cca2aeb365cf60,d_685c106636415f5c7193eed4,Codex — agent-assisted initial review,2026-09-20T09:23:18.404604+00:00
2024:4022720241827332427,p0004,g_b0c9daa0610f513e734e410d,d1eb6b0401f683710bd61c648d408451d8be6ba6ce68b2f9ff301a54b47dc698,d_685c106636415f5c7193eed4,Codex — agent-assisted initial review,2026-09-20T09:23:18.404604+00:00
2024:4022720241828992104,p0012,g_207c07cfa01d5a1a29168ab7,6ce611b53c21828816678df48621963297bd7d022057e04f33a6ccde165218fb,d_de2c4a67b896829b09fae9b3,Codex — agent-assisted initial review,2026-09-20T09:23:18.404604+00:00
2024:4022720241829123476,p0004,g_b0c9daa0610f513e734e410d,5595ff21da579adf710db53f9d8b0b293ab49dc272d602f9dc74f8ded031e70c,d_685c106636415f5c7193eed4,Codex — agent-assisted initial review,2026-09-20T09:23:18.404604+00:00
2024:4022720241830512802,p0012,g_207c07cfa01d5a1a29168ab7,5f452ea974b845104b5b30fc6e7f234d2938bfb38bfd2f0f7523fd85241a21a7,d_de2c4a67b896829b09fae9b3,Codex — agent-assisted initial review,2026-09-20T09:23:18.404604+00:00
2024:4022720241831467376,p0004,g_b0c9daa0610f513e734e410d,aae1e38707ee939a33672cccf714b3568e3a4ed39cdef5c7e619fa78f2820b8d,d_685c106636415f5c7193eed4,Codex — agent-assisted initial review,2026-09-20T09:23:18.404604+00:00
2024:4022720241834760332,p0004,g_b0c9daa0610f513e734e410d,e74ad8f75caadddc7429d6f88b9b898e8aac3e75317c876c76691da993ee20ac,d_685c106636415f5c7193eed4,Codex — agent-assisted initial review,2026-09-20T09:23:18.404604+00:00
2024:4022720241839170874,p0012,g_207c07cfa01d5a1a29168ab7,57dfaa739239cd2922e498fd1a5246d513b1e7891a234b018f49e8833087ad38,d_de2c4a67b896829b09fae9b3,Codex — agent-assisted initial review,2026-09-20T09:23:18.404604+00:00
2024:4022720241839180094,p0012,g_207c07cfa01d5a1a29168ab7,cc5d6329501b73ca0048fab5eae59e5259628c69f46bcb162a2ee2ad0893e921,d_de2c4a67b896829b09fae9b3,Codex — agent-assisted initial review,2026-09-20T09:23:18.404604+00:00
2024:4022720241839183186,p0012,g_207c07cfa01d5a1a29168ab7,69fe0ff42d1680494a399d9483f5d3ecbb5fe6a75989b9173bdc0581de90a36c,d_de2c4a67b896829b09fae9b3,Codex — agent-assisted initial review,2026-09-20T09:23:18.404604+00:00
2024:4022720241839204612,p0012,g_207c07cfa01d5a1a29168ab7,4b05dce4383dd616b6b7087dc429f6b2c3f6af972a243d3e704c2c809ecb4eb7,d_de2c4a67b896829b09fae9b3,Codex — agent-assisted initial review,2026-09-20T09:23:18.404604+00:00
2024:4022720241839210781,p0012,g_207c07cfa01d5a1a29168ab7,a1eb3197518fa07e21f95500f4c18c332111528e0847956a19a3711717514340,d_de2c4a67b896829b09fae9b3,Codex — agent-assisted initial review,2026-09-20T09:23:18.404604+00:00
2024:4022720241839440351,p0004,g_b0c9daa0610f513e734e410d,f3ef488f36d29c3e422ab61fdf0f0b6c1495af7d6d6364065156b0c9b3cbbe7b,d_685c106636415f5c7193eed4,Codex — agent-assisted initial review,2026-09-20T09:23:18.404604+00:00
2024:4022720241839445829,p0004,g_b0c9daa0610f513e734e410d,94dfd87aaa40cdcd80a2e05b07b064841e4a14868cd657777ca0b549232f9f58,d_685c106636415f5c7193eed4,Codex — agent-assisted initial review,2026-09-20T09:23:18.404604+00:00
2024:4022720241839667938,p0004,g_b0c9daa0610f513e734e410d,2b6bea2a0c8d0ce72fe008457189f935277ece0e754d41f2650cacba3098408c,d_685c106636415f5c7193eed4,Codex — agent-assisted initial review,2026-09-20T09:23:18.404604+00:00
2024:4022720241840005308,p0004,g_b0c9daa0610f513e734e410d,ef1faa073c59b0eee0f0da615283427f120143a0777ed6c4f21479a2e31894e8,d_685c106636415f5c7193eed4,Codex — agent-assisted initial review,2026-09-20T09:23:18.404604+00:00
2024:4022720241840295691,p0003,g_617913b6113ba9f2cb4a3d22,ab8ea08acc35c516f2fbc4d874c06c45b60fecb742f1077280e40201bf4d90c8,d_55173acc8fc9d0001537c94a,Codex — agent-assisted initial review,2026-09-20T09:23:18.404604+00:00
2024:4022720241840316204,p0003,g_617913b6113ba9f2cb4a3d22,5de9da38073e3d0ced7e8763ae356fc8a10963fa86b955c4dece4cecc072bcf3,d_55173acc8fc9d0001537c94a,Codex — agent-assisted initial review,2026-09-20T09:23:18.404604+00:00
2024:4022720241840317355,p0003,g_617913b6113ba9f2cb4a3d22,466a2fb568001a1443ab4580fe4e572bcfdbd483fba97b1cd8f322cd068beca0,d_55173acc8fc9d0001537c94a,Codex — agent-assisted initial review,2026-09-20T09:23:18.404604+00:00
2024:4022720241840332550,p0003,g_617913b6113ba9f2cb4a3d22,55b54bf70658ac635469913ed6bdd4ece5d3888b704354b939589ef129b17e5c,d_55173acc8fc9d0001537c94a,Codex — agent-assisted initial review,2026-09-20T09:23:18.404604+00:00
2024:4022720241840334851,p0003,g_617913b6113ba9f2cb4a3d22,0291b060398db4004e5bf022065268d8e69de8be11df794c5006429b9fbdb77a,d_55173acc8fc9d0001537c94a,Codex — agent-assisted initial review,2026-09-20T09:23:18.404604+00:00
2024:4022720241840341832,p0003,g_617913b6113ba9f2cb4a3d22,e996a0f052d8b63441d3d0df75a25aefafbabe2f2ec377cc855eb6610af183d0,d_55173acc8fc9d0001537c94a,Codex — agent-assisted initial review,2026-09-20T09:23:18.404604+00:00
2024:4022720241841615666,p0004,g_b0c9daa0610f513e734e410d,f7d6620fb293ee2fa445150c6471c6ac9101499acabca91d0779dc13777dad72,d_685c106636415f5c7193eed4,Codex — agent-assisted initial review,2026-09-20T09:23:18.404604+00:00
2024:4022720241841996087,p0004,g_b0c9daa0610f513e734e410d,cbc643305769ff1de17975fbf15c929ed9e5bdfdafd5728c16c81b6c1f12acde,d_685c106636415f5c7193eed4,Codex — agent-assisted initial review,2026-09-20T09:23:18.404604+00:00
2024:4022720241841996093,p0004,g_b0c9daa0610f513e734e410d,f712b21dee3df22e078d8875e131191d8e9eca78597271abd8ef8494f5e58c0e,d_685c106636415f5c7193eed4,Codex — agent-assisted initial review,2026-09-20T09:23:18.404604+00:00
2024:4022720241842382982,p0012,g_207c07cfa01d5a1a29168ab7,424e78cc84e2da0533557f7104fc0b0b51ce959b32e6783c7fcb709b1bacc745,d_de2c4a67b896829b09fae9b3,Codex — agent-assisted initial review,2026-09-20T09:23:18.404604+00:00
2024:4022720241842394896,p0012,g_207c07cfa01d5a1a29168ab7,c117bcffc22c059172f9e38015e238d3dc6e949af111b6cfd3527a6a9f3ebc85,d_de2c4a67b896829b09fae9b3,Codex — agent-assisted initial review,2026-09-20T09:23:18.404604+00:00
2024:4022720241842400807,p0012,g_207c07cfa01d5a1a29168ab7,4e35c6aa739dc431c406c07d26793e9ad0295ee9f1120a6eb57bc7a02feabaf5,d_de2c4a67b896829b09fae9b3,Codex — agent-assisted initial review,2026-09-20T09:23:18.404604+00:00
2024:4022720241842409807,p0012,g_207c07cfa01d5a1a29168ab7,db818bee71d84c77e3be8f3e2657791beb614e7c2e34d9ede97db5e097883ba3,d_de2c4a67b896829b09fae9b3,Codex — agent-assisted initial review,2026-09-20T09:23:18.404604+00:00
2024:4022720241842416007,p0011,g_1fcc3d5915ab097200849a1c,72ae323109abd8a5a6135bb70498d7b70edcdc5a6df91c73e07acbdb991f7fa0,d_132b57959510db404fa3ebaa,Codex — agent-assisted initial review,2026-09-20T09:08:32.301672+00:00
2024:4022720241843149314,p0004,g_b0c9daa0610f513e734e410d,f91754a1b2f2cd1ea2242bd58ddeaed111f83596be9a2c023304a1c23001f74d,d_685c106636415f5c7193eed4,Codex — agent-assisted initial review,2026-09-20T09:23:18.404604+00:00
2024:4022720241857185021,p0015,g_f7109528270e5511ab71d7e0,1d1cd02f2c91f3cf7df59f489bb1e51f3f9be59cdda0d463565d4a107d053c7c,d_79309b912f82523d7b53ac53,Codex — agent-assisted initial review,2026-09-20T09:23:18.404604+00:00
2024:4022720241857185036,p0004,g_c097918b110f5005efa1f6d3,859033eb38bafe62976de479141437fe1f57854e0083b256dcd993103270c2a3,d_fdab57ed7e06fffbe6dad802,Codex — agent-assisted initial review,2026-09-20T09:23:18.404604+00:00
2024:4022720241857185037,p0004,g_c097918b110f5005efa1f6d3,b98720242c8b3fbece0886d0bde21fa074d39617e40422b11e08ec32fae5ce19,d_fdab57ed7e06fffbe6dad802,Codex — agent-assisted initial review,2026-09-20T09:23:18.404604+00:00
2024:4022720241857185038,p0004,g_c097918b110f5005efa1f6d3,8b6ea05eafa36dbc9d589b4d429fff92ef61033a43e3ed10b64338d982358062,d_fdab57ed7e06fffbe6dad802,Codex — agent-assisted initial review,2026-09-20T09:23:18.404604+00:00
2024:4022720241857185039,p0004,g_c097918b110f5005efa1f6d3,c8331b7d99dc728fb9fd9431cf370fc3da1143cb86e6885cf85e498c3bad1145,d_fdab57ed7e06fffbe6dad802,Codex — agent-assisted initial review,2026-09-20T09:23:18.404604+00:00
2024:4022720241857185040,p0004,g_c097918b110f5005efa1f6d3,d61e55c140934f5d6186595d61263cf6efa94e553c488265a3d8a840789a80fb,d_fdab57ed7e06fffbe6dad802,Codex — agent-assisted initial review,2026-09-20T09:23:18.404604+00:00
2024:4022720241857185041,p0004,g_c097918b110f5005efa1f6d3,1e4e1d7607b582ac859a870189e705b186935d740214ff9e8ecff25cf7a2638a,d_fdab57ed7e06fffbe6dad802,Codex — agent-assisted initial review,2026-09-20T09:23:18.404604+00:00
2024:4022720241857185042,p0004,g_c097918b110f5005efa1f6d3,679a3a3b64a19fa995a9ac86b352a0c3fdbb589e34f69bce6b782bb8a9dcbcff,d_fdab57ed7e06fffbe6dad802,Codex — agent-assisted initial review,2026-09-20T09:23:18.404604+00:00
2024:4022720241857185043,p0004,g_c097918b110f5005efa1f6d3,24700049a9695d2195a0916ae93af8cc5a22028601af21c674243a2619723c40,d_fdab57ed7e06fffbe6dad802,Codex — agent-assisted initial review,2026-09-20T09:23:18.404604+00:00
2024:4022720241857185044,p0004,g_c097918b110f5005efa1f6d3,c6a2f3e26536f922f412c89ee4fbf8eae07c44488f32498de50873b1f8611867,d_fdab57ed7e06fffbe6dad802,Codex — agent-assisted initial review,2026-09-20T09:23:18.404604+00:00
2024:4022720241857185045,p0004,g_c097918b110f5005efa1f6d3,e799c8c804f7e1d3efc9ebc8b254058a66323f0409750ef1a80d1c232f33ee14,d_fdab57ed7e06fffbe6dad802,Codex — agent-assisted initial review,2026-09-20T09:23:18.404604+00:00
2024:4022720241857185081,p0015,g_f7109528270e5511ab71d7e0,2c704703da6e712026b0b908d4cc20effcfbf3b7365856dd74dc20205ffe6a76,d_79309b912f82523d7b53ac53,Codex — agent-assisted initial review,2026-09-20T09:23:18.404604+00:00
2024:4022720241857185082,p0004,g_c097918b110f5005efa1f6d3,d7c7cc1fbadf65b42a4e98ba5654fc9e9fb9f862ce154a8aff1ed587818ad8dd,d_fdab57ed7e06fffbe6dad802,Codex — agent-assisted initial review,2026-09-20T09:23:18.404604+00:00
2024:4022720241857243878,p0009,g_ae77c6e8d3ca81771ccf9cf0,bec14b0f824c58c7d42c2a12ecb9371a2df585ae2fe437633217e6f84fb0ca94,d_4a376a11f273ea87c213e562,Codex — agent-assisted initial review,2026-09-20T09:08:32.301672+00:00
2024:4022720241857243879,p0009,g_ae77c6e8d3ca81771ccf9cf0,70e1de1518f852a135f39599678521a1e2f75b37a5fe778b70871febe7e1b37a,d_4a376a11f273ea87c213e562,Codex — agent-assisted initial review,2026-09-20T09:08:32.301672+00:00
2024:4022720241857243880,p0009,g_ae77c6e8d3ca81771ccf9cf0,b8c2abe2c79f586bc0d345622aec559d289c92f99f10d287d737259a63cfa4b8,d_4a376a11f273ea87c213e562,Codex — agent-assisted initial review,2026-09-20T09:08:32.301672+00:00
2024:4022720251179160021,p0015,g_1c946fbe3af386e741eceb45,d187d3834e5af039ce7da1b0e2e658784059285a9a7160b5ea930078ca66e4bf,d_8f30adff8b1f761442ff8cde,Codex — agent-assisted initial review,2026-09-20T09:23:18.404604+00:00
2024:4022820241857719779,p0010,g_b1939710c4bb3511baf739a2,5271bca0e8eff22767ee54d55a43398723d3462d3400653ca4be0752bc6824b5,d_f43ab6ce94473966c8aa38d0,Codex — agent-assisted initial review,2026-09-20T09:08:32.301672+00:00
2024:4022820241857733874,p0010,g_2caad5cb534cd7c468a480db,d567da0ae16b889a7fa7a44844b89e68ca39a0c0f1930aabb7e577f5c74e10b8,d_3cd64c1b66b4e8ce8d8fd5d2,Codex — agent-assisted initial review,2026-09-20T09:08:32.301672+00:00
2024:4022820241857832632,p0015,g_f2ab57f1fb4c08e27e31e73f,c92f316b86eb32d2a68928420b411fff5589244353e8576880668462e9db8789,d_73be0e6ca645d7c724940adf,Codex — agent-assisted initial review,2026-09-20T09:23:18.404604+00:00
2024:4022820241857832633,p0015,g_f2ab57f1fb4c08e27e31e73f,13458b561cba74dad12d3497313ef7187be99a43edfab82e3ac0ab88ecca36c1,d_73be0e6ca645d7c724940adf,Codex — agent-assisted initial review,2026-09-20T09:23:18.404604+00:00
2024:4022820241857832673,p0010,g_3577de09cef7491521815b57,069017a6a2e4c1901baf2930206fa1acbc043bac612a0a777c0f4684fe52e913,d_160895e9d5cf9b79ada16051,Codex — agent-assisted initial review,2026-09-20T09:08:32.301672+00:00
2024:4022820241857832674,p0010,g_3577de09cef7491521815b57,baa38a29139c272e6f275ebfe2a8780f5365e67e574812e12f8b07b3eb396c63,d_160895e9d5cf9b79ada16051,Codex — agent-assisted initial review,2026-09-20T09:08:32.301672+00:00
2024:4022820241857834499,p0003,g_554894c4490b0685aaf85533,cb381e9851003537cb5a56bb898b9a147fc5824e8ff5540fb915176238c99172,d_b59a595f8ae488e44f0c573c,Codex — agent-assisted initial review,2026-09-20T09:23:18.404604+00:00
2024:4022820241857834500,p0003,g_554894c4490b0685aaf85533,498cd10acbc4e8d2828754eff4fc1728d1c70103600b868da68cbd9c1e423c67,d_b59a595f8ae488e44f0c573c,Codex — agent-assisted initial review,2026-09-20T09:23:18.404604+00:00
2024:4022820241857834501,p0003,g_554894c4490b0685aaf85533,0e7832fdc26d2db99428d4b9fd7c394a0a9bfc76d05e6710e76060b111cdd55b,d_b59a595f8ae488e44f0c573c,Codex — agent-assisted initial review,2026-09-20T09:23:18.404604+00:00
2024:4022820241857834535,p0002,g_fa5732f6208eb6394a4472a1,c894dac1a3d7a484e716acd2af684b71f4680a46e488bd0f43de7e727523f9bf,d_1f834e851e06ce6e6b628d7f,Codex — agent-assisted initial review,2026-09-20T09:23:18.404604+00:00
2024:4022820241857899802,p0004,g_bfe68c8eb06a4e15783bd381,18c38107aa35c7b988b14bb65c52fc7391bf928fbf220bd3cdb7617349c77c25,d_232552bb5a5e89ee37d1cc10,Codex — agent-assisted initial review,2026-09-20T09:23:18.404604+00:00
2024:4022820241857899803,p0004,g_bfe68c8eb06a4e15783bd381,f39d26343c6d7bffd0c97683bf41d9a6e30f535f85faec75c334eeb0bda6514b,d_232552bb5a5e89ee37d1cc10,Codex — agent-assisted initial review,2026-09-20T09:23:18.404604+00:00
2024:4022820241857923473,p0004,g_bfe68c8eb06a4e15783bd381,3fce09c3b70d7399f1f3ee5acfb7173b8d8f32e125e061d3b62bf8dc8d5453c2,d_232552bb5a5e89ee37d1cc10,Codex — agent-assisted initial review,2026-09-20T09:23:18.404604+00:00
2024:4022820241857923474,p0004,g_bfe68c8eb06a4e15783bd381,56ab1fae1a89ad612d3fdf2b3f650ebdf344c2bcee75f4a8b9d61a5b1ec509c3,d_232552bb5a5e89ee37d1cc10,Codex — agent-assisted initial review,2026-09-20T09:23:18.404604+00:00
2024:4022820241857984628,p0014,g_a3749f8abe928abdaf08d2a4,8ccf72c68275f8a42a69f228ca9757e9199a5e600adff3ecb96bda7989382a95,d_e112fbf655c920a10e2cf107,Codex — agent-assisted initial review,2026-09-20T09:08:32.301672+00:00
2024:4022820241857984629,p0014,g_a3749f8abe928abdaf08d2a4,d949bef17b091746450009ed76027e0786cc49325e2b82fc494a1fc406775a3a,d_e112fbf655c920a10e2cf107,Codex — agent-assisted initial review,2026-09-20T09:08:32.301672+00:00
2024:4022820241857984630,p0014,g_a3749f8abe928abdaf08d2a4,6c76aa3b9a3051c699bf0f129d0d157bb4f6629acb5782fbcf59604252f6a50e,d_e112fbf655c920a10e2cf107,Codex — agent-assisted initial review,2026-09-20T09:08:32.301672+00:00
2024:4022820241858009077,p0014,g_a3749f8abe928abdaf08d2a4,4b1ce825f05925e871f2f125c516cdf9e767f184f828e96a2fa5ac9e7d3339e3,d_e112fbf655c920a10e2cf107,Codex — agent-assisted initial review,2026-09-20T09:08:32.301672+00:00
2024:4022820241858344463,p0015,g_b30e88709a13bb0da4ca5460,69f8502f1466052d49bb5676de0e85d2f62d3943ffba96cecdd18f3ab6cb16f0,d_3ebfa42a276bb67d15fae446,Codex — agent-assisted initial review,2026-09-20T09:23:18.404604+00:00
2024:4022820241858347208,p0015,g_b30e88709a13bb0da4ca5460,ec5980aa4249e20da2cb782fa4c387b66fe4ecc43a50d130eb4fd528ca017a3d,d_3ebfa42a276bb67d15fae446,Codex — agent-assisted initial review,2026-09-20T09:23:18.404604+00:00
2024:4022820241858368536,p0011,g_23fcd7b87cf602b4b3f207bc,0a11f8d56e40a031f083ef3da305c38fe8bb12d572ba5fae94d3b0007a043c74,d_a28177f04782f115eda20b9b,Codex — agent-assisted initial review,2026-09-20T09:08:32.301672+00:00
2024:4022920241859450690,p0007,g_2f8e0425a727bc5a5c40d2cc,1b7da40063c601051fdc9c2207a105ca2f4845159807e91f1cbcc4043d908e89,d_60f85c7ecdfa3d4db320b03b,Codex — agent-assisted initial review,2026-09-20T09:23:18.404604+00:00
2024:4022920241859572014,p0003,g_911e15420bcf5b9a831ef24a,17ec884bb0ce554dedeef2388de0bf42a6ff02e69f9072aaa835ce021f5d9baf,d_cca103090572c80fd9cdb4d5,Codex — agent-assisted initial review,2026-09-20T09:23:18.404604+00:00
2024:4022920241860456011,p0009,g_dfc1a5c855a30f444e57a302,2f2841be77d4c0d6f791b8a7ef110675db97c5fb092af872531df9216e5f8624,d_9cc28f81f56941450d13af47,Codex — agent-assisted initial review,2026-09-20T09:08:32.301672+00:00
2024:4022920241860982097,p0009,g_dfc1a5c855a30f444e57a302,60435b540c8330d1d6e879b0ab387832ee6f7b286569d50087894083dbe6595d,d_9cc28f81f56941450d13af47,Codex — agent-assisted initial review,2026-09-20T09:08:32.301672+00:00
2024:4022920241862087452,p0009,g_dfc1a5c855a30f444e57a302,44522e4f72c85af95daf545b9f9ec03fa10c9a750cd382f52f95757717e1abd4,d_9cc28f81f56941450d13af47,Codex — agent-assisted initial review,2026-09-20T09:08:32.301672+00:00
2024:4022920241862481781,p0011,g_490e014e33de61b982092169,399c150a6203fc5b9539f4dbc2ade9c0727c34ca3203bf74b7e9828cd81908c0,d_1af466286cc180044b4bfac6,Codex — agent-assisted initial review,2026-09-20T09:08:32.301672+00:00
2024:4022920241862645892,p0011,g_490e014e33de61b982092169,773a83f0a930b900d095d1abdbda3f915ef2ebf9826f05110d9e0b3d46e376ce,d_1af466286cc180044b4bfac6,Codex — agent-assisted initial review,2026-09-20T09:08:32.301672+00:00
2024:4022920241863291160,p0009,g_dfc1a5c855a30f444e57a302,8c76128f399a81e9a6dab1cb43b46d2e13817eba9fcbebadbb9c57f8f4058d64,d_9cc28f81f56941450d13af47,Codex — agent-assisted initial review,2026-09-20T09:08:32.301672+00:00
2024:4022920241863709583,p0011,g_07038da5b70b0a37dc1a74f7,4104c7649f53c8f17f2f06051531367ffe6fd5976782eb7a1e74399bd489d7d5,d_b25600b55b34a5b70956d962,Codex — agent-assisted initial review,2026-09-20T09:08:32.301672+00:00
2024:4022920241864085614,p0009,g_dfc1a5c855a30f444e57a302,37198d094fa742fe1255bc3f07e868d489799563387e8ad989725af81d734ba3,d_9cc28f81f56941450d13af47,Codex — agent-assisted initial review,2026-09-20T09:08:32.301672+00:00
2024:4022920241865363607,p0011,g_07038da5b70b0a37dc1a74f7,87e6accdd59bcc14b04e873f51edd66ad805aa09de639cccda526039beb00443,d_b25600b55b34a5b70956d962,Codex — agent-assisted initial review,2026-09-20T09:08:32.301672+00:00
2024:4022920241866648311,p0011,g_490e014e33de61b982092169,435471801e4b98c95138ad319cef5b7b4c937bb2e533fc6d3c85a17cf79c3265,d_1af466286cc180044b4bfac6,Codex — agent-assisted initial review,2026-09-20T09:08:32.301672+00:00
2024:4022920241866771433,p0009,g_dfc1a5c855a30f444e57a302,cee3b8f150165d6be65b4e7609457b250ee0c2ce03a2ce34eaffbacdd430c8e5,d_9cc28f81f56941450d13af47,Codex — agent-assisted initial review,2026-09-20T09:08:32.301672+00:00
2024:4022920241867193968,p0009,g_dfc1a5c855a30f444e57a302,1be68c26fcb933134357bde67da18517482e57aad2faac5b2972f1fd8b6a2f2e,d_9cc28f81f56941450d13af47,Codex — agent-assisted initial review,2026-09-20T09:08:32.301672+00:00
2024:4022920241867443870,p0009,g_dfc1a5c855a30f444e57a302,d8ba36fc10c2439a77ad127a9ca36c666b586853dd0f5770ec2ef1a459bed5b9,d_9cc28f81f56941450d13af47,Codex — agent-assisted initial review,2026-09-20T09:08:32.301672+00:00
2024:4022920241867508886,p0007,g_2f8e0425a727bc5a5c40d2cc,014729d7057b0297df53c2f9bdb250282ac6f9ae565e4b47bf4c96938c746ae6,d_60f85c7ecdfa3d4db320b03b,Codex — agent-assisted initial review,2026-09-20T09:23:18.404604+00:00
2024:4030120241877861398,p0002,g_8aac48dd3821037480c6b835,5abee5b7ab45601d47abc4b75d124662641ed13bc28161fa192348ad9336a42a,d_7fa489a47f0e9105eac463bb,Codex — agent-assisted initial review,2026-09-20T09:23:18.404604+00:00
2024:4030120241877861399,p0002,g_8aac48dd3821037480c6b835,a0881eb70fe55c2271649db9039327f53cc9d97e770c6548050e9c011174fe2d,d_7fa489a47f0e9105eac463bb,Codex — agent-assisted initial review,2026-09-20T09:23:18.404604+00:00
2024:4030120241877861519,p0003,g_911e15420bcf5b9a831ef24a,bb4410ec1233592a3300004a0482cb105b2db26a1846722716a864a68a0eb4ef,d_cca103090572c80fd9cdb4d5,Codex — agent-assisted initial review,2026-09-20T09:23:18.404604+00:00
2024:4030120241877861521,p0003,g_911e15420bcf5b9a831ef24a,65e28c008b3a2df021fdaa7f8aa15a1e57465991b7e44c109c13674c55f5fb01,d_cca103090572c80fd9cdb4d5,Codex — agent-assisted initial review,2026-09-20T09:23:18.404604+00:00
2024:4030120241877861698,p0020,g_503c98a341011ee8e2baf7c0,1c8c01d4170cac7628db2e7807f74f9f75f20754326a6370be1d74dedb6db70d,d_50d899a875a57d028878f3f4,Codex — agent-assisted initial review,2026-09-20T09:23:18.404604+00:00
2024:4030120241877862015,p0020,g_503c98a341011ee8e2baf7c0,f58529f28efea835018476122d05a3aedf7558a1de208fc920b0a9d645e0dfe1,d_50d899a875a57d028878f3f4,Codex — agent-assisted initial review,2026-09-20T09:23:18.404604+00:00
2024:4030120241877863502,p0017,g_8f29401622a918e4164b34b6,43968b2ee29e664f36bd38f1e0ef6c3dc74fb5fc0e049531d515a5c4eac0f891,d_b01dfe8d568a477e703de45d,Codex — agent-assisted initial review,2026-09-20T09:23:18.404604+00:00
2024:4030320251179381182,p0009,g_3d1fd68d1b0a4de3b68715a1,5349d0b3c0452962c595d033f2050cdd5f6f33596a1f04adee3d775cb4200cd8,d_f04672894c8d189f46f6fedd,Codex — agent-assisted initial review,2026-09-20T09:08:32.301672+00:00
2024:4030520251179548812,p0012,g_66a98ff28415b7389db6105c,a17f2a9a9f3119eac2c48f100b33c2e70a4a089725f2387f02436c54aae4e32b,d_7a176a4d58423b39f7f41afe,Codex — agent-assisted initial review,2026-09-20T09:23:18.404604+00:00
2024:4030520251179548813,p0012,g_66a98ff28415b7389db6105c,2113873646ea3c1cea37f432a8d245ce6eb8b60015436d819a365acdf4c3d8f3,d_7a176a4d58423b39f7f41afe,Codex — agent-assisted initial review,2026-09-20T09:23:18.404604+00:00
2024:4030520251179548814,p0012,g_66a98ff28415b7389db6105c,e4bdee0c6f65f7de8da8e2b6a3851bd229512c820c9a0b253ebaa20448e6f7d2,d_7a176a4d58423b39f7f41afe,Codex — agent-assisted initial review,2026-09-20T09:23:18.404604+00:00
2024:4030520251179548815,p0012,g_66a98ff28415b7389db6105c,023ecd2f80436183f9351b8aa4d1ef46b609620bd687ab1d3d0392bcfb3504c7,d_7a176a4d58423b39f7f41afe,Codex — agent-assisted initial review,2026-09-20T09:23:18.404604+00:00
2024:4030520251179548816,p0012,g_66a98ff28415b7389db6105c,c8b64705753a3c4450c9d3795ba2aeb3ac12e83b634e7439d5812b886cedf67b,d_7a176a4d58423b39f7f41afe,Codex — agent-assisted initial review,2026-09-20T09:23:18.404604+00:00
2024:4030520251179548817,p0012,g_66a98ff28415b7389db6105c,77aa87ff01fb31f10d07ab8837e585a168ab3fd1b951df70bb5457d1f95666af,d_7a176a4d58423b39f7f41afe,Codex — agent-assisted initial review,2026-09-20T09:23:18.404604+00:00
2024:4030520251179548818,p0012,g_66a98ff28415b7389db6105c,39c79ac199097217e80e5f59d00d8330c48791f4cea8427398ea0c082e23d0ed,d_7a176a4d58423b39f7f41afe,Codex — agent-assisted initial review,2026-09-20T09:23:18.404604+00:00
2024:4030520251179548819,p0012,g_66a98ff28415b7389db6105c,c11faf7520298dc12dc4df5569ad07095eeb9b8ec23ce8754a4339a6c8246340,d_7a176a4d58423b39f7f41afe,Codex — agent-assisted initial review,2026-09-20T09:23:18.404604+00:00
2024:4030520251179548820,p0012,g_66a98ff28415b7389db6105c,04e37c4215eb5b034f88482270c350e31cd4df8c50432fe23285b3e873fb16f1,d_7a176a4d58423b39f7f41afe,Codex — agent-assisted initial review,2026-09-20T09:23:18.404604+00:00
2024:4030520251179548821,p0012,g_66a98ff28415b7389db6105c,39655b8ab2e3eea7cd4fa6820f3d534dff2289542a4901dbc3d1ce26cf7db48d,d_7a176a4d58423b39f7f41afe,Codex — agent-assisted initial review,2026-09-20T09:23:18.404604+00:00
2024:4030620241880342061,p0004,g_b0c9daa0610f513e734e410d,d9927bc2b4940392a3ae358c191fcdc13acf5e77d3c9d4e15b165d0db3049308,d_685c106636415f5c7193eed4,Codex — agent-assisted initial review,2026-09-20T09:23:18.404604+00:00
2024:4030620241880342062,p0004,g_b0c9daa0610f513e734e410d,86e0265deeb674e29842c7c329383e1930ea0f7b8d70cf4cecadbf20aa71b8b6,d_685c106636415f5c7193eed4,Codex — agent-assisted initial review,2026-09-20T09:23:18.404604+00:00
2024:4030620241880342063,p0004,g_b0c9daa0610f513e734e410d,be0630dd6d356f6cbaf61b002bb9729278e2c5f6d9d85816ca5da78399bb811e,d_685c106636415f5c7193eed4,Codex — agent-assisted initial review,2026-09-20T09:23:18.404604+00:00
2024:4031120251179905403,p0004,g_26b9e0e0e6ac54ea1c5ee24f,db28a3f19723c24c8bf1c2792e3b75104a43c9aebfae6ccf3381e497f35a96b2,d_2774dcc7861423c9571f43ff,Codex — agent-assisted initial review,2026-09-20T09:23:18.404604+00:00
2024:4031220241884730724,p0004,g_89826e446fa1aaddb7c18306,badda3c8f9c8cd6cf6879c2ab30ae8ec164bf9440476e01e0ce22f79a109be69,d_3073b7529cb442003b874292,Codex — agent-assisted initial review,2026-09-20T09:23:18.404604+00:00
2024:4031320241884767982,p0017,g_fb482680fd2c3773a426f200,eced75389b253994169f3f782fda8ab2c35c99d7cdc37d8f252f9e05b668bf06,d_65ed6e18ed0f35a34555f09d,Codex — agent-assisted initial review,2026-09-20T09:23:18.404604+00:00
2024:4031320241884769260,p0010,g_f34c2625bef55abdfedb749f,64d30ee4562c68c5c9056a8119549e38560426f4511a2c28799d43da86077bc0,d_cd0bda4ced111ce5e3f2dfc2,Codex — agent-assisted initial review,2026-09-20T09:08:32.301672+00:00
2024:4031820241885179290,p0003,g_6e5c56296dfebf4d8141efcf,94381caf207a7e594a4cc33b0c69ebc7ea5fc71f82b0d43ce7898f83ba1f0762,d_c13bcab5cd5db3be9e64ffee,Codex — agent-assisted initial review,2026-09-20T09:23:18.404604+00:00
2024:4031820251180302042,p0002,g_cbd74e2c467b54220e69493e,77382c2febd2f5590b9145d545ec62de1fa754849bc029f91f60f65be33003a6,d_83b4ef3015322214d2ee69d8,Codex — agent-assisted initial review,2026-09-20T09:23:18.404604+00:00
2024:4031820251180302075,p0003,g_7e617f2e9c5fa3f4b2ca6ff7,d9154e4055b7f287906943b23e096793c4123551304c2f3dc98c9a784638cc1f,d_538edc632adae9832052c4be,Codex — agent-assisted initial review,2026-09-20T09:23:18.404604+00:00
2024:4031920241885264684,p0004,g_16f223c0578699ebcd01fa80,860064df745e78265706356ebe04d9d021877d7b9108680900e517d7de812eea,d_b27e2a82863759f49e974fdb,Codex — agent-assisted initial review,2026-09-20T09:23:18.404604+00:00
2024:4032020241885328305,p0010,g_3577de09cef7491521815b57,fbd342614a102c5685e18ab225dd4708c0209c65ec7c57fdaa0265f2cf081602,d_160895e9d5cf9b79ada16051,Codex — agent-assisted initial review,2026-09-20T09:08:32.301672+00:00
2024:4032020241885328306,p0010,g_3577de09cef7491521815b57,c0fd6bb0048a68ff8c1afb465ffaafc7907d64387abdb70ba70e425e26f9027b,d_160895e9d5cf9b79ada16051,Codex — agent-assisted initial review,2026-09-20T09:08:32.301672+00:00
2024:4032020241885328389,p0015,g_f2ab57f1fb4c08e27e31e73f,b477ec83ee943e6da2674a8dd9b16fe11435488f4bbde1258a85c8d5b270bf2f,d_73be0e6ca645d7c724940adf,Codex — agent-assisted initial review,2026-09-20T09:23:18.404604+00:00
2024:4032120241885402828,p0012,g_a18a3e723c1ceecfbcfb7a92,5fa3c8967b8e9a7f6f544f08713345bb7bf70dcfa6acb605bdc9d87d214ba077,d_5633611b9b776ad94f3151a9,Codex — agent-assisted initial review,2026-09-20T09:23:18.404604+00:00
2024:4032120241885403248,p0013,g_3f37d75392c3ed60b8666dc1,85d72727a6cd4b6994e3e2e071433742ffe442082c38ff6257f65f62530ab1ec,d_4418b0ccaa732725d7288063,Codex — agent-assisted initial review,2026-09-20T09:23:18.404604+00:00
2024:4032120241885414087,p0010,g_2caad5cb534cd7c468a480db,c7f07bc9ee152dfcf535765182aaf60199576fcf915dba75c9b6ba9c653455da,d_3cd64c1b66b4e8ce8d8fd5d2,Codex — agent-assisted initial review,2026-09-20T09:08:32.301672+00:00
2024:4032220241885484003,p0017,g_653cfd460471d7a5a188ba53,46890bf4ddfb76348b4ade9a1e4ff14b3927eead7d177385cd05a60b56a16241,d_71877db411e3db9911cc7093,Codex — agent-assisted initial review,2026-09-20T09:23:18.404604+00:00
2024:4032420231738154560,p0015,g_a967b740d3d32311c883638e,9118cefe87aeae0358e95b3d24ce47706826c87e9e7e864231c3a19657ce12bf,d_3c493b9b47d1d7b19d1dc5e2,Codex — agent-assisted initial review,2026-09-20T09:23:18.404604+00:00
2024:4032420231738169037,p0004,g_533b99cae13b20adfeee2dec,06c0d174ceb88caa81f0f0df8804d3c3b906e01829b0dc57be9b09c48856f25c,d_0141d6cf2a985b3c36c657e4,Codex — agent-assisted initial review,2026-09-20T09:23:18.404604+00:00
2024:4032520241887491104,p0004,g_c097918b110f5005efa1f6d3,52c186b86867500eade197eaa930f6ba84188b5b49a00fd38c9c05c919996034,d_fdab57ed7e06fffbe6dad802,Codex — agent-assisted initial review,2026-09-20T09:23:18.404604+00:00
2024:4032520241887491105,p0004,g_c097918b110f5005efa1f6d3,67f8a075922f4023cede6c72b22713c1a1cba24288eef669a4e74f5f68fd0948,d_fdab57ed7e06fffbe6dad802,Codex — agent-assisted initial review,2026-09-20T09:23:18.404604+00:00
2024:4032520241887491106,p0004,g_c097918b110f5005efa1f6d3,768fc4342ee7de1def5329d0711185ca3bbbbf113a6a088cb10945f3f22893ec,d_fdab57ed7e06fffbe6dad802,Codex — agent-assisted initial review,2026-09-20T09:23:18.404604+00:00
2024:4032520241887491107,p0004,g_c097918b110f5005efa1f6d3,45bc816010f47a7df8ffdca5f80a142a20b0915a431a9018604797f8b992fe72,d_fdab57ed7e06fffbe6dad802,Codex — agent-assisted initial review,2026-09-20T09:23:18.404604+00:00
2024:4032520241887491108,p0004,g_c097918b110f5005efa1f6d3,fa6b9c3bf797c12627bcdcc9460ce8b75e637517fba12a319334367ffa07928c,d_fdab57ed7e06fffbe6dad802,Codex — agent-assisted initial review,2026-09-20T09:23:18.404604+00:00
2024:4032520241887491109,p0004,g_c097918b110f5005efa1f6d3,55883680a49470924b64bcd0f9e0a0272430a3d1d8d318e0a4dba28151564184,d_fdab57ed7e06fffbe6dad802,Codex — agent-assisted initial review,2026-09-20T09:23:18.404604+00:00
2024:4032520241887491110,p0004,g_c097918b110f5005efa1f6d3,b2142c62253302fa56fe3384996cab73ea88c6b9f6575f8e54c8a3cff3e74ce4,d_fdab57ed7e06fffbe6dad802,Codex — agent-assisted initial review,2026-09-20T09:23:18.404604+00:00
2024:4032520241887491111,p0004,g_c097918b110f5005efa1f6d3,c67c78954a84a2ca21a7dec954974f65c8cb906dc819f676c16ca94b8fa60653,d_fdab57ed7e06fffbe6dad802,Codex — agent-assisted initial review,2026-09-20T09:23:18.404604+00:00
2024:4032520241887491112,p0004,g_c097918b110f5005efa1f6d3,3bb88d7aafd3980fc1236dc0a0d4425bd4b0deca8544b45596a1a750fe7fb2f8,d_fdab57ed7e06fffbe6dad802,Codex — agent-assisted initial review,2026-09-20T09:23:18.404604+00:00
2024:4032520241887491113,p0004,g_c097918b110f5005efa1f6d3,b6b1301afaf5444591b00ec59db347c1e7b44d60d3987dc28faa9e68d27998c5,d_fdab57ed7e06fffbe6dad802,Codex — agent-assisted initial review,2026-09-20T09:23:18.404604+00:00
2024:4032520241887491114,p0004,g_c097918b110f5005efa1f6d3,9c2587b2c9d59a22a43c2560f53626c00e15b0bf764ac5789a6bfba7def24612,d_fdab57ed7e06fffbe6dad802,Codex — agent-assisted initial review,2026-09-20T09:23:18.404604+00:00
2024:4032520241887491115,p0004,g_c097918b110f5005efa1f6d3,d80f0425d9dbe365dfc9db18c13451aa9e2892116cbb76532ca246c8fdf5d322,d_fdab57ed7e06fffbe6dad802,Codex — agent-assisted initial review,2026-09-20T09:23:18.404604+00:00
2024:4032520241887491116,p0004,g_c097918b110f5005efa1f6d3,5447afd0b5d842195d7cbed4abd7fc88bf9a9a0af7ef968e439232faee98245b,d_fdab57ed7e06fffbe6dad802,Codex — agent-assisted initial review,2026-09-20T09:23:18.404604+00:00
2024:4032520241887491117,p0004,g_c097918b110f5005efa1f6d3,c84b08a746a256ffe36d15c5102d130829453dd50b2bfd77c7e203da060a1142,d_fdab57ed7e06fffbe6dad802,Codex — agent-assisted initial review,2026-09-20T09:23:18.404604+00:00
2024:4032520241887491118,p0004,g_c097918b110f5005efa1f6d3,c1343d7e5536eb19f7dc4d99e4c6d4dd60071b123ead5b2227f01511d80d44e8,d_fdab57ed7e06fffbe6dad802,Codex — agent-assisted initial review,2026-09-20T09:23:18.404604+00:00
2024:4032520241887491119,p0004,g_c097918b110f5005efa1f6d3,7c83d746422d55b19514f18ccd2f179fd747d24a6daf8a4bccf54353dd2ec637,d_fdab57ed7e06fffbe6dad802,Codex — agent-assisted initial review,2026-09-20T09:23:18.404604+00:00
2024:4032520241887491120,p0004,g_c097918b110f5005efa1f6d3,635ce1aa14a3bdd31b7af175d057349a3c7673633e8a3d6043c588fda22741a2,d_fdab57ed7e06fffbe6dad802,Codex — agent-assisted initial review,2026-09-20T09:23:18.404604+00:00
2024:4032520241887491121,p0004,g_c097918b110f5005efa1f6d3,4ece5d3e5da08c1404111aafe9f85bb3a1d1aa3512993d2a4c6039afeb65c877,d_fdab57ed7e06fffbe6dad802,Codex — agent-assisted initial review,2026-09-20T09:23:18.404604+00:00
2024:4032520241887491122,p0004,g_c097918b110f5005efa1f6d3,44295ae3cd058548f9b491817ef6f8685709a8de9c17f534327a2db6915c0ad1,d_fdab57ed7e06fffbe6dad802,Codex — agent-assisted initial review,2026-09-20T09:23:18.404604+00:00
2024:4032520241887491123,p0004,g_c097918b110f5005efa1f6d3,a9514c6fcb26d3c87268413a2543366f84de9ff538ace417acb27e6921a60de2,d_fdab57ed7e06fffbe6dad802,Codex — agent-assisted initial review,2026-09-20T09:23:18.404604+00:00
2024:4032520241887491124,p0004,g_c097918b110f5005efa1f6d3,a32d9c3feaa826383311f9d01c697691372fc0f5b543a511a4e5d891c6d40e4e,d_fdab57ed7e06fffbe6dad802,Codex — agent-assisted initial review,2026-09-20T09:23:18.404604+00:00
2024:4032520241887491125,p0004,g_c097918b110f5005efa1f6d3,400a5b2b761f43f936b1777392531c7981b9402841aa4fcf792a6a4aac7e068f,d_fdab57ed7e06fffbe6dad802,Codex — agent-assisted initial review,2026-09-20T09:23:18.404604+00:00
2024:4032520241887491126,p0004,g_c097918b110f5005efa1f6d3,1d77b622ac8d22b5e36451d3718dfa134c21e3c40c574205a19739647f98845d,d_fdab57ed7e06fffbe6dad802,Codex — agent-assisted initial review,2026-09-20T09:23:18.404604+00:00
2024:4032520241887491127,p0004,g_c097918b110f5005efa1f6d3,75f6c926ed2674303d2b4cdf543a3cf38390efc3176963823f5f14d170512696,d_fdab57ed7e06fffbe6dad802,Codex — agent-assisted initial review,2026-09-20T09:23:18.404604+00:00
2024:4032520241887491128,p0004,g_c097918b110f5005efa1f6d3,afc0c6fe9f11919f3a86a3e3020301f7cfec5a3556558103cccbdfee00ac4a9b,d_fdab57ed7e06fffbe6dad802,Codex — agent-assisted initial review,2026-09-20T09:23:18.404604+00:00
2024:4032520241887491129,p0004,g_c097918b110f5005efa1f6d3,7bd0e7222a83327f07db413fd533df6483125519adf8e887a942f608a87fd6a7,d_fdab57ed7e06fffbe6dad802,Codex — agent-assisted initial review,2026-09-20T09:23:18.404604+00:00
2024:4032520241887491130,p0004,g_c097918b110f5005efa1f6d3,e6ab8084aafb36a3d43157f198bbf3421191a57d69604cc70c870565a9207257,d_fdab57ed7e06fffbe6dad802,Codex — agent-assisted initial review,2026-09-20T09:23:18.404604+00:00
2024:4032520241887491131,p0004,g_c097918b110f5005efa1f6d3,eb2b12888dd1f7d7487ace4fc548336a0c7c0995a6e54c770c01732f997062e1,d_fdab57ed7e06fffbe6dad802,Codex — agent-assisted initial review,2026-09-20T09:23:18.404604+00:00
2024:4032520241887491132,p0004,g_c097918b110f5005efa1f6d3,c621e5130c5d5a42c5e34d75285da6638c4e62a37b6edb264b08d41a8a453e46,d_fdab57ed7e06fffbe6dad802,Codex — agent-assisted initial review,2026-09-20T09:23:18.404604+00:00
2024:4032520241887491133,p0004,g_c097918b110f5005efa1f6d3,f7b20ab125dd6cbe9759e45311205e859b109bc3db86a116a36d167d6e491296,d_fdab57ed7e06fffbe6dad802,Codex — agent-assisted initial review,2026-09-20T09:23:18.404604+00:00
2024:4032520241887491134,p0004,g_c097918b110f5005efa1f6d3,21ffaa8c763118e280115817b3973bae34abd79c8395efa0be94f458a1a4fa00,d_fdab57ed7e06fffbe6dad802,Codex — agent-assisted initial review,2026-09-20T09:23:18.404604+00:00
2024:4032520241887491135,p0004,g_c097918b110f5005efa1f6d3,6a3cf3a04930d8cd78208712e5d9f845434657111566ef4bd0ab9e60cfb77064,d_fdab57ed7e06fffbe6dad802,Codex — agent-assisted initial review,2026-09-20T09:23:18.404604+00:00
2024:4032520241887491136,p0004,g_c097918b110f5005efa1f6d3,f906d08a011e8364e44c88ca5d5e47394d2f555931257bb31db1ec689e3e9a02,d_fdab57ed7e06fffbe6dad802,Codex — agent-assisted initial review,2026-09-20T09:23:18.404604+00:00
2024:4032520241887491137,p0004,g_c097918b110f5005efa1f6d3,e0199e039376c66a3013f8ea76c3d6bc4046a421dc0e081e7c67b68eda22bf75,d_fdab57ed7e06fffbe6dad802,Codex — agent-assisted initial review,2026-09-20T09:23:18.404604+00:00
2024:4032520241887491138,p0004,g_c097918b110f5005efa1f6d3,67cc70b82af7cc17bfb8eb27be6bc78de1e584bae957ab19264461d0b2307183,d_fdab57ed7e06fffbe6dad802,Codex — agent-assisted initial review,2026-09-20T09:23:18.404604+00:00
2024:4032520241887491139,p0004,g_c097918b110f5005efa1f6d3,80ef55485d0dbc01f3c3191d292505d3fdf1dd089855b934e77571f2150cc7f2,d_fdab57ed7e06fffbe6dad802,Codex — agent-assisted initial review,2026-09-20T09:23:18.404604+00:00
2024:4032520241887491140,p0004,g_c097918b110f5005efa1f6d3,8361300bad674551f96d1d76f100da9d8e07d4aabee25d6af7318fc23903d781,d_fdab57ed7e06fffbe6dad802,Codex — agent-assisted initial review,2026-09-20T09:23:18.404604+00:00
2024:4032520241887491141,p0004,g_c097918b110f5005efa1f6d3,b010f99b9c8fd4a374c17892953af72c2af14762f0b75f0ba3ad0c8a758efa39,d_fdab57ed7e06fffbe6dad802,Codex — agent-assisted initial review,2026-09-20T09:23:18.404604+00:00
2024:4032520241887491142,p0004,g_c097918b110f5005efa1f6d3,78eaacf7f6b566645efef5ba776ba2018334325ac70d1c3daca1b97f82bfa020,d_fdab57ed7e06fffbe6dad802,Codex — agent-assisted initial review,2026-09-20T09:23:18.404604+00:00
2024:4032520241887491143,p0004,g_c097918b110f5005efa1f6d3,ff44f769180d1bc07721d7b734c9b676bd443994c6b658694fc021e2027cbb5e,d_fdab57ed7e06fffbe6dad802,Codex — agent-assisted initial review,2026-09-20T09:23:18.404604+00:00
2024:4032520241887491144,p0004,g_c097918b110f5005efa1f6d3,33d30fb7e8e90267dee2fabbba58dd313b08846d3157e45b1b696824edd59149,d_fdab57ed7e06fffbe6dad802,Codex — agent-assisted initial review,2026-09-20T09:23:18.404604+00:00
2024:4032520241887491145,p0004,g_c097918b110f5005efa1f6d3,bc5a63af981c903bdb6fb570256e3128249b50f723f4691271f6908389a6f73f,d_fdab57ed7e06fffbe6dad802,Codex — agent-assisted initial review,2026-09-20T09:23:18.404604+00:00
2024:4032520241887491146,p0004,g_c097918b110f5005efa1f6d3,160c4bddf1a8c18cbb64f0d0289cfb9cb3d7bf85fea902b887afb5af7b6c47e1,d_fdab57ed7e06fffbe6dad802,Codex — agent-assisted initial review,2026-09-20T09:23:18.404604+00:00
2024:4032520241887491147,p0004,g_c097918b110f5005efa1f6d3,e37b02880465feb098e5a07a5fecab04123b9b2b8bde5bd7be266f20822c2a9d,d_fdab57ed7e06fffbe6dad802,Codex — agent-assisted initial review,2026-09-20T09:23:18.404604+00:00
2024:4032520241887491148,p0004,g_c097918b110f5005efa1f6d3,f58260a2c234f8acbc47bf04dd241cb40ad4d9310906d05aed5af50099fc008d,d_fdab57ed7e06fffbe6dad802,Codex — agent-assisted initial review,2026-09-20T09:23:18.404604+00:00
2024:4032520241887491149,p0004,g_c097918b110f5005efa1f6d3,5e19d139f946dc1402d36ddf2e5149182f7f37e3c0e1b8cbc773de9cbcf38c56,d_fdab57ed7e06fffbe6dad802,Codex — agent-assisted initial review,2026-09-20T09:23:18.404604+00:00
2024:4032520241887491150,p0004,g_c097918b110f5005efa1f6d3,a8363e6911604c5aef3f0a065c9264aabe1ccb355ca5682d4b09b1c9cf5c0e1a,d_fdab57ed7e06fffbe6dad802,Codex — agent-assisted initial review,2026-09-20T09:23:18.404604+00:00
2024:4032520241887491151,p0004,g_c097918b110f5005efa1f6d3,d32a96392f3e35096f58e8b310484271337fa6ef7591036618bd11094c88fd29,d_fdab57ed7e06fffbe6dad802,Codex — agent-assisted initial review,2026-09-20T09:23:18.404604+00:00
2024:4032520241887491152,p0004,g_c097918b110f5005efa1f6d3,978c8eb693573ba409dae327f0117aac944b1fc8231a37cb214d27ef666ec4b4,d_fdab57ed7e06fffbe6dad802,Codex — agent-assisted initial review,2026-09-20T09:23:18.404604+00:00
2024:4032520241887491153,p0004,g_c097918b110f5005efa1f6d3,321251dc5c6a5b6d2b38a4dceae3b3fd27b30341c44925ed2def6efe5ee4324e,d_fdab57ed7e06fffbe6dad802,Codex — agent-assisted initial review,2026-09-20T09:23:18.404604+00:00
2024:4032520241887491154,p0004,g_c097918b110f5005efa1f6d3,e48e283ecfc0541f8e3380e74cd47a6bd4a28bb03d4b03648b4b23d5b3c85bba,d_fdab57ed7e06fffbe6dad802,Codex — agent-assisted initial review,2026-09-20T09:23:18.404604+00:00
2024:4032520241887491155,p0004,g_c097918b110f5005efa1f6d3,fb8ee847352f4e58886c9015206c6c3f16f8b14f7c6906c1d17d4cafda84a088,d_fdab57ed7e06fffbe6dad802,Codex — agent-assisted initial review,2026-09-20T09:23:18.404604+00:00
2024:4032520241887491156,p0004,g_c097918b110f5005efa1f6d3,e80bf385c614cdcf9bdf603307f06edb0afb240543a5dc3e4a4aea51160b82fc,d_fdab57ed7e06fffbe6dad802,Codex — agent-assisted initial review,2026-09-20T09:23:18.404604+00:00
2024:4032520241887491157,p0004,g_c097918b110f5005efa1f6d3,8541d9b05529de6e84ca870a553db442dc52148101d73136eb2f42ecb9a96a2f,d_fdab57ed7e06fffbe6dad802,Codex — agent-assisted initial review,2026-09-20T09:23:18.404604+00:00
2024:4032520241887491158,p0004,g_c097918b110f5005efa1f6d3,b0f6b8c343c18a56edfdbe376a0d80c18a6faf3b6ed3cfb50028923be9ba4922,d_fdab57ed7e06fffbe6dad802,Codex — agent-assisted initial review,2026-09-20T09:23:18.404604+00:00
2024:4032520241887491159,p0004,g_c097918b110f5005efa1f6d3,b1d6a66be6203bc3cf13ec3d56c0982e3c5dc877985d2aba96362edd21123ab2,d_fdab57ed7e06fffbe6dad802,Codex — agent-assisted initial review,2026-09-20T09:23:18.404604+00:00
2024:4032520241887491160,p0004,g_c097918b110f5005efa1f6d3,4108109f13453d2eea44dd65e9100af6ebdc9ac9fdb85dfbd64156099198bd2b,d_fdab57ed7e06fffbe6dad802,Codex — agent-assisted initial review,2026-09-20T09:23:18.404604+00:00
2024:4032520241887491161,p0004,g_c097918b110f5005efa1f6d3,731af1866cdeaffb9608ee5a79d4cff5db60e599706cc4682a9c15f45af90471,d_fdab57ed7e06fffbe6dad802,Codex — agent-assisted initial review,2026-09-20T09:23:18.404604+00:00
2024:4032520241887491162,p0004,g_c097918b110f5005efa1f6d3,276dfce01e03c629cafb601a50a10b6ffebca311a208d5b2b0e5fa34f9bac5fa,d_fdab57ed7e06fffbe6dad802,Codex — agent-assisted initial review,2026-09-20T09:23:18.404604+00:00
2024:4032520241887491163,p0004,g_c097918b110f5005efa1f6d3,528d089e80c21b46d0324133152c94bb4752633c3e13e2a35e2b03c8aa1bcabc,d_fdab57ed7e06fffbe6dad802,Codex — agent-assisted initial review,2026-09-20T09:23:18.404604+00:00
2024:4032520241887491164,p0004,g_c097918b110f5005efa1f6d3,7fe60bd4265606cb991be2f3a59344b9c63504b67b6c62b5a16ee0a1a2db74e7,d_fdab57ed7e06fffbe6dad802,Codex — agent-assisted initial review,2026-09-20T09:23:18.404604+00:00
2024:4032520241887491165,p0004,g_c097918b110f5005efa1f6d3,7bc6a5e01491d3383e39fad658aa608862ee2d98a74384bf7b6e081f4e34883d,d_fdab57ed7e06fffbe6dad802,Codex — agent-assisted initial review,2026-09-20T09:23:18.404604+00:00
2024:4032520241887491166,p0004,g_c097918b110f5005efa1f6d3,ec1c82b0dd6acdb7a14af1e09f39b15f7baf2823424989282ef1e30060bee245,d_fdab57ed7e06fffbe6dad802,Codex — agent-assisted initial review,2026-09-20T09:23:18.404604+00:00
2024:4032520241887491167,p0004,g_c097918b110f5005efa1f6d3,2946cbc4e5e85872ec4f06a41c4d19964b482ec628a6aae9a7a66fb2258b8f05,d_fdab57ed7e06fffbe6dad802,Codex — agent-assisted initial review,2026-09-20T09:23:18.404604+00:00
2024:4032520241887491168,p0004,g_c097918b110f5005efa1f6d3,5a9a52d2fda88dcf569cec7243378dea249c8b927844ee7ddfc681256d6a1bdf,d_fdab57ed7e06fffbe6dad802,Codex — agent-assisted initial review,2026-09-20T09:23:18.404604+00:00
2024:4032520241887491169,p0004,g_c097918b110f5005efa1f6d3,bde2fcfd5dadb390d1de4afd858762cd4ddc804eb37542919e01ce6df721f23e,d_fdab57ed7e06fffbe6dad802,Codex — agent-assisted initial review,2026-09-20T09:23:18.404604+00:00
2024:4032520241887491170,p0004,g_c097918b110f5005efa1f6d3,74ee6c4233f193a839cb5057f868b8736baadf7cbe7d63b8fbde378f38fbc81f,d_fdab57ed7e06fffbe6dad802,Codex — agent-assisted initial review,2026-09-20T09:23:18.404604+00:00
2024:4032520241887491171,p0004,g_c097918b110f5005efa1f6d3,ca4b72ae4d3313d3ff86ac583e6affcef0b0027c2f9fa109bf236a04fb50a303,d_fdab57ed7e06fffbe6dad802,Codex — agent-assisted initial review,2026-09-20T09:23:18.404604+00:00
2024:4032520241887491307,p0004,g_c097918b110f5005efa1f6d3,63c81efc5f59037040b6faf5c57443ec0ae0d6dea7e2fab15a6b46051f830d83,d_fdab57ed7e06fffbe6dad802,Codex — agent-assisted initial review,2026-09-20T09:23:18.404604+00:00
2024:4032520251181294195,p0013,g_b325b7a7894d7f92a5bad9ed,cd802be1f6ba3d88127c44833b47f4995d11479ae925922dc62398c6b83b0578,d_a52642df314763d3479f3b00,Codex — agent-assisted initial review,2026-09-20T09:23:18.404604+00:00
2024:4032520251181298640,p0013,g_b325b7a7894d7f92a5bad9ed,6ab6ccb14801144ac4828a0ddd01f7cf0df659ab49539fb1c91fdd2f6a8cc4f5,d_a52642df314763d3479f3b00,Codex — agent-assisted initial review,2026-09-20T09:23:18.404604+00:00
2024:4032620241887526755,p0003,g_554894c4490b0685aaf85533,1a57809893bf4ce9c292fb9b3d750d3a268e19233776e1280d222891d73404d0,d_b59a595f8ae488e44f0c573c,Codex — agent-assisted initial review,2026-09-20T09:23:18.404604+00:00
2024:4032620241887581283,p0004,g_91fa64da98d48c59bd03ed17,775c568e33d391dcc80190830ce571e77ab636d952dc8020d520e57b08932d7d,d_d437193d9f0c0904585c1bdc,Codex — agent-assisted initial review,2026-09-20T09:23:18.404604+00:00
2024:4032620241887747297,p0004,g_653a3a88ca9b248fa0c25d46,078cf5af3fab2cead66331ef6bd9aacb2d1c8fb4801f470940c628e26737c90e,d_10769e987b95d1cdd3b33338,Codex — agent-assisted initial review,2026-09-20T09:23:18.404604+00:00
2024:4032620241887768551,p0004,g_63392333fa97b5508c777360,e70816b9cd498934d12cc1f2184477df1eccaca990291a0254fce1cb42d52579,d_64dc625f228e3e51487a49c5,Codex — agent-assisted initial review,2026-09-20T09:23:18.404604+00:00
2024:4032720241887808217,p0004,g_286551189993f6250bd34f8a,6e4be3b674be82e2bfc9b273c4ec7cfc52c3255115c02e8fd2c05f859c4369f7,d_74df714249640ae8221a1c1a,Codex — agent-assisted initial review,2026-09-20T09:23:18.404604+00:00
2024:4032720241887811573,p0004,g_b0ee870c209dee7280fd5cd7,f137b11cda83f060c9101cbb865f52003e487584636a7d351ec3a4f345ac4c53,d_4f855738a2b38897db0b88ab,Codex — agent-assisted initial review,2026-09-20T09:23:18.404604+00:00
2024:4032720251181485263,p0003,g_6e5c56296dfebf4d8141efcf,86c66cab70b882d0f4bc65a3c1e3d4bfe99f1105f4b13666ca7595d8c651f68a,d_c13bcab5cd5db3be9e64ffee,Codex — agent-assisted initial review,2026-09-20T09:23:18.404604+00:00
2024:4032720251181485264,p0003,g_6e5c56296dfebf4d8141efcf,65a37c517e920b7441c42c0b01f7bf800675d519cad323650eea6f83127ef1b3,d_c13bcab5cd5db3be9e64ffee,Codex — agent-assisted initial review,2026-09-20T09:23:18.404604+00:00
2024:4032720251181489226,p0002,g_98d9baf9743cf34c7469a813,3e768e9336b319b8f6258628716cbe65ae87e1b2b47386d11b136df1bda06664,d_8465eadc1d77a8ea4bb89914,Codex — agent-assisted initial review,2026-09-20T09:23:18.404604+00:00
2024:4032720251181489227,p0002,g_98d9baf9743cf34c7469a813,b5bb0a653a5d912ce5f4fd1ad3fa11166b8f0ed23fbe47394d7d5ac61a285593,d_8465eadc1d77a8ea4bb89914,Codex — agent-assisted initial review,2026-09-20T09:23:18.404604+00:00
2024:4032820241888160358,p0004,g_91fa64da98d48c59bd03ed17,178fff3843979ba849656c9b66fb894031e64e2e6b7d28f7572ba9acbbbd27c0,d_d437193d9f0c0904585c1bdc,Codex — agent-assisted initial review,2026-09-20T09:23:18.404604+00:00
2024:4032920241888291250,p0017,g_a353d37e3f4e4982d227b837,eb63295f923c1925118e8c60b1ccdb2e9e3c22e81415f69354569fae83d969b1,d_87378489a8187a0763c65d0b,Codex — agent-assisted initial review,2026-09-20T09:23:18.404604+00:00
2024:4032920241888294663,p0017,g_a353d37e3f4e4982d227b837,38a5eadcc98cdc2bfad8a2894c2eb8b185e4cad0c4f0bccf6a3afb4e96637833,d_87378489a8187a0763c65d0b,Codex — agent-assisted initial review,2026-09-20T09:23:18.404604+00:00
2024:4033020241888418033,p0004,g_c097918b110f5005efa1f6d3,f6217ba9cc525e13813ec2fb35a8a617fa92814ad2f470a144a622c728d7c0ff,d_fdab57ed7e06fffbe6dad802,Codex — agent-assisted initial review,2026-09-20T09:23:18.404604+00:00
2024:4033120251181746524,p0002,g_6dc472bf98e1c638edc58ca9,6fb03380d322b389b852e0eeb5cfd9474ddbfaeccd0dacafb47f17e4c0a9382e,d_10b54f4b1214b68d7aad355a,Codex — agent-assisted initial review,2026-09-20T09:23:18.404604+00:00
2024:4033120251181748027,p0003,g_7e617f2e9c5fa3f4b2ca6ff7,993e2c0dc1d28380c87cc6aba86945c31f006702c327b2d588a601c7ff90d363,d_538edc632adae9832052c4be,Codex — agent-assisted initial review,2026-09-20T09:23:18.404604+00:00
2024:4033120251181752359,p0002,g_6dc472bf98e1c638edc58ca9,f64ac1ddfc3426aa31a21360038bce55bf4dbc2e54b52f3ae39c138d5a983838,d_10b54f4b1214b68d7aad355a,Codex — agent-assisted initial review,2026-09-20T09:23:18.404604+00:00
2024:4033120251181752360,p0002,g_6dc472bf98e1c638edc58ca9,dc9b408b330f0079f9a7b395052f27ddb762db6a7295a8b352663fb23fea7f47,d_10b54f4b1214b68d7aad355a,Codex — agent-assisted initial review,2026-09-20T09:23:18.404604+00:00
2024:4033120251181752361,p0002,g_6dc472bf98e1c638edc58ca9,f494ffd6342b39194b25cb10b33fa05ceb4bfe8daac1e1d3eeae46689c0b7fec,d_10b54f4b1214b68d7aad355a,Codex — agent-assisted initial review,2026-09-20T09:23:18.404604+00:00
2024:4033120251181754411,p0003,g_7e617f2e9c5fa3f4b2ca6ff7,8128366bbd3a633bf734128c2d0879b69eb6b57f89e2c2f4876f00fb6f0ec6e5,d_538edc632adae9832052c4be,Codex — agent-assisted initial review,2026-09-20T09:23:18.404604+00:00
2024:4033120251181754413,p0003,g_7e617f2e9c5fa3f4b2ca6ff7,3b1d34f4f8e90033160a45ec4535f78225a7b78285e34c9ec5c29e1dfd4e17d6,d_538edc632adae9832052c4be,Codex — agent-assisted initial review,2026-09-20T09:23:18.404604+00:00
2024:4033120251181754414,p0003,g_7e617f2e9c5fa3f4b2ca6ff7,3b971677a1c413489ec87119a175bfdbe6501dc66608a0232e15a5e051afdd0c,d_538edc632adae9832052c4be,Codex — agent-assisted initial review,2026-09-20T09:23:18.404604+00:00
2024:4033120251182160217,p0012,g_346800ad7508a2ce4e1e1a72,4f1e9cd6d0896460553b6bc94aa7316cdb6471ee9a2de602c1862379648f70a9,d_2cf9dab0910d76af05823961,Codex — agent-assisted initial review,2026-09-20T09:23:18.404604+00:00
2024:4040120241888451435,p0004,g_91fa64da98d48c59bd03ed17,4205cff97c0982ddd9fd1c6e87ed47c9fc4d291ccf76bce801eaf18cf1d207e1,d_d437193d9f0c0904585c1bdc,Codex — agent-assisted initial review,2026-09-20T09:23:18.404604+00:00
2024:4040120241888451935,p0004,g_533b99cae13b20adfeee2dec,6cb4edc00a5a5ea5c786018d8f29d2686911ba28dcf2968f74b3b3abc6d92544,d_0141d6cf2a985b3c36c657e4,Codex — agent-assisted initial review,2026-09-20T09:23:18.404604+00:00
2024:4040120241888451937,p0004,g_533b99cae13b20adfeee2dec,11442630f1e2dc39485829a336e14443bfe9ec2b5e0539bb88d30b1abe8d2313,d_0141d6cf2a985b3c36c657e4,Codex — agent-assisted initial review,2026-09-20T09:23:18.404604+00:00
2024:4041020241888882837,p0017,g_74025ba0d28dfbc14f7e7795,be038f4718ec0e682a2721a66c38abf05ef7e7387ea3285bd347e9fe3f568989,d_1839100fecfe28af44b97371,Codex — agent-assisted initial review,2026-09-20T09:23:18.404604+00:00
2024:4041120231738728676,p0009,g_b8f6341b34399e5125f63a12,0d5703d5881e8c61c3b0d0407def3cab6c7d87c5bfc8499f58f471d584144ab2,d_42aaa7f21a592231f95e0e31,Codex — agent-assisted initial review,2026-09-20T09:08:32.301672+00:00
2024:4041120241889022852,p0004,g_92a0aac818f9304584f82dbd,1f8dbb1bbd33dde25e4cb87e38479608ab94c2bb596071eef368d57963851bef,d_ea4462fed3704b42f2492cc9,Codex — agent-assisted initial review,2026-09-20T09:23:18.404604+00:00
2024:4041120241891206617,p0004,g_b0c9daa0610f513e734e410d,535e696e9bc3695e1c9971c01c8cd65f6435516251ee7b5bbc44727b7fb7e209,d_685c106636415f5c7193eed4,Codex — agent-assisted initial review,2026-09-20T09:23:18.404604+00:00
2024:4041120241894958459,p0004,g_91fa64da98d48c59bd03ed17,97d94b7fd309a5a887fa1db91a12cb785c5f6e62fcc19f7735fac129757aa706,d_d437193d9f0c0904585c1bdc,Codex — agent-assisted initial review,2026-09-20T09:23:18.404604+00:00
2024:4041120251183636038,p0015,g_c889a637d5ad2f3395447bf2,7f8c7e864c423ed7eaa53ba491ad4b7e00fb9ed819cb2ece0f2e740f235acd3b,d_9a67f8bd30c7e15303b3a5d7,Codex — agent-assisted initial review,2026-09-20T09:23:18.404604+00:00
2024:4041120251183636058,p0012,g_ab30c295dda8c7ba5911a012,31f1227e7314d21f9fa2f2ccf2390215058ca981ea6b4ef37c326a9cad67ee41,d_00d29b35dcb61263ed04dc4e,Codex — agent-assisted initial review,2026-09-20T09:23:18.404604+00:00
2024:4041120251183639033,p0017,g_2ae161403fce03adaf862435,4134a00dae31bda89603077cb78852de3668bd9c3e9cfc58cb2a21535ce0baf5,d_60928935970c971a85e90cc7,Codex — agent-assisted initial review,2026-09-20T09:23:18.404604+00:00
2024:4041120251183643920,p0015,g_4cd122af1806bbcd2623ed27,eb7180ecff7d7dc9724fb4d90c3a5d176e3956bb7e8c1c17d0d57c09c0b78eb6,d_64a090ef3502968983bce522,Codex — agent-assisted initial review,2026-09-20T09:23:18.404604+00:00
2024:4041120251183645261,p0012,g_e594b9ec11fd48c4b9930326,f70afbddd01395eb5b20865b4f9902567b84399b62302a3a9a242c81f2601568,d_6864755824655ff70c257e0f,Codex — agent-assisted initial review,2026-09-20T09:23:18.404604+00:00
2024:4041120251183678359,p0014,g_cae5953ca9eab838bb7890f3,9600eb97981fd70952617e36aa0d3db7f16675ab358903b889f98c52bf57c5e4,d_2be6dfdf9f2d9982bac05140,Codex — agent-assisted initial review,2026-09-20T09:08:32.301672+00:00
2024:4041120251183683087,p0012,g_66a98ff28415b7389db6105c,481aa2be1bdc049cc0e95c635331d51707a67a5f89708ef8ca809f0fd0c35b5b,d_7a176a4d58423b39f7f41afe,Codex — agent-assisted initial review,2026-09-20T09:23:18.404604+00:00
2024:4041120251183684853,p0012,g_0bf5277ec527834b02326fa8,3755c54c62b5be912727f1379866fe7a017a360ef20c166733c8d936803c19ca,d_6581c5c103837a7fd9c72907,Codex — agent-assisted initial review,2026-09-20T09:23:18.404604+00:00
2024:4041320231738892293,p0015,g_550c9ff1a513b6a7932241c8,d23c5949f2af53cb692bfa23963c5a1436f5baa60567fc4b5f57b58ec6696691,d_8d6f2f6da593f06f1fef1710,Codex — agent-assisted initial review,2026-09-20T09:23:18.404604+00:00
2024:4041320231738892294,p0015,g_550c9ff1a513b6a7932241c8,81d61f6f8c6d85af7ce4ac083bc8400d7cfa563f17fcbcc53849aa2a33e69e1e,d_8d6f2f6da593f06f1fef1710,Codex — agent-assisted initial review,2026-09-20T09:23:18.404604+00:00
2024:4041320231738892381,p0012,g_66a98ff28415b7389db6105c,e1a0afb51ddf78ad569661425752c0eb1eacae859f3c4a4ae6e9a6f4b2bfeb76,d_7a176a4d58423b39f7f41afe,Codex — agent-assisted initial review,2026-09-20T09:23:18.404604+00:00
2024:4041320231739462241,p0004,g_533b99cae13b20adfeee2dec,4400cbbbecd6de7b88953e54a4e86c138dadf8fcb4834e1f771cd8c45ce638be,d_0141d6cf2a985b3c36c657e4,Codex — agent-assisted initial review,2026-09-20T09:23:18.404604+00:00
2024:4041320231739462243,p0004,g_533b99cae13b20adfeee2dec,6ead6d0a4b9526cef06f5a0c8420cc6e004c19405cf37baebd619d3776a4cf1b,d_0141d6cf2a985b3c36c657e4,Codex — agent-assisted initial review,2026-09-20T09:23:18.404604+00:00
2024:4041420251184131514,p0003,g_7e617f2e9c5fa3f4b2ca6ff7,e9860b9e31107f27bd8ab95c68b9b50c8d4ddaa7aaf164420bfff9d8bee67bd8,d_538edc632adae9832052c4be,Codex — agent-assisted initial review,2026-09-20T09:23:18.404604+00:00
2024:4041420251184131567,p0002,g_6dc472bf98e1c638edc58ca9,9ea0dedb271c6707ba6ee57ab6b559a0c6b6b6865cfd77af2fd433501e2bc0db,d_10b54f4b1214b68d7aad355a,Codex — agent-assisted initial review,2026-09-20T09:23:18.404604+00:00
2024:4041520251184184703,p0004,g_c5650b83374f22dcdfd1db7a,3232792754bd839fe014291378ce58df4e9ed7c32ba5086bd5110d498b3bf1d1,d_210f94ee5af8a811f3635c04,Codex — agent-assisted initial review,2026-09-20T09:23:18.404604+00:00
2024:4041520251184184704,p0004,g_c5650b83374f22dcdfd1db7a,0ba4dca77d99e6e377eaae54ea977ed42dea98c3ee7a8234cea8ec5ae00db41c,d_210f94ee5af8a811f3635c04,Codex — agent-assisted initial review,2026-09-20T09:23:18.404604+00:00
2024:4041620241895817088,p0017,g_bcbaca5802a06104de63041f,eb11e95bbcfff41ad9d03cd99be4849585bd9cf62cb82f9f3202892c5b767935,d_3028b40c16acb0831d884012,Codex — agent-assisted initial review,2026-09-20T09:23:18.404604+00:00
2024:4041620251184328439,p0012,g_5652c01d2714a3b054531f61,39bd52b0940f8b5137a0ffe84521f4735b24a36781b6fe10b6dc2f7ba4b7650e,d_49c997716976e5d0ec1354fd,Codex — agent-assisted initial review,2026-09-20T09:23:18.404604+00:00
2024:4041720231742683152,p0009,g_ae77c6e8d3ca81771ccf9cf0,48abe5771aa931541219c4428d5292b827e9b1c3e14f5b6de9d0fe3a171c0e40,d_4a376a11f273ea87c213e562,Codex — agent-assisted initial review,2026-09-20T09:08:32.301672+00:00
2024:4041720231742692383,p0009,g_dad58a6252f1ad3b5bfedb0e,6b2fa4e42120a8396298632b15d0e6c848bd4ea5f34ae536e00f202e16f62a94,d_8a65ba48d27bd20fbd11fe4a,Codex — agent-assisted initial review,2026-09-20T09:08:32.301672+00:00
2024:4041720231742702346,p0009,g_b8f6341b34399e5125f63a12,300c644373fd876e0d9cdff6f1e4dd87a63cd2ef7dbbf1b64634b19a33b3e524,d_42aaa7f21a592231f95e0e31,Codex — agent-assisted initial review,2026-09-20T09:08:32.301672+00:00
2024:4041720241895940139,p0009,g_af1886602cf99e7622bf7af0,5a9c9b48411801007c130a1b831f1ccd631a5d079fe51668005855d4b6566bba,d_857229ce21f533dd245732f6,Codex — agent-assisted initial review,2026-09-20T09:08:32.301672+00:00
2024:4041720241895940140,p0009,g_af1886602cf99e7622bf7af0,67b5f6a316c307f2434d6015c30c6c092f6df21652c1502655fb0e0eb0392d43,d_857229ce21f533dd245732f6,Codex — agent-assisted initial review,2026-09-20T09:08:32.301672+00:00
2024:4041720241895940141,p0009,g_af1886602cf99e7622bf7af0,52912f3f734dfd682a1a3f02d77d03bd6c1f8389b5e6a2141991337abe3eecb8,d_857229ce21f533dd245732f6,Codex — agent-assisted initial review,2026-09-20T09:08:32.301672+00:00
2024:4041720241896077259,p0009,g_b8f6341b34399e5125f63a12,e487aece024ce20c2a11b935859235a4d5966839acdb7cf154f3a406c35f4773,d_42aaa7f21a592231f95e0e31,Codex — agent-assisted initial review,2026-09-20T09:08:32.301672+00:00
2024:4041720241896079539,p0013,g_29c1daae708eb369ffbde8ac,872ee15c1ba2c37047fc1fa6fdc9e11c236dbffe83a328eaf43782381614ca96,d_3a7f012d3683ca246634af61,Codex — agent-assisted initial review,2026-09-20T09:23:18.404604+00:00
2024:4041720241896079540,p0013,g_29c1daae708eb369ffbde8ac,7f39cbd18381ff5820204b58b4b1a1d04f403ad31ad260b3c1afe5ff1aaebb8f,d_3a7f012d3683ca246634af61,Codex — agent-assisted initial review,2026-09-20T09:23:18.404604+00:00
2024:4041720251185290013,p0004,g_533b99cae13b20adfeee2dec,5ef6039742a5c8d6d5fc88c791f420d04d5d08d82ec00954a4ef1e3bfe1682a8,d_0141d6cf2a985b3c36c657e4,Codex — agent-assisted initial review,2026-09-20T09:23:18.404604+00:00
2024:4041820231743037950,p0009,g_b8f6341b34399e5125f63a12,6e474d89f83556b3e4514f9584343fa7cf52fd28bbff4dc999bc8d100a9b3c2d,d_42aaa7f21a592231f95e0e31,Codex — agent-assisted initial review,2026-09-20T09:08:32.301672+00:00
2024:4041820231743042543,p0010,g_61856ff340ec74f68adf7351,ee28e3bc8e955233f7ff5b2618871733be29837b11c7a0d34e483d38e1d11a81,d_bf7117cf7436e0dac7e89d33,Codex — agent-assisted initial review,2026-09-20T09:08:32.301672+00:00
2024:4041820231743042544,p0010,g_61856ff340ec74f68adf7351,460af474f3bacb6feddb150d3c71f630034d541e9c2ffff2ab35884a529db5de,d_bf7117cf7436e0dac7e89d33,Codex — agent-assisted initial review,2026-09-20T09:08:32.301672+00:00
2024:4041820241896720031,p0004,g_73f16d79910579792db6110b,99c4dc04e042485b07a7c1c94f9233b7536b3131c4fa86ce13e1b1fdc2166d74,d_4e6a78560cd86093f17a2662,Codex — agent-assisted initial review,2026-09-20T09:23:18.404604+00:00
2024:4041820241896769031,p0009,g_3d1fd68d1b0a4de3b68715a1,6c652794c6edfe302a337670c34789cb098321ecb4e6aa82b88bd2e7383af2e4,d_f04672894c8d189f46f6fedd,Codex — agent-assisted initial review,2026-09-20T09:08:32.301672+00:00
2024:4041820241896781921,p0015,g_0da5aabc851183faf92b3728,28c53e47e1c4fc7ddbb6597dd804c8fc4e6219ad046b829dd0b5cab29f1fac39,d_69d231254cc9587d8b8901a2,Codex — agent-assisted initial review,2026-09-20T09:23:18.404604+00:00
2024:4041820241896781922,p0015,g_0da5aabc851183faf92b3728,16cc72cb8e0f53623cdaa3a75523a629a777bf17092d19fb054cab8510b2b80b,d_69d231254cc9587d8b8901a2,Codex — agent-assisted initial review,2026-09-20T09:23:18.404604+00:00
2024:4041820241896781923,p0015,g_0da5aabc851183faf92b3728,607d3156ae582d1233cba16006e0bbf907cd41eb76b079157b98b1429fa875ce,d_69d231254cc9587d8b8901a2,Codex — agent-assisted initial review,2026-09-20T09:23:18.404604+00:00
2024:4041820241896781925,p0015,g_0da5aabc851183faf92b3728,1628b8de208b5863ba1517252c01e980f6578a09cc94ea4171ddd1a19335f961,d_69d231254cc9587d8b8901a2,Codex — agent-assisted initial review,2026-09-20T09:23:18.404604+00:00
2024:4041820241896797623,p0004,g_533b99cae13b20adfeee2dec,9a5285b21bf2362e135ff1f7e7ab4195b09c908f367d21b7e509899989add7f2,d_0141d6cf2a985b3c36c657e4,Codex — agent-assisted initial review,2026-09-20T09:23:18.404604+00:00
2024:4041820241896797625,p0004,g_533b99cae13b20adfeee2dec,75a74f05818f65fe2613e4b9140e7dfccfc5c56b42934668aa35bea27df3520b,d_0141d6cf2a985b3c36c657e4,Codex — agent-assisted initial review,2026-09-20T09:23:18.404604+00:00
2024:4041920231743261824,p0010,g_332780634cb3e1ee86fb1a3d,dd5b12e658d47740d9bdfb31f1f3d4535a912295f9a07e206b31ab75a4edf8e3,d_3f988ccc83da884513f91962,Codex — agent-assisted initial review,2026-09-20T09:08:32.301672+00:00
2024:4041920231743263440,p0015,g_8f9fcaab4475876b47d51de7,7c563ca14562938016ee9378e5124dfb0e67a77744a6626e062ee3ba67ff856d,d_0a6d512880b6be6e2f4e80f9,Codex — agent-assisted initial review,2026-09-20T09:23:18.404604+00:00
2024:4041920231743264553,p0015,g_30126b28fc0339097bb8f387,1b82c635ff4cc9747246deaffb11c98a18d7f7cccc63d53c60168a9442e8a263,d_321e6fe92709a3a594a0049e,Codex — agent-assisted initial review,2026-09-20T09:23:18.404604+00:00
2024:4041920231743264588,p0012,g_207c07cfa01d5a1a29168ab7,b9473b7c9e7d9cbd4ced530db6ea80c6557fd2986b10deb72028913204a5cd51,d_de2c4a67b896829b09fae9b3,Codex — agent-assisted initial review,2026-09-20T09:23:18.404604+00:00
2024:4041920231743272373,p0009,g_0ca03723dc4722a05ebc5129,1570ba83720128e747f8ca6db7e753abb20afb47afbfc17834123760f03b87c2,d_4d8d4462cae3273d9ee00fd0,Codex — agent-assisted initial review,2026-09-20T09:08:32.301672+00:00
2024:4041920231743284746,p0015,g_a967b740d3d32311c883638e,a822dd97fc205ee45d6b388a778a5b138f9081a91a3baf6a763cfb0db6ecdf0c,d_3c493b9b47d1d7b19d1dc5e2,Codex — agent-assisted initial review,2026-09-20T09:23:18.404604+00:00
2024:4041920231743292263,p0009,g_dfc1a5c855a30f444e57a302,048b8b308070d960b7cb58e232dfa4473defafa7596498f622483b1ee98aba96,d_9cc28f81f56941450d13af47,Codex — agent-assisted initial review,2026-09-20T09:08:32.301672+00:00
2024:4041920231743312278,p0015,g_656aa1560af32ecbcdd853ad,ff4e76082b84c79d139df0835077cb86e55dd4dca158b8854d332934b783cde2,d_e1fa6aa4eb2ccc08ded88576,Codex — agent-assisted initial review,2026-09-20T09:23:18.404604+00:00
2024:4041920241896958446,p0010,g_f08d37f2a6450eb5b833b821,b20b28ecb716a9e16534ffb5bb1f40cc58ecc73807c2ebe1d2755ebd6ae74fee,d_eef1efe40a9171e52c48bb28,Codex — agent-assisted initial review,2026-09-20T09:08:32.301672+00:00
2024:4041920241896958452,p0002,g_bd37ccf136d9a8b768f4fd7f,da2da49fa29d32cf4daf921906d9642e8e6718e74ce658880cf170a83bafb81e,d_ba7fa419c030ab44dc54c9e2,Codex — agent-assisted initial review,2026-09-20T09:23:18.404604+00:00
2024:4041920241896958456,p0003,g_32f94d177a9f4351ae670681,70d5acf9abaaf307078ab9c55e6a5e28e11e1c517d802c31c036a5b3caefffca,d_87d88f46a78d626dbeab8b9f,Codex — agent-assisted initial review,2026-09-20T09:23:18.404604+00:00
2024:4041920241897227064,p0017,g_4d7c13eb7f27fbf14e0eaf32,4f65e622e3738c0585ad7be8e63a2fcec052a81c72b641813236f2c189918d10,d_75b36a0654787c90f01ae22b,Codex — agent-assisted initial review,2026-09-20T09:23:18.404604+00:00
2024:4042020231743348384,p0009,g_b8f6341b34399e5125f63a12,653fb24b69dd5ae4ce34d452f0f1458bbb77e6adfafb350617502935a0a3c7e3,d_42aaa7f21a592231f95e0e31,Codex — agent-assisted initial review,2026-09-20T09:08:32.301672+00:00
2024:4042020231743348385,p0009,g_b8f6341b34399e5125f63a12,e540b068678fb773faedb197ba6044a6b1e39fc2e6270f67ee91911e1f0286b1,d_42aaa7f21a592231f95e0e31,Codex — agent-assisted initial review,2026-09-20T09:08:32.301672+00:00
2024:4042020231743348386,p0009,g_b8f6341b34399e5125f63a12,7330aaf5ca704a2b52f116f103593bce2a4d8314ecba1467218dbba5ac3caafd,d_42aaa7f21a592231f95e0e31,Codex — agent-assisted initial review,2026-09-20T09:08:32.301672+00:00
2024:4042020231743348826,p0009,g_b8f6341b34399e5125f63a12,4708f329a0c06c4cfb513ad5c2d2b2b8940554866dbb57844b3c3c807dabb73b,d_42aaa7f21a592231f95e0e31,Codex — agent-assisted initial review,2026-09-20T09:08:32.301672+00:00
2024:4042020231743404975,p0009,g_b8f6341b34399e5125f63a12,4a34e38af78db86aeb8e37a604a121bd640af4174090b44d4277c93e7a1735c2,d_42aaa7f21a592231f95e0e31,Codex — agent-assisted initial review,2026-09-20T09:08:32.301672+00:00
2024:4042020231743431057,p0015,g_c2069254db463d3e0480a6f1,6d449d1ff58ebfccf7a2604525729aa3f16fc726adc9962a13b884e1c43e7f22,d_0ad136282e50f9ac3d909f7e,Codex — agent-assisted initial review,2026-09-20T09:23:18.404604+00:00
2024:4042020231743431059,p0015,g_c2069254db463d3e0480a6f1,4b0b73feef7e511007660ba572a35d135b330c2bccbeec51d2415d05ba438703,d_0ad136282e50f9ac3d909f7e,Codex — agent-assisted initial review,2026-09-20T09:23:18.404604+00:00
2024:4042020231743443803,p0009,g_3b1b8ffd4786c695709d76c1,9d8c8cde202575b8a0a40cb7d4215933451cb3c4910ec5908d4340ccfdf149b2,d_1035e9d79ba563b62d3621cf,Codex — agent-assisted initial review,2026-09-20T09:08:32.301672+00:00
2024:4042020231743497513,p0009,g_404861824292e5f78bd2372d,40c050b89459845e9ac86a2046aafddd0c738badfccbc421cf8772529056af7b,d_e1fe9b3fa41116c72c312154,Codex — agent-assisted initial review,2026-09-20T09:08:32.301672+00:00
2024:4042120231743532464,p0004,g_533b99cae13b20adfeee2dec,84b06cde6abac78a6fcdbf2ac0a15ebc0ffaa038e096dba4393978a6207277db,d_0141d6cf2a985b3c36c657e4,Codex — agent-assisted initial review,2026-09-20T09:23:18.404604+00:00
2024:4042120231743532465,p0004,g_533b99cae13b20adfeee2dec,340de7159e8128d2d2b939ab9ac5e4fd7756b44bfb7dbd8801e628c280759cc2,d_0141d6cf2a985b3c36c657e4,Codex — agent-assisted initial review,2026-09-20T09:23:18.404604+00:00
2024:4042120231743532466,p0004,g_533b99cae13b20adfeee2dec,e3a13771f9969f3bb95298b4792cda897a35da44457142702b61c4fe72ac4655,d_0141d6cf2a985b3c36c657e4,Codex — agent-assisted initial review,2026-09-20T09:23:18.404604+00:00
2024:4042120251185522495,p0017,g_2ae161403fce03adaf862435,010687c39a08a70f1d6c78a01183e9a93327beea71d35e4292fb4f15e52189a5,d_60928935970c971a85e90cc7,Codex — agent-assisted initial review,2026-09-20T09:23:18.404604+00:00
2024:4042120251185522497,p0017,g_2ae161403fce03adaf862435,cdc69f852b2cdc55fd7a0a2a9bcf915f6f57a60e723680c2ca62f2df47bf7a88,d_60928935970c971a85e90cc7,Codex — agent-assisted initial review,2026-09-20T09:23:18.404604+00:00
2024:4042220231743647602,p0007,g_c77347c1f4fe1cbc03653e8c,6f22f9d8c5b9db216ecda71a734e17f97bb0d5b533a84a48f12e13c4152fefcb,d_a71213259ada457d0554cb26,Codex — agent-assisted initial review,2026-09-20T09:23:18.404604+00:00
2024:4042220231743647653,p0012,g_84e3153f3c24665d9fe79bf9,d56f175ed7a59d29b0c9e9c89f9d97002edd814bfbe48f26c5ea05f8352a3c42,d_737dfc0e8eec1f773e34aa56,Codex — agent-assisted initial review,2026-09-20T09:23:18.404604+00:00
2024:4042220231743647866,p0015,g_a6892636fe261cc4f2a775f2,e80d1dbc7d3071d231e1313f6e403c0169610105dd19d946961c04e2e7a864cc,d_26f990b31dab118c35df562a,Codex — agent-assisted initial review,2026-09-20T09:23:18.404604+00:00
2024:4042220231743647987,p0012,g_84e3153f3c24665d9fe79bf9,69f53486cc8b0dd519088563d5c4b09b4676c491ea32e4d7d14060cc9981e08f,d_737dfc0e8eec1f773e34aa56,Codex — agent-assisted initial review,2026-09-20T09:23:18.404604+00:00
2024:4042220231743648015,p0007,g_c77347c1f4fe1cbc03653e8c,227a71d9f27ca7b4ed049cf2d919369fe82bf0345804af1e41009fdcaa803ac5,d_a71213259ada457d0554cb26,Codex — agent-assisted initial review,2026-09-20T09:23:18.404604+00:00
2024:4042220231743648081,p0015,g_a6892636fe261cc4f2a775f2,c349a2cf8451903fe06c31b6dd890a2dfd2d96dc8fb4e26ab1f789fa535b6b63,d_26f990b31dab118c35df562a,Codex — agent-assisted initial review,2026-09-20T09:23:18.404604+00:00
2024:4042220231743648480,p0007,g_c77347c1f4fe1cbc03653e8c,e0970810c1a94c834015b61fda89b1618e5fc696620c963c743a957868f39edb,d_a71213259ada457d0554cb26,Codex — agent-assisted initial review,2026-09-20T09:23:18.404604+00:00
2024:4042220231743651502,p0009,g_67047db6cf907b3df2b889c5,cc5511338c965fa60212b8318588b2125daae79ff2278c300efe55248d9e7def,d_d9279bbcd176ccae6e2ca68e,Codex — agent-assisted initial review,2026-09-20T09:08:32.301672+00:00
2024:4042220231743651503,p0009,g_67047db6cf907b3df2b889c5,0185381acf77ce5356cf623c7d396d67fc75ffc0921bc27de9e882320d6c6ec5,d_d9279bbcd176ccae6e2ca68e,Codex — agent-assisted initial review,2026-09-20T09:08:32.301672+00:00
2024:4042220241897437106,p0013,g_b5c0d2d34d6e0e3bb8b21970,d04af168e2d3fdbeea076487fe475df11721d646ecf74b2cec16012331f94c01,d_6424db12810eb1e0845c6132,Codex — agent-assisted initial review,2026-09-20T09:23:18.404604+00:00
2024:4042220241897437107,p0013,g_b5c0d2d34d6e0e3bb8b21970,d18a138d8ebc6508e3b8f2d2a90106d98f5785c7c23783ee7ac22b8fe56f0c55,d_6424db12810eb1e0845c6132,Codex — agent-assisted initial review,2026-09-20T09:23:18.404604+00:00
2024:4042320241897575646,p0002,g_98d9baf9743cf34c7469a813,5583a1da3561b28d4056d17c455019ff5d38c8e9f570ee8a06487bf0bb019ac6,d_8465eadc1d77a8ea4bb89914,Codex — agent-assisted initial review,2026-09-20T09:23:18.404604+00:00
2024:4042320241897575652,p0003,g_d5a44b51f23768f1b009cecd,a54ea193edf85bc032a3056bad7bb985b86fef52055a352c6898112d5cf54b0f,d_0311efd892bcc5eb99c705b0,Codex — agent-assisted initial review,2026-09-20T09:23:18.404604+00:00
2024:4042320241897877793,p0011,g_07038da5b70b0a37dc1a74f7,b828deeff35d1bd9c2b97eea4887649f8ebc2b38bec7d8cf22e07018ba63c074,d_b25600b55b34a5b70956d962,Codex — agent-assisted initial review,2026-09-20T09:08:32.301672+00:00
2024:4042320241898089924,p0011,g_07038da5b70b0a37dc1a74f7,03e3a42991e551b3fe761ab389b9f6506fd89b28a4bebee4249044e77bfac729,d_b25600b55b34a5b70956d962,Codex — agent-assisted initial review,2026-09-20T09:08:32.301672+00:00
2024:4042320241900874996,p0009,g_3d1fd68d1b0a4de3b68715a1,bbe3db8d2af68cc4c74f0124c7a5f2d7a72638ce2c3ba546a9e8e6dff9be09c4,d_f04672894c8d189f46f6fedd,Codex — agent-assisted initial review,2026-09-20T09:08:32.301672+00:00
2024:4042320241902352126,p0009,g_3d1fd68d1b0a4de3b68715a1,e82ceb2a9327a1739d790ee994f7e11da281c3d0c0caaaec38765b15a67499df,d_f04672894c8d189f46f6fedd,Codex — agent-assisted initial review,2026-09-20T09:08:32.301672+00:00
2024:4042320241902487802,p0009,g_3d1fd68d1b0a4de3b68715a1,3058a0666b3e2cb3688f9c2302fbb2d80f657fb5cf549152dcffbf4b08edb27e,d_f04672894c8d189f46f6fedd,Codex — agent-assisted initial review,2026-09-20T09:08:32.301672+00:00
2024:4042320241902526004,p0009,g_3d1fd68d1b0a4de3b68715a1,33b8028eabe1422115a6a4f6675b6d2e2cd7985cfbd21f85a54454a52db9e522,d_f04672894c8d189f46f6fedd,Codex — agent-assisted initial review,2026-09-20T09:08:32.301672+00:00
2024:4042320241902539125,p0009,g_3d1fd68d1b0a4de3b68715a1,5b6b62a7900b047c98d0647ae23ad72f0b723f43b79de079efd9c84233689655,d_f04672894c8d189f46f6fedd,Codex — agent-assisted initial review,2026-09-20T09:08:32.301672+00:00
2024:4042320241902563367,p0009,g_3d1fd68d1b0a4de3b68715a1,5d61a39c20325daea2429a6ca8c923dec50a81ffad04d8c34382429011bb1ded,d_f04672894c8d189f46f6fedd,Codex — agent-assisted initial review,2026-09-20T09:08:32.301672+00:00
2024:4042320241902573105,p0009,g_3d1fd68d1b0a4de3b68715a1,bbf70390406a68e99d89cac96f5bbabbfb6bcf057bf9751875d18af839da0592,d_f04672894c8d189f46f6fedd,Codex — agent-assisted initial review,2026-09-20T09:08:32.301672+00:00
2024:4042320241902608118,p0009,g_3d1fd68d1b0a4de3b68715a1,89d61ca96c00fdb0bbe89711391403fbb9c3c65c1ff006ed1755a079128a8af0,d_f04672894c8d189f46f6fedd,Codex — agent-assisted initial review,2026-09-20T09:08:32.301672+00:00
2024:4042320241902673302,p0009,g_3d1fd68d1b0a4de3b68715a1,271940d16f6d84e0ff6e620ff8d5069b35cc1c1efafbb2761b80f1ffc4f7d5e6,d_f04672894c8d189f46f6fedd,Codex — agent-assisted initial review,2026-09-20T09:08:32.301672+00:00
2024:4042320241902752391,p0009,g_3d1fd68d1b0a4de3b68715a1,4e461050febfebe4a4d82a7f309aad0b32e831f190eaecb8e6743cd2389c59ae,d_f04672894c8d189f46f6fedd,Codex — agent-assisted initial review,2026-09-20T09:08:32.301672+00:00
2024:4042320241902792450,p0009,g_3d1fd68d1b0a4de3b68715a1,bb908166c0b7a02925de2ba4a7fe466992e4ad3b46227a6c2be3587e4e280e67,d_f04672894c8d189f46f6fedd,Codex — agent-assisted initial review,2026-09-20T09:08:32.301672+00:00
2024:4042320241904540020,p0009,g_3d1fd68d1b0a4de3b68715a1,ad4ae5bc8bb94bfb01eb1eb18e01319303f3b0d906859f71aed6adf29fd13574,d_f04672894c8d189f46f6fedd,Codex — agent-assisted initial review,2026-09-20T09:08:32.301672+00:00
2024:4042320241904542441,p0009,g_3d1fd68d1b0a4de3b68715a1,a19a7141fe0ae9c740e38aa0f7fb9ced475b71921c6422700c2f86963c153640,d_f04672894c8d189f46f6fedd,Codex — agent-assisted initial review,2026-09-20T09:08:32.301672+00:00
2024:4042320241904574528,p0009,g_3d1fd68d1b0a4de3b68715a1,43df0087c61ed2b2d1a5677fdc965de66f0f722c1bbcdc94833e38e3092e0866,d_f04672894c8d189f46f6fedd,Codex — agent-assisted initial review,2026-09-20T09:08:32.301672+00:00
2024:4042320241904655147,p0009,g_3d1fd68d1b0a4de3b68715a1,5e1a7d16ef0376cc75c1d9f6ca8eda3c71cdea68b94d2ed2a4357c1a85f68b8a,d_f04672894c8d189f46f6fedd,Codex — agent-assisted initial review,2026-09-20T09:08:32.301672+00:00
2024:4042320241904669709,p0009,g_3d1fd68d1b0a4de3b68715a1,567661c330f238bb8ed49f426e424260a01d8729ef47e75be477ed2da942fa26,d_f04672894c8d189f46f6fedd,Codex — agent-assisted initial review,2026-09-20T09:08:32.301672+00:00
2024:4042320241904748084,p0009,g_3d1fd68d1b0a4de3b68715a1,b2a7c694ec18818310778e4dff80192525aa975766b5d90bc6fa933c880d6dff,d_f04672894c8d189f46f6fedd,Codex — agent-assisted initial review,2026-09-20T09:08:32.301672+00:00
2024:4042320241904764977,p0009,g_3d1fd68d1b0a4de3b68715a1,46fe094a665bf3a8144f048275f08e9dfdf7165df05b0cc3522d250ef0ddf3ea,d_f04672894c8d189f46f6fedd,Codex — agent-assisted initial review,2026-09-20T09:08:32.301672+00:00
2024:4042320241904765740,p0009,g_3d1fd68d1b0a4de3b68715a1,d51b944660ef8ebc79fae759628fcebbdf6db2e35a18ddb295ca9dbd529eb4c3,d_f04672894c8d189f46f6fedd,Codex — agent-assisted initial review,2026-09-20T09:08:32.301672+00:00
2024:4042320241904813420,p0009,g_3d1fd68d1b0a4de3b68715a1,e7bfe6f94118ed078b41dc312f1c1212f283a76e143c3a0e27bdb7e891890cc0,d_f04672894c8d189f46f6fedd,Codex — agent-assisted initial review,2026-09-20T09:08:32.301672+00:00
2024:4042320241904833617,p0009,g_3d1fd68d1b0a4de3b68715a1,682c808c08b3a790f44f8cad8a2a19b65740bf136789e24c0949b19a32713ea4,d_f04672894c8d189f46f6fedd,Codex — agent-assisted initial review,2026-09-20T09:08:32.301672+00:00
2024:4042320241904848158,p0009,g_3d1fd68d1b0a4de3b68715a1,3558e63b0f933dd17956fc7d32496b0ec08722b324ae1dd659d9b3202f587a81,d_f04672894c8d189f46f6fedd,Codex — agent-assisted initial review,2026-09-20T09:08:32.301672+00:00
2024:4042320241904874369,p0009,g_3d1fd68d1b0a4de3b68715a1,6302201c88fb733b6465347dd49b8f71231af143367ccb9ea936655fd4a3bfe0,d_f04672894c8d189f46f6fedd,Codex — agent-assisted initial review,2026-09-20T09:08:32.301672+00:00
2024:4042320241904895575,p0009,g_3d1fd68d1b0a4de3b68715a1,dabedf483d2c4274cbe2ad6fee60fe6223fdf2a26f933ecf43c503a9fa22edc6,d_f04672894c8d189f46f6fedd,Codex — agent-assisted initial review,2026-09-20T09:08:32.301672+00:00
2024:4042320241905041045,p0009,g_3d1fd68d1b0a4de3b68715a1,3d335147ec85cdd5c09488660e4a3218bb1a2bbc77560585d0c653fc86198fe5,d_f04672894c8d189f46f6fedd,Codex — agent-assisted initial review,2026-09-20T09:08:32.301672+00:00
2024:4042320241905093683,p0009,g_3d1fd68d1b0a4de3b68715a1,ca77192808c07c2a6bb3200d6a4df5ce07417a522555e7ffcff8726358bdc340,d_f04672894c8d189f46f6fedd,Codex — agent-assisted initial review,2026-09-20T09:08:32.301672+00:00
2024:4042320251186310844,p0004,g_c097918b110f5005efa1f6d3,cbadb0b7da3ae1e27ed084ec465931437dbb4147756f3f553b2f40703de3ec24,d_fdab57ed7e06fffbe6dad802,Codex — agent-assisted initial review,2026-09-20T09:23:18.404604+00:00
2024:4042320251186311251,p0012,g_66a98ff28415b7389db6105c,513282bd5b76ea1b20fabd55c399f05e501b5666138fa0d95f04ea49ccb7b8f7,d_7a176a4d58423b39f7f41afe,Codex — agent-assisted initial review,2026-09-20T09:23:18.404604+00:00
2024:4042420231743901626,p0010,g_012124aa46735e6842844a1b,079d93221b17b9ab2ccb958ded5390998a0897af4a113f79e84f38c70efad033,d_42811d4c338ec77c1efebc6b,Codex — agent-assisted initial review,2026-09-20T09:08:32.301672+00:00
2024:4042420241911277706,p0013,g_b325b7a7894d7f92a5bad9ed,f5928ff1abebfa8e9b2115830f31041551a380efc62a76b48c36891dbe70ad8d,d_a52642df314763d3479f3b00,Codex — agent-assisted initial review,2026-09-20T09:23:18.404604+00:00
2024:4042420241911283119,p0013,g_b325b7a7894d7f92a5bad9ed,04cca2ff9d22c639e5a9ad2c2d95eef21e026cdee559b4183a1e831f13dbbb35,d_a52642df314763d3479f3b00,Codex — agent-assisted initial review,2026-09-20T09:23:18.404604+00:00
2024:4042420241911283120,p0013,g_b325b7a7894d7f92a5bad9ed,d06455ea720541adce0d6d9b6847a2aaa99b74565ad0b9260bdeb7a82a6aff89,d_a52642df314763d3479f3b00,Codex — agent-assisted initial review,2026-09-20T09:23:18.404604+00:00
2024:4042520231743964563,p0009,g_dfc1a5c855a30f444e57a302,6f91a612ca43ab3ce45c8007b7766c0a02e377afcf70fecd7094eb0e3f94fff4,d_9cc28f81f56941450d13af47,Codex — agent-assisted initial review,2026-09-20T09:08:32.301672+00:00
2024:4042520231744008710,p0009,g_898f2153d4bd52167d732c6d,e10fd70a528cf2b66af14e54b2e238611b9f046a5ba46b3baaf11dce3b8e70f0,d_5f500cf8e22fca028d4c5aad,Codex — agent-assisted initial review,2026-09-20T09:08:32.301672+00:00
2024:4042520231744011865,p0009,g_3d1fd68d1b0a4de3b68715a1,d8fbcab381df8446561df49706b27cc776dae739fca9c8d578931b62fea97a65,d_f04672894c8d189f46f6fedd,Codex — agent-assisted initial review,2026-09-20T09:08:32.301672+00:00
2024:4042520231744050368,p0009,g_b8f6341b34399e5125f63a12,a59da6a13c628494a6a58dd855169c4336f8b35d1ce00b8d674a147bfb72005f,d_42aaa7f21a592231f95e0e31,Codex — agent-assisted initial review,2026-09-20T09:08:32.301672+00:00
2024:4042520241911408412,p0013,g_e5cf5b165482ab882be8066a,8e4cc8fa41592a6225679f47389eb18e2c2fa4facdff2712aefc220f60d13492,d_b01060a4b6460405340fe9f3,Codex — agent-assisted initial review,2026-09-20T09:23:18.404604+00:00
2024:4042520241911423767,p0013,g_b325b7a7894d7f92a5bad9ed,b4f993f9822c725308c5182e99023a05e03978aeb07b68acebe40029b1408d60,d_a52642df314763d3479f3b00,Codex — agent-assisted initial review,2026-09-20T09:23:18.404604+00:00
2024:4042520241911480318,p0011,g_612b4107989b34b116fd56ad,50e3d5ad03a63a8d7d42cbc747a2f18c8cd997426d0b5563297615fee80b194b,d_f3b5915017c6df7f4eca88e3,Codex — agent-assisted initial review,2026-09-20T09:08:32.301672+00:00
2024:4042520241911488203,p0010,g_2caad5cb534cd7c468a480db,3c8bbad6ec63e8717f9918cc320f349bd7b3bba26b009c2630d007d96017a17a,d_3cd64c1b66b4e8ce8d8fd5d2,Codex — agent-assisted initial review,2026-09-20T09:08:32.301672+00:00
2024:4042520241911488204,p0010,g_2caad5cb534cd7c468a480db,26f7c83f3e1703f31b9e69df3be09bfab7b5296f4569e3cb59ea70b2c1e00455,d_3cd64c1b66b4e8ce8d8fd5d2,Codex — agent-assisted initial review,2026-09-20T09:08:32.301672+00:00
2024:4042520241915111982,p0004,g_b0c9daa0610f513e734e410d,8c20f95b34d642ad503c6396a81342a9adf92fd523e06f73c11c767dae8f5a63,d_685c106636415f5c7193eed4,Codex — agent-assisted initial review,2026-09-20T09:23:18.404604+00:00
2024:4042520241915111983,p0004,g_b0c9daa0610f513e734e410d,0d9fd5088bdb114f3cb28bcd7e9327b3d75fb72d577dd6c61ad280d9f5e8e33c,d_685c106636415f5c7193eed4,Codex — agent-assisted initial review,2026-09-20T09:23:18.404604+00:00
2024:4042520241916247010,p0009,g_3d1fd68d1b0a4de3b68715a1,38dd18f9d91cfcece8a37a5599c8b18498a14a98a7898c041273c93186d3e157,d_f04672894c8d189f46f6fedd,Codex — agent-assisted initial review,2026-09-20T09:08:32.301672+00:00
2024:4042520241916247011,p0009,g_3d1fd68d1b0a4de3b68715a1,2ba6c088a1cbf0ec076a616529395acaa0e5d3dd926906c52ed8bfedaf7f949b,d_f04672894c8d189f46f6fedd,Codex — agent-assisted initial review,2026-09-20T09:08:32.301672+00:00
2024:4042620231744121336,p0010,g_012124aa46735e6842844a1b,6a24c0684f015700af13c7733f490affe24dd0ff0caf1ff417e3b821caebb68f,d_42811d4c338ec77c1efebc6b,Codex — agent-assisted initial review,2026-09-20T09:08:32.301672+00:00
2024:4042620231744121337,p0010,g_012124aa46735e6842844a1b,17f7f6c54f64ea89bdb89043aad28258e6afd388d7b88a5b9ba0dca046f41870,d_42811d4c338ec77c1efebc6b,Codex — agent-assisted initial review,2026-09-20T09:08:32.301672+00:00
2024:4042620231744122634,p0010,g_aebd6e4bb8fb9f6419eb401e,73b9ac02c9c0b5b2bea539477ea604d1ca5260f821ff4c711896ca288b41a8c7,d_3b1daaa3f452f6c3e3ffe285,Codex — agent-assisted initial review,2026-09-20T09:08:32.301672+00:00
2024:4042620231744122635,p0010,g_aebd6e4bb8fb9f6419eb401e,67602d84f809080637af4aa52d93aa450ecdd03f17b5fdd74f867b5567f2b79f,d_3b1daaa3f452f6c3e3ffe285,Codex — agent-assisted initial review,2026-09-20T09:08:32.301672+00:00
2024:4042620231744122764,p0009,g_b8f6341b34399e5125f63a12,00dc83925a148035d10910307dc89e95f0e4a19059e9a9aaab9e749167990c81,d_42aaa7f21a592231f95e0e31,Codex — agent-assisted initial review,2026-09-20T09:08:32.301672+00:00
2024:4042620231744750445,p0009,g_7ac2f3334f7302e755ba675b,8b88bd23f10fe78585cb94dc085c9f7a705dde09fd289f2668c80ca171cd8fb8,d_0ee91f75468c9e7567ddc596,Codex — agent-assisted initial review,2026-09-20T09:08:32.301672+00:00
2024:4042620231744750660,p0009,g_3d1fd68d1b0a4de3b68715a1,1a12eea7b965fbb483fe26d12a54a9ff424665c65168caaa93d8ba7d5866e852,d_f04672894c8d189f46f6fedd,Codex — agent-assisted initial review,2026-09-20T09:08:32.301672+00:00
2024:4042620241920788639,p0010,g_507c011297ab43517e5b8b2a,5a5a2b51eabb5304a0068f5487249308cf4d6e727dad47006c1c71297addbf71,d_9ac6a93c8ffb5fcf0c1955fe,Codex — agent-assisted initial review,2026-09-20T09:08:32.301672+00:00
2024:4042620241920789445,p0004,g_f8cd6973e2d9b35606e5d52b,35fb3d759b212932a981d367265e49176c09ed4f247e93ae8b5a4ae27bc78d90,d_6e283a1a9db4bfac7c9a3d27,Codex — agent-assisted initial review,2026-09-20T09:23:18.404604+00:00
2024:4042620241920820355,p0015,g_f7109528270e5511ab71d7e0,d73f6f136edf3bffc8357642ec3a5dfa3210f8fb269004c19cc5a6d7e5902d4c,d_79309b912f82523d7b53ac53,Codex — agent-assisted initial review,2026-09-20T09:23:18.404604+00:00
2024:4042620241920820453,p0015,g_f7109528270e5511ab71d7e0,098b604422ac7d324a3cb75571bbfc1e03ed5d64fbe69c5297fc482e02c89bec,d_79309b912f82523d7b53ac53,Codex — agent-assisted initial review,2026-09-20T09:23:18.404604+00:00
2024:4042620241920821466,p0007,g_c895b949d59c44a1eaad43cc,2c905fe65a67e8870cf6814ea9bedd6f35642ac513808c78a8ed1f4e59c292db,d_ea873b2584cc0d26739fd1fa,Codex — agent-assisted initial review,2026-09-20T09:23:18.404604+00:00
2024:4042620241920827325,p0010,g_de48d73cc7dbcfb36b7bf9de,2a12e92df377282a9e7922f3d5898808ba1f8595162c753d3338693843fe45b1,d_384ddeaccceae987dc197486,Codex — agent-assisted initial review,2026-09-20T09:08:32.301672+00:00
2024:4042620241920834817,p0013,g_b325b7a7894d7f92a5bad9ed,7a297fa7fe51ba6550d5d1f7972baf11e89e6e18055c999211aa25e3ba32e94b,d_a52642df314763d3479f3b00,Codex — agent-assisted initial review,2026-09-20T09:23:18.404604+00:00
2024:4042720231744827401,p0009,g_b75024c0738fc2c52c917e63,2e35e2590c483eeb9aab619fa39b54e1bb055bddb21b77a9f600f8cd20dacbe5,d_d7569634c1717b924c771d91,Codex — agent-assisted initial review,2026-09-20T09:08:32.301672+00:00
2024:4042720231744827506,p0009,g_dfc1a5c855a30f444e57a302,642a116aaa427bbe606aaa85a2922cebca737a73c84e06d74cbe36bac5709804,d_9cc28f81f56941450d13af47,Codex — agent-assisted initial review,2026-09-20T09:08:32.301672+00:00
2024:4042720231744862267,p0009,g_3d1fd68d1b0a4de3b68715a1,a3f93ef4a36c1689d0dfe95fbccc37dd45b0486e682012dba7ffcfb7f72da628,d_f04672894c8d189f46f6fedd,Codex — agent-assisted initial review,2026-09-20T09:08:32.301672+00:00
2024:4042720231744864267,p0009,g_3d1fd68d1b0a4de3b68715a1,b3e97c9c4719c255299600d8c1719cd2894cf18dcb76df21925a0459d4a11613,d_f04672894c8d189f46f6fedd,Codex — agent-assisted initial review,2026-09-20T09:08:32.301672+00:00
2024:4042720231744871755,p0009,g_2800be8db25d1f62a96fa139,5e0009570d36b1031794d68ea5792b0a8242777fa8c9047fff7a18099c0616e2,d_d354c7e2a58bb407355c3367,Codex — agent-assisted initial review,2026-09-20T09:08:32.301672+00:00
2024:4042720231744881784,p0009,g_dfc1a5c855a30f444e57a302,6a0a13098415c23bf70c5a7a88e03c24322f4bd100354df750e2218f9633e9e3,d_9cc28f81f56941450d13af47,Codex — agent-assisted initial review,2026-09-20T09:08:32.301672+00:00
2024:4042720231744885684,p0009,g_dfc1a5c855a30f444e57a302,742336c6326e85cb699ee4504f7c4272256ec0f02f9e195eb9f2f93fb250138f,d_9cc28f81f56941450d13af47,Codex — agent-assisted initial review,2026-09-20T09:08:32.301672+00:00
2024:4042720231744887841,p0009,g_0eda20503547511d0a07fc53,f9e296ac6d63b031539d750b3ffd8735601ccfb5fb966e00ec9298dca0bc9e4a,d_7516796e68fec6fa7f6ff5d0,Codex — agent-assisted initial review,2026-09-20T09:08:32.301672+00:00
2024:4042720231744888618,p0009,g_b8f6341b34399e5125f63a12,d6df746de5fdba7b4b37a3df0f557bce9fbf0864dadd72ae850fbf63a147e62d,d_42aaa7f21a592231f95e0e31,Codex — agent-assisted initial review,2026-09-20T09:08:32.301672+00:00
2024:4042720231744917449,p0009,g_b8f6341b34399e5125f63a12,59ee1e7ed47d05e44b27368650a22aff487e134cfe083463a4a4f3f4cb885995,d_42aaa7f21a592231f95e0e31,Codex — agent-assisted initial review,2026-09-20T09:08:32.301672+00:00
2024:4042820231745772398,p0009,g_dfc1a5c855a30f444e57a302,6a6d996caacda0544f3cb10278f7f0a2079343b6f759d826aa3e4501169f361a,d_9cc28f81f56941450d13af47,Codex — agent-assisted initial review,2026-09-20T09:08:32.301672+00:00
2024:4042820231745774346,p0009,g_b8f6341b34399e5125f63a12,745f031891fb640aa56729e971293d630d28aeb09b147d35abbf5da879075713,d_42aaa7f21a592231f95e0e31,Codex — agent-assisted initial review,2026-09-20T09:08:32.301672+00:00
2024:4043020241920912488,p0010,g_9c8e562e272217ffea6b17eb,cd0d05268468163beb0dbb7e5f3cfc7b9b491be7c76ffcf41e2df7de7d7cc16a,d_20d008126d5612a0db5c2959,Codex — agent-assisted initial review,2026-09-20T09:08:32.301672+00:00
2024:4043020241920912995,p0010,g_9c8e562e272217ffea6b17eb,5747970241f74f049ac8837da4af59a2fc96a40416085d360720cd37215eec02,d_20d008126d5612a0db5c2959,Codex — agent-assisted initial review,2026-09-20T09:08:32.301672+00:00
2024:4043020241920918741,p0011,g_d923881f72a1b2676cdaa4cf,b5ca5ff67f8ff7a16528058771d8f6a705189d2788d7492f121a625ea0bfa852,d_08d7f03c85577eb58210ee82,Codex — agent-assisted initial review,2026-09-20T09:08:32.301672+00:00
2024:4043020241920927266,p0009,g_9db0b30fe05ce81d7a61c232,04b8f53448a2647770eb19269708a5cca11320949a39cdefeffcc55045ddcf02,d_726528868fca2c697a4d28eb,Codex — agent-assisted initial review,2026-09-20T09:08:32.301672+00:00
2024:4043020241920928558,p0009,g_af1886602cf99e7622bf7af0,f918c9764ff8204d7bcec5f7e05b65941e361b6042499f8ed9303814963db4c5,d_857229ce21f533dd245732f6,Codex — agent-assisted initial review,2026-09-20T09:08:32.301672+00:00
2024:4043020241920975996,p0012,g_bb0a5b04183f5ddba2091b6b,72fd6363debfce99f01409db6c501f1c29856e441f3b6499e464da274dba0424,d_ac9988422b29afdca36be106,Codex — agent-assisted initial review,2026-09-20T09:23:18.404604+00:00
2024:4043020241921030081,p0013,g_b5c0d2d34d6e0e3bb8b21970,96d028455b815bd436506befd05a1034008d8a6d97377ef3cc8e66acf787b8b8,d_6424db12810eb1e0845c6132,Codex — agent-assisted initial review,2026-09-20T09:23:18.404604+00:00
2024:4043020241921030082,p0013,g_b5c0d2d34d6e0e3bb8b21970,ed045adb09399c74e71215f142ca8851cd86c5461eb9d1497d72eca3e48e8388,d_6424db12810eb1e0845c6132,Codex — agent-assisted initial review,2026-09-20T09:23:18.404604+00:00
2024:4050120231746084621,p0009,g_69806c05eca4305240f41de8,70d9460c36e9e82da84182db212269eb1f289006e2caad422fad45ca65ab3cf2,d_4646498018f01e0eb36d9e7d,Codex — agent-assisted initial review,2026-09-20T09:08:32.301672+00:00
2024:4050120231746084622,p0009,g_69806c05eca4305240f41de8,9d64a8db86e66b9485255f96f106f34ed7f44316c745d04fee3950b8a13b4347,d_4646498018f01e0eb36d9e7d,Codex — agent-assisted initial review,2026-09-20T09:08:32.301672+00:00
2024:4050120241921088185,p0010,g_ec5f200a6da40f90619c38a8,4a03d5f916b6502e01fcfb4a298878235fa371097bbdc1db31f47e13577d3eb3,d_999481a9a9baa3c0a0f20e2b,Codex — agent-assisted initial review,2026-09-20T09:08:32.301672+00:00
2024:4050120241921143728,p0015,g_94d9e8b89d76fdee31748f60,0dee3c9ab0e3361322a1f36c650f7dfff4c4a1598dcacda45ec21141cd103239,d_dc6f0bfaa98498e1acd57aea,Codex — agent-assisted initial review,2026-09-20T09:23:18.404604+00:00
2024:4050120241921232902,p0009,g_b8f6341b34399e5125f63a12,4af722e4f0c80890e5c166cd4997b4cea5de135d984a521e9a2c42209b78b34b,d_42aaa7f21a592231f95e0e31,Codex — agent-assisted initial review,2026-09-20T09:08:32.301672+00:00
2024:4050120241921232903,p0009,g_b8f6341b34399e5125f63a12,5ae3b35b6e2efd24c8762318e2f7913ab8852be84bd6b684fba8cd3781fe3410,d_42aaa7f21a592231f95e0e31,Codex — agent-assisted initial review,2026-09-20T09:08:32.301672+00:00
2024:4050120241921232904,p0009,g_b8f6341b34399e5125f63a12,a36d25d87989759bfbce10b8bfb36feabd13d63ee0a376a0ee1ecf3280fabe83,d_42aaa7f21a592231f95e0e31,Codex — agent-assisted initial review,2026-09-20T09:08:32.301672+00:00
2024:4050120241921265013,p0002,g_8aac48dd3821037480c6b835,709051622b31cf7eb439594bddfab44e3f5539d46b2a47b7468f7402f8f7cce2,d_7fa489a47f0e9105eac463bb,Codex — agent-assisted initial review,2026-09-20T09:23:18.404604+00:00
2024:4050120241921265022,p0003,g_554894c4490b0685aaf85533,483c94f39a39af6ca19f6248b55301de65ee86fabbf37796bde309e092f6c81c,d_b59a595f8ae488e44f0c573c,Codex — agent-assisted initial review,2026-09-20T09:23:18.404604+00:00
2024:4050220241921312511,p0004,g_dfb7aa38444b35b01c5ceb4d,65281ad54f35b2d0a889e46048375cbef4fb2e309e91e0871f9113a872dd0419,d_75dc6ad410ed0818f1651ada,Codex — agent-assisted initial review,2026-09-20T09:23:18.404604+00:00
2024:4050220241921313131,p0013,g_b325b7a7894d7f92a5bad9ed,73a1ae5908394b19b6a5a4943b86ddfe876a1e67733b532f0473ef29006c6da6,d_a52642df314763d3479f3b00,Codex — agent-assisted initial review,2026-09-20T09:23:18.404604+00:00
2024:4050220241921313132,p0013,g_b325b7a7894d7f92a5bad9ed,159abf6857ed00579a77f40fa8d2ab3a2196b0b41eabdb27fe48043c79ddcf9c,d_a52642df314763d3479f3b00,Codex — agent-assisted initial review,2026-09-20T09:23:18.404604+00:00
2024:4050220241921347354,p0010,g_6f2f9bd07b337ff15bc27b34,0531d25209af07ddd6ae394f26df58922ad3da79e47199cc64bcc87ee19923e6,d_a1811fd6e16a23988c217399,Codex — agent-assisted initial review,2026-09-20T09:08:32.301672+00:00
2024:4050220241921347412,p0010,g_6f2f9bd07b337ff15bc27b34,4b49124868b443e96f2000e0b7d52706ae14c73847cf28bde304f7ca5d9d2b53,d_a1811fd6e16a23988c217399,Codex — agent-assisted initial review,2026-09-20T09:08:32.301672+00:00
2024:4050220241921370805,p0009,g_9fc51f32c8a6ae1f9580485f,c3d64d795ee5a5fbf5a73d674e365850aef2f28afb06dda2fcac746210dd9979,d_2de663e1fdc997521336a8d5,Codex — agent-assisted initial review,2026-09-20T09:08:32.301672+00:00
2024:4050220241921371491,p0017,g_b95e36e20850f0fd1c098b9f,f396cc8e047e0493a271e3a5ffd7052aba6fb315a2a8319a8c8f10c48e156265,d_f2261cfd214cdd92de428955,Codex — agent-assisted initial review,2026-09-20T09:23:18.404604+00:00
2024:4050220241921371492,p0017,g_b95e36e20850f0fd1c098b9f,3b68db9fcff90781e19b279c76ece2631291df3a8e8f0c25b9ecaf687402f480,d_f2261cfd214cdd92de428955,Codex — agent-assisted initial review,2026-09-20T09:23:18.404604+00:00
2024:4050320241921478645,p0009,g_ec5600b44cec6a31b12716ed,fc25f011b708446cc921104f2cc371c495812ec85060a138bfd3a5e159dc9f3f,d_89450ae944a131846b30ea9e,Codex — agent-assisted initial review,2026-09-20T09:08:32.301672+00:00
2024:4050320241921481100,p0004,g_91fa64da98d48c59bd03ed17,0ff99d620767819044a6c976141ed2edf89050144d33635eb63c84d871a98dc1,d_d437193d9f0c0904585c1bdc,Codex — agent-assisted initial review,2026-09-20T09:23:18.404604+00:00
2024:4050320241921484903,p0011,g_07038da5b70b0a37dc1a74f7,6b75789d2123079ebc7b4824a5914666c1aeedffadf1951d448b148f06809bf8,d_b25600b55b34a5b70956d962,Codex — agent-assisted initial review,2026-09-20T09:08:32.301672+00:00
2024:4050320241921484904,p0011,g_07038da5b70b0a37dc1a74f7,3ccc72138c9744b4eaa74ac0ea68c00fa396ad3b724c6cae55b9ac08c69abe73,d_b25600b55b34a5b70956d962,Codex — agent-assisted initial review,2026-09-20T09:08:32.301672+00:00
2024:4050320241921484905,p0011,g_07038da5b70b0a37dc1a74f7,880f4352d4f58767949d0172d0f622e0c2f6617c7feccbf2c0ca1c52b713162b,d_b25600b55b34a5b70956d962,Codex — agent-assisted initial review,2026-09-20T09:08:32.301672+00:00
2024:4050320241921505526,p0015,g_a055b70c875a3232df8dbd06,3c1733ae774a333b48c598adb1582f08af757f2691aff45dd459fe0397d937ee,d_781eff732ba3315197bc4380,Codex — agent-assisted initial review,2026-09-20T09:23:18.404604+00:00
2024:4050320241921505532,p0015,g_a055b70c875a3232df8dbd06,a0f5837525954c591aae91aef74f074dd3d53dc4dfb208c7d01dc6e2627009f1,d_781eff732ba3315197bc4380,Codex — agent-assisted initial review,2026-09-20T09:23:18.404604+00:00
2024:4050320241921505533,p0015,g_a055b70c875a3232df8dbd06,833d5c841968e4db4d330cea70e325faa73c3e2be8b7bfe46406b598c3b27ddb,d_781eff732ba3315197bc4380,Codex — agent-assisted initial review,2026-09-20T09:23:18.404604+00:00
2024:4050320241921543039,p0013,g_9202bbdcd5ec9743fd7822ec,7a57c38a7ed6f4e12eb25befaf551036db5f1fccfb28e13dd87371b3df5c225e,d_fcc78acaa9ad9cb40ea188b9,Codex — agent-assisted initial review,2026-09-20T09:23:18.404604+00:00
2024:4050320241921543040,p0013,g_9202bbdcd5ec9743fd7822ec,5472c060d398829952c6ed4abf9488506a7164217c3db9876663377733bc0080,d_fcc78acaa9ad9cb40ea188b9,Codex — agent-assisted initial review,2026-09-20T09:23:18.404604+00:00
2024:4050620241921713118,p0002,g_98d9baf9743cf34c7469a813,3bd810e448354cfad769204573ed2506a43dacb05f47ad921f386ebcbaad33f0,d_8465eadc1d77a8ea4bb89914,Codex — agent-assisted initial review,2026-09-20T09:23:18.404604+00:00
2024:4050620241921714732,p0013,g_b5c0d2d34d6e0e3bb8b21970,9421c25d76b2c92f80facbc48561b30a71b8f08c9b7c59c814ce640e93c2dee5,d_6424db12810eb1e0845c6132,Codex — agent-assisted initial review,2026-09-20T09:23:18.404604+00:00
2024:4050620241921714733,p0013,g_b5c0d2d34d6e0e3bb8b21970,b2e536382a3c29f00c67551585f26e2e2c256cbaa2c06fce6e9a419a0024f096,d_6424db12810eb1e0845c6132,Codex — agent-assisted initial review,2026-09-20T09:23:18.404604+00:00
2024:4050620241921726720,p0013,g_c2ccd6e0b7ae841fb95b6c64,2e93e74cb5051985a7fa072d4bf59903b379c12cf078bfb3573768c8d34e52e5,d_3fcd81447a109efb7b17a5ed,Codex — agent-assisted initial review,2026-09-20T09:23:18.404604+00:00
2024:4050620241921726721,p0013,g_c2ccd6e0b7ae841fb95b6c64,aa742bcaf878c4f4676f4a1f4d412b516ddbd5ba49c73c254acb9004645feded,d_3fcd81447a109efb7b17a5ed,Codex — agent-assisted initial review,2026-09-20T09:23:18.404604+00:00
2024:4050620241921727323,p0013,g_feac5a3d40a3a480aabd1660,3e1c31bef7a65e2c2380fd414d35e95be972a4bd803d6abc42badf2a0999e165,d_3d10574abcfa4865481527a9,Codex — agent-assisted initial review,2026-09-20T09:23:18.404604+00:00
2024:4050620241921727333,p0013,g_feac5a3d40a3a480aabd1660,2ba6910c8265cb9c825aef38910a0ff816cbf8446ed32092d91c00d8a8a8293f,d_3d10574abcfa4865481527a9,Codex — agent-assisted initial review,2026-09-20T09:23:18.404604+00:00
2024:4050620241921728169,p0004,g_6f20367db9324bccfd515d35,3feaa78b5d6537b8c2c62e0b73bb2fc4cf8fdf06d7d387611976c4de0911f906,d_e21c4a850522e59e10ed8a2c,Codex — agent-assisted initial review,2026-09-20T09:23:18.404604+00:00
2024:4050620241921730125,p0004,g_1d5c850a0f20385b5243d5cc,5a4823d8d665172b32a2cd7c85438142034be6f04370233aac6bf202ce7f851e,d_d09e5434945de2baebbfab5a,Codex — agent-assisted initial review,2026-09-20T09:23:18.404604+00:00
2024:4050620241921730127,p0004,g_1d5c850a0f20385b5243d5cc,ece14c1125e920b21cc7b1a906175b9196100af2ef4d5c74d1fbd7b32e29a156,d_d09e5434945de2baebbfab5a,Codex — agent-assisted initial review,2026-09-20T09:23:18.404604+00:00
2024:4050620241921746211,p0004,g_c097918b110f5005efa1f6d3,b13367d9b9c7140e2820aab09c637967addec11b108b741b0caa7629e05ad04a,d_fdab57ed7e06fffbe6dad802,Codex — agent-assisted initial review,2026-09-20T09:23:18.404604+00:00
2024:4050620241921753125,p0004,g_3c19e4fc60c9f1d69f7a8fe9,bedfcd0fe6e5532e26604df22882747f40527428444470d16f00a36f49d144bd,d_8216a44fa32bdadfdef130b4,Codex — agent-assisted initial review,2026-09-20T09:23:18.404604+00:00
2024:4050720241921801238,p0009,g_e0c10c9c4257c4e5a9856421,ff2bba387692e7321934c8f0bb5465b30e130ed1cc1694af0f5f235fc4b56dd4,d_0831b4ff5051eeaf3cebb82a,Codex — agent-assisted initial review,2026-09-20T09:08:32.301672+00:00
2024:4050720241921801723,p0009,g_b50c30f55a08e91ab0013ef4,432d09009eeccf18009e60dc126ac0d397a4a6d0c3fa505cec6a662cb7822309,d_bd7e358fb3ceccdb282f935a,Codex — agent-assisted initial review,2026-09-20T09:08:32.301672+00:00
2024:4050720241921804158,p0009,g_69806c05eca4305240f41de8,257abd12bd8cca52f98a55f19e6794328a3afa84f3f8061dbad85a4494bd3ff3,d_4646498018f01e0eb36d9e7d,Codex — agent-assisted initial review,2026-09-20T09:08:32.301672+00:00
2024:4050720241921804159,p0009,g_69806c05eca4305240f41de8,c1b81a10404bf57845be481e4044bcd85157d2ddd038ae70deac5db033e73432,d_4646498018f01e0eb36d9e7d,Codex — agent-assisted initial review,2026-09-20T09:08:32.301672+00:00
2024:4050720241921889773,p0015,g_84493894cae6191b891ff6c3,21d45fd09e2776e72a3c3c1216512b1e47d56c1b590e576b420217a83eaeaea0,d_fffd1e82217ef73779ef223a,Codex — agent-assisted initial review,2026-09-20T09:23:18.404604+00:00
2024:4050720241921889776,p0015,g_84493894cae6191b891ff6c3,fd44e8c777ae945b7ffb7ceebbd72fe5a195e5f9841d185235f866496dfd168c,d_fffd1e82217ef73779ef223a,Codex — agent-assisted initial review,2026-09-20T09:23:18.404604+00:00
2024:4050720241921889808,p0007,g_0bb353d39af7079d74f14768,bb5175ec8fedbd7ee725f52281241177c05b7d7bb27aba354dd724beda064f21,d_87e9079f68f04784065225ff,Codex — agent-assisted initial review,2026-09-20T09:23:18.404604+00:00
2024:4050720241921889810,p0007,g_0bb353d39af7079d74f14768,00fc0cec77cb8e3c38637e27e45df16f6815e4d0917e728fbc8d1a95dd7a7cc4,d_87e9079f68f04784065225ff,Codex — agent-assisted initial review,2026-09-20T09:23:18.404604+00:00
2024:4050720251189002251,p0009,g_0e8b1fadce002dbf8173871c,7a83ea7c41ad3a3456322107c634acbb2b5a7b7c58d2a087b8edf030cafd23da,d_4f2e79c289a9050e97cf5df2,Codex — agent-assisted initial review,2026-09-20T09:08:32.301672+00:00
2024:4050720251189002544,p0007,g_605e856fc00bb72b0132a1bf,acae0137174b3c2de90d22c9c21c7d8103c26797d734062284274e25b6f9b1f2,d_03034dcd4a200ac57bda2934,Codex — agent-assisted initial review,2026-09-20T09:23:18.404604+00:00
2024:4050820241922051147,p0013,g_48d750321e2c45aa62aed888,3701cbcc7f1d79d385c2731716aad36824e3a439b142f5208815f98ab9f211c7,d_d9ef0c57798e15b8079fd207,Codex — agent-assisted initial review,2026-09-20T09:23:18.404604+00:00
2024:4050820241922051148,p0013,g_48d750321e2c45aa62aed888,3f37883a41e69d9b0a2cdcec376ec972d621028fdd2ae9fd5f3d71eea687e6dc,d_d9ef0c57798e15b8079fd207,Codex — agent-assisted initial review,2026-09-20T09:23:18.404604+00:00
2024:4050820241922052449,p0013,g_e5cf5b165482ab882be8066a,5e5656d36923676a943f9fdd0cc5ade42aacb6940b018c20a5ab71674969fd22,d_b01060a4b6460405340fe9f3,Codex — agent-assisted initial review,2026-09-20T09:23:18.404604+00:00
2024:4050820241922052450,p0013,g_e5cf5b165482ab882be8066a,6f51ad8c615e1b358b98f0616485abf7e04c90d01a3e53ffb30df88fd2a94ab3,d_b01060a4b6460405340fe9f3,Codex — agent-assisted initial review,2026-09-20T09:23:18.404604+00:00
2024:4050820241922059799,p0013,g_c3b5cdf29ded029b40bc97f5,da06c273785a84b4e2eeffb51b5ff90e9d28e8e70632870bfbce1573f4106f47,d_55b4aaaa4ff2435daab26bdf,Codex — agent-assisted initial review,2026-09-20T09:23:18.404604+00:00
2024:4050820241922059871,p0014,g_be2aa6b787231460bced0a32,a7f534fb97f46dc2d87e1f4b456688e9a929ef107120a7288745a8baf27405bf,d_d9608d3f190ca424caf0dc22,Codex — agent-assisted initial review,2026-09-20T09:08:32.301672+00:00
2024:4050820241922059962,p0014,g_be2aa6b787231460bced0a32,9cf1e302155ca137c90a35928a59d7010b3c88a849e5ad6d19e26ec161460fa2,d_d9608d3f190ca424caf0dc22,Codex — agent-assisted initial review,2026-09-20T09:08:32.301672+00:00
2024:4050820241922060391,p0013,g_c3b5cdf29ded029b40bc97f5,6d627c16b300b1c77983c68fd866bb98ad6e1b444b4f032c2c9bc373ae1ea4aa,d_55b4aaaa4ff2435daab26bdf,Codex — agent-assisted initial review,2026-09-20T09:23:18.404604+00:00
2024:4050820241922067962,p0013,g_b325b7a7894d7f92a5bad9ed,04e82781ee9afe5b587f1108edb184edc37d2436afe2d22baaaac1e62a98fe27,d_a52642df314763d3479f3b00,Codex — agent-assisted initial review,2026-09-20T09:23:18.404604+00:00
2024:4050820241922067963,p0013,g_b325b7a7894d7f92a5bad9ed,5c9b92b53faa69133be9d154d4f27fb640904da703c9a6f2b8315a469c6e7c84,d_a52642df314763d3479f3b00,Codex — agent-assisted initial review,2026-09-20T09:23:18.404604+00:00
2024:4050820241922135998,p0020,g_7e8d332d88b30a56258acc03,dcd5f3da03511cf1267a0bb30b2e493b85e17d976b10a628367dfe07e41e461e,d_931d72607a7affd319a6cc16,Codex — agent-assisted initial review,2026-09-20T09:23:18.404604+00:00
2024:4050820241922165376,p0013,g_b325b7a7894d7f92a5bad9ed,ef6c0b873564cbb110bf919455473c50e7d7c13fd4d86953d8e1b249da465c8a,d_a52642df314763d3479f3b00,Codex — agent-assisted initial review,2026-09-20T09:23:18.404604+00:00
2024:4050820241922165377,p0013,g_b325b7a7894d7f92a5bad9ed,5135c60968fa1f4079ebd8914d2572c5389aba7cc763414085813e47d2dd7231,d_a52642df314763d3479f3b00,Codex — agent-assisted initial review,2026-09-20T09:23:18.404604+00:00
2024:4050820241922166450,p0013,g_29c1daae708eb369ffbde8ac,8b68f92a9b8eed63e78c931325b7d343bc36562f9336c21b6dfd5c60d8f6bd7c,d_3a7f012d3683ca246634af61,Codex — agent-assisted initial review,2026-09-20T09:23:18.404604+00:00
2024:4050820241922166451,p0013,g_29c1daae708eb369ffbde8ac,06ccbf26752d8bdf1eb18bd9b742024da0c41d545ab90b1cfd52954543a1ba7c,d_3a7f012d3683ca246634af61,Codex — agent-assisted initial review,2026-09-20T09:23:18.404604+00:00
2024:4050820241922167638,p0009,g_af1886602cf99e7622bf7af0,faede5ff1bf14860c58b99c8544a67d9d78ef266775bc90b1fa1fc9e14e584bb,d_857229ce21f533dd245732f6,Codex — agent-assisted initial review,2026-09-20T09:08:32.301672+00:00
2024:4050820251189219567,p0011,g_79048cc718a7d3b59d6e1333,0ed34a87850ee9f563fa6c1890fa437edbb2c4082888ef8d84d57fb2020eaf70,d_3ce1aef34fd7df757f55c8a4,Codex — agent-assisted initial review,2026-09-20T09:08:32.301672+00:00
2024:4050820251189251923,p0011,g_79048cc718a7d3b59d6e1333,7392c9c419456b8a8bcd4f1f903f6f1d07dcbde85aa92809cc008622f88743bc,d_3ce1aef34fd7df757f55c8a4,Codex — agent-assisted initial review,2026-09-20T09:08:32.301672+00:00
2024:4050920241922392035,p0017,g_e89f2daa6853028b8d55526b,d6403e9a6a8591ff87941d86f2ba0fbbf527b76dde154aa37a9d56db6e4dbcc3,d_52848835cf92314be1eaf516,Codex — agent-assisted initial review,2026-09-20T09:23:18.404604+00:00
2024:4050920241922401082,p0013,g_b325b7a7894d7f92a5bad9ed,97c9e19895e8ab3a0e461e6cc7a0d462cd09e77693e86b9df7c4f065c452dfe1,d_a52642df314763d3479f3b00,Codex — agent-assisted initial review,2026-09-20T09:23:18.404604+00:00
2024:4050920241922401085,p0013,g_b325b7a7894d7f92a5bad9ed,604f975f4b6be020fce7e04070609defbeafa88a09b2e7e0719bbed4c40bafdb,d_a52642df314763d3479f3b00,Codex — agent-assisted initial review,2026-09-20T09:23:18.404604+00:00
2024:4050920241922417700,p0013,g_b5c0d2d34d6e0e3bb8b21970,e65af045b17aa1d19cd2e6ef8c0eabb928efcfb0e56d0d47ad192d53c87f2609,d_6424db12810eb1e0845c6132,Codex — agent-assisted initial review,2026-09-20T09:23:18.404604+00:00
2024:4050920241922417701,p0013,g_b5c0d2d34d6e0e3bb8b21970,a0e57a6249e712f14b12eb69906fc02b03bfbaa19594fb2416e8f854c27f6494,d_6424db12810eb1e0845c6132,Codex — agent-assisted initial review,2026-09-20T09:23:18.404604+00:00
2024:4050920241922454927,p0013,g_3f37d75392c3ed60b8666dc1,10ccc9717bc0f9031a5d15f555cd2ebfcfe0297fa9e3e9c6be576749270b5f87,d_4418b0ccaa732725d7288063,Codex — agent-assisted initial review,2026-09-20T09:23:18.404604+00:00
2024:4050920241922454928,p0013,g_3f37d75392c3ed60b8666dc1,742306f6d30be35d06a9d85dc75cb232d78df74cfdcd63826e152d8e9bcff5e9,d_4418b0ccaa732725d7288063,Codex — agent-assisted initial review,2026-09-20T09:23:18.404604+00:00
2024:4050920241922515571,p0009,g_1b11ddd8e63303680084ed33,3c2b0dd8db83cacf0d946336ea29095271f88cfa4e320f438d72ddae2f37e32c,d_08d1f9ebfb9a85c0cf3f29f6,Codex — agent-assisted initial review,2026-09-20T09:08:32.301672+00:00
2024:4050920241922523434,p0009,g_3d1fd68d1b0a4de3b68715a1,0fc81529ca1232fa23f42d93dc51a50d3ce82601f49494beb437f03bb6a6a5a3,d_f04672894c8d189f46f6fedd,Codex — agent-assisted initial review,2026-09-20T09:08:32.301672+00:00
2024:4050920241922610959,p0004,g_235f01f68bd56ed60235eb88,c18276e95998ac527fc8a61b8d621c749932ef330523f154377e659ab848c704,d_06fa78ab5c242eadc30c0f96,Codex — agent-assisted initial review,2026-09-20T09:23:18.404604+00:00
2024:4050920241922683145,p0009,g_b50c30f55a08e91ab0013ef4,b495adcc5eda0df7444de5ad79a4e718a14bc25e12caf86626660fdff41a8ca4,d_bd7e358fb3ceccdb282f935a,Codex — agent-assisted initial review,2026-09-20T09:08:32.301672+00:00
2024:4050920241922684367,p0004,g_91fa64da98d48c59bd03ed17,4bfef6f037ec66edbfeb2ef4b9e143ec18699136c165f799f3121547c897f356,d_d437193d9f0c0904585c1bdc,Codex — agent-assisted initial review,2026-09-20T09:23:18.404604+00:00
2024:4050920241922691850,p0004,g_89826e446fa1aaddb7c18306,a31c560c9c1c51db761513644ac418a0be2b5c4c5239e586173d25069a1c3343,d_3073b7529cb442003b874292,Codex — agent-assisted initial review,2026-09-20T09:23:18.404604+00:00
2024:4050920251189341215,p0009,g_23e9a62a9661e33fbdd40ec0,433983e0d7aa293334d9950b69191370697539f2f8df7204e742932b0b656241,d_b3b88dbc2a96546d6935c32e,Codex — agent-assisted initial review,2026-09-20T09:08:32.301672+00:00
2024:4050920251189341216,p0009,g_23e9a62a9661e33fbdd40ec0,ebe26fe18b9e32d95a68780064c7ada0e8a3db59d15ea991a42e5d693f47f2c0,d_b3b88dbc2a96546d6935c32e,Codex — agent-assisted initial review,2026-09-20T09:08:32.301672+00:00
2024:4050920251189363797,p0019,g_3ed50d4cbca8b0ae7f65628a,3badf99a0179e1ce9f483bb5f6b955f997feb6f7dae6eb425c882d125a147cc1,d_2716dcb8b1645976b3685f81,Codex — agent-assisted initial review,2026-09-20T09:08:32.301672+00:00
2024:4050920251189755129,p0004,g_819c5bf624c7aa993ef7f42b,f37fa4aaf89f150433ff62dae11475010218df8d3fdc33fee51a2c19d5d815f5,d_e14d94fd79a55f526dc49be3,Codex — agent-assisted initial review,2026-09-20T09:23:18.404604+00:00
2024:4051020241922821566,p0009,g_f63c2095d30dc649a0e9730a,b57c9282c4e659621fe734156d366e6e5c6a6d813c43f6b12eb157e8044ada5e,d_f143a3bbab2f602e95d2b352,Codex — agent-assisted initial review,2026-09-20T09:08:32.301672+00:00
2024:4051020241922824682,p0009,g_af1886602cf99e7622bf7af0,b79849afea7e9726e57483ba9e79dd136c7cb124f4fc7bb3d16ec61e47a37ba7,d_857229ce21f533dd245732f6,Codex — agent-assisted initial review,2026-09-20T09:08:32.301672+00:00
2024:4051020241922824683,p0009,g_af1886602cf99e7622bf7af0,9a8e23b58ef4399a2cca570dc0c62e4a7df254b5453f24a13ba4a7bfdbedfbd4,d_857229ce21f533dd245732f6,Codex — agent-assisted initial review,2026-09-20T09:08:32.301672+00:00
2024:4051020241922824684,p0009,g_af1886602cf99e7622bf7af0,5ff40cf88bf96264ca607eaec127dc69b4583cadd9ec289867ab0a3113e989c1,d_857229ce21f533dd245732f6,Codex — agent-assisted initial review,2026-09-20T09:08:32.301672+00:00
2024:4051020241922866392,p0004,g_91fa64da98d48c59bd03ed17,705b4baa2c32cffb4e45fca45e7a2ff6aca27c64683b0e6c3fad182e6b2b7a08,d_d437193d9f0c0904585c1bdc,Codex — agent-assisted initial review,2026-09-20T09:23:18.404604+00:00
2024:4051020241922869166,p0013,g_23da60a471f4042a766c37c7,3e549626a66e49a28c25e5b4bc3333e6373246b8b5cf216f8a52355bd22da519,d_4cf2bd5474ecb5c28af2454b,Codex — agent-assisted initial review,2026-09-20T09:23:18.404604+00:00
2024:4051020241922869167,p0013,g_23da60a471f4042a766c37c7,5d7f55dfdbe8009e84e38c0f77f0ebdf62f1fe0e4038775da9f190f732e7f339,d_4cf2bd5474ecb5c28af2454b,Codex — agent-assisted initial review,2026-09-20T09:23:18.404604+00:00
2024:4051020241922870601,p0004,g_cbab15ce48d076a30793aa67,88a8a10c77d29c0db5fd01702802104e1ea17ec086f76c39dc90633b6d31ca40,d_b30d877f213e3fd8a4cd2f49,Codex — agent-assisted initial review,2026-09-20T09:23:18.404604+00:00
2024:4051020241922883297,p0013,g_ca3812b372e69109e3a5ae68,902ca201df7f4da5d39127056406e32e97085ab896ce9f19211f6ab09393ab99,d_c78c17fdb9b9492ec59ed475,Codex — agent-assisted initial review,2026-09-20T09:23:18.404604+00:00
2024:4051020241922883298,p0013,g_ca3812b372e69109e3a5ae68,c886ab72cdb4e5126a82598044a1a9e393525768040ef43ab15135ec6bc60cb5,d_c78c17fdb9b9492ec59ed475,Codex — agent-assisted initial review,2026-09-20T09:23:18.404604+00:00
2024:4051020241922883299,p0013,g_ca3812b372e69109e3a5ae68,9d08f4100a39b6db9a50ccdd0c7cf5b5b31e3248b05a5be6f4f8415c7cf8aaee,d_c78c17fdb9b9492ec59ed475,Codex — agent-assisted initial review,2026-09-20T09:23:18.404604+00:00
2024:4051020241922887905,p0013,g_e5cf5b165482ab882be8066a,db940fe42c07f80db594a4f3aa3634772724ea86ec5918140ddb2a6c577f156b,d_b01060a4b6460405340fe9f3,Codex — agent-assisted initial review,2026-09-20T09:23:18.404604+00:00
2024:4051020241922887906,p0013,g_e5cf5b165482ab882be8066a,f8f8f53aa28eef86d226c614c98b2ae665129b4c9640cbf389f9bbd03e5b616c,d_b01060a4b6460405340fe9f3,Codex — agent-assisted initial review,2026-09-20T09:23:18.404604+00:00
2024:4051020241922887968,p0009,g_af1886602cf99e7622bf7af0,0670bd433471f8d6c00da2585f60b190c5baa9b87d2f3bb62518469d04d2fc66,d_857229ce21f533dd245732f6,Codex — agent-assisted initial review,2026-09-20T09:08:32.301672+00:00
2024:4051020241922889956,p0009,g_898f2153d4bd52167d732c6d,34a2eda06f507e4fcd7dff2e8eb648f59103c0704e04812d8628c43acd16ee4c,d_5f500cf8e22fca028d4c5aad,Codex — agent-assisted initial review,2026-09-20T09:08:32.301672+00:00
2024:4051020241922892823,p0007,g_8670ffbf774442747269c3bc,47a5239e6330d4527d98a4da06c9ac8da8134f316af93377bca79e3d2f6308b9,d_0b44a1024314b854c9ae63b1,Codex — agent-assisted initial review,2026-09-20T09:23:18.404604+00:00
2024:4051020241922892824,p0007,g_8670ffbf774442747269c3bc,44c34bd25348495789aa58edd107d8ec1db4a7e66d8d1100a5e4b0a233009a4b,d_0b44a1024314b854c9ae63b1,Codex — agent-assisted initial review,2026-09-20T09:23:18.404604+00:00
2024:4051020241922892825,p0007,g_8670ffbf774442747269c3bc,c5aedaedb49bcea57d1ce9878277b2864b00c8bcece94e53af456ea886842d58,d_0b44a1024314b854c9ae63b1,Codex — agent-assisted initial review,2026-09-20T09:23:18.404604+00:00
2024:4051020251190062526,p0015,g_236d0937eb762b6d8ab80430,0b0b32f9b7eee1949dee30f812d5405b413b7a27a017c01109cb51618029ecf8,d_0e69603aae2fcfcfcf180531,Codex — agent-assisted initial review,2026-09-20T09:23:18.404604+00:00
2024:4051020251190644565,p0015,g_236d0937eb762b6d8ab80430,e83ca12161a3237b78ac92909242fe9a3d9c3b89916f966f19100a03a5a83143,d_0e69603aae2fcfcfcf180531,Codex — agent-assisted initial review,2026-09-20T09:23:18.404604+00:00
2024:4051020251191723081,p0015,g_236d0937eb762b6d8ab80430,ef16afdc02d7363f6588d0d79471dc39d6c5d2f8e1db7e2525514a06a66fe51a,d_0e69603aae2fcfcfcf180531,Codex — agent-assisted initial review,2026-09-20T09:23:18.404604+00:00
2024:4051020251191938877,p0015,g_236d0937eb762b6d8ab80430,9c9ba20b91a1d3118b010e954fbaafba47e14aedcc48c2283908b5aafc3ab113,d_0e69603aae2fcfcfcf180531,Codex — agent-assisted initial review,2026-09-20T09:23:18.404604+00:00
2024:4051020251192270384,p0015,g_236d0937eb762b6d8ab80430,57093cfaa66009c9749143f47fe1eaada6a6c45a6f326f41f32d52aa682d47a4,d_0e69603aae2fcfcfcf180531,Codex — agent-assisted initial review,2026-09-20T09:23:18.404604+00:00
2024:4051020251192922450,p0015,g_236d0937eb762b6d8ab80430,6b276cd27e00b837c7b980611cf316e3a5c3469447b0d7d30e3f490896159f9f,d_0e69603aae2fcfcfcf180531,Codex — agent-assisted initial review,2026-09-20T09:23:18.404604+00:00
2024:4051020251192974363,p0015,g_236d0937eb762b6d8ab80430,eb649ef14c67b26b8539e6dca4f63d220cbf235e84128e872acf179490a1fa6e,d_0e69603aae2fcfcfcf180531,Codex — agent-assisted initial review,2026-09-20T09:23:18.404604+00:00
2024:4051020251193155402,p0015,g_236d0937eb762b6d8ab80430,7fc218c5453b62b35c3c47eeb033375995cb0027943898328ce2ad5c92b84557,d_0e69603aae2fcfcfcf180531,Codex — agent-assisted initial review,2026-09-20T09:23:18.404604+00:00
2024:4051120241922942597,p0004,g_23f773e354da8f78fe8b2c5d,512da0958d7c5e5dcae8f7e532a2dd91393466cec59a451b357e60b391e500cf,d_18f4a3a0c25645f3856b8c87,Codex — agent-assisted initial review,2026-09-20T09:23:18.404604+00:00
2024:4051220251193609350,p0002,g_7c24fd792500aa9992c814a6,7a5f7ca770fc460d8379d922308a71eeb81da703890fe23f0f1d577f72265ea6,d_db6477ed92bf0bcc0c050fe2,Codex — agent-assisted initial review,2026-09-20T09:23:18.404604+00:00
2024:4051320241923162985,p0009,g_dfc1a5c855a30f444e57a302,7ab8bdc06444832847493be710ea1a457d0cc34d9c948ceaddb0626abf2b9a03,d_9cc28f81f56941450d13af47,Codex — agent-assisted initial review,2026-09-20T09:08:32.301672+00:00
2024:4051320241923171607,p0013,g_b5c0d2d34d6e0e3bb8b21970,2be09c04060d19411c67b539bd377716b4111c0cdce8ae2a9db3359049806858,d_6424db12810eb1e0845c6132,Codex — agent-assisted initial review,2026-09-20T09:23:18.404604+00:00
2024:4051320241923171608,p0013,g_b5c0d2d34d6e0e3bb8b21970,b8332c1564f396772e4356f132126f0c554910b52eada4e89a614214a5897c7a,d_6424db12810eb1e0845c6132,Codex — agent-assisted initial review,2026-09-20T09:23:18.404604+00:00
2024:4051320241923171609,p0013,g_b5c0d2d34d6e0e3bb8b21970,1cefcb820b553a7e7485f642e8b001442b40b234c7eab75762e66473012b1f0c,d_6424db12810eb1e0845c6132,Codex — agent-assisted initial review,2026-09-20T09:23:18.404604+00:00
2024:4051320241923171610,p0013,g_b5c0d2d34d6e0e3bb8b21970,919ff4b08e244a00af1eaaa35588a4b17b878cc172c2a2940a66b9e1c8ec05e7,d_6424db12810eb1e0845c6132,Codex — agent-assisted initial review,2026-09-20T09:23:18.404604+00:00
2024:4051320241923171611,p0013,g_b5c0d2d34d6e0e3bb8b21970,da30a57e8416268a3e26a9f91d0eacdb683039044e573ad38be76c1d92c390fd,d_6424db12810eb1e0845c6132,Codex — agent-assisted initial review,2026-09-20T09:23:18.404604+00:00
2024:4051320241923171979,p0010,g_4a5360e12c411d6f9ae418d3,489c1200a48e42d50ae3354c58b2e913634b1169ba0df06c9e005d30c2f53ae3,d_f494ef01e2c6d61bf9dc8f25,Codex — agent-assisted initial review,2026-09-20T09:08:32.301672+00:00
2024:4051320241923171980,p0010,g_4a5360e12c411d6f9ae418d3,48ac29bf2075d64b2b495b53b711c9e249089ee3f093dd8865aba617fd4e424a,d_f494ef01e2c6d61bf9dc8f25,Codex — agent-assisted initial review,2026-09-20T09:08:32.301672+00:00
2024:4051320241923175069,p0010,g_8b43b4c5ab6a3d7ea7a71170,71d09989c24319dffbb3378f1b84d6b237a32312dca655f10d17a4eaac384f13,d_e063226213bab9d480056b63,Codex — agent-assisted initial review,2026-09-20T09:08:32.301672+00:00
2024:4051320241923175150,p0010,g_8b43b4c5ab6a3d7ea7a71170,c87da2059f915d98c5813e807e1a1eaf3bb9b5c346c38dde75439f5e1536c2ac,d_e063226213bab9d480056b63,Codex — agent-assisted initial review,2026-09-20T09:08:32.301672+00:00
2024:4051320241923183222,p0004,g_533b99cae13b20adfeee2dec,63f824ca96f481806898c8122ad4c59fc01c78c0504d29cf62751c070363a91f,d_0141d6cf2a985b3c36c657e4,Codex — agent-assisted initial review,2026-09-20T09:23:18.404604+00:00
2024:4051320241923183764,p0004,g_533b99cae13b20adfeee2dec,e48e13bbfff9bc43de4d533b3600ab46b81221a1ae4602a7636989bbdddf4d30,d_0141d6cf2a985b3c36c657e4,Codex — agent-assisted initial review,2026-09-20T09:23:18.404604+00:00
2024:4051420241923228895,p0013,g_886af3ba8a1db8407a6736f8,6d7fe77f7b26c6eb6010ab4c18c64303cb62762fc91e0aaa99cbd38ec66516cf,d_c0381fff5f9e0109b981624e,Codex — agent-assisted initial review,2026-09-20T09:23:18.404604+00:00
2024:4051420241923229085,p0013,g_886af3ba8a1db8407a6736f8,6273899d8b1fc2bbc0c35de71c2bd75a7fa8a3db0ac6e3da9ffc8468e45f11a5,d_c0381fff5f9e0109b981624e,Codex — agent-assisted initial review,2026-09-20T09:23:18.404604+00:00
2024:4051420241923230456,p0004,g_91fa64da98d48c59bd03ed17,2c0c72fcf90703dac6215a6f58a999210b5efd90020786139dfc853d54b43fb1,d_d437193d9f0c0904585c1bdc,Codex — agent-assisted initial review,2026-09-20T09:23:18.404604+00:00
2024:4051420241923232865,p0004,g_91fa64da98d48c59bd03ed17,69eea04ae67e5803464beb59cf739971701013b5c109569853c205787df100eb,d_d437193d9f0c0904585c1bdc,Codex — agent-assisted initial review,2026-09-20T09:23:18.404604+00:00
2024:4051420241923233289,p0013,g_b325b7a7894d7f92a5bad9ed,7563d885770d5b0c9854eef4a8e6e2502a8f769cc42fafbcb60a3c4f20c540bf,d_a52642df314763d3479f3b00,Codex — agent-assisted initial review,2026-09-20T09:23:18.404604+00:00
2024:4051420241923233357,p0013,g_b325b7a7894d7f92a5bad9ed,8409d45669a249a3b68a28b1e3b7677d96097d782916ef9dc376b55d223c6026,d_a52642df314763d3479f3b00,Codex — agent-assisted initial review,2026-09-20T09:23:18.404604+00:00
2024:4051420241923234507,p0004,g_91fa64da98d48c59bd03ed17,b672d652c8b564b08b87bee8758a988b62a25936510a9dbd6d14a6b9ffb04598,d_d437193d9f0c0904585c1bdc,Codex — agent-assisted initial review,2026-09-20T09:23:18.404604+00:00
2024:4051420241923238938,p0013,g_e7125b784fb0e5236be81619,a80b8d51c6d63cee3b75ac6c4688d8782021de2162f7bb98d8d4191754738b39,d_88c29b29cb31d7b9b3d1d90a,Codex — agent-assisted initial review,2026-09-20T09:23:18.404604+00:00
2024:4051420241923239057,p0013,g_e7125b784fb0e5236be81619,d39bcf39ce4c110ddc57b918787efd86a6165bf54041247b85dc105d99fa6e64,d_88c29b29cb31d7b9b3d1d90a,Codex — agent-assisted initial review,2026-09-20T09:23:18.404604+00:00
2024:4051420241923335496,p0002,g_f02dbc68be39e85a1709d778,82cf631946416ecf05d15433d5b75ffd20b19a39fd1cfe3127737695d4c06f82,d_efc0c4b2f243b958ee7748e5,Codex — agent-assisted initial review,2026-09-20T09:23:18.404604+00:00
2024:4051420241923462071,p0013,g_e5cf5b165482ab882be8066a,e187f34b87062f5ed649e65c4d471897afc0c4f3da10981f1221385788d53d28,d_b01060a4b6460405340fe9f3,Codex — agent-assisted initial review,2026-09-20T09:23:18.404604+00:00
2024:4051420241923519782,p0010,g_9e74b58acd6939633ae90ac8,b00963a014f63b3fe095e32a64538355206c6318c7493ac932f710ddccb0e4b9,d_48aa13c8c9532027aa9d9088,Codex — agent-assisted initial review,2026-09-20T09:08:32.301672+00:00
2024:4051420241923519783,p0010,g_9e74b58acd6939633ae90ac8,78c3076ae1e882dc829a5c0943385ca0221d268442c58462fc69401a79c665dc,d_48aa13c8c9532027aa9d9088,Codex — agent-assisted initial review,2026-09-20T09:08:32.301672+00:00
2024:4051420241923519784,p0010,g_9e74b58acd6939633ae90ac8,e4ee911accb771cba85c8c51435ccf80110b77809c91052c98902217311d3727,d_48aa13c8c9532027aa9d9088,Codex — agent-assisted initial review,2026-09-20T09:08:32.301672+00:00
2024:4051420241923553786,p0012,g_66a98ff28415b7389db6105c,a283c3951e1ba9a1784663ea22a063f9b1328ebdffa785ef7eb30c55944cad98,d_7a176a4d58423b39f7f41afe,Codex — agent-assisted initial review,2026-09-20T09:23:18.404604+00:00
2024:4051420241923553788,p0012,g_66a98ff28415b7389db6105c,ea84eaf4188499cdc1a6c341be0a21b927b86212e4ae7029d5f59ad96fa81d95,d_7a176a4d58423b39f7f41afe,Codex — agent-assisted initial review,2026-09-20T09:23:18.404604+00:00
2024:4051620241949461061,p0017,g_74025ba0d28dfbc14f7e7795,89393f37db7c95496330eabc0ce9abae2978d0f82d5b4e35204be3b41aecb99c,d_1839100fecfe28af44b97371,Codex — agent-assisted initial review,2026-09-20T09:23:18.404604+00:00
2024:4051620241949465684,p0002,g_62fb8c02c7e6a23fd3ee1793,b73ae01643b2f6f64579d16d1376a24ce0c6f3435ba71310db8732076b734da4,d_802613e95370cdab8a19d2c7,Codex — agent-assisted initial review,2026-09-20T09:23:18.404604+00:00
2024:4051620241949475664,p0011,g_07038da5b70b0a37dc1a74f7,d02a11c8504db0342e1fc4f2a7fcb4ee5a293541e0657a0106c0fdb8559dfbd3,d_b25600b55b34a5b70956d962,Codex — agent-assisted initial review,2026-09-20T09:08:32.301672+00:00
2024:4051620241949475666,p0011,g_07038da5b70b0a37dc1a74f7,0804b2b5128325cb9a121bc33db50d144ed562ce765642112345519b10083232,d_b25600b55b34a5b70956d962,Codex — agent-assisted initial review,2026-09-20T09:08:32.301672+00:00
2024:4051620241949482616,p0002,g_62fb8c02c7e6a23fd3ee1793,aed650e116da2a4b2c61f11eeeceafb5b9c68442f9889d0b473e19508d73e35f,d_802613e95370cdab8a19d2c7,Codex — agent-assisted initial review,2026-09-20T09:23:18.404604+00:00
2024:4051620241949482617,p0002,g_62fb8c02c7e6a23fd3ee1793,8a1c6d715d7697b64e2d1c514e1aa3a2939864dbdbd25d8751aac380d9a3f050,d_802613e95370cdab8a19d2c7,Codex — agent-assisted initial review,2026-09-20T09:23:18.404604+00:00
2024:4051620241949482618,p0002,g_62fb8c02c7e6a23fd3ee1793,972ef2921e0256b74ffc9ff98acc26ccce46e2bf443749215ad9a8e317f0ce30,d_802613e95370cdab8a19d2c7,Codex — agent-assisted initial review,2026-09-20T09:23:18.404604+00:00
2024:4051620241949500474,p0002,g_8aac48dd3821037480c6b835,2f3bf2053f5e3f7d0025db132aea2d50ad4ad4c134fcda556a30911171da52e0,d_7fa489a47f0e9105eac463bb,Codex — agent-assisted initial review,2026-09-20T09:23:18.404604+00:00
2024:4051620251202927031,p0011,g_d923881f72a1b2676cdaa4cf,2ea454e0e71015b111fee1157504cef34b818b3ffc215794edc31d6f8267259a,d_08d7f03c85577eb58210ee82,Codex — agent-assisted initial review,2026-09-20T09:08:32.301672+00:00
2024:4051720241949557195,p0012,g_207c07cfa01d5a1a29168ab7,0108a860b9875627416caa53aa23218b73bd827aca1334c7f70e5b78090d19fa,d_de2c4a67b896829b09fae9b3,Codex — agent-assisted initial review,2026-09-20T09:23:18.404604+00:00
2024:4051720241949557532,p0004,g_3c19e4fc60c9f1d69f7a8fe9,6a75fa8d0dc2671c7f11d0a475a6f8960fb720ca812f366b68273af7fbae0f50,d_8216a44fa32bdadfdef130b4,Codex — agent-assisted initial review,2026-09-20T09:23:18.404604+00:00
2024:4051720241949567889,p0011,g_07038da5b70b0a37dc1a74f7,5a3bb3bf2552b2fdee35afd92844b957f384c53b954123b6ba1165749b396fe3,d_b25600b55b34a5b70956d962,Codex — agent-assisted initial review,2026-09-20T09:08:32.301672+00:00
2024:4051720241949581185,p0010,g_6f2f9bd07b337ff15bc27b34,7ca75641385828dc6a2cbfbd584765b721c45b2d33af597833e481a45400fbc1,d_a1811fd6e16a23988c217399,Codex — agent-assisted initial review,2026-09-20T09:08:32.301672+00:00
2024:4051820231747788427,p0009,g_6789e31f13f4aa757bf51b37,b5e9406b306cabd36d5becfe1326de321981ca4e6e2d366bb732d276ec7041b0,d_b39ad89b7ac753c065c828c0,Codex — agent-assisted initial review,2026-09-20T09:08:32.301672+00:00
2024:4051920231747834942,p0019,g_144e139836c304426cba1524,5ba754db94b06bc55f1653b6b25592170be3b7154d7a930313b799fcfb84f693,d_5b483630576c4bac38e607e1,Codex — agent-assisted initial review,2026-09-20T09:08:32.301672+00:00
2024:4052020231747925841,p0015,g_7ea32166e2d60b6b222dd057,1dd0ec1b082220e521f168d56c6175b8f25189053d291974562e884d08220a9a,d_910853b92dcc55ba584c1c4b,Codex — agent-assisted initial review,2026-09-20T09:23:18.404604+00:00
2024:4052020231747930715,p0010,g_51e4f9f93a02d6a057fbe38d,0d8a4f0ce35aaa387bd0008947f38e6165067b40756ed5eeb051dcb29deb3c68,d_9416bc51e040094980d3d034,Codex — agent-assisted initial review,2026-09-20T09:08:32.301672+00:00
2024:4052020231747940103,p0015,g_7ea32166e2d60b6b222dd057,dd6c98a4e2d4c0f06317131d6d2697c4df6bbb2c4080c47d9f218037f8449c04,d_910853b92dcc55ba584c1c4b,Codex — agent-assisted initial review,2026-09-20T09:23:18.404604+00:00
2024:4052020241949707280,p0015,g_2e61bbc4c32f9b3fdd8650ca,ca857eddab2c77f112af15721d3635bccffdc155533fc11e6ff81b130732fb77,d_e7034628efec4fc61a2482fe,Codex — agent-assisted initial review,2026-09-20T09:23:18.404604+00:00
2024:4052020241949707281,p0004,g_77e6fc5ed04215f35e43f509,7894b4c07c79dda43e89b167f3d7fe1366426c34c2cfcb0049cb626e7b835c4b,d_7dc248eca486feb7f305af5d,Codex — agent-assisted initial review,2026-09-20T09:23:18.404604+00:00
2024:4052020241949727269,p0015,g_36b268e26f69f523262bd80a,e01af615732abac3e91f571b126120ad100cabca20cb92346bc27a92694ab872,d_7287f01b3cea95991fd923b5,Codex — agent-assisted initial review,2026-09-20T09:23:18.404604+00:00
2024:4052120241949862850,p0003,g_ee648964a90e99994c901ed1,94a3efee7eae98ec9b07766513fac5a9fceaa37a97f41a82658ab3a2081e9914,d_1e49ad28ed93327d64ae60f2,Codex — agent-assisted initial review,2026-09-20T09:23:18.404604+00:00
2024:4052120241949862852,p0002,g_f1f63d4acf9e35615d3e020b,d8634a1f739e81a29d6f229b6ef1320987e80bcd77e3f0fb41996a93d1d85098,d_654a67ad9d1159ec44936a9a,Codex — agent-assisted initial review,2026-09-20T09:23:18.404604+00:00
2024:4052120241949996392,p0002,g_615df3fccc427abdcf9caf8d,337c64a31609895ad62013fa3be8185f599db534428149d3407238e814c6e4b9,d_98d342b72240be32c64837ab,Codex — agent-assisted initial review,2026-09-20T09:23:18.404604+00:00
2024:4052120241949996394,p0003,g_ba92c8c4c66fb8d7f901b96e,b4b31d7cfdb92aeace3aee61e3b79ef6ddeb700faef117b9d02bf91e8dab6f2c,d_7ff6fdf9804f6283d78e7f81,Codex — agent-assisted initial review,2026-09-20T09:23:18.404604+00:00
2024:4052220251203713558,p0014,g_a3749f8abe928abdaf08d2a4,e61b2df4551ba3f7a25c228c482a8d94d473dd59e94a6906d80d52663fb38ac7,d_e112fbf655c920a10e2cf107,Codex — agent-assisted initial review,2026-09-20T09:08:32.301672+00:00
2024:4052220251203713619,p0008,g_96626fdbb5c53da375591734,3a2d21c5e6140924afb2d985acd69efdba72c3cfa64b36af81441d0d6a8de807,d_da78eaedbb63e727e381bcc8,Codex — agent-assisted initial review,2026-09-20T09:08:32.301672+00:00
2024:4052220251203713742,p0015,g_89d648ced8ba089653e2f0c3,608f24c1ed17232dec7f95e030d37440b3bfe64a3e0cb981cb35fb7f81235880,d_249561f427dbc5ad38d7e12c,Codex — agent-assisted initial review,2026-09-20T09:23:18.404604+00:00
2024:4052320241950415904,p0004,g_c63dd759cfcc3d6d0f68db49,7856e2f2de53e7ce86116f2f0352e92279c74a011bef827996b89f3cf09c3ee4,d_441d837973808655bdc275b5,Codex — agent-assisted initial review,2026-09-20T09:23:18.404604+00:00
2024:4052320241950460951,p0009,g_79036609b01a6880cdf224de,4f4a36a945494207eb158349b956c35f77e07e7b5487bc84a33f3ac0cf29c113,d_3b169b0d909a6821a71d4fac,Codex — agent-assisted initial review,2026-09-20T09:08:32.301672+00:00
2024:4052320241950600142,p0013,g_b325b7a7894d7f92a5bad9ed,f68c717f8404b6821aba5cbb0ed3aeb1d30bad77b17d6a118e1fcee67f7fa52f,d_a52642df314763d3479f3b00,Codex — agent-assisted initial review,2026-09-20T09:23:18.404604+00:00
2024:4052320241950600143,p0013,g_b325b7a7894d7f92a5bad9ed,1cb7cad019ccc75cddab7d67945df1cb249fcdbc1d1dcac09212602cb86fcf94,d_a52642df314763d3479f3b00,Codex — agent-assisted initial review,2026-09-20T09:23:18.404604+00:00
2024:4052320251204077495,p0005,g_e09446cdaa4975a3d96cd34f,8797b465f30bd4ec187eac5006c2b508a3546be95cf6a63a86716fa6f6e0374c,d_908b6ff2ee1d9302cab5a636,Codex — agent-assisted initial review,2026-09-20T09:08:32.301672+00:00
2024:4052820251204279420,p0002,g_b11b6ffa3276766907a3253d,4b6b5f13f8e27f97e6714fb9b36e0ce0f2c286225d25fc4ec9ef12f6dae0c578,d_ebbb038845b19407a8b6a9c1,Codex — agent-assisted initial review,2026-09-20T09:23:18.404604+00:00
2024:4052820251204284833,p0003,g_aef1717d344292565d2cccc5,669366f6cf174eca24e7294824a38637fcc4683258dd482474fde87e34e91e79,d_6af7b366bb71d57f878ef24c,Codex — agent-assisted initial review,2026-09-20T09:23:18.404604+00:00
2024:4052920241951101005,p0015,g_58bbe67adde2e16455b22516,e78850a63bc1e8de6312b462407dccd77e0ed9d3a750f66c8082af34966f4dc1,d_847cee80aab9aaef6873ebb6,Codex — agent-assisted initial review,2026-09-20T09:23:18.404604+00:00
2024:4052920241951140924,p0015,g_471bd74ae46000db3e639c5d,cc7a63957ce691d9029a46a382b382eff65948737b9a9a7930cdc51ff5765bb7,d_c06eb69a50734a3874c473f1,Codex — agent-assisted initial review,2026-09-20T09:23:18.404604+00:00
2024:4052920241951140928,p0015,g_471bd74ae46000db3e639c5d,2102278dc00d201c67653c0f7f07ea282267f9227570b7f892625ae460e213fb,d_c06eb69a50734a3874c473f1,Codex — agent-assisted initial review,2026-09-20T09:23:18.404604+00:00
2024:4052920241951165423,p0002,g_bde236a37d07a2431b7c1630,4cff47318829d766efe80e029befe3941b961870e16c76a7e3d29bbcc6819b68,d_aae06956d1bd2773cfdfd88a,Codex — agent-assisted initial review,2026-09-20T09:23:18.404604+00:00
2024:4052920241951166162,p0003,g_554894c4490b0685aaf85533,07acf5a296bac9a0daedfc22bb100e744ab931c5d8d975778b820a204fbd4aff,d_b59a595f8ae488e44f0c573c,Codex — agent-assisted initial review,2026-09-20T09:23:18.404604+00:00
2024:4052920241951202246,p0004,g_89826e446fa1aaddb7c18306,a8523538156c6b205333a6c08c788127d4316235b62cab8b77babccb761d59d5,d_3073b7529cb442003b874292,Codex — agent-assisted initial review,2026-09-20T09:23:18.404604+00:00
2024:4053020241951401887,p0015,g_65c72c253ab4ce0816e937e6,e77b201d6a9e076861890de90e54b1d58504221cff9daf30aab6d603d3991759,d_d7dd864b3cf4c1be3fb385ea,Codex — agent-assisted initial review,2026-09-20T09:23:18.404604+00:00
2024:4053020241951401888,p0015,g_65c72c253ab4ce0816e937e6,e22bdacac08a417b1043f464d5dfdc6537d048cc313f24ab9568bc2f1da1108b,d_d7dd864b3cf4c1be3fb385ea,Codex — agent-assisted initial review,2026-09-20T09:23:18.404604+00:00
2024:4053020241951583540,p0017,g_1f8b71aaf45e7d58e2fc27a7,cf5a57a322dcc0840364c11bb56a6cf62add1308c1082d62087138312ec144da,d_7e1096cb321ab2b20edf0542,Codex — agent-assisted initial review,2026-09-20T09:23:18.404604+00:00
2024:4053020241951583658,p0017,g_1f8b71aaf45e7d58e2fc27a7,f41f3e09f634b46295398efb9e00cbebaba4711b80d41e7d53046f4473fa7b30,d_7e1096cb321ab2b20edf0542,Codex — agent-assisted initial review,2026-09-20T09:23:18.404604+00:00
2024:4053020241951592577,p0003,g_837d27b62c9bd79a33a68b19,ba54905a3102da44817e58cb03d8425d99a0c96a2c9a54efe5a5acea15416e37,d_2044036b510df0028b8d7f71,Codex — agent-assisted initial review,2026-09-20T09:23:18.404604+00:00
2024:4053020241951635263,p0015,g_7f36a5a90a400684f2c4efbc,9d25f2345cc8459e6d7b541d78c3d78d0a233bc1c94ace51d3b0bc5b387e5df4,d_fe8f3376fbee90fdaceeca55,Codex — agent-assisted initial review,2026-09-20T09:23:18.404604+00:00
2024:4060220231748659029,p0009,g_898f2153d4bd52167d732c6d,215e0b1e428557297c1f942ab98abaf27daf60df6391e01107874803a7f0057a,d_5f500cf8e22fca028d4c5aad,Codex — agent-assisted initial review,2026-09-20T09:08:32.301672+00:00
2024:4060220251204382146,p0005,g_e09446cdaa4975a3d96cd34f,496c5523b643e438c30f7890086ef1796b328f98eace1241340db91ca53f7d7c,d_908b6ff2ee1d9302cab5a636,Codex — agent-assisted initial review,2026-09-20T09:08:32.301672+00:00
2024:4060220251204382163,p0005,g_e09446cdaa4975a3d96cd34f,2352d77cba94977e56cd2541dab87631fb56a4074644cf7177044389a2ad72de,d_908b6ff2ee1d9302cab5a636,Codex — agent-assisted initial review,2026-09-20T09:08:32.301672+00:00
2024:4060220251204382194,p0005,g_e09446cdaa4975a3d96cd34f,87a6c3efc5b5d0352ff667940d978f08e68148f3debdbad63dad0a4fffdd1f25,d_908b6ff2ee1d9302cab5a636,Codex — agent-assisted initial review,2026-09-20T09:08:32.301672+00:00
2024:4060220251204382209,p0005,g_e09446cdaa4975a3d96cd34f,088f721758cf294dc66010dc10a5669019ad226dcaa4450fa113cf1758d77863,d_908b6ff2ee1d9302cab5a636,Codex — agent-assisted initial review,2026-09-20T09:08:32.301672+00:00
2024:4060220251204382328,p0005,g_e09446cdaa4975a3d96cd34f,23eae31b160fae08e8c154794671f276a6573bed815f20832e206fbebb7a754f,d_908b6ff2ee1d9302cab5a636,Codex — agent-assisted initial review,2026-09-20T09:08:32.301672+00:00
2024:4060220251204382334,p0004,g_d579f3471d5343327aa39f82,634b861e3475f315f3ee1545e907fb2042a7f681a63561de90a0f1d48359242d,d_90115673c8c2ee0f9c12181b,Codex — agent-assisted initial review,2026-09-20T09:23:18.404604+00:00
2024:4060220251204382371,p0005,g_e09446cdaa4975a3d96cd34f,fd9db6e4925d6a9a874284127c888ec4bb2e102dd05b1ef288f39b400fc86d90,d_908b6ff2ee1d9302cab5a636,Codex — agent-assisted initial review,2026-09-20T09:08:32.301672+00:00
2024:4060220251204382378,p0005,g_e09446cdaa4975a3d96cd34f,ccae6d3a2baabed21d8229805449812f729bbc958bd3a005c19aa2a660d91e59,d_908b6ff2ee1d9302cab5a636,Codex — agent-assisted initial review,2026-09-20T09:08:32.301672+00:00
2024:4060220251204382380,p0014,g_a75e7816b50e3ef9447bb5a3,fc5286206d65b72719eeff4f0a1ba749cdefb12d715ab32a115fcdb3c78f7e60,d_07c29dbcc2a0bffffc64f07a,Codex — agent-assisted initial review,2026-09-20T09:08:32.301672+00:00
2024:4060320241951921425,p0011,g_23fcd7b87cf602b4b3f207bc,b6221933d5ed90133ead291a5bca14502c244b5d3fe96cd61b2e44fb780eaff5,d_a28177f04782f115eda20b9b,Codex — agent-assisted initial review,2026-09-20T09:08:32.301672+00:00
2024:4060320241951925879,p0011,g_23fcd7b87cf602b4b3f207bc,63ad5eb52fe6ebc0c43927ce0f4b1f4b4207d0202fc49c0ff4335b2551836617,d_a28177f04782f115eda20b9b,Codex — agent-assisted initial review,2026-09-20T09:08:32.301672+00:00
2024:4060320241951925880,p0011,g_23fcd7b87cf602b4b3f207bc,3b8e972b5159888ba5c6e39112f3aa146c57432586198482af299397e7fefd8e,d_a28177f04782f115eda20b9b,Codex — agent-assisted initial review,2026-09-20T09:08:32.301672+00:00
2024:4060320241951934024,p0004,g_2a7863f48dae85524e20ef60,0336b51723f9546e4e4298da4093c0324fdf9135a5d54f46cd376814520ade37,d_9b35a0a19dfe97fdd7874832,Codex — agent-assisted initial review,2026-09-20T09:23:18.404604+00:00
2024:4060320241952181306,p0004,g_91fa64da98d48c59bd03ed17,264b9480b4984ca8c58717f4bff63dbddba1296cf0c01e3c33b300a1bd06fcf1,d_d437193d9f0c0904585c1bdc,Codex — agent-assisted initial review,2026-09-20T09:23:18.404604+00:00
2024:4060320241953355809,p0013,g_b325b7a7894d7f92a5bad9ed,579a6a8da56fc12f48c9d2e1413703487aa12a318d75c8802deb60434b940548,d_a52642df314763d3479f3b00,Codex — agent-assisted initial review,2026-09-20T09:23:18.404604+00:00
2024:4060320241953355810,p0013,g_b325b7a7894d7f92a5bad9ed,73a6b69d26b35254310a6f0837202f994ef766461b7f00be57a40d5342cd0a5c,d_a52642df314763d3479f3b00,Codex — agent-assisted initial review,2026-09-20T09:23:18.404604+00:00
2024:4060320241953355811,p0013,g_b325b7a7894d7f92a5bad9ed,f993122ed87bc0fa542fcc73eb774d5558b7b5d86f5c5b0f156fecabe21c6eb3,d_a52642df314763d3479f3b00,Codex — agent-assisted initial review,2026-09-20T09:23:18.404604+00:00
2024:4060320241953355812,p0013,g_b325b7a7894d7f92a5bad9ed,a3c08c036293ec19382370744312557c21f3eb0c2bf567db6cf8239a73edeb18,d_a52642df314763d3479f3b00,Codex — agent-assisted initial review,2026-09-20T09:23:18.404604+00:00
2024:4060320241953355813,p0013,g_b325b7a7894d7f92a5bad9ed,60e1c6122b12eb356ac08dc312b8c0d773e8f65cf1afb7f7a3b83ebdc54b6df8,d_a52642df314763d3479f3b00,Codex — agent-assisted initial review,2026-09-20T09:23:18.404604+00:00
2024:4060420241955695965,p0004,g_b0c9daa0610f513e734e410d,fd1735aaf91a0c333494994fb9bc38f5de84b29ea25eca804f75c7a40f2bf4b8,d_685c106636415f5c7193eed4,Codex — agent-assisted initial review,2026-09-20T09:23:18.404604+00:00
2024:4060420241956542740,p0011,g_1fcc3d5915ab097200849a1c,55d198cd2ed58a705424d54543f3d54dde73eb48d0324e33240d37ca258fffd0,d_132b57959510db404fa3ebaa,Codex — agent-assisted initial review,2026-09-20T09:08:32.301672+00:00
2024:4060420241956542741,p0011,g_1fcc3d5915ab097200849a1c,82699d238350409b1c8a75d98d056a686fac37999aa0af09693985c880189330,d_132b57959510db404fa3ebaa,Codex — agent-assisted initial review,2026-09-20T09:08:32.301672+00:00
2024:4060620241960271459,p0004,g_533b99cae13b20adfeee2dec,6d5ca8d11d7c55b6d1f1eeaa45f136139f86478dcf7944bc231f80ad394c0c14,d_0141d6cf2a985b3c36c657e4,Codex — agent-assisted initial review,2026-09-20T09:23:18.404604+00:00
2024:4060620241960271477,p0004,g_533b99cae13b20adfeee2dec,ea952e853fdcb1c6c7bf6fb967e795d71c55863a5bc9cdeeb4b67c38a5591d62,d_0141d6cf2a985b3c36c657e4,Codex — agent-assisted initial review,2026-09-20T09:23:18.404604+00:00
2024:4060620241960280280,p0004,g_533b99cae13b20adfeee2dec,d6f5b6ce64522e56baa3961fd1e713d78984770e88317f33a3800e44ff7db517,d_0141d6cf2a985b3c36c657e4,Codex — agent-assisted initial review,2026-09-20T09:23:18.404604+00:00
2024:4060620241960280466,p0004,g_533b99cae13b20adfeee2dec,c1490c7d074b4ef6d6070e9cc2bebee2221b6388d5262f110da8b565f1117d4b,d_0141d6cf2a985b3c36c657e4,Codex — agent-assisted initial review,2026-09-20T09:23:18.404604+00:00
2024:4060720241960309863,p0009,g_b8f6341b34399e5125f63a12,b7338f68235e0a053dbf06c187ac37c3113f481e99cbbb480b5da1a8e811ca2c,d_42aaa7f21a592231f95e0e31,Codex — agent-assisted initial review,2026-09-20T09:08:32.301672+00:00
2024:4060720241960321131,p0009,g_e0c10c9c4257c4e5a9856421,bf6e18aebd367d6bb477be0de6d18ed08a5a5d7c43e7df6333c26b0cef652071,d_0831b4ff5051eeaf3cebb82a,Codex — agent-assisted initial review,2026-09-20T09:08:32.301672+00:00
2024:4060720241960321132,p0009,g_e0c10c9c4257c4e5a9856421,f13c55653dccba1bc1e3e69395f008ad5ca69538c4f81d1530c262b0b99227b0,d_0831b4ff5051eeaf3cebb82a,Codex — agent-assisted initial review,2026-09-20T09:08:32.301672+00:00
2024:4060720241960321133,p0009,g_e0c10c9c4257c4e5a9856421,69cc370497072674058c8cbc1c054736937b7f7042088889f8b7346b4a5ad675,d_0831b4ff5051eeaf3cebb82a,Codex — agent-assisted initial review,2026-09-20T09:08:32.301672+00:00
2024:4060720241960327754,p0009,g_b8f6341b34399e5125f63a12,86cf000c7a4ca01aade39710125aad7bbbd6429414ebcf0b14a5fd48cb610184,d_42aaa7f21a592231f95e0e31,Codex — agent-assisted initial review,2026-09-20T09:08:32.301672+00:00
2024:4060720241960327755,p0009,g_b8f6341b34399e5125f63a12,0b58fef3a810b0b788a30ef954ba7a9de2e925788513a215b8535f1bd109d8a5,d_42aaa7f21a592231f95e0e31,Codex — agent-assisted initial review,2026-09-20T09:08:32.301672+00:00
2024:4060720241960327756,p0009,g_b8f6341b34399e5125f63a12,2f161994ef1fbb23c10d397fd803343810b8a90707af55eaa73f32ed2ae32bb6,d_42aaa7f21a592231f95e0e31,Codex — agent-assisted initial review,2026-09-20T09:08:32.301672+00:00
2024:4060920231749118053,p0009,g_0b1268becac282740f03b5a5,d560062a02ea70dc395a6df7a7859472d239338b919c2f4ca3755657abe73d04,d_073eaeeac4204dc465e073f1,Codex — agent-assisted initial review,2026-09-20T09:08:32.301672+00:00
2024:4061020241960415830,p0011,g_46dccc20095e4b24f0784f8a,fcb7d173b5810839ef92bf114542f7c84ce3b927292cda2c1855c843b4642973,d_54f59acde2132f99fcc47bd7,Codex — agent-assisted initial review,2026-09-20T09:08:32.301672+00:00
2024:4061120241960461942,p0004,g_52713b7a65bb951b6323b4b6,517af216222c0ab6963228216cae2bebf849bbd3ab43114ac51ec6b5cf153fab,d_cf182a9b63e7e32366d55a1e,Codex — agent-assisted initial review,2026-09-20T09:23:18.404604+00:00
2024:4061120241960465590,p0004,g_568899e0e2a6dcfbb334ce73,ae35e8f919c1e08cc898be89405da71db37953c3e6e912cb401017ae998a8072,d_1e4a1802368554d1be572109,Codex — agent-assisted initial review,2026-09-20T09:23:18.404604+00:00
2024:4061120241960482219,p0015,g_bbd925aa8361970dc1167440,ec91c8bb26a3ca5c24383cd15f9b742cdac5c7e8cb55866e7cced0ccbca26cca,d_ead967df1bbce394a924e2f4,Codex — agent-assisted initial review,2026-09-20T09:23:18.404604+00:00
2024:4061120241960491627,p0012,g_346800ad7508a2ce4e1e1a72,ae7aa2a73d9a4ffacae7e5541017ad1c253cc3bbe5162bc1c947dd655dab86b1,d_2cf9dab0910d76af05823961,Codex — agent-assisted initial review,2026-09-20T09:23:18.404604+00:00
2024:4061120241960514241,p0005,g_a3b90aa5f60bda8193a0fde3,176cc9aae7187c0a88b70236614b1966fabb44a8360b9bc97f2c41a2d919191c,d_01c6d670421825f54476f674,Codex — agent-assisted initial review,2026-09-20T09:08:32.301672+00:00
2024:4061120241960580220,p0003,g_a1a34d136290bd074b61d972,549e0b1de7a0a37e727a823359e92b2a6e0d9a324e05168e2ce62a0362e9b374,d_04a37b798cd86300bb2d8694,Codex — agent-assisted initial review,2026-09-20T09:23:18.404604+00:00
2024:4061220231749171546,p0015,g_b004c482bec47f2f02912852,410e7cd561cfd228a46bb3f670dccb13eef64f822f2fa877ab7bf37c2ba44479,d_f782b27f4dee6718a9ae4175,Codex — agent-assisted initial review,2026-09-20T09:23:18.404604+00:00
2024:4061220231749184685,p0013,g_9ecc4c3b53855ecad1bb3b96,27da4bddf0e034c86655fdda93ca114089253081b21e2741e57a916f8bdfd2e5,d_3685b68d801dee70656b07a9,Codex — agent-assisted initial review,2026-09-20T09:23:18.404604+00:00
2024:4061220231749187524,p0012,g_e49839e326fb2cf88afbb964,de2b2379c791e56e1fa629c3194413f1dbd56a51ac9221f819b208f2455f8392,d_618596426c84ad795499452e,Codex — agent-assisted initial review,2026-09-20T09:23:18.404604+00:00
2024:4061220231749192499,p0015,g_b004c482bec47f2f02912852,b440f2a3b841b05abef964034b17e993010e6ea5dc715c4fb59150a16f3e4480,d_f782b27f4dee6718a9ae4175,Codex — agent-assisted initial review,2026-09-20T09:23:18.404604+00:00
2024:4061220241960622807,p0013,g_9ecc4c3b53855ecad1bb3b96,cbc5719c6e8644d04a81d526d90805da40895d7666a044c529cead06ac7bfd03,d_3685b68d801dee70656b07a9,Codex — agent-assisted initial review,2026-09-20T09:23:18.404604+00:00
2024:4061220241960622808,p0013,g_9ecc4c3b53855ecad1bb3b96,d4c972a3d735966365fe4187df68631dbffa217f2b3dc2503bf780807db55c9a,d_3685b68d801dee70656b07a9,Codex — agent-assisted initial review,2026-09-20T09:23:18.404604+00:00
2024:4061320241960684704,p0002,g_8aac48dd3821037480c6b835,6b065f87fd1834b1c511b0586af73fb11994717449df64021f460492f10d72fc,d_7fa489a47f0e9105eac463bb,Codex — agent-assisted initial review,2026-09-20T09:23:18.404604+00:00
2024:4061320241960684760,p0003,g_80c4e2fbb14298f88b72d1bc,9b1623f32c196b244364b428b67cbd15571ca4b5ac271e089a260352478fa81d,d_c27ea8c569326b5982d1d6e5,Codex — agent-assisted initial review,2026-09-20T09:23:18.404604+00:00
2024:4061420241960798785,p0004,g_91d2c01e4a888a6506f15a89,3f8e9243ee78cf6595ee95fe870eac635e473617762ca20e6d8b75de4615fdda,d_6c23af5ce6dc73fcb4cdac61,Codex — agent-assisted initial review,2026-09-20T09:23:18.404604+00:00
2024:4061420241960800866,p0004,g_91d2c01e4a888a6506f15a89,cda3a92a2d0bbdf3308713fa0bdecf7b7ce6b07b10849dbe5ded7815436d894c,d_6c23af5ce6dc73fcb4cdac61,Codex — agent-assisted initial review,2026-09-20T09:23:18.404604+00:00
2024:4061720231750585099,p0009,g_ae77c6e8d3ca81771ccf9cf0,0549ff8f20267f486ba6530e7d49f8f0f2c5181b1e7ee7a7dc054b482caa1bcb,d_4a376a11f273ea87c213e562,Codex — agent-assisted initial review,2026-09-20T09:08:32.301672+00:00
2024:4061720241960929966,p0003,g_a1a34d136290bd074b61d972,cba664a7b364b022ffa7d25d5c1f984bff2b58ab1e25021fc78461ff70d9296a,d_04a37b798cd86300bb2d8694,Codex — agent-assisted initial review,2026-09-20T09:23:18.404604+00:00
2024:4061720241960929968,p0003,g_a1a34d136290bd074b61d972,265681cfed71bcedd670ee6cfaa42fc0307c6239e35169274b791895154529fd,d_04a37b798cd86300bb2d8694,Codex — agent-assisted initial review,2026-09-20T09:23:18.404604+00:00
2024:4061820241961064826,p0004,g_533b99cae13b20adfeee2dec,14a61713ebe330c8ee9c683df326a631a90e8bdbb06d39278522d19d3803d0c4,d_0141d6cf2a985b3c36c657e4,Codex — agent-assisted initial review,2026-09-20T09:23:18.404604+00:00
2024:4061820241961065399,p0011,g_07038da5b70b0a37dc1a74f7,c8574d93533a30ca116b0da020f2d1bb751a3a8704c4db8bb84f767d5e784166,d_b25600b55b34a5b70956d962,Codex — agent-assisted initial review,2026-09-20T09:08:32.301672+00:00
2024:4061820241961065562,p0004,g_533b99cae13b20adfeee2dec,985c45036ea8566d35c0976c7b4ece04b27151417c2387d229f34700f7e90ae2,d_0141d6cf2a985b3c36c657e4,Codex — agent-assisted initial review,2026-09-20T09:23:18.404604+00:00
2024:4061820241961077110,p0012,g_6042bfd49363f2561771f321,0b12dc974b80abe1eea82cfb7d45edf6c1f6dc53394d7bca70308c5e5ba182bf,d_0eda7d40fb23c4eac95e936b,Codex — agent-assisted initial review,2026-09-20T09:23:18.404604+00:00
2024:4061820241961077536,p0012,g_6042bfd49363f2561771f321,e2ba84b97c8ec1f88db874e1ad47efbd8933535855ceaf57cf60020d727c4b19,d_0eda7d40fb23c4eac95e936b,Codex — agent-assisted initial review,2026-09-20T09:23:18.404604+00:00
2024:4061820241961077898,p0012,g_6042bfd49363f2561771f321,e48fc2837f0aea05b14abfac214d512768d802421fe54d3c5166f0e0ea4fe6c0,d_0eda7d40fb23c4eac95e936b,Codex — agent-assisted initial review,2026-09-20T09:23:18.404604+00:00
2024:4061820241961107971,p0013,g_b325b7a7894d7f92a5bad9ed,6119846bbf2a54e01ef524447496f7396fd24e574ac4ff1f85a8b192e089a75b,d_a52642df314763d3479f3b00,Codex — agent-assisted initial review,2026-09-20T09:23:18.404604+00:00
2024:4061820241961107972,p0013,g_b325b7a7894d7f92a5bad9ed,ac76ca11e2d9101a40c08a94d98e8609871cf72a99e4f16238ed5d0a73bf18a6,d_a52642df314763d3479f3b00,Codex — agent-assisted initial review,2026-09-20T09:23:18.404604+00:00
2024:4061820241961569222,p0004,g_bd058d69d0304e30bc389d7c,4b8c093b26b66ae155c7f5fc485e9d8659771d690bf2884cf98ae8944a3262d8,d_0a55b981bcef47f157f2f646,Codex — agent-assisted initial review,2026-09-20T09:23:18.404604+00:00
2024:4062020241961665617,p0004,g_533b99cae13b20adfeee2dec,2adaeb7157745812e1778716be2036bf42f6e17bee063994497d695195d8931a,d_0141d6cf2a985b3c36c657e4,Codex — agent-assisted initial review,2026-09-20T09:23:18.404604+00:00
2024:4062120241961847456,p0003,g_a1a34d136290bd074b61d972,e7b0ff9d55fcfc01f3dc68108d16c7330cf754dfc9bc3840f81c2b47db9ce1dd,d_04a37b798cd86300bb2d8694,Codex — agent-assisted initial review,2026-09-20T09:23:18.404604+00:00
2024:4062120241961881873,p0012,g_cc29dbbfcef6fbf0afd77d31,755377107804522dbedaf70ab91a4021f19ca1a23294128243479bed19688da4,d_5a17354ea91335e0cedc77e4,Codex — agent-assisted initial review,2026-09-20T09:23:18.404604+00:00
2024:4062320251206907603,p0013,g_b325b7a7894d7f92a5bad9ed,e7da2ea75bb747ba1668fe32a5133afaa41c4d61bd8c432386dab867fcc8d80f,d_a52642df314763d3479f3b00,Codex — agent-assisted initial review,2026-09-20T09:23:18.404604+00:00
2024:4062320251206907604,p0013,g_b325b7a7894d7f92a5bad9ed,6b2e4b96d14bdadf2d72d9440be12c4656c6b209776d48e4d617a184e9e29f78,d_a52642df314763d3479f3b00,Codex — agent-assisted initial review,2026-09-20T09:23:18.404604+00:00
2024:4062320251206913847,p0012,g_da48173d9b7da17fae0c33f9,0c5cf52457aa6411a1fcd4702bc5e97ac9c10b4a11d494bf482fcd4f99271ae7,d_78b1ac22a3edaadfd35dae9d,Codex — agent-assisted initial review,2026-09-20T09:23:18.404604+00:00
2024:4062520241962662874,p0015,g_fc9c4ad696c8f0134d908630,71f90e0386fcd1c8e79d9503eade0a45ee03daa45e14e93e4e8f4671c47d0ec5,d_07fdd9ff4c88e4c0d504bbff,Codex — agent-assisted initial review,2026-09-20T09:23:18.404604+00:00
2024:4062520241962666677,p0003,g_80c4e2fbb14298f88b72d1bc,8552ceee527de28cab46d917e2ef06f10389313e83e2628dcf2d66d5aac8cb04,d_c27ea8c569326b5982d1d6e5,Codex — agent-assisted initial review,2026-09-20T09:23:18.404604+00:00
2024:4062520241962726251,p0009,g_463455220169a10aec54665f,b7cd76a14aefac589f2a4af6edd05ff87af02dbd5773f14e7c5b82e3bf4a8a55,d_e6586eb5617f4ec2402a49d7,Codex — agent-assisted initial review,2026-09-20T09:08:32.301672+00:00
2024:4062520241962726252,p0009,g_463455220169a10aec54665f,b74ca3bd96ccd8969c6a522fa0e2120479259c4101d69cee39763c0bded90383,d_e6586eb5617f4ec2402a49d7,Codex — agent-assisted initial review,2026-09-20T09:08:32.301672+00:00
2024:4062620241962811709,p0009,g_dfc1a5c855a30f444e57a302,24375fb4ad20eb3ae9c5f9d6d6cf56e2a1cb1a4a89f04365543a5c2ff157534d,d_9cc28f81f56941450d13af47,Codex — agent-assisted initial review,2026-09-20T09:08:32.301672+00:00
2024:4062620241962812107,p0017,g_2ae161403fce03adaf862435,8514806caac892d37a4c32d7b57156ec82448669e7eb7163de3f765c47c21480,d_60928935970c971a85e90cc7,Codex — agent-assisted initial review,2026-09-20T09:23:18.404604+00:00
2024:4062620241962823145,p0002,g_46e99dbae68133c91b74dcb2,8c39226875816d70f6b236da6ae7b837e75b731619317a2d0f3b8b285bfc4a70,d_c4fe273510599c35ac57234b,Codex — agent-assisted initial review,2026-09-20T09:23:18.404604+00:00
2024:4062620241962823146,p0003,g_15234b9194f0080445672351,0ce558e14c0b5da416e34a83e5b19387706aaa1f18dc36859a6d1fa1d52fdcf0,d_1776992f9749f9a8e968cc84,Codex — agent-assisted initial review,2026-09-20T09:23:18.404604+00:00
2024:4062620241962828449,p0004,g_bd058d69d0304e30bc389d7c,714c619e4d9cd1cecfaf4647dceae55fae097a4a956eb52fbda301fc2ee50742,d_0a55b981bcef47f157f2f646,Codex — agent-assisted initial review,2026-09-20T09:23:18.404604+00:00
2024:4062720241962964959,p0014,g_a3749f8abe928abdaf08d2a4,e1ca7f55af2335b523ad21666def651a4b27f061cdbf2f20bac689024d499284,d_e112fbf655c920a10e2cf107,Codex — agent-assisted initial review,2026-09-20T09:08:32.301672+00:00
2024:4062720241962964960,p0014,g_a3749f8abe928abdaf08d2a4,76b17ae661570fbdc254aebfb0622ab2dd048a616c3a677436d7e45ac1864687,d_e112fbf655c920a10e2cf107,Codex — agent-assisted initial review,2026-09-20T09:08:32.301672+00:00
2024:4062720241962978463,p0014,g_a3749f8abe928abdaf08d2a4,5db8abe6f79806a93e33287cab66cf3ecbec0eec5a02eba91f3ca7abd9a0ccfb,d_e112fbf655c920a10e2cf107,Codex — agent-assisted initial review,2026-09-20T09:08:32.301672+00:00
2024:4062720241962989731,p0004,g_819c5bf624c7aa993ef7f42b,f6f1f57db827ce103409cb199a251ca94b14a294b75858588dc8f71aef2370f4,d_e14d94fd79a55f526dc49be3,Codex — agent-assisted initial review,2026-09-20T09:23:18.404604+00:00
2024:4062820241963046997,p0012,g_66a98ff28415b7389db6105c,ca00e8ccea8322f7c45219a07e66c05ca15afbf8e88693317c531d4635fb68d4,d_7a176a4d58423b39f7f41afe,Codex — agent-assisted initial review,2026-09-20T09:23:18.404604+00:00
2024:4070120241963121658,p0010,g_be4b3b994c365779bc23e737,af449a6b09cb1dad301cda89a9f6dabe57f6e430057b910c381127887de5ed86,d_2085cdaad2af27874b9a1c63,Codex — agent-assisted initial review,2026-09-20T09:08:32.301672+00:00
2024:4070120241963127242,p0012,g_f1a5253939165268ad1265fa,4425fdde4970435cd08c401a71b6767f42253f0273193a015f1a1e8f38ab05e9,d_aa804667e7d0de4cf7ba9aa5,Codex — agent-assisted initial review,2026-09-20T09:23:18.404604+00:00
2024:4070120241963127243,p0012,g_f1a5253939165268ad1265fa,946f92de01692eb00bb80dd74c785ddb4093dd892d4b56ad1f6af2b4eec9d4ad,d_aa804667e7d0de4cf7ba9aa5,Codex — agent-assisted initial review,2026-09-20T09:23:18.404604+00:00
2024:4070120241963131278,p0012,g_f1a5253939165268ad1265fa,ae2ee9f29d1c0c5bce40b3837522300c9d548d863c836bc51ba3786b52c7f2bf,d_aa804667e7d0de4cf7ba9aa5,Codex — agent-assisted initial review,2026-09-20T09:23:18.404604+00:00
2024:4070120241963131279,p0012,g_f1a5253939165268ad1265fa,31a40f3837f91d54973d6670f92216e3226b0d23665aa3aadea36f15bee99c84,d_aa804667e7d0de4cf7ba9aa5,Codex — agent-assisted initial review,2026-09-20T09:23:18.404604+00:00
2024:4070120241963131583,p0012,g_74ea52e9545c9240f0e04bb5,3e43494f174c173c8741de1f21734945e6dae0312dffa1884144e9a7a6833f15,d_ca31b25659646b33ae472a74,Codex — agent-assisted initial review,2026-09-20T09:23:18.404604+00:00
2024:4070120241963142663,p0004,g_c0336d40c4155881d87c6d29,048986d6a6193a47693a14f4056363188b2dc3d4b55cae401327fa77232f2dec,d_375bfd344b457d984c15173b,Codex — agent-assisted initial review,2026-09-20T09:23:18.404604+00:00
2024:4070220241967569822,p0004,g_b0c9daa0610f513e734e410d,6371ed03f4adfcf3786e3a5e9d223597d37b1fb94cc4f7323c11c957514654f0,d_685c106636415f5c7193eed4,Codex — agent-assisted initial review,2026-09-20T09:23:18.404604+00:00
2024:4070220241967625897,p0003,g_21c79bddbbcdbaa913b2b68b,4bd36123219b422224a3494677678cca311c340859831546488bf2bb71828050,d_6a67f8c6434c91ed0ef28516,Codex — agent-assisted initial review,2026-09-20T09:23:18.404604+00:00
2024:4070220241967625898,p0003,g_21c79bddbbcdbaa913b2b68b,dcbc734c6120b083a1da1608a53a38bce994a6c813353c532d10d979a1bcb8f6,d_6a67f8c6434c91ed0ef28516,Codex — agent-assisted initial review,2026-09-20T09:23:18.404604+00:00
2024:4070220241967625899,p0003,g_21c79bddbbcdbaa913b2b68b,5dfe4c69426cd80e1500c62371e95852cc6ab6c8c94eaf2f6c30308215029487,d_6a67f8c6434c91ed0ef28516,Codex — agent-assisted initial review,2026-09-20T09:23:18.404604+00:00
2024:4070220241967625900,p0003,g_21c79bddbbcdbaa913b2b68b,ebd2bf7e4cc4475bf2e482b2829a968f3016ac5b1d544115500572417cbba933,d_6a67f8c6434c91ed0ef28516,Codex — agent-assisted initial review,2026-09-20T09:23:18.404604+00:00
2024:4070220241967625901,p0003,g_21c79bddbbcdbaa913b2b68b,aafe5f162a954357b6a334667ddd5dba0eecc9a4bc58414e6e25d6c5d4ebe43f,d_6a67f8c6434c91ed0ef28516,Codex — agent-assisted initial review,2026-09-20T09:23:18.404604+00:00
2024:4070220241967625902,p0003,g_21c79bddbbcdbaa913b2b68b,a455d6efe3e9a181a950c84dcd166ca377766cd78a199547255990752e346d26,d_6a67f8c6434c91ed0ef28516,Codex — agent-assisted initial review,2026-09-20T09:23:18.404604+00:00
2024:4070220241967625903,p0003,g_21c79bddbbcdbaa913b2b68b,e6c2c8cda03afdba7860e743387ac0f29d860c25816ebbcfe9ed17fcc3fdd660,d_6a67f8c6434c91ed0ef28516,Codex — agent-assisted initial review,2026-09-20T09:23:18.404604+00:00
2024:4070220241967625904,p0003,g_21c79bddbbcdbaa913b2b68b,ab2176ba78d956a7874c3b9cb1d1c7115acfb176e160fec4371057b635368f07,d_6a67f8c6434c91ed0ef28516,Codex — agent-assisted initial review,2026-09-20T09:23:18.404604+00:00
2024:4070220241967625905,p0003,g_21c79bddbbcdbaa913b2b68b,ddb3e9159da0b5910d0df834ea0d51eb02b9fdfd3bae84649e6e42940ab9e0b8,d_6a67f8c6434c91ed0ef28516,Codex — agent-assisted initial review,2026-09-20T09:23:18.404604+00:00
2024:4070220241967625906,p0003,g_21c79bddbbcdbaa913b2b68b,de5b7ec6d3daae1edca7bf94fcd8c0eb5d86a44d6091628caa25a73ac58c28e8,d_6a67f8c6434c91ed0ef28516,Codex — agent-assisted initial review,2026-09-20T09:23:18.404604+00:00
2024:4070220241967625907,p0003,g_21c79bddbbcdbaa913b2b68b,183c58af6e9f91bf49184c2aa8f1759f1ff733d952fc9f5ef536c23c0ef37abe,d_6a67f8c6434c91ed0ef28516,Codex — agent-assisted initial review,2026-09-20T09:23:18.404604+00:00
2024:4070220241967625908,p0003,g_21c79bddbbcdbaa913b2b68b,7307cb0b0daf1480ad9e162193f8604a6f03c27ecac23f1bc61ebf59d2fd69cc,d_6a67f8c6434c91ed0ef28516,Codex — agent-assisted initial review,2026-09-20T09:23:18.404604+00:00
2024:4070220241968091237,p0014,g_d959f9eb98fba5d2e2346d4b,59fd146c9b75ed1ec4d02aa8d0de4863b461d561cd071da46c2839a40dcc66ca,d_5a2d0f1352314b2e6fbcbd21,Codex — agent-assisted initial review,2026-09-20T09:08:32.301672+00:00
2024:4070220241968091238,p0014,g_d959f9eb98fba5d2e2346d4b,f233dbdd8421ef7cc177453b60af6ab244afccf32d6c137d2f65885d531276e7,d_5a2d0f1352314b2e6fbcbd21,Codex — agent-assisted initial review,2026-09-20T09:08:32.301672+00:00
2024:4070220251207418551,p0012,g_346800ad7508a2ce4e1e1a72,9e7a4a9f472875b372d12c8a4c0c8ec2cf370273329c6058b244f64826f55375,d_2cf9dab0910d76af05823961,Codex — agent-assisted initial review,2026-09-20T09:23:18.404604+00:00
2024:4070720241972065073,p0002,g_8aac48dd3821037480c6b835,2fc78a148b000138795ca0d4f9f340abc82e834b1a85616e27251a25cd19a072,d_7fa489a47f0e9105eac463bb,Codex — agent-assisted initial review,2026-09-20T09:23:18.404604+00:00
2024:4070720241972065076,p0003,g_911e15420bcf5b9a831ef24a,f6e4119dbe16277a81e2bd37837ee345dc8bb43891c2ea031b6beaa56333cb35,d_cca103090572c80fd9cdb4d5,Codex — agent-assisted initial review,2026-09-20T09:23:18.404604+00:00
2024:4070820241972159768,p0012,g_a18a3e723c1ceecfbcfb7a92,149415df656975f5892e43bd86e0ac5a5c25a86114e8d2e347cc7199d9b48042,d_5633611b9b776ad94f3151a9,Codex — agent-assisted initial review,2026-09-20T09:23:18.404604+00:00
2024:4070820241972245355,p0002,g_6dc472bf98e1c638edc58ca9,7ee2688215881042edbd909302f280c98f28016656b32e4b7a0d24767b555e56,d_10b54f4b1214b68d7aad355a,Codex — agent-assisted initial review,2026-09-20T09:23:18.404604+00:00
2024:4070820241972245396,p0003,g_a1a34d136290bd074b61d972,7bda0b148f4fa0c1043a7e566f23e090d28e0877b2a83c6251f6791815d97147,d_04a37b798cd86300bb2d8694,Codex — agent-assisted initial review,2026-09-20T09:23:18.404604+00:00
2024:4070820241972245423,p0003,g_a1a34d136290bd074b61d972,cc0e0addcebe5e168761878166c8ff507914e94beded740515f0e8f74f7a8931,d_04a37b798cd86300bb2d8694,Codex — agent-assisted initial review,2026-09-20T09:23:18.404604+00:00
2024:4070820241972245437,p0002,g_6dc472bf98e1c638edc58ca9,985c111f0f6d889373ad3a39b09070328967e5a622b98100c3ce8e94896763a2,d_10b54f4b1214b68d7aad355a,Codex — agent-assisted initial review,2026-09-20T09:23:18.404604+00:00
2024:4070920241972639147,p0009,g_af1886602cf99e7622bf7af0,80083235032b9efa1a1030678d1237b990dcd1835d4dec66a98b2985f84b7669,d_857229ce21f533dd245732f6,Codex — agent-assisted initial review,2026-09-20T09:08:32.301672+00:00
2024:4071020241972695265,p0017,g_d362b24b8d940e23086c081e,da1071e6bbacff1ed053781ef1369f5889748f8ebc5da34bf299932ea6d9bc7a,d_082bac4ea616227ba5864cda,Codex — agent-assisted initial review,2026-09-20T09:23:18.404604+00:00
2024:4071120241972765551,p0013,g_b5c0d2d34d6e0e3bb8b21970,9cd77be9fe1ee168517dfd7128c636a69b4d429186f42b1a1997ca1db2913533,d_6424db12810eb1e0845c6132,Codex — agent-assisted initial review,2026-09-20T09:23:18.404604+00:00
2024:4071120241972765552,p0013,g_b5c0d2d34d6e0e3bb8b21970,9e0c2bcef3a746dfe2dc5966f06b1f6997f5f0ad7c858f172ffc8be2f9923124,d_6424db12810eb1e0845c6132,Codex — agent-assisted initial review,2026-09-20T09:23:18.404604+00:00
2024:4071120241972766874,p0009,g_af1886602cf99e7622bf7af0,2212efac8cab025ff566ae6aa3663a11683b3df708bcb77b03cbd56e8ad5d615,d_857229ce21f533dd245732f6,Codex — agent-assisted initial review,2026-09-20T09:08:32.301672+00:00
2024:4071320231753184379,p0009,g_dd3cd7e5d69b8f28130ff5f7,38ffc39dad4807fa6ca284fa15f1ac53c8e472e422d551d4a409cd6fecdb5c30,d_6aed25a77b957b71b7a93601,Codex — agent-assisted initial review,2026-09-20T09:08:32.301672+00:00
2024:4071420231753451301,p0015,g_84493894cae6191b891ff6c3,37e66496f89091532aa5eb5fefce91f4311dc93fad1340b211f63cc8cd11a108,d_fffd1e82217ef73779ef223a,Codex — agent-assisted initial review,2026-09-20T09:23:18.404604+00:00
2024:4071520241973094151,p0004,g_91fa64da98d48c59bd03ed17,ca4fe8f43b8dfa994ac1fad8ded2028ada5752ad4691d30256d217fc48830fbe,d_d437193d9f0c0904585c1bdc,Codex — agent-assisted initial review,2026-09-20T09:23:18.404604+00:00
2024:4071520241973167553,p0011,g_1fcc3d5915ab097200849a1c,283c85e370d7ec40d4d5ca4edc42abb27579f3c4b1058270a96d30ebea282534,d_132b57959510db404fa3ebaa,Codex — agent-assisted initial review,2026-09-20T09:08:32.301672+00:00
2024:4071520241973167721,p0002,g_e97c9bf1337bf4df78b59982,2a49cecff17b10a48b5ab45956dcd89f8544f561652950c833cd42bb4a834113,d_984887f32a053baa618a45b7,Codex — agent-assisted initial review,2026-09-20T09:23:18.404604+00:00
2024:4071520241973167722,p0002,g_e97c9bf1337bf4df78b59982,57ace79226a7caa6c1b82c93e466ba940c4985e4605bbfb5c3658cff9ebf7c60,d_984887f32a053baa618a45b7,Codex — agent-assisted initial review,2026-09-20T09:23:18.404604+00:00
2024:4071520241973169441,p0017,g_bbd6f4028def4587e73b4fe8,5314590865e01ae55f25aea70d7d7ed7797a5405bbac03db54d8ed92a7bd24d4,d_73301a1beb41f6ba3e65f18e,Codex — agent-assisted initial review,2026-09-20T09:23:18.404604+00:00
2024:4071520241973281864,p0009,g_c722d405a4083116ac5067ac,0c564a19b627c1135f865e507db442247e22a370bbdba828bdded5ace38ce394,d_18f98d0e53ddeed9c1009494,Codex — agent-assisted initial review,2026-09-20T09:08:32.301672+00:00
2024:4071620241973651365,p0013,g_b325b7a7894d7f92a5bad9ed,9787309e20b04c40efcc05a42778e859003bcc7d797fb4eac924aaf930aecb17,d_a52642df314763d3479f3b00,Codex — agent-assisted initial review,2026-09-20T09:23:18.404604+00:00
2024:4071620241973651366,p0013,g_b325b7a7894d7f92a5bad9ed,acaee38fbbbc5aa0677623f6e0075c0b5a5364102a1e49d876db715cad78e9af,d_a52642df314763d3479f3b00,Codex — agent-assisted initial review,2026-09-20T09:23:18.404604+00:00
2024:4071620241975073781,p0002,g_bd37ccf136d9a8b768f4fd7f,626824b1d50ea34309596f24f00396d1c3e53af621af56c702c7ddaf021b76a2,d_ba7fa419c030ab44dc54c9e2,Codex — agent-assisted initial review,2026-09-20T09:23:18.404604+00:00
2024:4071620241975073793,p0003,g_f8283ee09a1da8994d6f5046,b846ab7d745ceb7b6b8573a232f4b002e4d7df0b2dbae32dd149ce788347facf,d_348e03f25b63f1e4ac6e9b2a,Codex — agent-assisted initial review,2026-09-20T09:23:18.404604+00:00
2024:4071620241975074179,p0002,g_3f9587052afa7c63217a82a9,7d0b2d34f16cc38385ac67606383748066399ff67cc38e0f09a3ba65800bc4dd,d_12f153fa20dc4c2f1b7fcce5,Codex — agent-assisted initial review,2026-09-20T09:23:18.404604+00:00
2024:4071620241975074180,p0003,g_ac7ab59f46695ad8bc3ec831,641f503e355caea6b8b55cd424e7320b8f417e7c104fbafd7e3e2dd2cfa9fc29,d_dd6b3a4f0880c8e380760a3b,Codex — agent-assisted initial review,2026-09-20T09:23:18.404604+00:00
2024:4071620241975362305,p0015,g_bbd925aa8361970dc1167440,8c283c7135c0732f0902cc72db3c1b5c06fd1eda288cd64901d15b44573ee5d1,d_ead967df1bbce394a924e2f4,Codex — agent-assisted initial review,2026-09-20T09:23:18.404604+00:00
2024:4071620241975461201,p0012,g_5652c01d2714a3b054531f61,acafd60f87582dad5f47fc7c3f0b38d9bad7f74e46cd6376de063aa82143e9ed,d_49c997716976e5d0ec1354fd,Codex — agent-assisted initial review,2026-09-20T09:23:18.404604+00:00
2024:4071620241975834964,p0019,g_070b87cf52c1b4a056bd8751,63259a580acd5bd2ba09c75a49d257fa7f1da29f029d4e79dbd00df20f5b2985,d_7568437670e12c8bdff5e985,Codex — agent-assisted initial review,2026-09-20T09:08:32.301672+00:00
2024:4071720231753656365,p0002,g_8aac48dd3821037480c6b835,6035a0500375ca3ea22afabd80b548b1766d285b18d28d4d06d54da597827d1d,d_7fa489a47f0e9105eac463bb,Codex — agent-assisted initial review,2026-09-20T09:23:18.404604+00:00
2024:4071720231753656412,p0003,g_f19abc6c230ea71bc4e52d10,3e8b04a8d15002635907cfb756fb0313b93cdec5509ec9ed99339ead92a3f9ca,d_384ef66efc3d08f2701d5ffe,Codex — agent-assisted initial review,2026-09-20T09:23:18.404604+00:00
2024:4071720241975938608,p0015,g_59d1835ef28498d23a6117da,34b854db7e68202951bcceea4ab804f8edf9dbcb9bd04770ab408830b3e0b190,d_19ee43a1b826cb9e403d0e77,Codex — agent-assisted initial review,2026-09-20T09:23:18.404604+00:00
2024:4071720241975939977,p0014,g_76636f18f9f7d12c33968f14,2606720923b35424cd2f3fb430ab819bd6c0bf84c05414053e91986328d78c78,d_4aa7f6606dc2416967b2c02f,Codex — agent-assisted initial review,2026-09-20T09:08:32.301672+00:00
2024:4071720241975953893,p0002,g_eb71c960ed9c096872ea2a02,81ee702c99d638c40150716f731b3b830e7014d5feb7b0585b189d36b4315a7b,d_44214709bf79863cf31c5ae5,Codex — agent-assisted initial review,2026-09-20T09:23:18.404604+00:00
2024:4071720241975953894,p0003,g_b83fb2fd2f1045bd5996d8bc,7b0779cde56af0970be0295b4d084780c5f08b30599bded37c2b13e0af64c8e9,d_ff259d236e4bb277f6067bf9,Codex — agent-assisted initial review,2026-09-20T09:23:18.404604+00:00
2024:4071720241976156518,p0012,g_a18a3e723c1ceecfbcfb7a92,09ff1697776a9c8c9dbc2bea316961f3604746525ac91aaa7e9112f4cc6340f1,d_5633611b9b776ad94f3151a9,Codex — agent-assisted initial review,2026-09-20T09:23:18.404604+00:00
2024:4071720241976156520,p0012,g_a18a3e723c1ceecfbcfb7a92,11243fee886564548c47f0cc5e72c09c5437df3d4ff80b2527c01f3b5250c6da,d_5633611b9b776ad94f3151a9,Codex — agent-assisted initial review,2026-09-20T09:23:18.404604+00:00
2024:4071720241977352200,p0002,g_f680a13adf0babdc5b6e768a,5de9cc60f82fbb8fa062832d38b7ac292de7913774aaf0c0f6fe375a657bd14f,d_3d6b93c6e460c9df56b74c9a,Codex — agent-assisted initial review,2026-09-20T09:23:18.404604+00:00
2024:4071720241977352201,p0002,g_f680a13adf0babdc5b6e768a,af46f34e3a16ca4048b393c6abcb7229eb30fcc3f8c840e13e31bf905f41d979,d_3d6b93c6e460c9df56b74c9a,Codex — agent-assisted initial review,2026-09-20T09:23:18.404604+00:00
2024:4071720241977352215,p0003,g_ba92c8c4c66fb8d7f901b96e,ea74868258b0e2991977a9908410dc94721c76bf440a825a7028b1c490263366,d_7ff6fdf9804f6283d78e7f81,Codex — agent-assisted initial review,2026-09-20T09:23:18.404604+00:00
2024:4071720241977353359,p0002,g_906ee566a708294b09c3c9db,021a6f8553d1815f311509d6a39d7825c1c0a43cb0ec7599ce9c734fc421e50a,d_d3972248b1e09300027a3083,Codex — agent-assisted initial review,2026-09-20T09:23:18.404604+00:00
2024:4071720241977353367,p0003,g_3d80ab345ed8e19f27e9e0bb,9f5ebb0ad412cd64444435eb5842d3cecbb8fe330bc1801bd9553b7359503e2f,d_b48db8746a051f166b79f8f3,Codex — agent-assisted initial review,2026-09-20T09:23:18.404604+00:00
2024:4071720241977610579,p0009,g_b50c30f55a08e91ab0013ef4,7f0714f88b4201bbd3d5e9d6d4bb9a172ed999d3584e9ca94f87a51d8fc61cbc,d_bd7e358fb3ceccdb282f935a,Codex — agent-assisted initial review,2026-09-20T09:08:32.301672+00:00
2024:4071720241977734888,p0013,g_ab75e3e91d355dab28f0cb67,069c195c1536f3dc697b485ed42b01166da59e8f607acea5f034e99b3bd57133,d_0884b508f2fb8cf58d4a9d31,Codex — agent-assisted initial review,2026-09-20T09:23:18.404604+00:00
2024:4071820231753719359,p0009,g_0b1268becac282740f03b5a5,9414d2114fdd3bd12460d4f82041b1c9f8a7b33de2c81537f445ffb1b10c5791,d_073eaeeac4204dc465e073f1,Codex — agent-assisted initial review,2026-09-20T09:08:32.301672+00:00
2024:4071820231753774817,p0011,g_07038da5b70b0a37dc1a74f7,7302d275671bc71038dd12256c9456b4d11677fc1bb45c5a16c6f6db415b6cb5,d_b25600b55b34a5b70956d962,Codex — agent-assisted initial review,2026-09-20T09:08:32.301672+00:00
2024:4071820231753774818,p0011,g_07038da5b70b0a37dc1a74f7,579ab3ceca33ee4af7b13004fab95602f042a3afe7b35bd9c16a7c594bfa32b1,d_b25600b55b34a5b70956d962,Codex — agent-assisted initial review,2026-09-20T09:08:32.301672+00:00
2024:4071820231753774819,p0011,g_07038da5b70b0a37dc1a74f7,b6e36b81e52d3252f9d33da1fb319d7eede2a340224007f5a58e9eb5526105f4,d_b25600b55b34a5b70956d962,Codex — agent-assisted initial review,2026-09-20T09:08:32.301672+00:00
2024:4071820231753788853,p0007,g_c895b949d59c44a1eaad43cc,9d83774c72d4d6fe85537b91a2909a60edd61a36dd267468ac440931a563462f,d_ea873b2584cc0d26739fd1fa,Codex — agent-assisted initial review,2026-09-20T09:23:18.404604+00:00
2024:4071820231753847435,p0011,g_1fcc3d5915ab097200849a1c,25ea5d49727f3b0eaae2a94b9cad8d9d38576473a74fa957f6a1e33ad7724ea8,d_132b57959510db404fa3ebaa,Codex — agent-assisted initial review,2026-09-20T09:08:32.301672+00:00
2024:4071820241977850519,p0015,g_7e02c7914281d9b520082164,e5a9f55f21e64d9833c3460f06f5c7082f64e7e7214423b183b545cf4ce30813,d_eb6f786428186f43f5ab3f44,Codex — agent-assisted initial review,2026-09-20T09:23:18.404604+00:00
2024:4071820241977850520,p0015,g_7e02c7914281d9b520082164,2bcf9990edb1d2816c0cf5318a252723da1ec1690b523eff33e397810ff6afd0,d_eb6f786428186f43f5ab3f44,Codex — agent-assisted initial review,2026-09-20T09:23:18.404604+00:00
2024:4071820241977936350,p0011,g_07038da5b70b0a37dc1a74f7,1cc33693e73e3244a69f0bff7829b12a33ab226c57175a31fc979bfddb5b5ee1,d_b25600b55b34a5b70956d962,Codex — agent-assisted initial review,2026-09-20T09:08:32.301672+00:00
2024:4071820241977997315,p0015,g_3b04932042e025ddb14939b2,e886b05bfca894c80c1c058b6e51e7714ef79db8551fc7eed8adf1d888afbbc8,d_d76e34c42ba7f61e510f05ad,Codex — agent-assisted initial review,2026-09-20T09:23:18.404604+00:00
2024:4071820241978015996,p0002,g_1afb04007b7fe98ba87e9d3f,4b837d5c29531a97536ee864696711139289e0e1bfebd7fb673acd2241243e77,d_f437cc70da0f3dcee05b7ad2,Codex — agent-assisted initial review,2026-09-20T09:23:18.404604+00:00
2024:4071820241978058493,p0004,g_819c5bf624c7aa993ef7f42b,34a3601e813cc3642a0ebc9644df50000dadd61481df59c944d1803c4dfa601a,d_e14d94fd79a55f526dc49be3,Codex — agent-assisted initial review,2026-09-20T09:23:18.404604+00:00
2024:4071820241978058537,p0012,g_1681fa21ac08ca0a068d6ed3,aef5fbedc0925ab467a38894643dcf7d5f3bf138f9f338a4b7dbf696e16b03a8,d_6a6dc4269fe8b754c39f5b23,Codex — agent-assisted initial review,2026-09-20T09:23:18.404604+00:00
2024:4071920231753983086,p0010,g_a09a60b952506bb0058b57d7,40aa46f024272fa0832e53c681416ba73970f3981aa5b71dadf47f439b8d47a6,d_a2c87f780715caf458908583,Codex — agent-assisted initial review,2026-09-20T09:08:32.301672+00:00
2024:4071920231753983087,p0010,g_a09a60b952506bb0058b57d7,93756938dc39942360beabb05c904aecf39d5367d27fd953ed82bff2d5bffa29,d_a2c87f780715caf458908583,Codex — agent-assisted initial review,2026-09-20T09:08:32.301672+00:00
2024:4071920231754002690,p0015,g_a6892636fe261cc4f2a775f2,5fc722d532e5af0bb75f4d248f58121783d7f0bfbfc8d124c5be477ace385568,d_26f990b31dab118c35df562a,Codex — agent-assisted initial review,2026-09-20T09:23:18.404604+00:00
2024:4071920231754003230,p0007,g_c77347c1f4fe1cbc03653e8c,2a18186013eadccaf9972784e36296f3a6daf9f6cd8e7b5f393721980959c3ac,d_a71213259ada457d0554cb26,Codex — agent-assisted initial review,2026-09-20T09:23:18.404604+00:00
2024:4071920231754011484,p0002,g_5a34c95f365924e9536f784d,0d82a09b80136222b866b23cb8f0415e6c6b93ec1997689f52b6d71c895433d6,d_366da88b4479b77bbf8cd581,Codex — agent-assisted initial review,2026-09-20T09:23:18.404604+00:00
2024:4071920231754011490,p0003,g_7eaade5eebc68a706395ced9,d9133208b3af0d15e566f5183c8ccaea7353f52802e8411eee7476c6c5b252f7,d_24e8f02c83b5668c21f35f6b,Codex — agent-assisted initial review,2026-09-20T09:23:18.404604+00:00
2024:4071920231754053907,p0009,g_744e089406a284a2ef1c8cae,5e4a3d96ddd355b7ebccee1e44e8903345f7a255408cc43db1531cdd3c7a1dbc,d_d4028905ac0b4d7c87f097b2,Codex — agent-assisted initial review,2026-09-20T09:08:32.301672+00:00
2024:4071920231754064038,p0004,g_533b99cae13b20adfeee2dec,280ec8eb13debea2f23b9a986040cb6878f8e39bf84113dfbc935a721ce5d544,d_0141d6cf2a985b3c36c657e4,Codex — agent-assisted initial review,2026-09-20T09:23:18.404604+00:00
2024:4071920231754064040,p0004,g_533b99cae13b20adfeee2dec,dc80e69905597a203cef9f7b909e3cd85af4f3c7685f2c0880e3688427c25658,d_0141d6cf2a985b3c36c657e4,Codex — agent-assisted initial review,2026-09-20T09:23:18.404604+00:00
2024:4071920231754588218,p0014,g_2a566c417110e220c032d588,c58169278b15f144fbd446ba170ef134d60ac6d09feba5db6a998b333c695a70,d_c6813225ce16c46b950c9d53,Codex — agent-assisted initial review,2026-09-20T09:08:32.301672+00:00
2024:4071920231754588917,p0008,g_b95f25aa7897ec9517e70a14,a03527b551fd213e39f7c41bc847fd944fb75a6576c9ca2e8e6bb8697dd0e784,d_a99c1673d05dc484357a2146,Codex — agent-assisted initial review,2026-09-20T09:08:32.301672+00:00
2024:4071920231754589842,p0004,g_568899e0e2a6dcfbb334ce73,0aa27b0f4820811eceaab9904d81f4b2794d9771adb4d53ca611fddefc44ed2b,d_1e4a1802368554d1be572109,Codex — agent-assisted initial review,2026-09-20T09:23:18.404604+00:00
2024:4071920231754590069,p0008,g_b95f25aa7897ec9517e70a14,32cb5d587c19a3f08aaec25ac15b31b3dfb535d4eb3a1d2746da416d55f0048d,d_a99c1673d05dc484357a2146,Codex — agent-assisted initial review,2026-09-20T09:08:32.301672+00:00
2024:4071920231754597223,p0015,g_bbd925aa8361970dc1167440,895fea902c248bb4bb26225d0c7e1fe551a6a2b8a5963372e58c8a08056a79e0,d_ead967df1bbce394a924e2f4,Codex — agent-assisted initial review,2026-09-20T09:23:18.404604+00:00
2024:4071920231754627356,p0008,g_8d03c4616234a6cf9236c180,58aa404dc636ddd17f88b3be526da1c83f9a7cc5a25f2ec4edaaefc233d4e2aa,d_b118d5ead884bf26f682773b,Codex — agent-assisted initial review,2026-09-20T09:08:32.301672+00:00
2024:4071920241978176041,p0002,g_6577ca1947fa291b533894d1,b8d245f89a6c8b01bad186b0cbbcb048952d30b197ae988b3226ce624fec4566,d_38e1ff86d93ce4dba315a05d,Codex — agent-assisted initial review,2026-09-20T09:23:18.404604+00:00
2024:4071920241978178381,p0003,g_eca755cafd5dc12d0720771d,156a02341ff86f0154edc0a7beb2cf1d08636ad9f9d3c990cbcbf73e1621ae39,d_51b241d4df1d2511ba8670b1,Codex — agent-assisted initial review,2026-09-20T09:23:18.404604+00:00
2024:4071920241978218294,p0002,g_734b5e83ee9b7e05e2986bf5,b21eaec8abbb568b1f79befee46e72a0bcb0fd3673fd23bd129fa7f65927df62,d_84cf094212c620c9e0c3d63e,Codex — agent-assisted initial review,2026-09-20T09:23:18.404604+00:00
2024:4072120231756293470,p0012,g_66a98ff28415b7389db6105c,26d7a4cec464d79db8d5d472609d701234c2165f752543145b69902d413c6f2c,d_7a176a4d58423b39f7f41afe,Codex — agent-assisted initial review,2026-09-20T09:23:18.404604+00:00
2024:4072120231756293725,p0012,g_66a98ff28415b7389db6105c,f49e88bfaee14d1f2def6ad851fd117123e3067c91c7bb282aeff072202f2161,d_7a176a4d58423b39f7f41afe,Codex — agent-assisted initial review,2026-09-20T09:23:18.404604+00:00
2024:4072120231756336510,p0015,g_8f9fcaab4475876b47d51de7,785304e7e4a58b5c71f7a6c58af8d7f4e28c2a8ddb98a7a64bb22b827840c8c0,d_0a6d512880b6be6e2f4e80f9,Codex — agent-assisted initial review,2026-09-20T09:23:18.404604+00:00
2024:4072120231756336511,p0015,g_8f9fcaab4475876b47d51de7,57e220b8833cc5b5e64d80072b0adf1948e646cb78e0098039d2a2f72003ef55,d_0a6d512880b6be6e2f4e80f9,Codex — agent-assisted initial review,2026-09-20T09:23:18.404604+00:00
2024:4072120231756477654,p0009,g_728e39e91213356bf0b757a9,812e5dbfd95780e072423e693d274c98cc31c1c77deccf2adc30f9eee0c916bb,d_c7f1339323f4c173cf2c1dee,Codex — agent-assisted initial review,2026-09-20T09:08:32.301672+00:00
2024:4072120231756478518,p0015,g_5ae5311e21ed2c18372d88bc,775fc7698e95f30c5b681de5175c5bea9748c7885a9480a48d5ccf7374886214,d_0107a70e8f96458a191621c8,Codex — agent-assisted initial review,2026-09-20T09:23:18.404604+00:00
2024:4072120231756478519,p0015,g_5ae5311e21ed2c18372d88bc,9e7a954288f0198110807bb47d39b0f47178508a9ce65ac97e886034dc6d0087,d_0107a70e8f96458a191621c8,Codex — agent-assisted initial review,2026-09-20T09:23:18.404604+00:00
2024:4072220231756581316,p0004,g_533b99cae13b20adfeee2dec,66c23de836f39052e676efcf66a36e5472888ad119bc00821b94c31104ec0e19,d_0141d6cf2a985b3c36c657e4,Codex — agent-assisted initial review,2026-09-20T09:23:18.404604+00:00
2024:4072220231756583571,p0004,g_533b99cae13b20adfeee2dec,9ce5c84e0a057f5291203b34452153c61b07dd2c48eea24460dbf1a38b2cf935,d_0141d6cf2a985b3c36c657e4,Codex — agent-assisted initial review,2026-09-20T09:23:18.404604+00:00
2024:4072220241978328316,p0003,g_554894c4490b0685aaf85533,6be469e75c17b4cec0f3ac9aada0fcaa56ebab072d5836d07fe1c06f045b3f7a,d_b59a595f8ae488e44f0c573c,Codex — agent-assisted initial review,2026-09-20T09:23:18.404604+00:00
2024:4072220241978328337,p0002,g_ae2b4dfeb2d16158560c3f29,0742542ea92d7fbca6b4041dde5d53ac2e54a7dbd11b090e478539d9c2b98c3b,d_76d599ac386b7d0f1ffe1229,Codex — agent-assisted initial review,2026-09-20T09:23:18.404604+00:00
2024:4072220241978334876,p0003,g_0137dc1d33eeb82d36d936f6,0c32a66ee7304d1d67d89ebee374d04be82e110bcce2da8d23f0dc9d335ba470,d_2d4abcf961b0d7a8f5247c8a,Codex — agent-assisted initial review,2026-09-20T09:23:18.404604+00:00
2024:4072220241978334902,p0002,g_b0705c484e8984fe028d48ab,77186988033c2740a0def65988f64085a7cc872321ada263a3b76c9e58cf4715,d_dc1e665f28c2e230b75425a1,Codex — agent-assisted initial review,2026-09-20T09:23:18.404604+00:00
2024:4072320241978428484,p0002,g_3f9587052afa7c63217a82a9,06f1d2f23312606dfbbbe70f92e94b06b1664255c548c71d71a40b2718b1ef18,d_12f153fa20dc4c2f1b7fcce5,Codex — agent-assisted initial review,2026-09-20T09:23:18.404604+00:00
2024:4072320241978428485,p0003,g_ac7ab59f46695ad8bc3ec831,a00aa2a0255201f39766f4720baf2cfbfe279706e73383783f862b669e06be17,d_dd6b3a4f0880c8e380760a3b,Codex — agent-assisted initial review,2026-09-20T09:23:18.404604+00:00
2024:4072320241978428607,p0004,g_bd058d69d0304e30bc389d7c,05f66b9a84a9d76bc042dd191d389ce832be1210395e655b7561772cfbe2c57e,d_0a55b981bcef47f157f2f646,Codex — agent-assisted initial review,2026-09-20T09:23:18.404604+00:00
2024:4072320241978616648,p0012,g_66a98ff28415b7389db6105c,5764a4000d2e24ba955b3ed0d8165128091b032e96661d8c3ffc6aaba17018bf,d_7a176a4d58423b39f7f41afe,Codex — agent-assisted initial review,2026-09-20T09:23:18.404604+00:00
2024:4072420241978659431,p0002,g_b4ad69c622f003d87748dc61,930f5f70b9e280bde754f3b39645cd7b9966c3742a353929715ffa471b68f389,d_5cee80fa5904f50789e55580,Codex — agent-assisted initial review,2026-09-20T09:23:18.404604+00:00
2024:4072420241978688856,p0012,g_a18a3e723c1ceecfbcfb7a92,8be20a59ae2bb8189855e1952acb71bc935f4e421af6de43b2f09af72b7216da,d_5633611b9b776ad94f3151a9,Codex — agent-assisted initial review,2026-09-20T09:23:18.404604+00:00
2024:4072420241978689188,p0004,g_560c7a9bdd1b26699a53bfd2,e8c414a64e9f7d315f2514e02f1c478d1576cf0a5b0c86cec5808035642d4c1a,d_3cf8763bc9fd1f6c80001d09,Codex — agent-assisted initial review,2026-09-20T09:23:18.404604+00:00
2024:4072420241978689230,p0004,g_560c7a9bdd1b26699a53bfd2,cba375612fa0257469dc1def164d0f0b465de352a59872752ee7ec9100600d72,d_3cf8763bc9fd1f6c80001d09,Codex — agent-assisted initial review,2026-09-20T09:23:18.404604+00:00
2024:4072420241978689575,p0012,g_a18a3e723c1ceecfbcfb7a92,8988a4069ca5ab59fb15a7becf1ca832dd8fa63d95e289c1ddb6485dc0da2c63,d_5633611b9b776ad94f3151a9,Codex — agent-assisted initial review,2026-09-20T09:23:18.404604+00:00
2024:4072420241978812399,p0014,g_a3749f8abe928abdaf08d2a4,36e45df321e867c5b7de0bdfff5e2576af3ea0849273e58dd4bf8ecc74f73c2d,d_e112fbf655c920a10e2cf107,Codex — agent-assisted initial review,2026-09-20T09:08:32.301672+00:00
2024:4072420241978828138,p0002,g_8aac48dd3821037480c6b835,65c7c6e19767a247bf7917df836989728f0c7dc91e47ea1bc0090365767dc1d4,d_7fa489a47f0e9105eac463bb,Codex — agent-assisted initial review,2026-09-20T09:23:18.404604+00:00
2024:4072420241978828139,p0002,g_8aac48dd3821037480c6b835,221db3a96ffdadf81a9036effa57ddb59bd289c4efd13f899f2d056cc6a1bcde,d_7fa489a47f0e9105eac463bb,Codex — agent-assisted initial review,2026-09-20T09:23:18.404604+00:00
2024:4072420241978828162,p0003,g_7e617f2e9c5fa3f4b2ca6ff7,d101a98b691139b253e7f5cd6f379216d9d49c8442d21c7f094ad5d73e854ad3,d_538edc632adae9832052c4be,Codex — agent-assisted initial review,2026-09-20T09:23:18.404604+00:00
2024:4072420241978828164,p0003,g_7e617f2e9c5fa3f4b2ca6ff7,070c69e27295f51487919b8f5adb82c5525e453a97fac33f7c4176a5c73fe611,d_538edc632adae9832052c4be,Codex — agent-assisted initial review,2026-09-20T09:23:18.404604+00:00
2024:4072420241978836083,p0004,g_286551189993f6250bd34f8a,ebd0b93445dfbe4f538ad9f9dce62bbf311f23d0ca405beaeb1248312b5f2dae,d_74df714249640ae8221a1c1a,Codex — agent-assisted initial review,2026-09-20T09:23:18.404604+00:00
2024:4072420241978841586,p0015,g_11c9e2c6a291ee16c9704292,790ad10a634081f32383139b3f3bb46293d0357bd640eb0cfda5c276503f378d,d_54d48d18f4409267f4fbce87,Codex — agent-assisted initial review,2026-09-20T09:23:18.404604+00:00
2024:4072420241978841671,p0003,g_eca755cafd5dc12d0720771d,bcdf370abd4ace450c82445a6af3f7ed4acb74036e75b31e5c9a48e0ad3d8c75,d_51b241d4df1d2511ba8670b1,Codex — agent-assisted initial review,2026-09-20T09:23:18.404604+00:00
2024:4072420241978841693,p0002,g_326679e4fa8109ff8e402c71,0c986a96cb082a660133a51befa1e45a477ecae4d8bfcdbfc667fb943fe4d800,d_19b78351c6800e166c40dbde,Codex — agent-assisted initial review,2026-09-20T09:23:18.404604+00:00
2024:4072420241978841803,p0003,g_eca755cafd5dc12d0720771d,0362b2021f20d26c44da91ed2d0f67f287d8d3676118288532f2419450c95f83,d_51b241d4df1d2511ba8670b1,Codex — agent-assisted initial review,2026-09-20T09:23:18.404604+00:00
2024:4072420241978841811,p0002,g_326679e4fa8109ff8e402c71,edf4c6d817b76d7319972d132ce5c5133764c3c479040beb904a18aa86780cea,d_19b78351c6800e166c40dbde,Codex — agent-assisted initial review,2026-09-20T09:23:18.404604+00:00
2024:4072420241978898578,p0004,g_8c4be198d28354ec7788d09f,f014b47a35fb5d6d3fe76b82cd3622102f223c04340fe0d830848ee07aa15385,d_958d7285b850aec098fdcc4a,Codex — agent-assisted initial review,2026-09-20T09:23:18.404604+00:00
2024:4072420241978903928,p0007,g_c092f2d3d672589727d05bf2,569087c127ca9d414bca9d18d4cedfab1f9a5a114339cdc0bebc641b1c398db4,d_c5ded8747650ebb21d48fef0,Codex — agent-assisted initial review,2026-09-20T09:23:18.404604+00:00
2024:4072420241978914651,p0011,g_07038da5b70b0a37dc1a74f7,8d6c1bfb30f10287b48fba43d9c2d0cb526ac7d304fc73e48a9de5f3a16beccc,d_b25600b55b34a5b70956d962,Codex — agent-assisted initial review,2026-09-20T09:08:32.301672+00:00
2024:4072420241978955586,p0013,g_48d750321e2c45aa62aed888,88c748ce6737943a362485a7a4c37369cb42b489d93c015603c21b7a1f64e49e,d_d9ef0c57798e15b8079fd207,Codex — agent-assisted initial review,2026-09-20T09:23:18.404604+00:00
2024:4072520231756916001,p0009,g_3d1fd68d1b0a4de3b68715a1,0ffd59575e7955c0e782cb94fc8f2d82296229996160ebe20a86737d817ae7c9,d_f04672894c8d189f46f6fedd,Codex — agent-assisted initial review,2026-09-20T09:08:32.301672+00:00
2024:4072520231756946765,p0009,g_3d1fd68d1b0a4de3b68715a1,feb8887a2f764b63ca96eab866fb84f7b2369071edce274ac2be913c3acd58bf,d_f04672894c8d189f46f6fedd,Codex — agent-assisted initial review,2026-09-20T09:08:32.301672+00:00
2024:4072520231757138608,p0015,g_7f36a5a90a400684f2c4efbc,b0be3b453a58ac69717aada9621eb9d2cbbf72968bbf8faeb8d24d884e4a3f90,d_fe8f3376fbee90fdaceeca55,Codex — agent-assisted initial review,2026-09-20T09:23:18.404604+00:00
2024:4072520231757138609,p0015,g_7f36a5a90a400684f2c4efbc,3bcf001426409b62feadfe280c5133c2c6291899e46e76f4b2d68df21aff9b14,d_fe8f3376fbee90fdaceeca55,Codex — agent-assisted initial review,2026-09-20T09:23:18.404604+00:00
2024:4072520241978987385,p0004,g_91fa64da98d48c59bd03ed17,a3d9900138783d35acaade28dda430cac5f32e3a271ce3535cfea0d5e5c27109,d_d437193d9f0c0904585c1bdc,Codex — agent-assisted initial review,2026-09-20T09:23:18.404604+00:00
2024:4072620231757191970,p0009,g_328a09d4d1fc0f665c27ea36,3e263eceb49abc6880e3a74437db1cc9e4aa6e42e5d9ea91baf0e5cfbcb33e34,d_c27589eb1b94fc298cf28d0b,Codex — agent-assisted initial review,2026-09-20T09:08:32.301672+00:00
2024:4072620231757217877,p0004,g_d10a915dce75881a3685f11e,8296ff46ce8e903ca3c9700f66029767db01a6af2905380d60b2d2cc77dca025,d_5b0ed565f37b0f932cdabb6a,Codex — agent-assisted initial review,2026-09-20T09:23:18.404604+00:00
2024:4072620231757254975,p0004,g_d10a915dce75881a3685f11e,6c1ff35e08e52564696b6844e9c99020a99d5e2e6ae268d4e8d2e460a6dd5140,d_5b0ed565f37b0f932cdabb6a,Codex — agent-assisted initial review,2026-09-20T09:23:18.404604+00:00
2024:4072620231757254976,p0004,g_d10a915dce75881a3685f11e,f7f49848c31a3d281a7833e66551e5f9ded7c55d2372f43673f83a36dfb4a543,d_5b0ed565f37b0f932cdabb6a,Codex — agent-assisted initial review,2026-09-20T09:23:18.404604+00:00
2024:4072620241979765481,p0004,g_0d73f8d4258a0080ae3af60b,5e574aff07148e709e54fe2dd96de273c680ad94c820154a32aa9aece29841a9,d_57506d9a0f369b340e3da604,Codex — agent-assisted initial review,2026-09-20T09:23:18.404604+00:00
2024:4072620241979807482,p0002,g_734b5e83ee9b7e05e2986bf5,b0aec658acfa29364bd721b0006e8e3fe1a19d6f9f27ce2eb8a10cfd447ab964,d_84cf094212c620c9e0c3d63e,Codex — agent-assisted initial review,2026-09-20T09:23:18.404604+00:00
2024:4072620241979808486,p0003,g_aef1717d344292565d2cccc5,3af36551fbf5e0209501df7c739383a436bb5a666389bbd0de00c618d5372a24,d_6af7b366bb71d57f878ef24c,Codex — agent-assisted initial review,2026-09-20T09:23:18.404604+00:00
2024:4072620241979853404,p0009,g_ae77c6e8d3ca81771ccf9cf0,84e5ee3af6517663f3fde95d628bce348bc6b1d636b4f8c3c7537d3980661f5f,d_4a376a11f273ea87c213e562,Codex — agent-assisted initial review,2026-09-20T09:08:32.301672+00:00
2024:4072620241979867618,p0011,g_de9dd8e0a275dd3c7d678033,5535581f96c19f7e54b939f9b4d64dcf78300db4c4ee143891e66adfd59d2f79,d_be523788d3d9d3672745c8e4,Codex — agent-assisted initial review,2026-09-20T09:08:32.301672+00:00
2024:4072620241979872854,p0012,g_66a98ff28415b7389db6105c,5a31a9be6ca0c952a32fdace37a5c0eb513920e6392fcd770b257657f1ec84b7,d_7a176a4d58423b39f7f41afe,Codex — agent-assisted initial review,2026-09-20T09:23:18.404604+00:00
2024:4072620241979887617,p0010,g_de48d73cc7dbcfb36b7bf9de,88555a265e2dfed3026eb4d3cdcc938c528857f255cc181956e1cc3e8d5c7743,d_384ddeaccceae987dc197486,Codex — agent-assisted initial review,2026-09-20T09:08:32.301672+00:00
2024:4072720231757584946,p0012,g_66a98ff28415b7389db6105c,f30d53dd33de60f0d1c498901e71344393a42da5a17e5be516143565c39f338d,d_7a176a4d58423b39f7f41afe,Codex — agent-assisted initial review,2026-09-20T09:23:18.404604+00:00
2024:4072720231757584948,p0012,g_66a98ff28415b7389db6105c,38f85dad20313bc30a82460549ec4adc97f549568f3850ba478c41e97e4ab6ed,d_7a176a4d58423b39f7f41afe,Codex — agent-assisted initial review,2026-09-20T09:23:18.404604+00:00
2024:4072720231757612411,p0004,g_533b99cae13b20adfeee2dec,cddb6901c8cdfaaa2fc2c3fb0ec3cb7a238bd61b8659ae3018847837e8ab25d1,d_0141d6cf2a985b3c36c657e4,Codex — agent-assisted initial review,2026-09-20T09:23:18.404604+00:00
2024:4072720231757612882,p0012,g_fd5062e84311a2030c33e968,214c4b42e73ba36360a7cd3363d9e02bcb8c586f4b165e395972d416d7f35701,d_eada38388f67dcff8699c52a,Codex — agent-assisted initial review,2026-09-20T09:23:18.404604+00:00
2024:4072720231757612884,p0012,g_fd5062e84311a2030c33e968,ee989d3ea53ac7109ecd3523a8af6813853316ab55c61a9f5a735154edc493d1,d_eada38388f67dcff8699c52a,Codex — agent-assisted initial review,2026-09-20T09:23:18.404604+00:00
2024:4072720231757612885,p0012,g_fd5062e84311a2030c33e968,af467135e520adc4a57f5f039c0268043d507285bd4c8808f3e061abcd43fc84,d_eada38388f67dcff8699c52a,Codex — agent-assisted initial review,2026-09-20T09:23:18.404604+00:00
2024:4072720231757614158,p0011,g_1fcc3d5915ab097200849a1c,e557c02af3f30761dfd6cc33d7ad5752ee6eeb7b078075341822e9e5f1213d82,d_132b57959510db404fa3ebaa,Codex — agent-assisted initial review,2026-09-20T09:08:32.301672+00:00
2024:4072820231758259379,p0009,g_edb3ab476641d689423641d4,3515c67747b00f0e61eed4a24c600d00d5eb4957a7afc5e03958d78b924f4f9d,d_94b16dc63a75bc531c6de1f5,Codex — agent-assisted initial review,2026-09-20T09:08:32.301672+00:00
2024:4072820231758259467,p0009,g_edb3ab476641d689423641d4,1f8847ca23ee4e48c1510c557a2406754a07a205fd510b5fb1c64a76f91f9aef,d_94b16dc63a75bc531c6de1f5,Codex — agent-assisted initial review,2026-09-20T09:08:32.301672+00:00
2024:4072920241979975255,p0002,g_1ac7dcdc4e4014f671ca666c,64cab80c901b6f7f2439c481a5c921e6925f2d3b5c373449d881b2888b1552ee,d_baac701a87de4904b0183fb5,Codex — agent-assisted initial review,2026-09-20T09:23:18.404604+00:00
2024:4072920241979975256,p0002,g_1ac7dcdc4e4014f671ca666c,208eac9cf60d2e320a03d14ff8608c480a01f9c829c44e3058ceef5d55fc4cad,d_baac701a87de4904b0183fb5,Codex — agent-assisted initial review,2026-09-20T09:23:18.404604+00:00
2024:4072920241979975627,p0003,g_554894c4490b0685aaf85533,75e2abae0eb7f083db1c4a402257b41efde7988f8b1d0db3f0b08d8eb0817b52,d_b59a595f8ae488e44f0c573c,Codex — agent-assisted initial review,2026-09-20T09:23:18.404604+00:00
2024:4072920241980423560,p0014,g_2a566c417110e220c032d588,b9b683a7330231cade368fa33bd56189ca719fd7c59b92863d6ca56e7e8570bf,d_c6813225ce16c46b950c9d53,Codex — agent-assisted initial review,2026-09-20T09:08:32.301672+00:00
2024:4073020231758330541,p0015,g_ed909e9c1a18613e862a4d0d,9ace0505b6cc8549641b1236c005a0c62d4c21fb3030c067d88175f1c1ec0ca6,d_0a6143bf7a185a78aeb5e948,Codex — agent-assisted initial review,2026-09-20T09:23:18.404604+00:00
2024:4073020231758330644,p0004,g_533b99cae13b20adfeee2dec,9513d79d1bbb834ee85045200d5d73855e0331faaa69e566a4f17735d2b2f46d,d_0141d6cf2a985b3c36c657e4,Codex — agent-assisted initial review,2026-09-20T09:23:18.404604+00:00
2024:4073020231758330646,p0004,g_533b99cae13b20adfeee2dec,2fc15061ed8fcd44f51d8f41e2dc1bd778defbe378c7fa17d907e5658ebf247d,d_0141d6cf2a985b3c36c657e4,Codex — agent-assisted initial review,2026-09-20T09:23:18.404604+00:00
2024:4073020241980464569,p0004,g_73f16d79910579792db6110b,0fc0c024bb5998720ac15c38551c6a0b241a05ddca70359153e26c71b4ff9cd5,d_4e6a78560cd86093f17a2662,Codex — agent-assisted initial review,2026-09-20T09:23:18.404604+00:00
2024:4073020241980467278,p0019,g_b63bded24c6d0be2389d412a,9f58bd01bf6a1113452635f11afdd15a231fcea22229e120ed8a6e67184e70f3,d_8b17d3c285e57a99c41b797a,Codex — agent-assisted initial review,2026-09-20T09:08:32.301672+00:00
2024:4073020241980467465,p0002,g_98d9baf9743cf34c7469a813,5b189fb682256fe5d694ab884f12c4f9b0097393fe229dbee596e263b7334f15,d_8465eadc1d77a8ea4bb89914,Codex — agent-assisted initial review,2026-09-20T09:23:18.404604+00:00
2024:4073020241980467469,p0003,g_554894c4490b0685aaf85533,55b5ed15f95a7debe46a4e851e449fb80a2bd60a59c0919a4cf730e094b6c4d1,d_b59a595f8ae488e44f0c573c,Codex — agent-assisted initial review,2026-09-20T09:23:18.404604+00:00
2024:4073020241980470667,p0011,g_23fcd7b87cf602b4b3f207bc,89a7756f6221bdcb1d55ec196e44a03fed38e5470820a7fb086b456c5490fd63,d_a28177f04782f115eda20b9b,Codex — agent-assisted initial review,2026-09-20T09:08:32.301672+00:00
2024:4073020241980484582,p0003,g_554894c4490b0685aaf85533,4cb2e46edc86e59d682f346be6eca65051b1f9e91fe75c77c6f91da9edc725f5,d_b59a595f8ae488e44f0c573c,Codex — agent-assisted initial review,2026-09-20T09:23:18.404604+00:00
2024:4073020241980484606,p0011,g_07038da5b70b0a37dc1a74f7,74f664763732ebc5eb06f365130e102130104bb11779cc101b00793a071478e4,d_b25600b55b34a5b70956d962,Codex — agent-assisted initial review,2026-09-20T09:08:32.301672+00:00
2024:4073020241980484650,p0002,g_62fb8c02c7e6a23fd3ee1793,94164362d44a975f802f8bbc0b0b217805429092f5ee815454653b17a5801159,d_802613e95370cdab8a19d2c7,Codex — agent-assisted initial review,2026-09-20T09:23:18.404604+00:00
2024:4073020241980577711,p0011,g_07038da5b70b0a37dc1a74f7,fb9f7989e67396646eea4c347d8ba9d4bf2ba2909bd09da2cdeb2dedcf487e59,d_b25600b55b34a5b70956d962,Codex — agent-assisted initial review,2026-09-20T09:08:32.301672+00:00
2024:4073020241980579390,p0002,g_8744addfd387c3a85fb6df22,02b3e2aba2886adaac2985c74bbfa268b922d1f4654a97d6414b390a0667ded2,d_f2ebaaa9d47dbc05b4530268,Codex — agent-assisted initial review,2026-09-20T09:23:18.404604+00:00
2024:4073020241980579535,p0003,g_80c4e2fbb14298f88b72d1bc,34b54fb7f2e6f92c36423bc130506a52e7c4c1e6e1902bb15d83c881c7593a5a,d_c27ea8c569326b5982d1d6e5,Codex — agent-assisted initial review,2026-09-20T09:23:18.404604+00:00
2024:4073020241980580824,p0002,g_2b100b28af8e97cec4588c4a,30acc6548b8f4f652a6c2a8162f81e4801ef094439aca2f0135c53b653365ff7,d_b0eb6b72711705e615bef88f,Codex — agent-assisted initial review,2026-09-20T09:23:18.404604+00:00
2024:4073020241980580828,p0003,g_617913b6113ba9f2cb4a3d22,eeffb44b369c17fcd9a18261cace9eca69fde808160dfc8fabdcd092060bbe24,d_55173acc8fc9d0001537c94a,Codex — agent-assisted initial review,2026-09-20T09:23:18.404604+00:00
2024:4073020241981082809,p0009,g_3d1fd68d1b0a4de3b68715a1,79a93dd17b25a985bb2473743ec1fc0ee5c4f9b05e22615cff4e67158a4893a7,d_f04672894c8d189f46f6fedd,Codex — agent-assisted initial review,2026-09-20T09:08:32.301672+00:00
2024:4073020241981084447,p0015,g_71774c519bda7f454bc480c4,34f1357ae5a7f6937b03f947d34cf814f8bbf20974c39afecffaf0f1264be881,d_c802b40bdbe297a8dba5c299,Codex — agent-assisted initial review,2026-09-20T09:23:18.404604+00:00
2024:4073120231758471005,p0015,g_d8e1d834daafaf825dffa2ed,254d850c6ebff6f814ee3eabf26a1f380c7d38073185ac202d752d17f8ae46c1,d_b4906ea73d9deac168c472d3,Codex — agent-assisted initial review,2026-09-20T09:23:18.404604+00:00
2024:4073120241981187854,p0002,g_1afb04007b7fe98ba87e9d3f,d7c3c40347a95b54483e7d953b37413abca9b599cf5e773db4ffa47ba3bab339,d_f437cc70da0f3dcee05b7ad2,Codex — agent-assisted initial review,2026-09-20T09:23:18.404604+00:00
2024:4073120241981187855,p0002,g_1afb04007b7fe98ba87e9d3f,5899caf11ea525f978ac418492b2360ecfab880e05aa26737a4bdfa770ee97c6,d_f437cc70da0f3dcee05b7ad2,Codex — agent-assisted initial review,2026-09-20T09:23:18.404604+00:00
2024:4073120241981187856,p0002,g_1afb04007b7fe98ba87e9d3f,0c260eecea0de17432f508932da57f3c418eafefa8442c29aef29feee1d010a0,d_f437cc70da0f3dcee05b7ad2,Codex — agent-assisted initial review,2026-09-20T09:23:18.404604+00:00
2024:4073120241981188305,p0003,g_15117e531500dacca9ff38c5,539b16380730fe40386c3a4ea183ae75aeff3bb77142e62c8801489243871f7f,d_3009f9cda580a5b2055b4c74,Codex — agent-assisted initial review,2026-09-20T09:23:18.404604+00:00
2024:4073120241981188306,p0003,g_15117e531500dacca9ff38c5,6339a829489d49332a9c8bd1a2005b114d4363336ccd7efddaccbfdcc1c0418b,d_3009f9cda580a5b2055b4c74,Codex — agent-assisted initial review,2026-09-20T09:23:18.404604+00:00
2024:4073120241981188307,p0003,g_15117e531500dacca9ff38c5,e8e0cbf8517118338b119ac555095c118026bedd6beb9e3cca403603eeb249b1,d_3009f9cda580a5b2055b4c74,Codex — agent-assisted initial review,2026-09-20T09:23:18.404604+00:00
2024:4073120241981196396,p0002,g_6dc472bf98e1c638edc58ca9,670e8d51a375a732ccfc84c260df1238d24ffed2e85a57f32249733d90300101,d_10b54f4b1214b68d7aad355a,Codex — agent-assisted initial review,2026-09-20T09:23:18.404604+00:00
2024:4073120241981196825,p0012,g_7e0d5a21cc3681a26adce32b,6c17eeca1d0a69cb727a34b81f31c2134496290f84b71ef09d468854fbf1566c,d_68d52c7ea32e2c3f677074c4,Codex — agent-assisted initial review,2026-09-20T09:23:18.404604+00:00
2024:4073120241981582361,p0009,g_3d1fd68d1b0a4de3b68715a1,a9120afe909081a86c4d6a3509807da4dd087b32837e96ef6b268baf99db4efd,d_f04672894c8d189f46f6fedd,Codex — agent-assisted initial review,2026-09-20T09:08:32.301672+00:00
2024:4073120241983130394,p0011,g_07038da5b70b0a37dc1a74f7,1ed7a3cb99274fe94f5c838680944f8823da1efdb0b95a6c3577f5db2b3fb88d,d_b25600b55b34a5b70956d962,Codex — agent-assisted initial review,2026-09-20T09:08:32.301672+00:00
2024:4073120241983221724,p0011,g_07038da5b70b0a37dc1a74f7,ee904ff4c54c69b94967b5fa9a99c2344813b1d44d101310667d1de29e6a6b82,d_b25600b55b34a5b70956d962,Codex — agent-assisted initial review,2026-09-20T09:08:32.301672+00:00
2024:4073120241983267004,p0011,g_07038da5b70b0a37dc1a74f7,600be26d415d8e4f8102d655eb11442eff5714265f384274661a8a7f86efc9e4,d_b25600b55b34a5b70956d962,Codex — agent-assisted initial review,2026-09-20T09:08:32.301672+00:00
2024:4073120241983498693,p0011,g_07038da5b70b0a37dc1a74f7,51ec9a5c54f51ff54248eb23707ddd7cd795dd1e8c969028d6737383ae592306,d_b25600b55b34a5b70956d962,Codex — agent-assisted initial review,2026-09-20T09:08:32.301672+00:00
2024:4073120241983504739,p0011,g_07038da5b70b0a37dc1a74f7,4ae7a1d59b568d42f8eec0477afcbba1c4569dff3afc0065e6610f2d69606419,d_b25600b55b34a5b70956d962,Codex — agent-assisted initial review,2026-09-20T09:08:32.301672+00:00
2024:4073120241986202449,p0011,g_07038da5b70b0a37dc1a74f7,e430033965d6b001397f9445e15f3176096e32eef4599fee9a973984644a39c2,d_b25600b55b34a5b70956d962,Codex — agent-assisted initial review,2026-09-20T09:08:32.301672+00:00
2024:4073120241986638330,p0011,g_07038da5b70b0a37dc1a74f7,1b756cbc45992c8821479810b666bc995aedf9f163dd067d93828a493727630d,d_b25600b55b34a5b70956d962,Codex — agent-assisted initial review,2026-09-20T09:08:32.301672+00:00
2024:4073120241986678121,p0011,g_07038da5b70b0a37dc1a74f7,40332366338ae646da38105882b57093c3ede16cc08982b42eabffd53ca3c622,d_b25600b55b34a5b70956d962,Codex — agent-assisted initial review,2026-09-20T09:08:32.301672+00:00
2024:4073120241989154258,p0017,g_12fbd5a5bad6207a9520c793,d0a26ccdca62002d82a60869c5ba13870396f96f897c079c366212530f2bfdac,d_b2cee79a4f822077701366f3,Codex — agent-assisted initial review,2026-09-20T09:23:18.404604+00:00
2024:4073120241990302395,p0007,g_c092f2d3d672589727d05bf2,a0cfd0cb424aa3100e12510b688da52bba7ec2507f20d99d8a1a040cc0717185,d_c5ded8747650ebb21d48fef0,Codex — agent-assisted initial review,2026-09-20T09:23:18.404604+00:00
2024:4073120241990938607,p0012,g_8fe192595a23afbb89ca8bd2,01051e8f12002e7bd91cbb3f1a18b89d0a8161b627a022ba9c606935ee421adc,d_baf620f07ea179544f158aed,Codex — agent-assisted initial review,2026-09-20T09:23:18.404604+00:00
2024:4073120241990966488,p0009,g_af1886602cf99e7622bf7af0,a8663b582df6025cbfbd215add2c6cf67cbf796d8d3dccb90201994e439ea529,d_857229ce21f533dd245732f6,Codex — agent-assisted initial review,2026-09-20T09:08:32.301672+00:00
2024:4080120231758600602,p0011,g_490e014e33de61b982092169,2594c80b7e4e2c9c09604496f0f0659af44be0d43cb86165332590b451584141,d_1af466286cc180044b4bfac6,Codex — agent-assisted initial review,2026-09-20T09:08:32.301672+00:00
2024:4080120241999342775,p0019,g_73057a1a119d18cc9f1a4732,db8841d8dd7e60091de79bfb00f19bdfa33eee0bb2cc8c2ac2cd6bbae858cdfc,d_194ddb306ff4d83b2b3dbacb,Codex — agent-assisted initial review,2026-09-20T09:08:32.301672+00:00
2024:4080120241999342836,p0002,g_f02dbc68be39e85a1709d778,4d222f603b375b34a118d7bdab8e47d5c1e3a9dfb2ad322681819cac8719251e,d_efc0c4b2f243b958ee7748e5,Codex — agent-assisted initial review,2026-09-20T09:23:18.404604+00:00
2024:4080120241999342839,p0003,g_554894c4490b0685aaf85533,83ee76b0eafa26f354b2437c3a2e93636a91a7d19005a1fa25992cc9f40a2dac,d_b59a595f8ae488e44f0c573c,Codex — agent-assisted initial review,2026-09-20T09:23:18.404604+00:00
2024:4080120241999348189,p0010,g_7fb7659f58ffe72baa60f738,83a90f9a6dfe21488d3ea3f184beea40b1d13bba7058de32cca53d265de77149,d_c1d7ead5b4504954410e10e6,Codex — agent-assisted initial review,2026-09-20T09:08:32.301672+00:00
2024:4080120241999368637,p0012,g_e79c60a3aa6a33475762b976,0909608d50625f9eac5bcad29eecefc4a919ee200dd916abb12c70824f5ee6f3,d_e90eb4cf45d3ee16b0f79535,Codex — agent-assisted initial review,2026-09-20T09:23:18.404604+00:00
2024:4080120241999369285,p0012,g_a6983b6aa221737b6d82fe62,41c286a49b1f4c4b805bdabfe624098e4f0e302dbd74381bdd6bc91c4edea011,d_bee107d112656e671e6cbe57,Codex — agent-assisted initial review,2026-09-20T09:23:18.404604+00:00
2024:4080120241999375208,p0002,g_77d91218f449eba98c3f070a,8188005c8c6cb75fbcbf6f68db2997d447a516f6abe653d553b04eb851601284,d_5d356c253531285be5148c18,Codex — agent-assisted initial review,2026-09-20T09:23:18.404604+00:00
2024:4080120241999375457,p0003,g_09e69129e7390b88f4087ac1,2023a0bf1031e1df04a8e3f3b5be8493e00d8a689c3bf598ee58fadc32f9882d,d_7b21eb7282e2a39a4e8f3879,Codex — agent-assisted initial review,2026-09-20T09:23:18.404604+00:00
2024:4080120241999380278,p0012,g_743f6d17002092ef8c3d07eb,8868debc4cca7d32f0d9edc8d07edcf2582c283429d0424c7e897fb708e1d5e3,d_4bceb35e61b75e1699484d47,Codex — agent-assisted initial review,2026-09-20T09:23:18.404604+00:00
2024:4080120241999381907,p0012,g_a6983b6aa221737b6d82fe62,a4efc05f4dc916a04642a5085e29755fb98b56249d90984cc52afc47e59fe5ce,d_bee107d112656e671e6cbe57,Codex — agent-assisted initial review,2026-09-20T09:23:18.404604+00:00
2024:4080120241999398115,p0012,g_a18a3e723c1ceecfbcfb7a92,5fcda0c0e702045b7bf42a4d4c7a02003acd488cb842d080c6fb36c9ca473dba,d_5633611b9b776ad94f3151a9,Codex — agent-assisted initial review,2026-09-20T09:23:18.404604+00:00
2024:4080120241999423130,p0012,g_66a98ff28415b7389db6105c,7949b909a04b3eb9dc2ff0b429942a0acb8837e293368d3b2b8645538f27f921,d_7a176a4d58423b39f7f41afe,Codex — agent-assisted initial review,2026-09-20T09:23:18.404604+00:00
2024:4080120241999424379,p0012,g_346800ad7508a2ce4e1e1a72,ce3e93c19a4a930ab7808d9e7e970969cc209048093d5bb5c3f650c9ae4bec13,d_2cf9dab0910d76af05823961,Codex — agent-assisted initial review,2026-09-20T09:23:18.404604+00:00
2024:4080120241999424531,p0015,g_c94685ab1869b24887e79d53,dd28ed78ab6aa8430f2d8ce21bb69b59ac0e5aa2d1d01954fe7a96bb3632cf83,d_78112e5c93c5ec920cbe99f3,Codex — agent-assisted initial review,2026-09-20T09:23:18.404604+00:00
2024:4080120241999428121,p0003,g_6e5c56296dfebf4d8141efcf,218a5b48e5fa500feeb8bd9b517ee7ac3bcd71e87d5657fc6842d47544801585,d_c13bcab5cd5db3be9e64ffee,Codex — agent-assisted initial review,2026-09-20T09:23:18.404604+00:00
2024:4080120241999428129,p0002,g_98d9baf9743cf34c7469a813,561b3ecae0bf59b951827d09cee8362ef044e5a6af1eae12ad92b9f0c125c7c7,d_8465eadc1d77a8ea4bb89914,Codex — agent-assisted initial review,2026-09-20T09:23:18.404604+00:00
2024:4080120241999430200,p0002,g_4d50d7a137badd72b0c2bbaf,7d1e83bc30b1703a8427b682ad0838555d3832426feb277906b8e2f261bc07a8,d_cbd15f1295e6fd193d04cbe5,Codex — agent-assisted initial review,2026-09-20T09:23:18.404604+00:00
2024:4080120241999430222,p0003,g_8ded00177ef1c04f814f454e,14bb966d427127723e45ae12c26fef72ebd96709994d243f012d4cf5432be5ec,d_a427898172dac34cf91099a8,Codex — agent-assisted initial review,2026-09-20T09:23:18.404604+00:00
2024:4080120241999430283,p0003,g_554894c4490b0685aaf85533,6af8242d7526b566df7f37b7bdd990024143f4db9f7fe0788e88cf412797b845,d_b59a595f8ae488e44f0c573c,Codex — agent-assisted initial review,2026-09-20T09:23:18.404604+00:00
2024:4080120241999430323,p0002,g_80ba0bbc8c0ea1edc4dbfb14,d8c242056b20ccdf41dd3bbe93c54971c21918163aafd87cfb204b3d5934b13f,d_0ea90c84312239a286eddc2c,Codex — agent-assisted initial review,2026-09-20T09:23:18.404604+00:00
2024:4080120251213053431,p0011,g_07038da5b70b0a37dc1a74f7,ac8c0a5f206cff2e319d60270b36a520a725c1bc7f4f21e522ece94cc204f347,d_b25600b55b34a5b70956d962,Codex — agent-assisted initial review,2026-09-20T09:08:32.301672+00:00
2024:4080220231759273222,p0015,g_b12afcc8b3928e3e57006aac,a536b798b7ba61707614bd46cda63ab4facbc665a780ee16cb5eb7783222ec19,d_519edd856b8328d773622117,Codex — agent-assisted initial review,2026-09-20T09:23:18.404604+00:00
2024:4080220231759275002,p0015,g_b12afcc8b3928e3e57006aac,b849efff2145ccdb0bc87642b31c349385af4af7cd1745dbd0df517a93c8be53,d_519edd856b8328d773622117,Codex — agent-assisted initial review,2026-09-20T09:23:18.404604+00:00
2024:4080220231760651619,p0012,g_6042bfd49363f2561771f321,d907a79dace1c416d3a3416ae240d4e3f74e47709ab1c87db57930d5d9f7d320,d_0eda7d40fb23c4eac95e936b,Codex — agent-assisted initial review,2026-09-20T09:23:18.404604+00:00
2024:4080220231760653279,p0015,g_36b268e26f69f523262bd80a,eaf7732431b56b63c52d0e182d7024654693749a0053a2ef5ebc8c47a6594ed7,d_7287f01b3cea95991fd923b5,Codex — agent-assisted initial review,2026-09-20T09:23:18.404604+00:00
2024:4080220231760654084,p0015,g_36b268e26f69f523262bd80a,7c65b7b2403a7e2f023ff3f755cb98a440a414719e356562fb740186ba1d9fcf,d_7287f01b3cea95991fd923b5,Codex — agent-assisted initial review,2026-09-20T09:23:18.404604+00:00
2024:4080220231760656559,p0004,g_560c7a9bdd1b26699a53bfd2,1f7f0ab860b00c68e99aa9d762f1f06c5dd55e4315ab03b38f0888d3aca2271c,d_3cf8763bc9fd1f6c80001d09,Codex — agent-assisted initial review,2026-09-20T09:23:18.404604+00:00
2024:4080220231760659387,p0012,g_6042bfd49363f2561771f321,d34702b0c7fc84fc8b183eb9840abdb076aa67a00df60097a0c55dee7e14f5df,d_0eda7d40fb23c4eac95e936b,Codex — agent-assisted initial review,2026-09-20T09:23:18.404604+00:00
2024:4080220231760659749,p0004,g_560c7a9bdd1b26699a53bfd2,93274b1c722fe39c2f8adb5b213351a15c0b7ffcb9f04ce7588a608bed70af22,d_3cf8763bc9fd1f6c80001d09,Codex — agent-assisted initial review,2026-09-20T09:23:18.404604+00:00
2024:4080220231762712599,p0010,g_c2f361173dc15d4fe7bac8c7,1681131a9f016fc2d09e7f7916ea9c8d8c0efb13b81c747a7c70444d44f2dc29,d_c8abed41ae6f5b3be7f3f899,Codex — agent-assisted initial review,2026-09-20T09:08:32.301672+00:00
2024:4080220231762713059,p0010,g_6c6ff5e0dcf21a154a3e91a8,9122de284d3195b08e9538dc1e9e2cfbd6da25c114701a92c1b5fd36042033d6,d_c8011855c57474dfaeaaf1ff,Codex — agent-assisted initial review,2026-09-20T09:08:32.301672+00:00
2024:4080220241999560989,p0002,g_6dc472bf98e1c638edc58ca9,4731a0de04e50361d8b2e9797904653b2af884a927663657c3de120a5d68f563,d_10b54f4b1214b68d7aad355a,Codex — agent-assisted initial review,2026-09-20T09:23:18.404604+00:00
2024:4080220241999562331,p0003,g_7e617f2e9c5fa3f4b2ca6ff7,0d4f8b6ea96ac646be994c16fb6ac92de4d893dcd789e1aa83f770978bce17ae,d_538edc632adae9832052c4be,Codex — agent-assisted initial review,2026-09-20T09:23:18.404604+00:00
2024:4080320231762764853,p0010,g_aebd6e4bb8fb9f6419eb401e,ee1ae76b0ba516c49dccd33f85c1c39e838b45220aeb67b9f6e362af276cbbad,d_3b1daaa3f452f6c3e3ffe285,Codex — agent-assisted initial review,2026-09-20T09:08:32.301672+00:00
2024:4080320231762778971,p0012,g_66a98ff28415b7389db6105c,3c3067174969d481ae85e8d1a4a385218b9325bc78e1516f210f9293ec99c1a7,d_7a176a4d58423b39f7f41afe,Codex — agent-assisted initial review,2026-09-20T09:23:18.404604+00:00
2024:4080320231762802159,p0015,g_36b268e26f69f523262bd80a,14f1bf37acae94b4c74c36955e8d5bd1a03227b33d39c5cc377f3ba73ed57ce1,d_7287f01b3cea95991fd923b5,Codex — agent-assisted initial review,2026-09-20T09:23:18.404604+00:00
2024:4080420231762865729,p0015,g_c2069254db463d3e0480a6f1,e24f3c2b90ec8b6f210af47c96bacace1b1ce52e6f008bc4a008849e98a88a14,d_0ad136282e50f9ac3d909f7e,Codex — agent-assisted initial review,2026-09-20T09:23:18.404604+00:00
2024:4080420231762867149,p0002,g_fa5732f6208eb6394a4472a1,5384883d8784fd930967bcd734d7fe56f2325d942304af4234bae4e7d66151aa,d_1f834e851e06ce6e6b628d7f,Codex — agent-assisted initial review,2026-09-20T09:23:18.404604+00:00
2024:4080420231762867434,p0003,g_7eaade5eebc68a706395ced9,410311bd90ca1aa7e0a5bf1bdeb85222e6460e7ed6f8c2eef9be4547f5df56a5,d_24e8f02c83b5668c21f35f6b,Codex — agent-assisted initial review,2026-09-20T09:23:18.404604+00:00
2024:4080420231763232177,p0015,g_94d9e8b89d76fdee31748f60,806dbf68c19889d25fb3487475af7817bf6bad8ca0784d77db7702acb05a22b4,d_dc6f0bfaa98498e1acd57aea,Codex — agent-assisted initial review,2026-09-20T09:23:18.404604+00:00
2024:4080420231763295351,p0015,g_3b47383c31b0a7587196897f,6611a1daad6c8bfef8e89749079af8ef93492b52a914aaa0ca60e21469fa27d8,d_4af907631e08e48245de74ba,Codex — agent-assisted initial review,2026-09-20T09:23:18.404604+00:00
2024:4080420251213164695,p0012,g_91650aca9a9b111c1e92ae14,352698203dc95cbdc6f4674b42a249c1e2749f48189abcd1e3ee61a567b3cdf2,d_8f853b0f8abd5b44bd164010,Codex — agent-assisted initial review,2026-09-20T09:23:18.404604+00:00
2024:4080520241999649312,p0004,g_622f205337d5fa6e1ad6007a,db6fa69fb67660c2284dc21576fa3d3db64d63a8c582d2c1ac45acfafa73f65f,d_5805817797ade082743827fe,Codex — agent-assisted initial review,2026-09-20T09:23:18.404604+00:00
2024:4080520241999650850,p0004,g_91fa64da98d48c59bd03ed17,5417c8b883859e78f515275715e42c62e17aaf068c3a2f1d279fe58fbc365762,d_d437193d9f0c0904585c1bdc,Codex — agent-assisted initial review,2026-09-20T09:23:18.404604+00:00
2024:4080520241999663808,p0004,g_9e55120da227b5f157786c1b,136e15c7e860fcc7a20be6118ab2f67d1bd2112df29119a4c9baf4c7ae43d677,d_60114b825aca91ada6b1a3be,Codex — agent-assisted initial review,2026-09-20T09:23:18.404604+00:00
2024:4080520241999678224,p0010,g_ed7d364b1b8eaa704662bd95,b184eacaff0ab529567c332050a8fea219c40c82a203f46821b797b152f2ee91,d_d9758144c1137cb1b5f31031,Codex — agent-assisted initial review,2026-09-20T09:08:32.301672+00:00
2024:4080520241999807707,p0008,g_e75ada5e5d50f35ee0bcd1e7,015779d9c1490b89eaf4b4e7b33174461dea603cade69bc5ebfcebe08399907a,d_60b0c3343dbc3f5f9fc0f59c,Codex — agent-assisted initial review,2026-09-20T09:08:32.301672+00:00
2024:4080520242003305225,p0003,g_21c79bddbbcdbaa913b2b68b,41fe1efe8f1518c502035a2dcdc8095f4cc9eb4386119d90754f357278864471,d_6a67f8c6434c91ed0ef28516,Codex — agent-assisted initial review,2026-09-20T09:23:18.404604+00:00
2024:4080520242003305226,p0003,g_21c79bddbbcdbaa913b2b68b,a64527168c91a1da7754a28fe1455fe23865dd6acd9d1bccf5b195af6492a845,d_6a67f8c6434c91ed0ef28516,Codex — agent-assisted initial review,2026-09-20T09:23:18.404604+00:00
2024:4080520242003305227,p0003,g_21c79bddbbcdbaa913b2b68b,8a58fd0c712e18d57b1de45714e6472374449da0c0e61c8e881557f085093e93,d_6a67f8c6434c91ed0ef28516,Codex — agent-assisted initial review,2026-09-20T09:23:18.404604+00:00
2024:4080520242003305228,p0003,g_21c79bddbbcdbaa913b2b68b,b87113ae123864dc9249d1352f807622c21ecf0f556b16e9a0206daafd9ac631,d_6a67f8c6434c91ed0ef28516,Codex — agent-assisted initial review,2026-09-20T09:23:18.404604+00:00
2024:4080520242003305229,p0003,g_21c79bddbbcdbaa913b2b68b,653a86d7aebd13ac30e71978305d2de08d4c722d0eab1aa78b7b2cb311028b03,d_6a67f8c6434c91ed0ef28516,Codex — agent-assisted initial review,2026-09-20T09:23:18.404604+00:00
2024:4080520242003305230,p0003,g_21c79bddbbcdbaa913b2b68b,07744ca37eff194ea5ecac9803470c3e8e7ecc201979b59aa0e695853d4636a4,d_6a67f8c6434c91ed0ef28516,Codex — agent-assisted initial review,2026-09-20T09:23:18.404604+00:00
2024:4080520242003305231,p0003,g_21c79bddbbcdbaa913b2b68b,e096ccc723702027291a45ee9436f29e14226350752a39bcf2860d4086511d9c,d_6a67f8c6434c91ed0ef28516,Codex — agent-assisted initial review,2026-09-20T09:23:18.404604+00:00
2024:4080520242003305232,p0003,g_21c79bddbbcdbaa913b2b68b,d73db91fba78fce376cd5bfd5ee9f81e89523a5506279bc0c806cac030c87edb,d_6a67f8c6434c91ed0ef28516,Codex — agent-assisted initial review,2026-09-20T09:23:18.404604+00:00
2024:4080520242003305233,p0003,g_21c79bddbbcdbaa913b2b68b,b2342c9abee9e0c27f5f88c7eee1e490ab926f3eae1dabd1997aa242f48e01a9,d_6a67f8c6434c91ed0ef28516,Codex — agent-assisted initial review,2026-09-20T09:23:18.404604+00:00
2024:4080520242003305234,p0003,g_21c79bddbbcdbaa913b2b68b,93b18a6ced4ac22aa3bcbd3ad14d007fac3d37d022242fbd7fbda3d2f2f2f53c,d_6a67f8c6434c91ed0ef28516,Codex — agent-assisted initial review,2026-09-20T09:23:18.404604+00:00
2024:4080520242003305235,p0003,g_21c79bddbbcdbaa913b2b68b,2b2f200d87d25af6198dc311e8b52b3644b75b25bcd6b6ac43861a40adc8fccf,d_6a67f8c6434c91ed0ef28516,Codex — agent-assisted initial review,2026-09-20T09:23:18.404604+00:00
2024:4080520242003305236,p0003,g_21c79bddbbcdbaa913b2b68b,5b916148d1f13bee93978cb5cade0ded791080ba20147c1d2f15a59eba39db2f,d_6a67f8c6434c91ed0ef28516,Codex — agent-assisted initial review,2026-09-20T09:23:18.404604+00:00
2024:4080520242003305237,p0003,g_21c79bddbbcdbaa913b2b68b,10da8ccda910df5196341a617c1a13dc42beca4fff23223bcc0f0a5ff0281ee5,d_6a67f8c6434c91ed0ef28516,Codex — agent-assisted initial review,2026-09-20T09:23:18.404604+00:00
2024:4080520242003305238,p0003,g_21c79bddbbcdbaa913b2b68b,356aef7acbb7fa06576ce306028148a60f00618bdb263ca5d240f3eec3c37ed0,d_6a67f8c6434c91ed0ef28516,Codex — agent-assisted initial review,2026-09-20T09:23:18.404604+00:00
2024:4080520242003305239,p0003,g_21c79bddbbcdbaa913b2b68b,e4036a9fa69ed997d33c2ec8c7932aea8d4ed4247707e4ffe54ea35c9602cbaf,d_6a67f8c6434c91ed0ef28516,Codex — agent-assisted initial review,2026-09-20T09:23:18.404604+00:00
2024:4080520242003305240,p0003,g_21c79bddbbcdbaa913b2b68b,c4ea5f8eb1a659095ee97465c4af99e6675377986c193bda6bb3395a182c3e15,d_6a67f8c6434c91ed0ef28516,Codex — agent-assisted initial review,2026-09-20T09:23:18.404604+00:00
2024:4080520242003305241,p0003,g_21c79bddbbcdbaa913b2b68b,8300fa769c12cd878c9d7d832aa1e4bad9693d574c61c3961ef59ed00fc5c535,d_6a67f8c6434c91ed0ef28516,Codex — agent-assisted initial review,2026-09-20T09:23:18.404604+00:00
2024:4080520242003305242,p0003,g_21c79bddbbcdbaa913b2b68b,98efce465101435038779c511a183afa6673f1b0bdc768d05dbb2c3c4975e93d,d_6a67f8c6434c91ed0ef28516,Codex — agent-assisted initial review,2026-09-20T09:23:18.404604+00:00
2024:4080520242003958414,p0014,g_d959f9eb98fba5d2e2346d4b,b138125a0e9b10a1a3646d4a9d7161c290879bb59e84a550bfaab9902f665141,d_5a2d0f1352314b2e6fbcbd21,Codex — agent-assisted initial review,2026-09-20T09:08:32.301672+00:00
2024:4080620242011055504,p0004,g_c097918b110f5005efa1f6d3,73369b122447274637851d007b36f7b9db84c63726a068aeb34d733a763e3874,d_fdab57ed7e06fffbe6dad802,Codex — agent-assisted initial review,2026-09-20T09:23:18.404604+00:00
2024:4080620242011055511,p0003,g_7e617f2e9c5fa3f4b2ca6ff7,a51628c9fcd7b080a052b488d7c398b53c1573aceed9d3f2991fcd92f6f8eaa1,d_538edc632adae9832052c4be,Codex — agent-assisted initial review,2026-09-20T09:23:18.404604+00:00
2024:4080620242011055513,p0003,g_7e617f2e9c5fa3f4b2ca6ff7,a6a864049eebd324d13013ab23df31ee9a27601311dc61d8da614cd3d22481d0,d_538edc632adae9832052c4be,Codex — agent-assisted initial review,2026-09-20T09:23:18.404604+00:00
2024:4080620242011058138,p0009,g_af1886602cf99e7622bf7af0,225eee6ead7c7aa1eff80a1dba3d42bc240c36b2a92db847cb1557fa39f15271,d_857229ce21f533dd245732f6,Codex — agent-assisted initial review,2026-09-20T09:08:32.301672+00:00
2024:4080620242011091336,p0002,g_8aac48dd3821037480c6b835,136039a03324f772601cfcdf5cb051a2e3d485fcfca090e122d5fee3601efd34,d_7fa489a47f0e9105eac463bb,Codex — agent-assisted initial review,2026-09-20T09:23:18.404604+00:00
2024:4080620242011091337,p0002,g_8aac48dd3821037480c6b835,df1e224b8476eafeaef449112e9f62eb93be99020d29753d4d0166482dd7ce6f,d_7fa489a47f0e9105eac463bb,Codex — agent-assisted initial review,2026-09-20T09:23:18.404604+00:00
2024:4080620242011094209,p0011,g_d390d5834950d6e8aa571b1e,0d1009172f168199bf79646752aab0633c4fc1cc275eb0dcb2a9bd1e9237063f,d_d8e576ab3a74edba4d165e83,Codex — agent-assisted initial review,2026-09-20T09:08:32.301672+00:00
2024:4080620242011096283,p0002,g_38525cd36a0958a31d890bf2,2f521ee5044d76ecd8d1c52e1626e25d867d257dd424cb8968a9270b46fd0d78,d_beaa6a94cd5d428afbf6e915,Codex — agent-assisted initial review,2026-09-20T09:23:18.404604+00:00
2024:4080620242011096401,p0003,g_b01e38d4b38748c90c2cf3b2,61d9627296f7cb5ded178138c0d56524c54b4e568528d7dc68356e02552204b4,d_65c66b7c7c87016b2eaeec1a,Codex — agent-assisted initial review,2026-09-20T09:23:18.404604+00:00
2024:4080620242011097954,p0011,g_1fcc3d5915ab097200849a1c,fd3c01483abe63a8a8442a5ca73f8b373c00c55e27040964a128e0787475d961,d_132b57959510db404fa3ebaa,Codex — agent-assisted initial review,2026-09-20T09:08:32.301672+00:00
2024:4080620242011099314,p0002,g_fd710786a29b47affc7890d1,e91783e1cd2517c19787cfe140e7f3386d07b32f84bed3f9c07c3c0db50adeb9,d_aa8c6512051f012651df476d,Codex — agent-assisted initial review,2026-09-20T09:23:18.404604+00:00
2024:4080620242011099843,p0003,g_80c4e2fbb14298f88b72d1bc,4ddbf1b7315b51cea0aebea9100b132822a55a71f8c192f174cbb856f4ee4a77,d_c27ea8c569326b5982d1d6e5,Codex — agent-assisted initial review,2026-09-20T09:23:18.404604+00:00
2024:4080620251215549048,p0010,g_aa08930ee4779d39667e0d34,da1d082061ab8244e412ae280051800a6bfda73f983265c34e221af8efe944d0,d_fb9e10d1c37cb8358b22174d,Codex — agent-assisted initial review,2026-09-20T09:08:32.301672+00:00
2024:4080620251215549049,p0010,g_aa08930ee4779d39667e0d34,e7500b4c27e757d3e5332dfd2dbd1d2bbfc2598999ebd601a1c090eb8cab64d8,d_fb9e10d1c37cb8358b22174d,Codex — agent-assisted initial review,2026-09-20T09:08:32.301672+00:00
2024:4080720231763376311,p0015,g_352b1a68709afb03d2abbc4b,705a51566fc22e32048ad82f992e8438e40e33d81dcfab51d1bb7c1027c9e971,d_b6a341ff534b552135d2d9ef,Codex — agent-assisted initial review,2026-09-20T09:23:18.404604+00:00
2024:4080720231763389827,p0012,g_6042bfd49363f2561771f321,65413f66964866173001594a1a6bbf838f1b1ac394c5251cfcf1f2365efad581,d_0eda7d40fb23c4eac95e936b,Codex — agent-assisted initial review,2026-09-20T09:23:18.404604+00:00
2024:4080720231763400013,p0015,g_5ae5311e21ed2c18372d88bc,217c99cf199bd5453d5c77533de69e74378048f2a20904ebbc3b6c8340308e66,d_0107a70e8f96458a191621c8,Codex — agent-assisted initial review,2026-09-20T09:23:18.404604+00:00
2024:4080720231763407491,p0015,g_b004c482bec47f2f02912852,b86d3162422c3556a276e95c6214dfd21be366110bcb9846393dfd8376672ebe,d_f782b27f4dee6718a9ae4175,Codex — agent-assisted initial review,2026-09-20T09:23:18.404604+00:00
2024:4080720231763420641,p0013,g_9ecc4c3b53855ecad1bb3b96,177bf142e291f434094b0159d2053cafb3f5bca287968a5ce1eea1a22196fd27,d_3685b68d801dee70656b07a9,Codex — agent-assisted initial review,2026-09-20T09:23:18.404604+00:00
2024:4080720231763423482,p0012,g_e49839e326fb2cf88afbb964,344af9bc5ffed3a4663aa6813e6f7d2508fb3d1ff778244a81eabec23ae199db,d_618596426c84ad795499452e,Codex — agent-assisted initial review,2026-09-20T09:23:18.404604+00:00
2024:4080720231763428461,p0015,g_b004c482bec47f2f02912852,582c7610c52d2762972c6b46f5346ae3f7081eb36074e1f6688355064739911d,d_f782b27f4dee6718a9ae4175,Codex — agent-assisted initial review,2026-09-20T09:23:18.404604+00:00
2024:4080720242011173159,p0004,g_2027316634f21e395eb8ff05,d8e2bcc1756ef2e70b3ee213e29c6545b359cda955418bcb5c704eead7a4627b,d_216d2b072c918f244e2106a4,Codex — agent-assisted initial review,2026-09-20T09:23:18.404604+00:00
2024:4080720242011174257,p0012,g_66a98ff28415b7389db6105c,b35c21bbe3a5fa361846a9ebb76e974ccc83f2327120a6ac70aa63138f52d383,d_7a176a4d58423b39f7f41afe,Codex — agent-assisted initial review,2026-09-20T09:23:18.404604+00:00
2024:4080720242011178025,p0004,g_c097918b110f5005efa1f6d3,bbd0538e2aadb6747ede25d8a11ba2a7dee76a193371536a96def5037024e98a,d_fdab57ed7e06fffbe6dad802,Codex — agent-assisted initial review,2026-09-20T09:23:18.404604+00:00
2024:4080720242011235410,p0002,g_1ac7dcdc4e4014f671ca666c,a3b0839bfc74072fed01627b050fe26754b08942d9cbc4cbb954516845a19b13,d_baac701a87de4904b0183fb5,Codex — agent-assisted initial review,2026-09-20T09:23:18.404604+00:00
2024:4080720242011235544,p0003,g_9999c3bd04e3f92f6faf7af0,2b51fb1150fed88c770dea9a480f14de1216e9c907e417d64ff902ee42cc537e,d_d95515b449ae9859d69c2332,Codex — agent-assisted initial review,2026-09-20T09:23:18.404604+00:00
2024:4080720242011249198,p0002,g_93c6f7bffa0f4e4e74044068,874d68ab43a63543c4eca2e4826de987149667d97c82d82cf6800fbf41c4976f,d_42e2f3552ff0c00cd62ba252,Codex — agent-assisted initial review,2026-09-20T09:23:18.404604+00:00
2024:4080720242011249265,p0003,g_7e617f2e9c5fa3f4b2ca6ff7,44ac12c916bdcd52073a819ed7234d0ed15e1d685139866452712b6f8ec4eac0,d_538edc632adae9832052c4be,Codex — agent-assisted initial review,2026-09-20T09:23:18.404604+00:00
2024:4080720242011258645,p0013,g_e4b93c80f865c6815b34437f,7e1edef760b26479d4da65dd07122d7fb25c3cf249f6b65c88572315248c19cf,d_21423ee9f5f8ba5f3fb26130,Codex — agent-assisted initial review,2026-09-20T09:23:18.404604+00:00
2024:4080720242011258646,p0013,g_e4b93c80f865c6815b34437f,8ac4ab8843673836c34a9169c399fbd9b99f2a46e73ddb5e93f8ae71ea2fc223,d_21423ee9f5f8ba5f3fb26130,Codex — agent-assisted initial review,2026-09-20T09:23:18.404604+00:00
2024:4080720242011274106,p0004,g_1ea91615d77ed7ce7e1bcd89,44fd91385b64d235cdf38a2c3ae14097292c310113dd32c718dba2432b1a575e,d_8c37b7f7a57c3af389b84c54,Codex — agent-assisted initial review,2026-09-20T09:23:18.404604+00:00
2024:4080820242011315464,p0003,g_eca755cafd5dc12d0720771d,19d3a6f6ae43c4515eb714485d5a279107d6fd9c1b328dad1ca36889effa7476,d_51b241d4df1d2511ba8670b1,Codex — agent-assisted initial review,2026-09-20T09:23:18.404604+00:00
2024:4080820242011315604,p0002,g_c58cb033a57eefccb57f1bc4,ec174c5ff183c3597e6416e799dddcaf8d1c6b82c54161acbc64199d6ae43055,d_e23666f51ec6c94a1d64f42f,Codex — agent-assisted initial review,2026-09-20T09:23:18.404604+00:00
2024:4080820242011326323,p0002,g_c58cb033a57eefccb57f1bc4,6e0bcb8d063840bb409a029cec243b2c210f611190b1fc17e62653d14f82b793,d_e23666f51ec6c94a1d64f42f,Codex — agent-assisted initial review,2026-09-20T09:23:18.404604+00:00
2024:4080820242011326324,p0002,g_c58cb033a57eefccb57f1bc4,5d639e528b9b93cd47ed14f97eab825c0d4ee2ffe868cadf49949bcb70648560,d_e23666f51ec6c94a1d64f42f,Codex — agent-assisted initial review,2026-09-20T09:23:18.404604+00:00
2024:4080820242011326526,p0003,g_554894c4490b0685aaf85533,fa664e5808c8825d626a232c1775d6deaa5e04df5dd54b431165a9e604f4ef6c,d_b59a595f8ae488e44f0c573c,Codex — agent-assisted initial review,2026-09-20T09:23:18.404604+00:00
2024:4080820242011326528,p0003,g_554894c4490b0685aaf85533,d9386ce90c2f52e8b34d40662c6010022062d7b66fab9a7e92f4e6461f30da71,d_b59a595f8ae488e44f0c573c,Codex — agent-assisted initial review,2026-09-20T09:23:18.404604+00:00
2024:4080820242011335109,p0002,g_7d88509ca4f613a8968225cd,f155d7d29939455b374be4434bc3bc7953de6909760b2d03bcf93c73b98f632e,d_85f3fd504543db4b7f7889da,Codex — agent-assisted initial review,2026-09-20T09:23:18.404604+00:00
2024:4080820242011335165,p0003,g_617913b6113ba9f2cb4a3d22,f0c855ae68ac55b0dc7761ce77b8f0a7ca820f96df40e3bc776a1e4a409cedcd,d_55173acc8fc9d0001537c94a,Codex — agent-assisted initial review,2026-09-20T09:23:18.404604+00:00
2024:4080820242011353740,p0002,g_11551a2a3d9d2d0fd2e842ab,0bedf1f5cffd33c7dd712f45b50ad2dbbc4101cd139053d16b7f73bb003d2e4c,d_0a9b1500e8482bc829715d6c,Codex — agent-assisted initial review,2026-09-20T09:23:18.404604+00:00
2024:4080820242011353936,p0003,g_7e617f2e9c5fa3f4b2ca6ff7,dd696ddf6fcd3520fad7186ed6155ea5cafd9aae259e848cf1f1702678ae4039,d_538edc632adae9832052c4be,Codex — agent-assisted initial review,2026-09-20T09:23:18.404604+00:00
2024:4080820242011357298,p0004,g_91fa64da98d48c59bd03ed17,0a9fa51905b13f64124172d302b1d28b3ac351586c0c6fd4ab810e8515b64da6,d_d437193d9f0c0904585c1bdc,Codex — agent-assisted initial review,2026-09-20T09:23:18.404604+00:00
2024:4080820242011385272,p0004,g_91fa64da98d48c59bd03ed17,bbf1c7341e8d6b706b779e2a814352ab4e828e5609fb06e7a33983009e66ecb1,d_d437193d9f0c0904585c1bdc,Codex — agent-assisted initial review,2026-09-20T09:23:18.404604+00:00
2024:4080820242011386561,p0002,g_6dc472bf98e1c638edc58ca9,6f22772a5fc9602ee5bd509da9bfd1b0258fed08e6be83332501cbda37829ef8,d_10b54f4b1214b68d7aad355a,Codex — agent-assisted initial review,2026-09-20T09:23:18.404604+00:00
2024:4080820242011386890,p0003,g_7e617f2e9c5fa3f4b2ca6ff7,d48dffcc2ccf0f86d8e4edb0cf538dde7700d78686962f0869df9b0f8caf9c50,d_538edc632adae9832052c4be,Codex — agent-assisted initial review,2026-09-20T09:23:18.404604+00:00
2024:4080820242011437740,p0010,g_6f2f9bd07b337ff15bc27b34,6617da1fd64068b21136183a4a8c4edcf2186f83c7437e76ea9c5cd97decc226,d_a1811fd6e16a23988c217399,Codex — agent-assisted initial review,2026-09-20T09:08:32.301672+00:00
2024:4080820242011437741,p0010,g_6f2f9bd07b337ff15bc27b34,44281815a67318219b968b4d7a1ba0088d23ae661929d603067bd02e7722336a,d_a1811fd6e16a23988c217399,Codex — agent-assisted initial review,2026-09-20T09:08:32.301672+00:00
2024:4080820242011437742,p0010,g_6f2f9bd07b337ff15bc27b34,e7d3f2360ec7aae0f66ff1c61d6454ee5ea10796b9735a5e2fccf46de047a0d5,d_a1811fd6e16a23988c217399,Codex — agent-assisted initial review,2026-09-20T09:08:32.301672+00:00
2024:4080820242011437743,p0010,g_6f2f9bd07b337ff15bc27b34,cd5acaa66c99a546cd6f15dddf8bfe41224a387ad860c4d5abc51a3fd12bc91e,d_a1811fd6e16a23988c217399,Codex — agent-assisted initial review,2026-09-20T09:08:32.301672+00:00
2024:4080820242011437744,p0010,g_6f2f9bd07b337ff15bc27b34,392e7aec244a3de393ad712efb167705aa5bf248c012f4a7c1c11fc954a9bd89,d_a1811fd6e16a23988c217399,Codex — agent-assisted initial review,2026-09-20T09:08:32.301672+00:00
2024:4080920231764974586,p0004,g_bd058d69d0304e30bc389d7c,00b84c8fee143277503d3737d863a89ddac09366369994d81580bbba5021fcab,d_0a55b981bcef47f157f2f646,Codex — agent-assisted initial review,2026-09-20T09:23:18.404604+00:00
2024:4080920231764981705,p0019,g_bc991c9699a32183b37c1ac9,cc02ca3792cbb5d493c515edb3a16d6ce43d514ea8dfbb34b3a0dcb9b2e4723b,d_9aaafa4e4fd465660893eee2,Codex — agent-assisted initial review,2026-09-20T09:08:32.301672+00:00
2024:4080920242011503221,p0009,g_3d1fd68d1b0a4de3b68715a1,499a7a80af9bb5f8df75fe30e464b666b6a459d600e6505c7b8cd302e858c57f,d_f04672894c8d189f46f6fedd,Codex — agent-assisted initial review,2026-09-20T09:08:32.301672+00:00
2024:4080920242011503395,p0019,g_7dfcea112530798f58d88d30,fbb4531b6ea34c5dc772b39f4b6c70b9fe7dab8eddf48d930b86e13c75136ee9,d_8cad8cd29dce5982e2a26f4a,Codex — agent-assisted initial review,2026-09-20T09:08:32.301672+00:00
2024:4080920242011510079,p0002,g_610bdcdcf58b5bcd82708754,09823c510d52606af592177b5942c59ef50d569b4b13401edd7d7516ca14d577,d_7bf61c92a7208409509bbcf6,Codex — agent-assisted initial review,2026-09-20T09:23:18.404604+00:00
2024:4080920242011510159,p0003,g_617913b6113ba9f2cb4a3d22,3c11c78d2d02ec6acf89b4ca79faa8a2ac41d3f5de23ee44e5320f9715fbe63d,d_55173acc8fc9d0001537c94a,Codex — agent-assisted initial review,2026-09-20T09:23:18.404604+00:00
2024:4080920242011526259,p0004,g_533b99cae13b20adfeee2dec,be287ea86b59ed0be65e509d0af43950ce567fcde693e977f666f6cf1bf49d46,d_0141d6cf2a985b3c36c657e4,Codex — agent-assisted initial review,2026-09-20T09:23:18.404604+00:00
2024:4080920242011526261,p0004,g_533b99cae13b20adfeee2dec,e3ca50e0e0df5c72550b92352faa91fdb21e179dd555e037d529e922bb380df2,d_0141d6cf2a985b3c36c657e4,Codex — agent-assisted initial review,2026-09-20T09:23:18.404604+00:00
2024:4081020231765039690,p0004,g_bd058d69d0304e30bc389d7c,6fcf28e5ae8d4b7cc9e2cf0e5e8605adb8da0ad39b5809fe9f3368f33d6dee68,d_0a55b981bcef47f157f2f646,Codex — agent-assisted initial review,2026-09-20T09:23:18.404604+00:00
2024:4081020231765317149,p0002,g_a524a98165afef173dce56a9,36d374b147f38b3299f22b245b9fe32d904a0edd0d8f19663017785dc307d808,d_286c18900b11d5c1d7da50e2,Codex — agent-assisted initial review,2026-09-20T09:23:18.404604+00:00
2024:4081020231765317150,p0002,g_e607d282504e8fde38b693d4,97fffb50b5818d38b5d29f6bc15434bca59aa8c2e196ff81143199d4c7d21e90,d_19af36dc6c387cd8412c0c19,Codex — agent-assisted initial review,2026-09-20T09:23:18.404604+00:00
2024:4081020231768051191,p0015,g_adaf2be7bed1b6bc02590c48,a03456d0e2e32b419808f24505ddc0d2d03250d0cdd86b8bb49cf4272145a566,d_dee87a221d595c61994fec00,Codex — agent-assisted initial review,2026-09-20T09:23:18.404604+00:00
2024:4081020231772687697,p0004,g_b0c9daa0610f513e734e410d,077da9d47c111266669a8a8503293c7ac3ff45b044ad60c68e3b9274b757db37,d_685c106636415f5c7193eed4,Codex — agent-assisted initial review,2026-09-20T09:23:18.404604+00:00
2024:4081020231772687698,p0004,g_b0c9daa0610f513e734e410d,5635952be660dd8b9028fb58432fe7ed6eec02a22641ce1c18441f550b531736,d_685c106636415f5c7193eed4,Codex — agent-assisted initial review,2026-09-20T09:23:18.404604+00:00
2024:4081020231772687699,p0004,g_b0c9daa0610f513e734e410d,c19a01ef8a6768321d502fbd6450811d00fb8a6be3080b2a2b2f2a45d1151d3d,d_685c106636415f5c7193eed4,Codex — agent-assisted initial review,2026-09-20T09:23:18.404604+00:00
2024:4081020231772687700,p0004,g_b0c9daa0610f513e734e410d,a56a3e10d3a3cceb8f2e6b2e3ebac938cc802a533d3afb0ac13be12124193cc4,d_685c106636415f5c7193eed4,Codex — agent-assisted initial review,2026-09-20T09:23:18.404604+00:00
2024:4081020231772687701,p0004,g_b0c9daa0610f513e734e410d,7d145c6c7eb296cc21fa64f286a32402aae13fb9291020702981fc2cefb5fb12,d_685c106636415f5c7193eed4,Codex — agent-assisted initial review,2026-09-20T09:23:18.404604+00:00
2024:4081020231772687702,p0004,g_b0c9daa0610f513e734e410d,f25c0efefcbe229caa5d03d7f54f2c3e187791e9903181918e2f70649d03d79d,d_685c106636415f5c7193eed4,Codex — agent-assisted initial review,2026-09-20T09:23:18.404604+00:00
2024:4081020231772687703,p0004,g_b0c9daa0610f513e734e410d,49533ce10817ecbc63c27699bac8fc2615808745c81b01649cba0de732c25d7a,d_685c106636415f5c7193eed4,Codex — agent-assisted initial review,2026-09-20T09:23:18.404604+00:00
2024:4081020231772687704,p0004,g_b0c9daa0610f513e734e410d,e8f7fb07e9a972c7e5f012789620a093982b4576935bc092d7428795ab9bf6a8,d_685c106636415f5c7193eed4,Codex — agent-assisted initial review,2026-09-20T09:23:18.404604+00:00
2024:4081020231772687705,p0004,g_b0c9daa0610f513e734e410d,9412a98cb2b3a4f5be70da5fa419dfb73f88bbe52663ace4a9ce062b60133677,d_685c106636415f5c7193eed4,Codex — agent-assisted initial review,2026-09-20T09:23:18.404604+00:00
2024:4081020231772687706,p0004,g_b0c9daa0610f513e734e410d,9bdd33d8b298208b78e93f53b17e19fffc2ce7ecdefdf15551bfa7ae77894351,d_685c106636415f5c7193eed4,Codex — agent-assisted initial review,2026-09-20T09:23:18.404604+00:00
2024:4081020231772687707,p0004,g_b0c9daa0610f513e734e410d,238ef7d587273110fad6cdae417310e683f301dcc642453d41561d980588cbe5,d_685c106636415f5c7193eed4,Codex — agent-assisted initial review,2026-09-20T09:23:18.404604+00:00
2024:4081020231772853118,p0003,g_f6ba3f87203d3c2e9f30d83a,4301b2cb838c321773ccc64afd5150c27d515d137faaceb0590fc9d521414f1c,d_fce6e8892172cdf3fb48930f,Codex — agent-assisted initial review,2026-09-20T09:23:18.404604+00:00
2024:4081020231772853119,p0003,g_f6ba3f87203d3c2e9f30d83a,da7d9d315769684885a65a36f5389175ec06ecb1ea336bb007d599b9b5458feb,d_fce6e8892172cdf3fb48930f,Codex — agent-assisted initial review,2026-09-20T09:23:18.404604+00:00
2024:4081020231774240386,p0014,g_4f535eb06b6b8da924d57c79,2f7a89b5ae9158efff157f954dba4225f72639fbdb17a1cae694d7cf6e3f97da,d_4fef7ede5b16ebdc39ac02a8,Codex — agent-assisted initial review,2026-09-20T09:08:32.301672+00:00
2024:4081020231775717614,p0009,g_dad58a6252f1ad3b5bfedb0e,bb179e30acbf524a6e9b7d89d45d898ee3c82b50143f72f9956385ddf2d78bf9,d_8a65ba48d27bd20fbd11fe4a,Codex — agent-assisted initial review,2026-09-20T09:08:32.301672+00:00
2024:4081020231781058039,p0012,g_207c07cfa01d5a1a29168ab7,5d7afc73da623b430bcebb60d4faa9c37eb6c457d3d5bf0ca59bffb2651a7c38,d_de2c4a67b896829b09fae9b3,Codex — agent-assisted initial review,2026-09-20T09:23:18.404604+00:00
2024:4081020231781058040,p0012,g_207c07cfa01d5a1a29168ab7,2845c95072f7fd845608b5ad6623ccf6311e1d6aa66ac58b7f0fd37b8edf6a18,d_de2c4a67b896829b09fae9b3,Codex — agent-assisted initial review,2026-09-20T09:23:18.404604+00:00
2024:4081020231781058041,p0012,g_207c07cfa01d5a1a29168ab7,bb4a98e667219fa948b80f02a9a7bfd30de7a1dc42261c390f26256fa3129486,d_de2c4a67b896829b09fae9b3,Codex — agent-assisted initial review,2026-09-20T09:23:18.404604+00:00
2024:4081020231781058042,p0012,g_207c07cfa01d5a1a29168ab7,f739dab89380f50c519905e5e8648fff9667a32d9d433b2db6daf1c9c1ec4470,d_de2c4a67b896829b09fae9b3,Codex — agent-assisted initial review,2026-09-20T09:23:18.404604+00:00
2024:4081020231781058047,p0012,g_207c07cfa01d5a1a29168ab7,5731ee6db1d110a50c8664e103d5cd5b0c2d89da9499566efbeac6884650bf43,d_de2c4a67b896829b09fae9b3,Codex — agent-assisted initial review,2026-09-20T09:23:18.404604+00:00
2024:4081020231781058055,p0012,g_207c07cfa01d5a1a29168ab7,2e287e8599bcbba4134835a090f0c558490388578e2b976f03656aef8e961dc0,d_de2c4a67b896829b09fae9b3,Codex — agent-assisted initial review,2026-09-20T09:23:18.404604+00:00
2024:4081020231781058056,p0012,g_207c07cfa01d5a1a29168ab7,8ce294df5efa00708cdcbd7766999a54a6b8a24c3c29f5d3ac2f720ff25971d1,d_de2c4a67b896829b09fae9b3,Codex — agent-assisted initial review,2026-09-20T09:23:18.404604+00:00
2024:4081020231781058057,p0012,g_207c07cfa01d5a1a29168ab7,3c5040e362bc785859715b62d3bfc705fdaae09f47f3800c8a7d871a7f6cf29e,d_de2c4a67b896829b09fae9b3,Codex — agent-assisted initial review,2026-09-20T09:23:18.404604+00:00
2024:4081020231785446158,p0007,g_d47500a7bcaab5dc934f1a55,059836b3e686e8eb772856aa2a8e9086de44a801dc36d29b616eb797957fd836,d_b35e19d35ee0fcad5fc8455f,Codex — agent-assisted initial review,2026-09-20T09:23:18.404604+00:00
2024:4081220242011736145,p0012,g_74ea52e9545c9240f0e04bb5,f7cec78151255b341d06b846e587ddaccfe512eaf881ea766d76ad675b43feeb,d_ca31b25659646b33ae472a74,Codex — agent-assisted initial review,2026-09-20T09:23:18.404604+00:00
2024:4081220242011741546,p0004,g_d579f3471d5343327aa39f82,c5928f104e35ddf1a18a7dead0647fc38bc06064f39e15889babec5de6b15472,d_90115673c8c2ee0f9c12181b,Codex — agent-assisted initial review,2026-09-20T09:23:18.404604+00:00
2024:4081320242011806166,p0009,g_5d7688698cc9f9b4b91a9882,1d1268dcd3ca0c5a581add60bd4688336f7a5a6fc6815a4e309fa36783b9c2fa,d_62d88171822337c1ecc50869,Codex — agent-assisted initial review,2026-09-20T09:08:32.301672+00:00
2024:4081320242011864027,p0012,g_7e03098485aae39c6d9de790,1ccc1d5ac6eb076d1dde72bcd44f98654c998f1b07eb40cc873dce77760c8048,d_6d97bf318d6e3735ba46a7ea,Codex — agent-assisted initial review,2026-09-20T09:23:18.404604+00:00
2024:4081320242011867193,p0015,g_471bd74ae46000db3e639c5d,9f2ed616c8292d65133eaf778a74bdfdb287a85ec96b2ecab83eab39950dcec6,d_c06eb69a50734a3874c473f1,Codex — agent-assisted initial review,2026-09-20T09:23:18.404604+00:00
2024:4081320242011883686,p0004,g_ffddeff4cd973d335ad28f0a,dedc12a4189d53a5a03d0ebe44cbbf3b777f1fcde26df53dd06037b31aa97e7a,d_5757ed592c8b023e137f632a,Codex — agent-assisted initial review,2026-09-20T09:23:18.404604+00:00
2024:4081320242011886244,p0004,g_d279e7e25d15d9058dc05070,6bce22a90aa2ee8f730046edc9a17940a702aabc01d562fdb67629141e479a1a,d_a97936c4b2838e395706850a,Codex — agent-assisted initial review,2026-09-20T09:23:18.404604+00:00
2024:4081320242011897337,p0004,g_d579f3471d5343327aa39f82,3f8d8519a87c5f3dcd08691fc7e227c8a5ecec935c19b60e88237cc47382c615,d_90115673c8c2ee0f9c12181b,Codex — agent-assisted initial review,2026-09-20T09:23:18.404604+00:00
2024:4081320251216058078,p0012,g_66a98ff28415b7389db6105c,dd03aa1d571329491d14706c4380934b332af99ab8eda0f4cad13e7e1fcb38b3,d_7a176a4d58423b39f7f41afe,Codex — agent-assisted initial review,2026-09-20T09:23:18.404604+00:00
2024:4081420242011961255,p0002,g_6dc472bf98e1c638edc58ca9,38e226f4b9e0c13f86c8820bd99d695ae51d3f8d7fb1ef6b8dabc5ccd6620622,d_10b54f4b1214b68d7aad355a,Codex — agent-assisted initial review,2026-09-20T09:23:18.404604+00:00
2024:4081420242011961745,p0003,g_7e617f2e9c5fa3f4b2ca6ff7,b680686dbb251a4b730b47f1ee1a88f0cc2b4e8dabc2a04f9fb9b2dd0258adfb,d_538edc632adae9832052c4be,Codex — agent-assisted initial review,2026-09-20T09:23:18.404604+00:00
2024:4081420242011975813,p0002,g_5bfd48048482d3c503df4a1f,140fbf3447fe8f0332549b68bd8b747efb88f295f3cae1530def09f9f1e7643a,d_5d56df9f0996e15bbd554ae8,Codex — agent-assisted initial review,2026-09-20T09:23:18.404604+00:00
2024:4081420242011990643,p0003,g_80c4e2fbb14298f88b72d1bc,970f2fd16bce85fbd7d3f943e3e7f9abd932d14648f1707367348156895f00a9,d_c27ea8c569326b5982d1d6e5,Codex — agent-assisted initial review,2026-09-20T09:23:18.404604+00:00
2024:4081420242012017073,p0010,g_997c77a8908fbfc6b892d0a9,b6fe1eab86f00e621b824334de058b40339a11516f68d5c99d9914a12fc5a6aa,d_7afce996d653b489ceb816a8,Codex — agent-assisted initial review,2026-09-20T09:08:32.301672+00:00
2024:4081420242012021826,p0012,g_66a98ff28415b7389db6105c,252d046fde9aa5bd8ebe011323dd8da3803a6ae1fe7f2cf33901e512897c65ea,d_7a176a4d58423b39f7f41afe,Codex — agent-assisted initial review,2026-09-20T09:23:18.404604+00:00
2024:4081420251217985882,p0009,g_a2da64bc049a72c46f09eaea,af2f1036a2843db886f16d4b2499957de31d94a153f4bf6cb4bf6a4a6a4b800a,d_6118be0c8ac53e44ef2f865a,Codex — agent-assisted initial review,2026-09-20T09:08:32.301672+00:00
2024:4081420251218359588,p0009,g_06c6dd3cba9f78cc21ef24b2,e8cf153ea91e4d2800eeb613c95d30ba0e6453ef48bb6c3b2c86d80da854f96e,d_bb771e3cb024fd69d7d0c1b9,Codex — agent-assisted initial review,2026-09-20T09:08:32.301672+00:00
2024:4081520231788267056,p0015,g_4326c304ffa574dac03115b1,a5a398dde1be71e34f542361f114a0ba7b2aaaae20cf235f14f387260d4aa63b,d_b6936786debaa06994432bbe,Codex — agent-assisted initial review,2026-09-20T09:23:18.404604+00:00
2024:4081520242013127301,p0002,g_6bd03d3df9c5d2067ecff4a8,72ff4bd30efc2a2944cc5753d1cbe894d45b21eaa61a5170e68e9954283734d5,d_8fa0bba6ed0b01bb5595ca09,Codex — agent-assisted initial review,2026-09-20T09:23:18.404604+00:00
2024:4081520242013127367,p0003,g_617913b6113ba9f2cb4a3d22,a396412d00c9c377dc867050d1d529a1c0cfb1305b542e22878537a5c1c13955,d_55173acc8fc9d0001537c94a,Codex — agent-assisted initial review,2026-09-20T09:23:18.404604+00:00
2024:4081520242013342753,p0013,g_b325b7a7894d7f92a5bad9ed,34aa705fb3977b49ade55585bd233d14e8bd8b76e623c73de5874e0ca6ab0946,d_a52642df314763d3479f3b00,Codex — agent-assisted initial review,2026-09-20T09:23:18.404604+00:00
2024:4081520242013342754,p0013,g_b325b7a7894d7f92a5bad9ed,755862fc3852c0bad35514b94f0a6f827433658e3cd4ebea66fbfa0979fa5a4c,d_a52642df314763d3479f3b00,Codex — agent-assisted initial review,2026-09-20T09:23:18.404604+00:00
2024:4081520242013377034,p0003,g_cd971e09d290bc70eb9d1f51,a1c5aecd7a3746e94e36cbc9c6604fa6988bad70ac63aafdd1affdcee9f8c061,d_ccf1e5f6c99260fa46f8628b,Codex — agent-assisted initial review,2026-09-20T09:23:18.404604+00:00
2024:4081620242013978085,p0004,g_dfb7aa38444b35b01c5ceb4d,ad5d9846684324c192390539e0daae57929bf61245328ce1f8ae4ecc8bb8dbb8,d_75dc6ad410ed0818f1651ada,Codex — agent-assisted initial review,2026-09-20T09:23:18.404604+00:00
2024:4081620242014027127,p0004,g_91fa64da98d48c59bd03ed17,0fec97c92403f85bef1ffea12733e60c99182925283189a5bd1505b9f0ca4648,d_d437193d9f0c0904585c1bdc,Codex — agent-assisted initial review,2026-09-20T09:23:18.404604+00:00
2024:4081620242014027264,p0004,g_91fa64da98d48c59bd03ed17,b54a915be654d29b70767df67195984d2af30dcaf38861280dbe613f1ac78229,d_d437193d9f0c0904585c1bdc,Codex — agent-assisted initial review,2026-09-20T09:23:18.404604+00:00
2024:4081620242014057515,p0018,g_8c187dc45b7e2d3dd9d7e929,8f41acd1bc15586480e300284232aff02adbdc88c9d9d18967870b4d4929e4b5,d_7cf2aa5e0e986b910f56e310,Codex — agent-assisted initial review,2026-09-20T09:23:18.404604+00:00
2024:4081720231789839602,p0009,g_dfc1a5c855a30f444e57a302,82fb4628a057fb694776096ebdc8d97d528b41638caf56a27ff1f6f0aa42cc10,d_9cc28f81f56941450d13af47,Codex — agent-assisted initial review,2026-09-20T09:08:32.301672+00:00
2024:4081720231790017632,p0009,g_dfc1a5c855a30f444e57a302,d60c21f53a4de97b9ea3737d33548ecee2a5e98d5aa81ea9ea8e0674120d8c4c,d_9cc28f81f56941450d13af47,Codex — agent-assisted initial review,2026-09-20T09:08:32.301672+00:00
2024:4081720231790018240,p0009,g_dfc1a5c855a30f444e57a302,f6e1c72ac23ffc3666200137684e162b40bc80d33d48d2a071873574fbdee408,d_9cc28f81f56941450d13af47,Codex — agent-assisted initial review,2026-09-20T09:08:32.301672+00:00
2024:4081720231790049349,p0009,g_dfc1a5c855a30f444e57a302,01037c18e310821952a9925fb3287c718a9d1a32c38a404324d91861f89291bd,d_9cc28f81f56941450d13af47,Codex — agent-assisted initial review,2026-09-20T09:08:32.301672+00:00
2024:4081720231790053058,p0009,g_dfc1a5c855a30f444e57a302,aaf0e0f2dd7e3277fee22993419eeeb2410c9361572efe047d2d65abf9491175,d_9cc28f81f56941450d13af47,Codex — agent-assisted initial review,2026-09-20T09:08:32.301672+00:00
2024:4081720231790075483,p0009,g_dfc1a5c855a30f444e57a302,8b012774d9dbf92cd46bd78b3a023e93965d3ab00526fc9fff89f51c06058e60,d_9cc28f81f56941450d13af47,Codex — agent-assisted initial review,2026-09-20T09:08:32.301672+00:00
2024:4081720231790105586,p0009,g_dfc1a5c855a30f444e57a302,9b693fe0bde1dd5c33776d560d97d4269037bd4217c94867e6e75d4567e375cf,d_9cc28f81f56941450d13af47,Codex — agent-assisted initial review,2026-09-20T09:08:32.301672+00:00
2024:4081720231790130716,p0009,g_dfc1a5c855a30f444e57a302,5f89d47187fb2d2246986008b3155290ea947075d68f86c30c59389963b59132,d_9cc28f81f56941450d13af47,Codex — agent-assisted initial review,2026-09-20T09:08:32.301672+00:00
2024:4081720231790132414,p0009,g_dfc1a5c855a30f444e57a302,bc0436027527ed086272d407ad447e1e97d7e980e9ea6ecd92469846983f2250,d_9cc28f81f56941450d13af47,Codex — agent-assisted initial review,2026-09-20T09:08:32.301672+00:00
2024:4081720231790142786,p0009,g_dfc1a5c855a30f444e57a302,969a3ead8e855482d35fd14342a55e3a20bf2f6c5f793e6ecc97527ddfa9aa16,d_9cc28f81f56941450d13af47,Codex — agent-assisted initial review,2026-09-20T09:08:32.301672+00:00
2024:4081720231790468753,p0009,g_dfc1a5c855a30f444e57a302,6b059f01b359d29c3846f0cc8119cf17affdf6ad3d01f15b23e919c48560943b,d_9cc28f81f56941450d13af47,Codex — agent-assisted initial review,2026-09-20T09:08:32.301672+00:00
2024:4081720231790480776,p0009,g_dfc1a5c855a30f444e57a302,00386d90dc08d0c70aeac8bbc378dc049a86240171c05fd24b37394b56150e99,d_9cc28f81f56941450d13af47,Codex — agent-assisted initial review,2026-09-20T09:08:32.301672+00:00
2024:4081720231790487559,p0009,g_dfc1a5c855a30f444e57a302,4235c37c5fbd5819d5045f2d2e40943102f0965d16faad932b755caabad4d376,d_9cc28f81f56941450d13af47,Codex — agent-assisted initial review,2026-09-20T09:08:32.301672+00:00
2024:4081720231790497499,p0009,g_dfc1a5c855a30f444e57a302,a676be798b0f4adeba3b1ad11eb852a012bb9f94415347243e3526fea789b175,d_9cc28f81f56941450d13af47,Codex — agent-assisted initial review,2026-09-20T09:08:32.301672+00:00
2024:4081720231790498346,p0009,g_dfc1a5c855a30f444e57a302,0c229e902ccc103ffc03d927990cd40de28b9b1842b2ac3f65cfe8f193e00722,d_9cc28f81f56941450d13af47,Codex — agent-assisted initial review,2026-09-20T09:08:32.301672+00:00
2024:4081720231790501315,p0009,g_dfc1a5c855a30f444e57a302,d912c52f42bb78149a5811e5a357b707678784f23efab6b4bc38b499c3cee20a,d_9cc28f81f56941450d13af47,Codex — agent-assisted initial review,2026-09-20T09:08:32.301672+00:00
2024:4081720231790505114,p0009,g_dfc1a5c855a30f444e57a302,f20c9e18967c0817fb17258f8e5bf2c28a5e5016dbfc95f81e50651fc473953e,d_9cc28f81f56941450d13af47,Codex — agent-assisted initial review,2026-09-20T09:08:32.301672+00:00
2024:4081720231790516017,p0009,g_dfc1a5c855a30f444e57a302,306711761b64af2522179fe42baa16899b32264bfcb95474eec5f5a9c404f4d6,d_9cc28f81f56941450d13af47,Codex — agent-assisted initial review,2026-09-20T09:08:32.301672+00:00
2024:4081720231790516249,p0009,g_dfc1a5c855a30f444e57a302,30357b3658a2fa6fd3afcd81e120d6519abbb2752b8ea9555650a8e9b9600b60,d_9cc28f81f56941450d13af47,Codex — agent-assisted initial review,2026-09-20T09:08:32.301672+00:00
2024:4081720231790519363,p0009,g_dfc1a5c855a30f444e57a302,3b927e8b858b790d00622e02619d3bde5008907cd06756ba4bb8eef219536666,d_9cc28f81f56941450d13af47,Codex — agent-assisted initial review,2026-09-20T09:08:32.301672+00:00
2024:4081720231790523648,p0009,g_dfc1a5c855a30f444e57a302,7d6a6578e045032154335c3ad22dc05c25c56104366bfefbd72e751f2c666a96,d_9cc28f81f56941450d13af47,Codex — agent-assisted initial review,2026-09-20T09:08:32.301672+00:00
2024:4081720231790524116,p0009,g_dfc1a5c855a30f444e57a302,f46aa8b3dc1089b257df8d6da2b4e84f65af52b5a6b0a52c632719dab51b3aa8,d_9cc28f81f56941450d13af47,Codex — agent-assisted initial review,2026-09-20T09:08:32.301672+00:00
2024:4081720231790543044,p0009,g_dfc1a5c855a30f444e57a302,862b3912a7e6dfd5993fc20104cd3b24f0e3020ca54c497f3a7bef9ad568f159,d_9cc28f81f56941450d13af47,Codex — agent-assisted initial review,2026-09-20T09:08:32.301672+00:00
2024:4081720231790556205,p0009,g_dfc1a5c855a30f444e57a302,6dc96cb60067b8eed8eedad0342cb5fe11954dade080ce655cfa0b0ff8b41d27,d_9cc28f81f56941450d13af47,Codex — agent-assisted initial review,2026-09-20T09:08:32.301672+00:00
2024:4081720231790560600,p0009,g_dfc1a5c855a30f444e57a302,e70e33d8bbc38d01f32fd9925d17f120b54e90f426763ea5b5ba71ba9cbd7aa8,d_9cc28f81f56941450d13af47,Codex — agent-assisted initial review,2026-09-20T09:08:32.301672+00:00
2024:4081720231790565862,p0009,g_dfc1a5c855a30f444e57a302,a00f99cc57787dec75edf4347b2c1d273a93bd8b20a08c491049dbce8b35b78c,d_9cc28f81f56941450d13af47,Codex — agent-assisted initial review,2026-09-20T09:08:32.301672+00:00
2024:4081720231790583582,p0009,g_dfc1a5c855a30f444e57a302,942e66c2e45d192446caa912a61fd97b09fd60d024fa7adb8314fdba5cfe0349,d_9cc28f81f56941450d13af47,Codex — agent-assisted initial review,2026-09-20T09:08:32.301672+00:00
2024:4081720231790592015,p0009,g_dfc1a5c855a30f444e57a302,b057512bc1ef4dbfba85d5d88d5fac0003a374753e58f67327fea4d0e16a23e7,d_9cc28f81f56941450d13af47,Codex — agent-assisted initial review,2026-09-20T09:08:32.301672+00:00
2024:4081720231790597798,p0009,g_dfc1a5c855a30f444e57a302,e79e42d36f3c4d2ddaff825680e78912c63cf417844864aacb179d2578d7f02d,d_9cc28f81f56941450d13af47,Codex — agent-assisted initial review,2026-09-20T09:08:32.301672+00:00
2024:4081720231790606389,p0009,g_dfc1a5c855a30f444e57a302,db79e107150860d53bd9278317bf3ec808b438371554bba42d9454ca0f027e4a,d_9cc28f81f56941450d13af47,Codex — agent-assisted initial review,2026-09-20T09:08:32.301672+00:00
2024:4081720231790630382,p0009,g_dfc1a5c855a30f444e57a302,242929de1e6629439793ab8ac20c711f34cae5dc9b06212054c0cb97f7e6b8af,d_9cc28f81f56941450d13af47,Codex — agent-assisted initial review,2026-09-20T09:08:32.301672+00:00
2024:4081720231790634370,p0009,g_dfc1a5c855a30f444e57a302,47e01a185ae686092d91c62d9e238b581581926cbcccacbf5a7c06af4e6d412f,d_9cc28f81f56941450d13af47,Codex — agent-assisted initial review,2026-09-20T09:08:32.301672+00:00
2024:4081720231790640678,p0009,g_dfc1a5c855a30f444e57a302,a668b9b9ffd3f34a8dfefd9e4d8be989ed2e8f0090c98cb6e1adcd47bd11c36e,d_9cc28f81f56941450d13af47,Codex — agent-assisted initial review,2026-09-20T09:08:32.301672+00:00
2024:4081720231790688854,p0009,g_dfc1a5c855a30f444e57a302,e253496a648ebcd897d071571c62940732f7e21d64365f0dbda9fe8283043fcb,d_9cc28f81f56941450d13af47,Codex — agent-assisted initial review,2026-09-20T09:08:32.301672+00:00
2024:4081720231790723551,p0009,g_dfc1a5c855a30f444e57a302,c860add30c477b3c30226b07244629d3ff45dad724607c61d4023a45785f56a9,d_9cc28f81f56941450d13af47,Codex — agent-assisted initial review,2026-09-20T09:08:32.301672+00:00
2024:4081720231790780486,p0009,g_dfc1a5c855a30f444e57a302,f16085edcfb186759fd96f95a9840800a8ebf16008b907a2d505a157030eee26,d_9cc28f81f56941450d13af47,Codex — agent-assisted initial review,2026-09-20T09:08:32.301672+00:00
2024:4081720231792251753,p0011,g_07038da5b70b0a37dc1a74f7,cac949b911f110790cd78235f60edcdd7dfd5d42d155ca2b78cf8eab1a743a9b,d_b25600b55b34a5b70956d962,Codex — agent-assisted initial review,2026-09-20T09:08:32.301672+00:00
2024:4081720231792259910,p0011,g_07038da5b70b0a37dc1a74f7,70f9d0575aaf336b246f3688cffd6456bcedf6f0e28bd80700635779dc12209b,d_b25600b55b34a5b70956d962,Codex — agent-assisted initial review,2026-09-20T09:08:32.301672+00:00
2024:4081720231792441469,p0009,g_dfc1a5c855a30f444e57a302,f5d8e5bf52e6f828e1f91f1c9cbfbac94e384d6489bfa69afbcdfb1d79c0cedf,d_9cc28f81f56941450d13af47,Codex — agent-assisted initial review,2026-09-20T09:08:32.301672+00:00
2024:4081720231793160108,p0009,g_dfc1a5c855a30f444e57a302,3b593719018b5b6325b91d5e610923c28b3c911faadbfabad59eb585559c6961,d_9cc28f81f56941450d13af47,Codex — agent-assisted initial review,2026-09-20T09:08:32.301672+00:00
2024:4081720231793679742,p0009,g_dfc1a5c855a30f444e57a302,e73b9d40631aacd70284350c7bbf6d244b3ec55ea8cae1e5b7f635fbc0d9a8e5,d_9cc28f81f56941450d13af47,Codex — agent-assisted initial review,2026-09-20T09:08:32.301672+00:00
2024:4081720231799501511,p0009,g_404861824292e5f78bd2372d,9c4bb64cf1e6df1be5a596c302868d74527f9580bfe994a950dd3d3d66bf4078,d_e1fe9b3fa41116c72c312154,Codex — agent-assisted initial review,2026-09-20T09:08:32.301672+00:00
2024:4081920242014165095,p0012,g_346800ad7508a2ce4e1e1a72,92f2b1d8701f1c14db5eb080b4d63b50016a5cd66d72fb0757854b6b016480e2,d_2cf9dab0910d76af05823961,Codex — agent-assisted initial review,2026-09-20T09:23:18.404604+00:00
2024:4082020242014271940,p0019,g_ae417787ddb32c0090026e64,806534fe8036a6f7c358d1b1f71be5445ab73bd0d1574c911f0a42469a01c871,d_a143967a5c37a3c68f733a9d,Codex — agent-assisted initial review,2026-09-20T09:08:32.301672+00:00
2024:4082020242014345500,p0003,g_eca755cafd5dc12d0720771d,f0275c535d700e7213c4b80321da0e9373dcd84a1b134cc4d666d313ee2e9464,d_51b241d4df1d2511ba8670b1,Codex — agent-assisted initial review,2026-09-20T09:23:18.404604+00:00
2024:4082020242014345501,p0003,g_eca755cafd5dc12d0720771d,786ac96a9763a79350d6edcf2a83f44914406f545213d2277d9db39652352b63,d_51b241d4df1d2511ba8670b1,Codex — agent-assisted initial review,2026-09-20T09:23:18.404604+00:00
2024:4082020242014345502,p0003,g_eca755cafd5dc12d0720771d,45046ed31558617dfac373c8e72c747d4689011f3dc90313f8ba5a11d0ec80e6,d_51b241d4df1d2511ba8670b1,Codex — agent-assisted initial review,2026-09-20T09:23:18.404604+00:00
2024:4082020242014346177,p0002,g_284f3c9873b906a55937eef7,b55b6f969989e678f75f43afa911157a88cb8389831b3d4a08fc7e492198417b,d_5ecead00c573cffd48076276,Codex — agent-assisted initial review,2026-09-20T09:23:18.404604+00:00
2024:4082020242014346178,p0002,g_284f3c9873b906a55937eef7,defbf7cb71c7a11209a2cde3781841903666bb2413957d433671467cf458cd2f,d_5ecead00c573cffd48076276,Codex — agent-assisted initial review,2026-09-20T09:23:18.404604+00:00
2024:4082020242014346179,p0002,g_284f3c9873b906a55937eef7,c435346a5f3d235265865b2d1100ad3ce39886c8cfec111b5b3d86ccf79481f8,d_5ecead00c573cffd48076276,Codex — agent-assisted initial review,2026-09-20T09:23:18.404604+00:00
2024:4082120231799878103,p0010,g_a048cb17a07db47defb3dc8d,1d18b21d557c73410b373bf290e01c7b2bd223e3b90dd20a74ab6c95ee85e482,d_6a47c9334e1eb86fa3fe23a6,Codex — agent-assisted initial review,2026-09-20T09:08:32.301672+00:00
2024:4082120231799951830,p0012,g_3952f78a75c8b2310c67af90,30d32d6b5007aba1952b84cb420c6176d47159ea34d5952933d49e48eddb79e2,d_42024badfa09f7944df299b0,Codex — agent-assisted initial review,2026-09-20T09:23:18.404604+00:00
2024:4082120231799953975,p0009,g_3d1fd68d1b0a4de3b68715a1,e85d81c5e9f32c1b62e84ce323c828c019e504a629088358d40c545ebfc3a865,d_f04672894c8d189f46f6fedd,Codex — agent-assisted initial review,2026-09-20T09:08:32.301672+00:00
2024:4082120231799956273,p0015,g_2e61bbc4c32f9b3fdd8650ca,d3efa8f476ea16d5137bd9a60f061e68676a0f16435ed2492f4bf093f6ca8116,d_e7034628efec4fc61a2482fe,Codex — agent-assisted initial review,2026-09-20T09:23:18.404604+00:00
2024:4082120231799956274,p0015,g_2e61bbc4c32f9b3fdd8650ca,776262034661e85e1070186b351ce2012a5460b7a4416d3ea68afb9d3b1bbbb9,d_e7034628efec4fc61a2482fe,Codex — agent-assisted initial review,2026-09-20T09:23:18.404604+00:00
2024:4082120242014537127,p0004,g_77e6fc5ed04215f35e43f509,936dd1de33eead0bce8768640b126acdcb73979b7ddcecb6c516cdb779014e59,d_7dc248eca486feb7f305af5d,Codex — agent-assisted initial review,2026-09-20T09:23:18.404604+00:00
2024:4082220231800070138,p0012,g_91650aca9a9b111c1e92ae14,63c4abb8ff70cb688eb8f5e8cf5b7499a3d484cad8e4e0fbd364ad1d4f231137,d_8f853b0f8abd5b44bd164010,Codex — agent-assisted initial review,2026-09-20T09:23:18.404604+00:00
2024:4082220231800072928,p0012,g_207c07cfa01d5a1a29168ab7,7ae57d69bd6bf5688c9366d3bf3915217aa996fd73c0f0ec6afd6e7eb9ad584a,d_de2c4a67b896829b09fae9b3,Codex — agent-assisted initial review,2026-09-20T09:23:18.404604+00:00
2024:4082220231800073710,p0012,g_5ff0e58e7ce3d146e24af153,bef7ceba7e60d8a0be3b11bc4c707f7c8a926c2c53dc684188dfd9ace0d7872f,d_20b7cee6d7c7e7af58a3216f,Codex — agent-assisted initial review,2026-09-20T09:23:18.404604+00:00
2024:4082620242015034515,p0004,g_d579f3471d5343327aa39f82,c00ca8e7837cd6d97a1e6b715b608dae0c600310d1ff0aafc93a026c1c7402c8,d_90115673c8c2ee0f9c12181b,Codex — agent-assisted initial review,2026-09-20T09:23:18.404604+00:00
2024:4082620242015034528,p0012,g_673ccbd067f4fa9d582ec971,dcaa9d5daf9ac3fd4751a6a458df9107029cadeeb65fbeed814424d689ea4700,d_fb2fb52960808fbcd239a727,Codex — agent-assisted initial review,2026-09-20T09:23:18.404604+00:00
2024:4082620242015046976,p0012,g_ab1954171e48017a621574e2,634a08b0bd5d356327b26cd978a702d08150e0356032fe779480c1c2b4f6b3e9,d_2afad47e7369ada19629fc5b,Codex — agent-assisted initial review,2026-09-20T09:23:18.404604+00:00
2024:4082820242016963935,p0015,g_a967b740d3d32311c883638e,8f3d2b764d5f1b667a552cebf98e94e0bfacb96e1920f4397936caa742962304,d_3c493b9b47d1d7b19d1dc5e2,Codex — agent-assisted initial review,2026-09-20T09:23:18.404604+00:00
2024:4082820242016963936,p0015,g_a967b740d3d32311c883638e,5ffff3c0c9892b4d9801a6bc98e713235a33535dc9b3483e461927010082c41a,d_3c493b9b47d1d7b19d1dc5e2,Codex — agent-assisted initial review,2026-09-20T09:23:18.404604+00:00
2024:4082820242017001601,p0015,g_a967b740d3d32311c883638e,dd67fc9bd948f47ed52dfaf78cde3489c71974f4552fe24c5d911e72f36feb42,d_3c493b9b47d1d7b19d1dc5e2,Codex — agent-assisted initial review,2026-09-20T09:23:18.404604+00:00
2024:4082820242017001602,p0015,g_a967b740d3d32311c883638e,8170fffebbef4a8d740c9fa21f68fe7cb22c36d1c37797730c72bf84ef66ec32,d_3c493b9b47d1d7b19d1dc5e2,Codex — agent-assisted initial review,2026-09-20T09:23:18.404604+00:00
2024:4083020242017155017,p0004,g_533b99cae13b20adfeee2dec,a65f2b4205f0d19f31c61d46d8984633dbe262571c5f34553e553df2c1a405a9,d_0141d6cf2a985b3c36c657e4,Codex — agent-assisted initial review,2026-09-20T09:23:18.404604+00:00
2024:4083020242017155019,p0004,g_533b99cae13b20adfeee2dec,34ad2707b36c448804db7060a3c61e94a6114578c3dfcb5fa828295cfdabbc6b,d_0141d6cf2a985b3c36c657e4,Codex — agent-assisted initial review,2026-09-20T09:23:18.404604+00:00
2024:4083020242017155221,p0010,g_2caad5cb534cd7c468a480db,7e0412c009b966bb75190a3bcadde3272c31175349dde03f39e17b29e0cf261e,d_3cd64c1b66b4e8ce8d8fd5d2,Codex — agent-assisted initial review,2026-09-20T09:08:32.301672+00:00
2024:4083020242017155222,p0010,g_2caad5cb534cd7c468a480db,93ce1d31dd6c75066a4c290ecbfdd0a5d171956d5c9a21168deb1abb3f348d20,d_3cd64c1b66b4e8ce8d8fd5d2,Codex — agent-assisted initial review,2026-09-20T09:08:32.301672+00:00
2024:4090120231801002341,p0009,g_5840acd12cd97fdf811bcedb,28305690419edbe3ead1a81b91644d4c904efacdbf670c869188b047cc0ec102,d_429f727349172e26f4e8a387,Codex — agent-assisted initial review,2026-09-20T09:08:32.301672+00:00
2024:4090120231801364534,p0012,g_a6983b6aa221737b6d82fe62,a66fbc904fffdb3866a40b2f3f460c75ef667b7307c65f8b73b69f1fded3bf46,d_bee107d112656e671e6cbe57,Codex — agent-assisted initial review,2026-09-20T09:23:18.404604+00:00
2024:4090320242017259286,p0012,g_66a98ff28415b7389db6105c,d199619857296f9cf59c29e31913beca33bdd8bc76317380b238e1fc0702d9dd,d_7a176a4d58423b39f7f41afe,Codex — agent-assisted initial review,2026-09-20T09:23:18.404604+00:00
2024:4090320242017276121,p0003,g_80c4e2fbb14298f88b72d1bc,05c22df3a1fa5259251b2c58b5664e1740848bd346aca6aa3fb4b359d600f903,d_c27ea8c569326b5982d1d6e5,Codex — agent-assisted initial review,2026-09-20T09:23:18.404604+00:00
2024:4090320242017276123,p0002,g_cbd74e2c467b54220e69493e,92bc5a079f9802ea57f3765c06b0d413e18700aca2c93c236dc86b1614d4f50f,d_83b4ef3015322214d2ee69d8,Codex — agent-assisted initial review,2026-09-20T09:23:18.404604+00:00
2024:4090420242038824235,p0002,g_ae2b4dfeb2d16158560c3f29,91c250c53ed1626fcc4e8c2f41338f7d577dafa92b673ec0fbb0aa574f03def5,d_76d599ac386b7d0f1ffe1229,Codex — agent-assisted initial review,2026-09-20T09:23:18.404604+00:00
2024:4090420242038842336,p0012,g_673ccbd067f4fa9d582ec971,b286b7de6b26e3ae8dc50485c017d4d56071fd33014269a2cac7b1a3686f91a6,d_fb2fb52960808fbcd239a727,Codex — agent-assisted initial review,2026-09-20T09:23:18.404604+00:00
2024:4090520242040183880,p0002,g_a6291f44cb14920ac05d3047,c82001eaa3157d47302f840d529f9ffa05e4857e28ddf033d04a4386e697d76e,d_b0aad4c831136e716518db81,Codex — agent-assisted initial review,2026-09-20T09:23:18.404604+00:00
2024:4090520242040183925,p0002,g_a6291f44cb14920ac05d3047,635a218c15b570c89b5185819c819d4ce718d57663fa2419e1c782220e01f0cf,d_b0aad4c831136e716518db81,Codex — agent-assisted initial review,2026-09-20T09:23:18.404604+00:00
2024:4091120251290662248,p0015,g_c889a637d5ad2f3395447bf2,6ccca412c90e8c0faa005353abe536023fa036eec8273f7d123f6e58b9a3b736,d_9a67f8bd30c7e15303b3a5d7,Codex — agent-assisted initial review,2026-09-20T09:23:18.404604+00:00
2024:4091120251290704259,p0015,g_c889a637d5ad2f3395447bf2,a9da910aa1f3613604ebcd25f2cee723c695616c940e6fea8f6dc313a4b0f47e,d_9a67f8bd30c7e15303b3a5d7,Codex — agent-assisted initial review,2026-09-20T09:23:18.404604+00:00
2024:4091120251290716249,p0015,g_c889a637d5ad2f3395447bf2,b5fa2946425d31f3fae6799044bb251228c9a33e2ae081445046371894348218,d_9a67f8bd30c7e15303b3a5d7,Codex — agent-assisted initial review,2026-09-20T09:23:18.404604+00:00
2024:4091120251290724929,p0015,g_c889a637d5ad2f3395447bf2,197a2686106d610f5b842ab551e5dd3cedd964beefa49d0178ba682176898a26,d_9a67f8bd30c7e15303b3a5d7,Codex — agent-assisted initial review,2026-09-20T09:23:18.404604+00:00
2024:4091120251290810826,p0012,g_84e3153f3c24665d9fe79bf9,890a8ba494579f6af48a5916461c431a9b13ea1cc59ed1be3dfa86cbf0057997,d_737dfc0e8eec1f773e34aa56,Codex — agent-assisted initial review,2026-09-20T09:23:18.404604+00:00
2024:4091120251290849297,p0012,g_84e3153f3c24665d9fe79bf9,e4f2d3dd023b35cae0bad27274351f7b9fd50b8c126959d933eac6cdcf8102ae,d_737dfc0e8eec1f773e34aa56,Codex — agent-assisted initial review,2026-09-20T09:23:18.404604+00:00
2024:4091120251290871626,p0004,g_319a9b6eed7823a139ee83b6,725e2463d071fdcc32b3f77d4484562e21e5f401fcf9035ade136fef4821aed8,d_15c71e8ca99f062a7e56eca9,Codex — agent-assisted initial review,2026-09-20T09:23:18.404604+00:00
2024:4091120251290918225,p0003,g_03a038b237fc975777c04a99,1ca13e886e5416c575b258e9f5ef4b73ca0525445560f2c481da2cc234729163,d_71c5ab4cbd57b5103e245cca,Codex — agent-assisted initial review,2026-09-20T09:23:18.404604+00:00
2024:4091120251290938222,p0002,g_5c22729ab51c04154db24936,e61eaf3dcdd8868c921ea5777434a7f08aa382bc4df852f86bdc7c9d5695a61c,d_c5c9713a9f5b9fffb3470353,Codex — agent-assisted initial review,2026-09-20T09:23:18.404604+00:00
2024:4091120251290999963,p0013,g_3f37d75392c3ed60b8666dc1,5b5c6f97d2a175f404299293748f4603d18a0d9710fb6618c7f46f18b679ecd5,d_4418b0ccaa732725d7288063,Codex — agent-assisted initial review,2026-09-20T09:23:18.404604+00:00
2024:4091120251291002166,p0013,g_3f37d75392c3ed60b8666dc1,abc6f8d92f6782cb4e5dc7ec3fc3e5c686096448e34f6ad4af13b566fcb8ce86,d_4418b0ccaa732725d7288063,Codex — agent-assisted initial review,2026-09-20T09:23:18.404604+00:00
2024:4091320231802099242,p0012,g_967be887458ffd309e25a586,d9f4f5b282a5133001844ddbde15d98b1e4edadcc476e8a41e0528abf75675cd,d_5a259ae58bbf74bf840eb8f3,Codex — agent-assisted initial review,2026-09-20T09:23:18.404604+00:00
2024:4091320242040629296,p0002,g_76168e886524384692e2d53d,d0edb20e1d1a8a79fe9669783e3a733d00b55b3e021428b97b7026837ed5d178,d_6add9ef865adc362fe23f4a2,Codex — agent-assisted initial review,2026-09-20T09:23:18.404604+00:00
2024:4091320242040629387,p0003,g_911e15420bcf5b9a831ef24a,9becc992d1a2fabd0cc6ed7b1aa02590a65c5f874c9559779627220f59106873,d_cca103090572c80fd9cdb4d5,Codex — agent-assisted initial review,2026-09-20T09:23:18.404604+00:00
2024:4091620242040771018,p0011,g_07038da5b70b0a37dc1a74f7,1b54286c249bad59b5dd2a0b6d920f92f13a843071f17991794ba34bb77fcad3,d_b25600b55b34a5b70956d962,Codex — agent-assisted initial review,2026-09-20T09:08:32.301672+00:00
2024:4091620242040771758,p0020,g_b7121a38fc9f75f1e03d9c52,db796041aec0868779b8a4355adb24c2ac979dd4fda8d0d61ceeccac95d6cc2b,d_b8fc8502b6b4778a82ea03c3,Codex — agent-assisted initial review,2026-09-20T09:23:18.404604+00:00
2024:4091720242040832902,p0009,g_dfc1a5c855a30f444e57a302,1fbecc33da80f664405bad4be1603f8f4d7f48777613db05b2d0c5fcabcf66cc,d_9cc28f81f56941450d13af47,Codex — agent-assisted initial review,2026-09-20T09:08:32.301672+00:00
2024:4091820242040942371,p0008,g_a5af26aac19d98aab7caa51e,3606326945d0f8b5cb2aa977c8853764ce0a7a686daef87a3834c7d713250a61,d_96805bb883e8a630c61b8654,Codex — agent-assisted initial review,2026-09-20T09:08:32.301672+00:00
2024:4091820242040944574,p0014,g_a3749f8abe928abdaf08d2a4,93ca4d3d2c96774e8791d20233d3c7758d4cc05f5da8a2fb1082f3a51c08ee19,d_e112fbf655c920a10e2cf107,Codex — agent-assisted initial review,2026-09-20T09:08:32.301672+00:00
2024:4091820242040944576,p0014,g_a3749f8abe928abdaf08d2a4,c8cdaf2e255b6d3d35c9983382aaeaea5ea81c2ec0158b8faf6c906732da4c35,d_e112fbf655c920a10e2cf107,Codex — agent-assisted initial review,2026-09-20T09:08:32.301672+00:00
2024:4091820242040967415,p0003,g_7e617f2e9c5fa3f4b2ca6ff7,342f48e33508541f995f8e673d5781add5a3975bbee9a04a4b5c7fba142da67d,d_538edc632adae9832052c4be,Codex — agent-assisted initial review,2026-09-20T09:23:18.404604+00:00
2024:4091820242040967452,p0002,g_8ea87ed1988309da962140a1,46300cfe858573b657a5b847b5af1757062c60e1a58e6bba6dc50ff3d4239810,d_f497961510e2759b5118cd3f,Codex — agent-assisted initial review,2026-09-20T09:23:18.404604+00:00
2024:4092020231802533267,p0012,g_66a98ff28415b7389db6105c,4d8c456aae813f19616dba8563b7a1373fe84c89b688e7e928bd537f642a5296,d_7a176a4d58423b39f7f41afe,Codex — agent-assisted initial review,2026-09-20T09:23:18.404604+00:00
2024:4092020231802568171,p0010,g_194f8f6f900f270c9cb19b7a,ee18ba4f36c18a458c05323af2f96b6273fc79b6d6d4e1ccd0977f359dba5996,d_f5e171c65160184cd19c576c,Codex — agent-assisted initial review,2026-09-20T09:08:32.301672+00:00
2024:4092020231802645594,p0012,g_9a9c011dee3de30642fef655,bad8082d5b9ec3ba667f3b26a9e85387da0f1f2b79a8bdfa2776f425f28ba44a,d_be2a5e7692814a1e84917cfd,Codex — agent-assisted initial review,2026-09-20T09:23:18.404604+00:00
2024:4092120231802696405,p0009,g_3d1fd68d1b0a4de3b68715a1,f449797bd7212436157f4fbea662a6356aafac01d54445f17edbb6217c4b5439,d_f04672894c8d189f46f6fedd,Codex — agent-assisted initial review,2026-09-20T09:08:32.301672+00:00
2024:4092120231802696407,p0009,g_3d1fd68d1b0a4de3b68715a1,52032d8f355da49bcaad5d5018b3aaf663bbb17c87cffea2554a343de03a0278,d_f04672894c8d189f46f6fedd,Codex — agent-assisted initial review,2026-09-20T09:08:32.301672+00:00
2024:4092220231802788096,p0009,g_b8f6341b34399e5125f63a12,f5977e152fca1513b3ccdba3a11138d650d1d62c74c24c5fa443b4c10ff37b55,d_42aaa7f21a592231f95e0e31,Codex — agent-assisted initial review,2026-09-20T09:08:32.301672+00:00
2024:4092320242041350356,p0002,g_76fcfb0ac90fc3e9e1518156,14a9ca00496cff96399c920d625f92193b79177166ca33f30c4cbb140df41b5c,d_960ebe0dbfc5db93cc88ac2b,Codex — agent-assisted initial review,2026-09-20T09:23:18.404604+00:00
2024:4092320242041350359,p0003,g_b01e38d4b38748c90c2cf3b2,853cc8bd83993efbd42f1eee9197ca96a3007285d9e5b18ade895453a175e41a,d_65c66b7c7c87016b2eaeec1a,Codex — agent-assisted initial review,2026-09-20T09:23:18.404604+00:00
2024:4092420242041537988,p0004,g_91fa64da98d48c59bd03ed17,7c1d36b2167fdccedbdbe1dc134c74e73b912149b0815c4466b1190a6b96669a,d_d437193d9f0c0904585c1bdc,Codex — agent-assisted initial review,2026-09-20T09:23:18.404604+00:00
2024:4092420242041554688,p0019,g_622d7b6f07107e84567ead7d,59cbbf8c3403e6e106a4709a2e23ab336e4d54bd047ccb5410130b09b83abc78,d_6abe4af742f492e87cfbbf1b,Codex — agent-assisted initial review,2026-09-20T09:08:32.301672+00:00
2024:4092520231802866802,p0012,g_0bf5277ec527834b02326fa8,cf6e8b0a3f1f9c02ac9bce7e8a2ff0e203e3f4f18b383caa0542996a5450a688,d_6581c5c103837a7fd9c72907,Codex — agent-assisted initial review,2026-09-20T09:23:18.404604+00:00
2024:4092520231802879227,p0012,g_66a98ff28415b7389db6105c,f69864b60aee1f15069d02bc1d3e1af6ddadf996b384b244248b6aefcce6519d,d_7a176a4d58423b39f7f41afe,Codex — agent-assisted initial review,2026-09-20T09:23:18.404604+00:00
2024:4092520242041684821,p0017,g_29a057c317e2553a44291dfd,b6478d8f96f14a0101db627e5d8d2a4a73d41447b531b931b9c4a5e18a4f9e88,d_fe051135fd5caf52b7cbf892,Codex — agent-assisted initial review,2026-09-20T09:23:18.404604+00:00
2024:4092520242041737370,p0002,g_8ea87ed1988309da962140a1,0e0ff83deb63551094fc25ae2b5e5bfb92dcea03c06e3bc96d4dfeaa824beec9,d_f497961510e2759b5118cd3f,Codex — agent-assisted initial review,2026-09-20T09:23:18.404604+00:00
2024:4092520242041737373,p0003,g_911e15420bcf5b9a831ef24a,3a5d862ae9518ac6ec2213ffc069a2cd715710bf6d5cdacd840319b2f89a8bf0,d_cca103090572c80fd9cdb4d5,Codex — agent-assisted initial review,2026-09-20T09:23:18.404604+00:00
2024:4092520242041853329,p0009,g_3d1fd68d1b0a4de3b68715a1,75be48f6f855b9d1fb8942b112ab48ef7ec06e842fac8d24e8f441788dfa5854,d_f04672894c8d189f46f6fedd,Codex — agent-assisted initial review,2026-09-20T09:08:32.301672+00:00
2024:4092520242041854854,p0012,g_488a9e25cf5593620d2335fc,42d45f04ca245974e99afa3f81ab211ae40d135a4eb350a8e0de08949d43c9d4,d_7a3d7ddca3fa5384269bcfb7,Codex — agent-assisted initial review,2026-09-20T09:23:18.404604+00:00
2024:4092520242041854991,p0013,g_886af3ba8a1db8407a6736f8,791fc8cacd9e065a08581cc36145e5fa17d53bdf3fb832183de7c8d711da0135,d_c0381fff5f9e0109b981624e,Codex — agent-assisted initial review,2026-09-20T09:23:18.404604+00:00
2024:4092520242041854992,p0013,g_886af3ba8a1db8407a6736f8,814b67dd281f0a603e3741cb1d51716243d2833389b035ceb33cdafaa682ad56,d_c0381fff5f9e0109b981624e,Codex — agent-assisted initial review,2026-09-20T09:23:18.404604+00:00
2024:4092520242041855129,p0019,g_2bcada74c8e4c7fb809630b8,d446b57d96ea1501e6fbb363824e9a168e186dc745ffc72c1f04ccc9b533796d,d_6f74ef871a935d40a04da0d2,Codex — agent-assisted initial review,2026-09-20T09:08:32.301672+00:00
2024:4092520242041862312,p0004,g_819c5bf624c7aa993ef7f42b,cafa8c4a706f3a3e2b4df3e523e6c36c7fdbff62feb278ed828e0cc18bb259b9,d_e14d94fd79a55f526dc49be3,Codex — agent-assisted initial review,2026-09-20T09:23:18.404604+00:00
2024:4092620231803074429,p0012,g_a32f7ac70fb04c31fa8b8a7e,389536f968885d89884631dceb50d7281068d6f707a4d66a2eab0697d263ace7,d_776b2ddce8257030c5e50b32,Codex — agent-assisted initial review,2026-09-20T09:23:18.404604+00:00
2024:4092620242041927035,p0004,g_d10a915dce75881a3685f11e,872469f7662d4a38e90ec9540129c3d3273772f795ec122cfbdd2548e7d458de,d_5b0ed565f37b0f932cdabb6a,Codex — agent-assisted initial review,2026-09-20T09:23:18.404604+00:00
2024:4092620242042056481,p0004,g_d10a915dce75881a3685f11e,eabe2871b408d5cc5590afdc373c35c7447349d631a6303dddb2043302cfb194,d_5b0ed565f37b0f932cdabb6a,Codex — agent-assisted initial review,2026-09-20T09:23:18.404604+00:00
2024:4092620242042056482,p0004,g_d10a915dce75881a3685f11e,e0a9aa77985832de77054420f7409407e96344803fd52f974c5303adf3f464ef,d_5b0ed565f37b0f932cdabb6a,Codex — agent-assisted initial review,2026-09-20T09:23:18.404604+00:00
2024:4092720242042608229,p0013,g_b325b7a7894d7f92a5bad9ed,babec4cbe433171c943ed8d416cc1fd2c5bcac347356fdc7cb543ae408453049,d_a52642df314763d3479f3b00,Codex — agent-assisted initial review,2026-09-20T09:23:18.404604+00:00
2024:4092720242042608230,p0013,g_b325b7a7894d7f92a5bad9ed,3b775c1f87374f82191c2a33d5eb2b0b621e7693eaa805880b7bac458dc2acda,d_a52642df314763d3479f3b00,Codex — agent-assisted initial review,2026-09-20T09:23:18.404604+00:00
2024:4092920231803441829,p0009,g_6e0b60ffe2813402bd697335,35e3f75766561557b80b6fe7c5977b818562a8a5f7432bb4846b8ca9278223b4,d_2ab71294503d20d31d2b67ef,Codex — agent-assisted initial review,2026-09-20T09:08:32.301672+00:00
2024:4100120242051951595,p0003,g_21c79bddbbcdbaa913b2b68b,04e8bab332fed1a56637c5c5f13454fa354f674f50e62d56f0b6e0853c49b2e7,d_6a67f8c6434c91ed0ef28516,Codex — agent-assisted initial review,2026-09-20T09:23:18.404604+00:00
2024:4100120242051951596,p0003,g_21c79bddbbcdbaa913b2b68b,67fe19cde0c082f5d559d63eb0a36b223595e38119fb5fa957bbcc645ebdd3c0,d_6a67f8c6434c91ed0ef28516,Codex — agent-assisted initial review,2026-09-20T09:23:18.404604+00:00
2024:4100120242051951597,p0003,g_21c79bddbbcdbaa913b2b68b,e92847715d9403e5d88223ff94551d2a9ff4ce5bcfa25815b86bf931145c0a35,d_6a67f8c6434c91ed0ef28516,Codex — agent-assisted initial review,2026-09-20T09:23:18.404604+00:00
2024:4100120242051951598,p0003,g_21c79bddbbcdbaa913b2b68b,7774601d866b79fb5dbcdaecd4107bb7b23fbfb778a043571ccf62e824d4ee21,d_6a67f8c6434c91ed0ef28516,Codex — agent-assisted initial review,2026-09-20T09:23:18.404604+00:00
2024:4100120242051951599,p0003,g_21c79bddbbcdbaa913b2b68b,3125f39d1e00f5a0ee5ded075dede7f84abfdcdc4a882fd105d150acfa50121a,d_6a67f8c6434c91ed0ef28516,Codex — agent-assisted initial review,2026-09-20T09:23:18.404604+00:00
2024:4100120242051951600,p0003,g_21c79bddbbcdbaa913b2b68b,eb3a49e964b013808b63b668f61e049fd019090af4aff12ea6aa8cca77726e57,d_6a67f8c6434c91ed0ef28516,Codex — agent-assisted initial review,2026-09-20T09:23:18.404604+00:00
2024:4100120242051951601,p0003,g_21c79bddbbcdbaa913b2b68b,b4a2c668041182cd200ada13e01c469b167c3bf0e6c23558da1b91c5a12882f1,d_6a67f8c6434c91ed0ef28516,Codex — agent-assisted initial review,2026-09-20T09:23:18.404604+00:00
2024:4100120242051951602,p0003,g_21c79bddbbcdbaa913b2b68b,d8ae0456c299d1b955050704ce55354193fca7a9239f45f1ab34f848794f6d8c,d_6a67f8c6434c91ed0ef28516,Codex — agent-assisted initial review,2026-09-20T09:23:18.404604+00:00
2024:4100120242051951603,p0003,g_21c79bddbbcdbaa913b2b68b,5e3b179315178c797bacec84ca3b34809cce74cfaef21248cb1b71814bfb5e96,d_6a67f8c6434c91ed0ef28516,Codex — agent-assisted initial review,2026-09-20T09:23:18.404604+00:00
2024:4100120242051951604,p0003,g_21c79bddbbcdbaa913b2b68b,7ad7418e8ad9eb12fee81c14a8ff013148a6971c95b1ba9d0eb06f8736db381f,d_6a67f8c6434c91ed0ef28516,Codex — agent-assisted initial review,2026-09-20T09:23:18.404604+00:00
2024:4100120242051951605,p0003,g_21c79bddbbcdbaa913b2b68b,f2788d8cbe63cfdad73bb1b28cd1083c37a1a9954e91f562a2e7b4a54c2f3ced,d_6a67f8c6434c91ed0ef28516,Codex — agent-assisted initial review,2026-09-20T09:23:18.404604+00:00
2024:4100120242051951606,p0003,g_21c79bddbbcdbaa913b2b68b,ba7dbc3f1fa31310a5ca15385ff894aa403b8d6c28621c3eeccc6cd9e7fe7d7e,d_6a67f8c6434c91ed0ef28516,Codex — agent-assisted initial review,2026-09-20T09:23:18.404604+00:00
2024:4100120242051951607,p0003,g_21c79bddbbcdbaa913b2b68b,b61afc13a451a838fad0f4c173e13f48de2d93096e9539039b60ddb646b46264,d_6a67f8c6434c91ed0ef28516,Codex — agent-assisted initial review,2026-09-20T09:23:18.404604+00:00
2024:4100120242051951608,p0003,g_21c79bddbbcdbaa913b2b68b,70663ceff6b27e8012091c81849b6b83d76a4bc4c401c0a8562a5119fa214894,d_6a67f8c6434c91ed0ef28516,Codex — agent-assisted initial review,2026-09-20T09:23:18.404604+00:00
2024:4100120242051951609,p0003,g_21c79bddbbcdbaa913b2b68b,79d2bd679370af9d06107d3beca8895a8ac320288dada87fb66a4785de3ce3ee,d_6a67f8c6434c91ed0ef28516,Codex — agent-assisted initial review,2026-09-20T09:23:18.404604+00:00
2024:4100120242060343242,p0012,g_8116b31a126c68278e4fb1cc,a0052c0507117b8dc0be772953f5276c52f3b85a803245acc03cb6f2e68620fb,d_02edc1498e0342ccd0ff47c0,Codex — agent-assisted initial review,2026-09-20T09:23:18.404604+00:00
2024:4100120242066582930,p0002,g_8aac48dd3821037480c6b835,ea4710158769d4313ee4aa645beb383406ce419eae30bd4c097ac56dcfe02de3,d_7fa489a47f0e9105eac463bb,Codex — agent-assisted initial review,2026-09-20T09:23:18.404604+00:00
2024:4100120242066582931,p0002,g_8aac48dd3821037480c6b835,d9a53cfdb1356e1e1c10dfc96d57ad4687b32f3220bb21b2e30261c9fb083d14,d_7fa489a47f0e9105eac463bb,Codex — agent-assisted initial review,2026-09-20T09:23:18.404604+00:00
2024:4100120242066587427,p0015,g_c086dd4baa65ca452b7c0437,c63c3e47fefbeae141f7c11e061f0c649f12cfaf35c17d115bc0136602a20b40,d_7dac6bdd171ca2edf7dbe133,Codex — agent-assisted initial review,2026-09-20T09:23:18.404604+00:00
2024:4100120242066587429,p0015,g_c086dd4baa65ca452b7c0437,b496191f211ecb0bc5ff7961aef7719d307b33b473fcacd0ba1a0d05288161b6,d_7dac6bdd171ca2edf7dbe133,Codex — agent-assisted initial review,2026-09-20T09:23:18.404604+00:00
2024:4100120242066587642,p0004,g_3c19e4fc60c9f1d69f7a8fe9,742fb8b702e90aba485bfb37616ecef1ea3d0b8f6da77ede2319c2435d555b38,d_8216a44fa32bdadfdef130b4,Codex — agent-assisted initial review,2026-09-20T09:23:18.404604+00:00
2024:4100320231803799763,p0012,g_da48173d9b7da17fae0c33f9,a9f4b78415b2b56475b05086e60af61f32c9f2dd11f50a84d163528d4dea7af0,d_78b1ac22a3edaadfd35dae9d,Codex — agent-assisted initial review,2026-09-20T09:23:18.404604+00:00
2024:4100620231803939120,p0015,g_2ca698fdc6f4de6092a11b68,93bfb451bf553358f7cdaadb40aafa4da8aebd86c24eecac1401e36d3c2ef44d,d_ffe28f6abb7628325676e066,Codex — agent-assisted initial review,2026-09-20T09:23:18.404604+00:00
2024:4100620231803939121,p0015,g_2ca698fdc6f4de6092a11b68,e680c8ab539e160ab7eedb88699c932172d77de2cba1fe824c0a4be88cb6e896,d_ffe28f6abb7628325676e066,Codex — agent-assisted initial review,2026-09-20T09:23:18.404604+00:00
2024:4100620231803948889,p0009,g_3d1fd68d1b0a4de3b68715a1,c673d3afe9b2e4c4fc94a949400e325727b5e9e5c3b71ea19f842d105f0df63f,d_f04672894c8d189f46f6fedd,Codex — agent-assisted initial review,2026-09-20T09:08:32.301672+00:00
2024:4100820242069275140,p0012,g_66a98ff28415b7389db6105c,550583cc6b6b7e2a11a9b403fb22203adb7427df7e493115729f57f561b9e6ba,d_7a176a4d58423b39f7f41afe,Codex — agent-assisted initial review,2026-09-20T09:23:18.404604+00:00
2024:4100820242069276818,p0020,g_503c98a341011ee8e2baf7c0,1c5631d1c93dbf31bce657be2a36921cdbfbfd642416eaf7dc3122ce0b5e0b30,d_50d899a875a57d028878f3f4,Codex — agent-assisted initial review,2026-09-20T09:23:18.404604+00:00
2024:4101020242069376754,p0009,g_0ca03723dc4722a05ebc5129,adfcda020b96ec3cca28b24e718d22c30005747fbde4bcbdfa8b2ce3e592f886,d_4d8d4462cae3273d9ee00fd0,Codex — agent-assisted initial review,2026-09-20T09:08:32.301672+00:00
2024:4101120231804084799,p0009,g_db74cae6ba3161bdff0aad3a,126208e9d1707334af2c3089d5bc9f8eb52ad5cf7f676b3133d0d2c248ee7451,d_1c6d52a151dd9441708b3376,Codex — agent-assisted initial review,2026-09-20T09:08:32.301672+00:00
2024:4101120231804090703,p0009,g_728e39e91213356bf0b757a9,4d170610fb809599c715319b975f9e28121f35c229790d0b6dd8f32322891324,d_c7f1339323f4c173cf2c1dee,Codex — agent-assisted initial review,2026-09-20T09:08:32.301672+00:00
2024:4101120242069465815,p0012,g_66a98ff28415b7389db6105c,e8d04bdd700afb5e830e1116b3d84732ba072306dcdec802ec4256c8f7b3a94c,d_7a176a4d58423b39f7f41afe,Codex — agent-assisted initial review,2026-09-20T09:23:18.404604+00:00
2024:4101120242069469834,p0003,g_7e617f2e9c5fa3f4b2ca6ff7,c8a02627b5d577f0daca8b00cbebb79cbce5a38ee6784d8d616e4a6208083948,d_538edc632adae9832052c4be,Codex — agent-assisted initial review,2026-09-20T09:23:18.404604+00:00
2024:4101320231804478408,p0012,g_66a98ff28415b7389db6105c,f9be6ad733e13246551a0b7fb73cb194518381d53a755a42b3066f10dad33be7,d_7a176a4d58423b39f7f41afe,Codex — agent-assisted initial review,2026-09-20T09:23:18.404604+00:00
2024:4101320231804489844,p0012,g_1681fa21ac08ca0a068d6ed3,296888615fdb405f6e95418587bbf65dac32b77ed60a6c44005dfb21a236ed1b,d_6a6dc4269fe8b754c39f5b23,Codex — agent-assisted initial review,2026-09-20T09:23:18.404604+00:00
2024:4101320231804489848,p0012,g_1681fa21ac08ca0a068d6ed3,bd4f1380b3692177ef335712a84353d0392ec55ae564eb62d3dd92d8e3d50076,d_6a6dc4269fe8b754c39f5b23,Codex — agent-assisted initial review,2026-09-20T09:23:18.404604+00:00
2024:4101620231804558541,p0009,g_b8f6341b34399e5125f63a12,45311613803d7c6deed355cee45e7ee9d1d91eea3b0c3684c89528355e8289e5,d_42aaa7f21a592231f95e0e31,Codex — agent-assisted initial review,2026-09-20T09:08:32.301672+00:00
2024:4101620231804573855,p0004,g_568899e0e2a6dcfbb334ce73,f4f99c39a081880966086d2f26c61789c185b1ec5fe59c3a8be22c79d862253b,d_1e4a1802368554d1be572109,Codex — agent-assisted initial review,2026-09-20T09:23:18.404604+00:00
2024:4101620231804592463,p0015,g_bbd925aa8361970dc1167440,3b09dee13020950eb4d5a5bf033ca64d563063ffd2c2f0431e70c70775b1e4ae,d_ead967df1bbce394a924e2f4,Codex — agent-assisted initial review,2026-09-20T09:23:18.404604+00:00
2024:4101620231804707099,p0004,g_533b99cae13b20adfeee2dec,d840d8595953cd29e1ed5ee74a7c300440efd22fb701bc1ed24f566c442d7611,d_0141d6cf2a985b3c36c657e4,Codex — agent-assisted initial review,2026-09-20T09:23:18.404604+00:00
2024:4101620231804707101,p0004,g_533b99cae13b20adfeee2dec,c02f8a248874a38d904f6f56690fbd45eec9fbda47bfce5f4b2e6ab1019f9885,d_0141d6cf2a985b3c36c657e4,Codex — agent-assisted initial review,2026-09-20T09:23:18.404604+00:00
2024:4101620242069906391,p0004,g_533b99cae13b20adfeee2dec,bf856728ef62da12a6fd95965fc4464e0efa6cf4382ef5d87fc5bd2b4d1d9355,d_0141d6cf2a985b3c36c657e4,Codex — agent-assisted initial review,2026-09-20T09:23:18.404604+00:00
2024:4101620242069915556,p0012,g_66a98ff28415b7389db6105c,ca086b6b4e761c67535adc42a6b4182881b12375843c78c040d7870b0549185e,d_7a176a4d58423b39f7f41afe,Codex — agent-assisted initial review,2026-09-20T09:23:18.404604+00:00
2024:4101720231804744175,p0011,g_1fcc3d5915ab097200849a1c,2d4b03ed3129bc136ac582a103316e18e894637e25e8d76264ba3d244a596a94,d_132b57959510db404fa3ebaa,Codex — agent-assisted initial review,2026-09-20T09:08:32.301672+00:00
2024:4101720231804744177,p0011,g_1fcc3d5915ab097200849a1c,e0f446bcbbedc89ba6d5918dc49bc64e64581469d82a20c9b106e262a27b0525,d_132b57959510db404fa3ebaa,Codex — agent-assisted initial review,2026-09-20T09:08:32.301672+00:00
2024:4101720231804746456,p0011,g_490e014e33de61b982092169,eb869df862dfd622546368015fbfc505e6f9bb3b0e34522e2226393b1c2130c8,d_1af466286cc180044b4bfac6,Codex — agent-assisted initial review,2026-09-20T09:08:32.301672+00:00
2024:4101720231804799975,p0011,g_a34d9497739a5e9310a28d1d,310702e159619359f773502540f4bc9bfbc2b766b12e82433bb420585ab2a5c1,d_0e4a48ade777dd5463c823e1,Codex — agent-assisted initial review,2026-09-20T09:08:32.301672+00:00
2024:4101720231805169095,p0011,g_07038da5b70b0a37dc1a74f7,bcf245d717c77ec10f2bb4dd6fb46e2845fd58f9c82032f0fcaa42761abc8244,d_b25600b55b34a5b70956d962,Codex — agent-assisted initial review,2026-09-20T09:08:32.301672+00:00
2024:4101720242069946662,p0004,g_533b99cae13b20adfeee2dec,4613baded36e7e6417971ff3562e7620b20ef232b58c60bc92c407c9528ce885,d_0141d6cf2a985b3c36c657e4,Codex — agent-assisted initial review,2026-09-20T09:23:18.404604+00:00
2024:4101720242069948881,p0003,g_911e15420bcf5b9a831ef24a,ac22307c4ef6efbec59e9962fb05aeeaea859480017e888572875a7f64c2a862,d_cca103090572c80fd9cdb4d5,Codex — agent-assisted initial review,2026-09-20T09:23:18.404604+00:00
2024:4101720242069948913,p0011,g_07038da5b70b0a37dc1a74f7,dde3cd1e0b7cb189dc2f07aa1a06c84290bde0fe1b7cff4cda561093212e6a48,d_b25600b55b34a5b70956d962,Codex — agent-assisted initial review,2026-09-20T09:08:32.301672+00:00
2024:4101820231805435468,p0004,g_533b99cae13b20adfeee2dec,7989abb6f276cad84795f56477233e97a9fedd77896807a4f16ab6df0e80e308,d_0141d6cf2a985b3c36c657e4,Codex — agent-assisted initial review,2026-09-20T09:23:18.404604+00:00
2024:4101820231805533027,p0004,g_bd058d69d0304e30bc389d7c,9d4320c8ec9167c094fcb1cb988bd8a138983f134600b603447c884a87038f64,d_0a55b981bcef47f157f2f646,Codex — agent-assisted initial review,2026-09-20T09:23:18.404604+00:00
2024:4101820231805533042,p0004,g_bd058d69d0304e30bc389d7c,51ee9b78534be94ba22a568d954e0b13c40d5d398503095db5f9c8f0f040edcd,d_0a55b981bcef47f157f2f646,Codex — agent-assisted initial review,2026-09-20T09:23:18.404604+00:00
2024:4102020231805994780,p0015,g_a967b740d3d32311c883638e,68195a77030caabc230e22762062733454b7a21d06a97a00a1dea0b86ce74768,d_3c493b9b47d1d7b19d1dc5e2,Codex — agent-assisted initial review,2026-09-20T09:23:18.404604+00:00
2024:4102320231806887401,p0009,g_72d7afda305f9711bb9a8662,29622a98f7551579b8a996b8912e751dd13d2a22f7639ddd643a3c546464cb4f,d_13c1635bc6462939912b8338,Codex — agent-assisted initial review,2026-09-20T09:08:32.301672+00:00
2024:4102420242081445018,p0015,g_bf33e97aac0e71c6dc666829,34820d731aa59b7d4df14468308d32a1400c5337531f1b955fa5a95606d7b9cf,d_95be31f54c6d244bc43396d4,Codex — agent-assisted initial review,2026-09-20T09:23:18.404604+00:00
2024:4102520231807255787,p0009,g_203fb62020f454a6fbc89c2e,05bcce4266da75123ec5d8d7a7cd5011a9147edbb447587291d85cef560f9ff9,d_bcd08db3c0c50436e47997cb,Codex — agent-assisted initial review,2026-09-20T09:08:32.301672+00:00
2024:4102520231807269611,p0004,g_560c7a9bdd1b26699a53bfd2,d7bfa221da790393c4b7a42c88e841e7885217f75d1a9d58a7f687344c7d4368,d_3cf8763bc9fd1f6c80001d09,Codex — agent-assisted initial review,2026-09-20T09:23:18.404604+00:00
2024:4102520231807269613,p0004,g_560c7a9bdd1b26699a53bfd2,e0603fc52ff4152c97df314f5ba3d515fa2462ef57154ec5f83f38aaeee0ece2,d_3cf8763bc9fd1f6c80001d09,Codex — agent-assisted initial review,2026-09-20T09:23:18.404604+00:00
2024:4102520242081517057,p0014,g_cae5953ca9eab838bb7890f3,fdeb5444542f2f8879cff54d619baeb1420690f35ae5268d8e9a0350783cbb71,d_2be6dfdf9f2d9982bac05140,Codex — agent-assisted initial review,2026-09-20T09:08:32.301672+00:00
2024:4102520242081517058,p0014,g_cae5953ca9eab838bb7890f3,b714562a3f001b968b5228879310283ca504074db6c4be575a1b02d0baff310e,d_2be6dfdf9f2d9982bac05140,Codex — agent-assisted initial review,2026-09-20T09:08:32.301672+00:00
2024:4102520242081517059,p0014,g_cae5953ca9eab838bb7890f3,cdce7b6eb4e56cf3821a9d8b52451650b1cf3efc7ba4e895ad5c6f5152280d39,d_2be6dfdf9f2d9982bac05140,Codex — agent-assisted initial review,2026-09-20T09:08:32.301672+00:00
2024:4102520242081517060,p0014,g_cae5953ca9eab838bb7890f3,ecd11e27ad7a79233518786c0e4bd77c689cfe1e1f449e9f209f9d011305790b,d_2be6dfdf9f2d9982bac05140,Codex — agent-assisted initial review,2026-09-20T09:08:32.301672+00:00
2024:4102520242081517062,p0014,g_cae5953ca9eab838bb7890f3,cb367552f98370a71be5290a862d3b646adcdac62b58412b1e06fd435f051979,d_2be6dfdf9f2d9982bac05140,Codex — agent-assisted initial review,2026-09-20T09:08:32.301672+00:00
2024:4102520242081517063,p0014,g_cae5953ca9eab838bb7890f3,28b03031776ee97b0f3738e66158e88426dd3f9509ab42ce93577477ab6c6a72,d_2be6dfdf9f2d9982bac05140,Codex — agent-assisted initial review,2026-09-20T09:08:32.301672+00:00
2024:4102520242081522474,p0002,g_cbd74e2c467b54220e69493e,9668494e1a119130b6cca3ff3576ba198a529c5011f5f64f4e49e273b93ef034,d_83b4ef3015322214d2ee69d8,Codex — agent-assisted initial review,2026-09-20T09:23:18.404604+00:00
2024:4102520242081522476,p0003,g_7e617f2e9c5fa3f4b2ca6ff7,9f805eb587dbc11a251bc548cf5b6c225f887bb684deafff21a294a9ad4e3b99,d_538edc632adae9832052c4be,Codex — agent-assisted initial review,2026-09-20T09:23:18.404604+00:00
2024:4102520242081888456,p0002,g_a5de5f132303b068d230eb5a,d6477e9d7bfb3aff35e1257888920427c9e431cf45d99fa962c8393f9064efe0,d_ea2e8ee6c20424b8caab8f4a,Codex — agent-assisted initial review,2026-09-20T09:23:18.404604+00:00
2024:4102520242081978706,p0003,g_9999c3bd04e3f92f6faf7af0,03ce2089be2d98049dd65242002cd8a570c662417fd8e515d682f6c8c8d4014d,d_d95515b449ae9859d69c2332,Codex — agent-assisted initial review,2026-09-20T09:23:18.404604+00:00
2024:4102820242091099489,p0007,g_c092f2d3d672589727d05bf2,5a04c95cf00f3fc9c27c304e928251283f915162912357c1bf494bad4c2f0d16,d_c5ded8747650ebb21d48fef0,Codex — agent-assisted initial review,2026-09-20T09:23:18.404604+00:00
2024:4102820242095927809,p0009,g_e0c10c9c4257c4e5a9856421,6bdb9ab6e834080972cf010ce1a0a7789ca199d2694f37b6cbdbbbe7c946ed55,d_0831b4ff5051eeaf3cebb82a,Codex — agent-assisted initial review,2026-09-20T09:08:32.301672+00:00
2024:4102920241011128313,p0015,g_59d1835ef28498d23a6117da,f066f599f50407aa1b9c56944dd2ce87c4d8330abfa32dceabce897e2e16d6c5,d_19ee43a1b826cb9e403d0e77,Codex — agent-assisted initial review,2026-09-20T09:23:18.404604+00:00
2024:4103020231807661633,p0014,g_0d883147acd3db873f5b96b0,a7b4d43ba34f7d03c039e8c182a1349bd58780c43301780c022b641156eae221,d_255d09c52a64029cf9d5f098,Codex — agent-assisted initial review,2026-09-20T09:08:32.301672+00:00
2024:4103020231807720285,p0014,g_0d883147acd3db873f5b96b0,d91a0f60f244de6221c99f93ea15b44d9872e7fb8e534e5d8fc391110a71ee1c,d_255d09c52a64029cf9d5f098,Codex — agent-assisted initial review,2026-09-20T09:08:32.301672+00:00
2024:4103020241011368050,p0012,g_0ee1019c54698f5a8b4eac09,7a93685fd597ab7a03a2df5ec1116bc5b837fb37211c379ef7e23a0826da07e3,d_34438382b9a36922c4425b14,Codex — agent-assisted initial review,2026-09-20T09:23:18.404604+00:00
2024:4103020241011470628,p0012,g_0ee1019c54698f5a8b4eac09,d0319ebd3f33b22cfdf9428c813464b92e2ab3cad6d208608ec8ca4e51c8020f,d_34438382b9a36922c4425b14,Codex — agent-assisted initial review,2026-09-20T09:23:18.404604+00:00
2024:4103020241011470629,p0012,g_0ee1019c54698f5a8b4eac09,75884f898be25885236740e9782dbd3af77e061d3676d561e222551b881219e2,d_34438382b9a36922c4425b14,Codex — agent-assisted initial review,2026-09-20T09:23:18.404604+00:00
2024:4103020241011595849,p0015,g_59d1835ef28498d23a6117da,eb7218519d0b8e341dd41dae9a4352a0c64632725bc8c562110aaaf6eff6877f,d_19ee43a1b826cb9e403d0e77,Codex — agent-assisted initial review,2026-09-20T09:23:18.404604+00:00
2024:4103020241011597926,p0002,g_eb71c960ed9c096872ea2a02,9f3be19f0e3c8485c03856409c61bef57a9b2871a8560517c840761448d9f3a8,d_44214709bf79863cf31c5ae5,Codex — agent-assisted initial review,2026-09-20T09:23:18.404604+00:00
2024:4103020241011597927,p0003,g_b83fb2fd2f1045bd5996d8bc,713f1d14101d7973b826041b50d5c84befb54baf0081d9b175417db2a1360a91,d_ff259d236e4bb277f6067bf9,Codex — agent-assisted initial review,2026-09-20T09:23:18.404604+00:00
2024:4103020241011629759,p0012,g_bb0a5b04183f5ddba2091b6b,7931190f5ed2f24603275ce838fc3457f944b1f26b16325fd00e755919431540,d_ac9988422b29afdca36be106,Codex — agent-assisted initial review,2026-09-20T09:23:18.404604+00:00
2024:4103020241011656583,p0004,g_533b99cae13b20adfeee2dec,a7c9be2c6c3a5a80c6d6a0b48a497845ea26cd997764ddae31b8fcb2b814034f,d_0141d6cf2a985b3c36c657e4,Codex — agent-assisted initial review,2026-09-20T09:23:18.404604+00:00
2024:4103020241013627912,p0011,g_ddc77f41d8d05856f1e05a46,84dc1ef5ca20f5734819fa18db856543228090569879472b48760bb985c0daf7,d_e4f16ff904360f8d9dbee049,Codex — agent-assisted initial review,2026-09-20T09:08:32.301672+00:00
2024:4103020241013627954,p0003,g_15117e531500dacca9ff38c5,e8d85bf660083cb2cc201e52339399b2c843bbc2ccfeec8679be4e28f7563895,d_3009f9cda580a5b2055b4c74,Codex — agent-assisted initial review,2026-09-20T09:23:18.404604+00:00
2024:4103120231807823895,p0015,g_2ca698fdc6f4de6092a11b68,0e5b323cf213211005177556ae375c85b80f022aaf7de52b4181fd20f7db747f,d_ffe28f6abb7628325676e066,Codex — agent-assisted initial review,2026-09-20T09:23:18.404604+00:00
2024:4103120231807826078,p0010,g_194f8f6f900f270c9cb19b7a,7505eebfe9729d13c866bd3fb279562c0ed61c19327dd25f05509faf6f4032f6,d_f5e171c65160184cd19c576c,Codex — agent-assisted initial review,2026-09-20T09:08:32.301672+00:00
2024:4103120231807826079,p0010,g_194f8f6f900f270c9cb19b7a,e8f81bb9be365981f904d09adefb6b2fb788ba4247f4c6a1a852cbb0fad38fd2,d_f5e171c65160184cd19c576c,Codex — agent-assisted initial review,2026-09-20T09:08:32.301672+00:00
2024:4103120241015220941,p0012,g_66a98ff28415b7389db6105c,aef245dac20a30fb5f364e25dc5d741e1f7589e994f4dd8332d89f02f9b35c69,d_7a176a4d58423b39f7f41afe,Codex — agent-assisted initial review,2026-09-20T09:23:18.404604+00:00
2024:4103120241015284410,p0012,g_66a98ff28415b7389db6105c,496acb0bd19cd974279fe59a99dea607bd9c41a405b3deb2a6f3aba7b454ee87,d_7a176a4d58423b39f7f41afe,Codex — agent-assisted initial review,2026-09-20T09:23:18.404604+00:00
2024:4103120241016273671,p0007,g_b62e760d0ba14fcdc73f4b60,159e453806a2e71c80f70253fc8c20c3b996815942acdc3969470530c90940e4,d_c0b63b1610243644bc15ec03,Codex — agent-assisted initial review,2026-09-20T09:23:18.404604+00:00
2024:4103120241025240857,p0003,g_21c79bddbbcdbaa913b2b68b,848624fd704d901e4f2442a615aa184c6a47a688f55bfcd2d52667ece1a64b58,d_6a67f8c6434c91ed0ef28516,Codex — agent-assisted initial review,2026-09-20T09:23:18.404604+00:00
2024:4103120241025240858,p0003,g_21c79bddbbcdbaa913b2b68b,9f737e8da3dd92334f33e492a57bd03d2d0ea37de90fc9c351932c4d2cbd03a3,d_6a67f8c6434c91ed0ef28516,Codex — agent-assisted initial review,2026-09-20T09:23:18.404604+00:00
2024:4103120241025240859,p0003,g_21c79bddbbcdbaa913b2b68b,0a8b0b5b103d587f66dfec3f9fd12a379ddd155ad72dc97f004dd85da6237eb5,d_6a67f8c6434c91ed0ef28516,Codex — agent-assisted initial review,2026-09-20T09:23:18.404604+00:00
2024:4103120241025240860,p0003,g_21c79bddbbcdbaa913b2b68b,122b63a87517e6d24a7c88a6b6d2f01da0d5fce79546234873d2cc806e24c9fa,d_6a67f8c6434c91ed0ef28516,Codex — agent-assisted initial review,2026-09-20T09:23:18.404604+00:00
2024:4103120241025240861,p0003,g_21c79bddbbcdbaa913b2b68b,c236130227a7a4723c7793cb7b9334f98b10faa5296f66cdd05163b63a184886,d_6a67f8c6434c91ed0ef28516,Codex — agent-assisted initial review,2026-09-20T09:23:18.404604+00:00
2024:4103120241025240862,p0003,g_21c79bddbbcdbaa913b2b68b,48a36a686eb2908af7c64238345c1538ea5431ca14fad77dfb87e568521479e7,d_6a67f8c6434c91ed0ef28516,Codex — agent-assisted initial review,2026-09-20T09:23:18.404604+00:00
2024:4103120241025240863,p0003,g_21c79bddbbcdbaa913b2b68b,68a4d5d9d6b04d86288e6235ab0397d02cbc00645d0df5b4af2123ba4f7b43ab,d_6a67f8c6434c91ed0ef28516,Codex — agent-assisted initial review,2026-09-20T09:23:18.404604+00:00
2024:4103120241025240864,p0003,g_21c79bddbbcdbaa913b2b68b,907046bf5d5790242688f8692ea60b7e319b555e0bc1f3efec71a2b625c96972,d_6a67f8c6434c91ed0ef28516,Codex — agent-assisted initial review,2026-09-20T09:23:18.404604+00:00
2024:4103120241025240866,p0003,g_21c79bddbbcdbaa913b2b68b,894b5373d94bc96a4ae4172f442ecfc40a54780f74ed9c3ef9bf20041e28b9e6,d_6a67f8c6434c91ed0ef28516,Codex — agent-assisted initial review,2026-09-20T09:23:18.404604+00:00
2024:4103120241025240867,p0003,g_21c79bddbbcdbaa913b2b68b,6aee9a87fce638b349e13b6218c2666f53474e10e05bcdcf99f32d23016ebcca,d_6a67f8c6434c91ed0ef28516,Codex — agent-assisted initial review,2026-09-20T09:23:18.404604+00:00
2024:4103120241025240868,p0003,g_21c79bddbbcdbaa913b2b68b,4ef24a29e54359de9ea140545d0215bd93e66c205680ce931ff8d56762fc89a5,d_6a67f8c6434c91ed0ef28516,Codex — agent-assisted initial review,2026-09-20T09:23:18.404604+00:00
2024:4103120241025240869,p0003,g_21c79bddbbcdbaa913b2b68b,c63401d0c74c41e944c4d80b849ea4e94a7be154da1b693c630fba5dab697732,d_6a67f8c6434c91ed0ef28516,Codex — agent-assisted initial review,2026-09-20T09:23:18.404604+00:00
2024:4103120241025240871,p0003,g_21c79bddbbcdbaa913b2b68b,4e82ffdd2b7afa0a79d6ed0f78cecf5111a93ff1c3cfa9ef17c41b98b8f50146,d_6a67f8c6434c91ed0ef28516,Codex — agent-assisted initial review,2026-09-20T09:23:18.404604+00:00
2024:4103120241025240872,p0003,g_21c79bddbbcdbaa913b2b68b,f5a8c5f3ddca81f6c1decc60a377ad6e804c72506264b1bad4e5ccf669240f79,d_6a67f8c6434c91ed0ef28516,Codex — agent-assisted initial review,2026-09-20T09:23:18.404604+00:00
2024:4103120241025240873,p0003,g_21c79bddbbcdbaa913b2b68b,4d326d1c54be3a5ca3f147d2a6c3a541068ff408d4fa8bc1406b3f8bd23f8dff,d_6a67f8c6434c91ed0ef28516,Codex — agent-assisted initial review,2026-09-20T09:23:18.404604+00:00
2024:4103120241025240874,p0003,g_21c79bddbbcdbaa913b2b68b,e5f1e97785422a3356754cef50507eab3aefe6e39a57cb386406cd86ae8e1247,d_6a67f8c6434c91ed0ef28516,Codex — agent-assisted initial review,2026-09-20T09:23:18.404604+00:00
2024:4103120241025240875,p0003,g_21c79bddbbcdbaa913b2b68b,ff2f9b75ff2d133606d175c2b77bb9d3912eac9bf8b1722afbee58a0489b1012,d_6a67f8c6434c91ed0ef28516,Codex — agent-assisted initial review,2026-09-20T09:23:18.404604+00:00
2024:4103120241039201582,p0014,g_be2aa6b787231460bced0a32,b14a25c2fe7ac61d38a369f7830cb87d842d663b4bc21cbe8537f5fb36911e6c,d_d9608d3f190ca424caf0dc22,Codex — agent-assisted initial review,2026-09-20T09:08:32.301672+00:00
2024:4103120241040009567,p0004,g_c097918b110f5005efa1f6d3,2267fe03bbeffc2a1e3b51223b48a4d98df876549d6368f4d0ad7e7f563e5b51,d_fdab57ed7e06fffbe6dad802,Codex — agent-assisted initial review,2026-09-20T09:23:18.404604+00:00
2024:4110120231807878560,p0004,g_d10a915dce75881a3685f11e,ee230d62b30e930d2140750b1c06de15b6cc1eb57a4eefca285446cb62a99f52,d_5b0ed565f37b0f932cdabb6a,Codex — agent-assisted initial review,2026-09-20T09:23:18.404604+00:00
2024:4110120231807878903,p0012,g_66a98ff28415b7389db6105c,ee5e2b8db8ac1111e97c1ebaa7564890759b94822bf7b103b54989da066ec695,d_7a176a4d58423b39f7f41afe,Codex — agent-assisted initial review,2026-09-20T09:23:18.404604+00:00
2024:4110120231807969027,p0004,g_533b99cae13b20adfeee2dec,b1337815dbfdd7d3fd08e8f1600bfa1a4d723d88b985d7c4a7454a8e31e5e93b,d_0141d6cf2a985b3c36c657e4,Codex — agent-assisted initial review,2026-09-20T09:23:18.404604+00:00
2024:4110120231807969035,p0004,g_533b99cae13b20adfeee2dec,fae48b7f43203b630287e766cde9ffbd6cadca89dcc056440ea742790b18df13,d_0141d6cf2a985b3c36c657e4,Codex — agent-assisted initial review,2026-09-20T09:23:18.404604+00:00
2024:4110120231809108097,p0015,g_ed909e9c1a18613e862a4d0d,df69b96b70220055d99c6c5f1d762c1f5ea1e5873c307d403996368db1c1a647,d_0a6143bf7a185a78aeb5e948,Codex — agent-assisted initial review,2026-09-20T09:23:18.404604+00:00
2024:4110120241041805550,p0013,g_f4a9542f332db2c237ca506f,915e418e421bd825d5ad18240ef6f4c264ae6f1e9b433c841e4f196c359291b1,d_ced415a3b2e108ce8f9426ab,Codex — agent-assisted initial review,2026-09-20T09:23:18.404604+00:00
2024:4110120241041805587,p0013,g_f4a9542f332db2c237ca506f,19307e5c6abe5c68245cfd55ec1a0dc575fb78946c285de12ecba0515c29ff18,d_ced415a3b2e108ce8f9426ab,Codex — agent-assisted initial review,2026-09-20T09:23:18.404604+00:00
2024:4110120241041806104,p0009,g_e0c10c9c4257c4e5a9856421,e2e3390b8465e0b261bb6fe531ed0b4f0115b73c64d68d506b0e7c222761e9ab,d_0831b4ff5051eeaf3cebb82a,Codex — agent-assisted initial review,2026-09-20T09:08:32.301672+00:00
2024:4110120241041816158,p0014,g_be2aa6b787231460bced0a32,70135d01b3c1a373f3e8155a749d62bdbbbe95be9527496eb2b958ac7f69b7bc,d_d9608d3f190ca424caf0dc22,Codex — agent-assisted initial review,2026-09-20T09:08:32.301672+00:00
2024:4110120241042168374,p0003,g_7e617f2e9c5fa3f4b2ca6ff7,d91aaa1f417cf945c9c82a6f497dec2b9dbcfe245499b56f26fcbaf0e1a501f8,d_538edc632adae9832052c4be,Codex — agent-assisted initial review,2026-09-20T09:23:18.404604+00:00
2024:4110120241043864878,p0009,g_e0c10c9c4257c4e5a9856421,ea47dd5ffeb0cc6a8bc022e15feeadf2a4eadc3fe6621b6160e710c7b7daf5ef,d_0831b4ff5051eeaf3cebb82a,Codex — agent-assisted initial review,2026-09-20T09:08:32.301672+00:00
2024:4110120241044022680,p0009,g_e0c10c9c4257c4e5a9856421,b77d9d846172b2b5573d057e9a78022cbea804c5f414c17f40257cc40c1abbfb,d_0831b4ff5051eeaf3cebb82a,Codex — agent-assisted initial review,2026-09-20T09:08:32.301672+00:00
2024:4110120241044027734,p0009,g_e0c10c9c4257c4e5a9856421,8936eb8a11c3bd256d722cc907a47da68debfa7537420942f34d72355a56d063,d_0831b4ff5051eeaf3cebb82a,Codex — agent-assisted initial review,2026-09-20T09:08:32.301672+00:00
2024:4110120241044378741,p0011,g_07038da5b70b0a37dc1a74f7,ae7f6f0b44cfb27858f428ceaef7268a46a882cbf7aaadd7c52652cce7790e22,d_b25600b55b34a5b70956d962,Codex — agent-assisted initial review,2026-09-20T09:08:32.301672+00:00
2024:4110120241044523083,p0009,g_e0c10c9c4257c4e5a9856421,d2124048cccbd59dd2638a13a8698f71b636e2b96d6934da7dbe9a581b963cfa,d_0831b4ff5051eeaf3cebb82a,Codex — agent-assisted initial review,2026-09-20T09:08:32.301672+00:00
2024:4110120241044915619,p0009,g_e0c10c9c4257c4e5a9856421,743ed3bdfff28d3334bfa97127b6bb3f780d0a4a2d2c761200721e5422a3ab02,d_0831b4ff5051eeaf3cebb82a,Codex — agent-assisted initial review,2026-09-20T09:08:32.301672+00:00
2024:4110120241045104303,p0009,g_e0c10c9c4257c4e5a9856421,a83d7f8798cc8d464708dc40a414eabd4a800abef938f152a84f424c013c2df1,d_0831b4ff5051eeaf3cebb82a,Codex — agent-assisted initial review,2026-09-20T09:08:32.301672+00:00
2024:4110120241045115077,p0009,g_e0c10c9c4257c4e5a9856421,36c11748e249581c6d1cabd3fc6d6484c26c997c53c77b2ae1dab0de4292b977,d_0831b4ff5051eeaf3cebb82a,Codex — agent-assisted initial review,2026-09-20T09:08:32.301672+00:00
2024:4110120241046591971,p0002,g_e6795e9c447d833282f14b27,c008a8177d6d6841cdfaca9287ba7d8b2ad537ba2b7f200fccf43946353b806c,d_eb5a11964affbdaac97dc113,Codex — agent-assisted initial review,2026-09-20T09:23:18.404604+00:00
2024:4110120241046591972,p0002,g_e6795e9c447d833282f14b27,f024bd917bce090eaa323a78bcafc2923cd8090bafdb07175a6bb4fc1536e1ac,d_eb5a11964affbdaac97dc113,Codex — agent-assisted initial review,2026-09-20T09:23:18.404604+00:00
2024:4110120241046594610,p0003,g_eca755cafd5dc12d0720771d,ae51d8bb6d2bd029633599716109883b840d0cf72cc8eca1bb2e6fcf182d0ab8,d_51b241d4df1d2511ba8670b1,Codex — agent-assisted initial review,2026-09-20T09:23:18.404604+00:00
2024:4110120241046594612,p0003,g_eca755cafd5dc12d0720771d,bd19a6fbe78de88f407eefd19f7c6d6f6321578453546a025e14e93d00d966ad,d_51b241d4df1d2511ba8670b1,Codex — agent-assisted initial review,2026-09-20T09:23:18.404604+00:00
2024:4110220231809190635,p0009,g_4d35b9410f777a1caeedde65,8d25a04e5bbee15cbd9013a0494489bf63e8f25bb70a31678f05ed4c82b73e84,d_cf4fd28b296321cd0035adb3,Codex — agent-assisted initial review,2026-09-20T09:08:32.301672+00:00
2024:4110220231809225524,p0004,g_560c7a9bdd1b26699a53bfd2,1171babbb1d5c0084ecc18579cdf1e330bc1d200f45dc73c55a57aa024122d0c,d_3cf8763bc9fd1f6c80001d09,Codex — agent-assisted initial review,2026-09-20T09:23:18.404604+00:00
2024:4110220231809225526,p0004,g_560c7a9bdd1b26699a53bfd2,a64e8e3c39ebaf4530f8469f7ae0f822987f317be6111335fc9e2c699f10b202,d_3cf8763bc9fd1f6c80001d09,Codex — agent-assisted initial review,2026-09-20T09:23:18.404604+00:00
2024:4110220231809250399,p0008,g_ecba10ac64ab8c11c7378d97,6b47a3c1ede61766922660575087705ffed00c0bb33174506b0a9053d162ba64,d_052af63d911a5896fd980c7c,Codex — agent-assisted initial review,2026-09-20T09:08:32.301672+00:00
2024:4110420241050485859,p0014,g_a3749f8abe928abdaf08d2a4,55c02384d8b5d9ea0fecdc9ad761cc87b5984744061bef0dbf2a003dd4462144,d_e112fbf655c920a10e2cf107,Codex — agent-assisted initial review,2026-09-20T09:08:32.301672+00:00
2024:4110420241050494757,p0002,g_ef9fedd210fa63d8387ad8b9,5a5210052db7bf22e820860920d9624e2e6e99d3944789b4595648ea5588ecca,d_0cd7400b47274776d0418576,Codex — agent-assisted initial review,2026-09-20T09:23:18.404604+00:00
2024:4110420241050494763,p0003,g_7e617f2e9c5fa3f4b2ca6ff7,35f1389dd2e64c2d3dd2ba8897e1f31aaf63da9ed717e311b9a2678fdce1c3e3,d_538edc632adae9832052c4be,Codex — agent-assisted initial review,2026-09-20T09:23:18.404604+00:00
2024:4110420241050494765,p0003,g_7e617f2e9c5fa3f4b2ca6ff7,51dae38fb7188a1934c43b09c2fde1880f15ae1caf8a9dfa94744aa1cada5ec4,d_538edc632adae9832052c4be,Codex — agent-assisted initial review,2026-09-20T09:23:18.404604+00:00
2024:4110420241050494996,p0011,g_1fcc3d5915ab097200849a1c,3a054ad38c9736cac1884aeb7556ff44090dafe8507fd84b0171c78efa9f84ec,d_132b57959510db404fa3ebaa,Codex — agent-assisted initial review,2026-09-20T09:08:32.301672+00:00
2024:4110420241050528899,p0002,g_7e1230c41f56d2183d4efb4b,b090b3f3dbd00a8d765790f0a297ddf4fa1939db7b525a089b2f810b116b04ce,d_3c140d1e8a936208e97f6047,Codex — agent-assisted initial review,2026-09-20T09:23:18.404604+00:00
2024:4110420241050528900,p0002,g_7e1230c41f56d2183d4efb4b,50500fc436a1d9f86e89660832b08ff9a6109bcd69c1fb5d600d7bb671897d67,d_3c140d1e8a936208e97f6047,Codex — agent-assisted initial review,2026-09-20T09:23:18.404604+00:00
2024:4110420241050529244,p0003,g_9999c3bd04e3f92f6faf7af0,2c2b7435bd2b6943a2b08b048c77112dd67e47e581b8dfbffa5763f77ccc3257,d_d95515b449ae9859d69c2332,Codex — agent-assisted initial review,2026-09-20T09:23:18.404604+00:00
2024:4110420241050529246,p0003,g_9999c3bd04e3f92f6faf7af0,ce0ac662e8826ae0a5b44c9b8b9d4f08379d5785ba6663db6036a69ee4cfd007,d_d95515b449ae9859d69c2332,Codex — agent-assisted initial review,2026-09-20T09:23:18.404604+00:00
2024:4110420241050534112,p0010,g_de442e12e71d81b442bdedb3,4059384041a909e9b0f042eb2c89c653f8e8e8dfdec0227be995520286fef7a3,d_75945e292ecef92bd531ac6c,Codex — agent-assisted initial review,2026-09-20T09:08:32.301672+00:00
2024:4110420241050534427,p0015,g_7e02c7914281d9b520082164,7d28e19458c21aa0799842b1fb3e9f256786a62625216bfcd8eae8b92e6cbb83,d_eb6f786428186f43f5ab3f44,Codex — agent-assisted initial review,2026-09-20T09:23:18.404604+00:00
2024:4110420241050534428,p0015,g_7e02c7914281d9b520082164,14ff041e3d1713df1ea00577392d0e6797f4234d30ca77746a1abf75b0cd202c,d_eb6f786428186f43f5ab3f44,Codex — agent-assisted initial review,2026-09-20T09:23:18.404604+00:00
2024:4110420241050642702,p0003,g_f5f068cd083d452c267eb2e0,e44ea9cbbcbc75c54441e0565cd23e184113d991f484cd69b047ef5b347c2780,d_ceec0b3fd40eddd8ea1df9be,Codex — agent-assisted initial review,2026-09-20T09:23:18.404604+00:00
2024:4110520241050689856,p0002,g_6dc472bf98e1c638edc58ca9,81313408f9031c5b340acae5550aef16a0be678051d569f7fe0544c17ebfb2e7,d_10b54f4b1214b68d7aad355a,Codex — agent-assisted initial review,2026-09-20T09:23:18.404604+00:00
2024:4110520241050693039,p0003,g_7e617f2e9c5fa3f4b2ca6ff7,97e79674e6b2aefa119e78f3e09f629f63f645fde897003dcd921a5f8c2d54ec,d_538edc632adae9832052c4be,Codex — agent-assisted initial review,2026-09-20T09:23:18.404604+00:00
2024:4110520241050694620,p0010,g_d2eea8b11066d25f491b5e2a,11d05b975a2ea078ff28f6c0053ae5fe877d0133bca637e8216acf5f66eab01e,d_c1c825139a2fc2ad2fdf4adc,Codex — agent-assisted initial review,2026-09-20T09:08:32.301672+00:00
2024:4110520241050755542,p0003,g_7e617f2e9c5fa3f4b2ca6ff7,87c464b8f4ed8bd444dad80e43e2664cea60e613150e73438fa0bd9f64d0ef15,d_538edc632adae9832052c4be,Codex — agent-assisted initial review,2026-09-20T09:23:18.404604+00:00
2024:4110520241050756073,p0002,g_11551a2a3d9d2d0fd2e842ab,bd55305441f48b29b2b6bb41ad6510be5b24618c06c55a2e4975bbafd5799400,d_0a9b1500e8482bc829715d6c,Codex — agent-assisted initial review,2026-09-20T09:23:18.404604+00:00
2024:4110520241050757945,p0011,g_51bee8ece10200c451f751c2,47b835b6828b0bcfb6c476c5c8d660b6dad4605506b8b6bf4930e8f5ed04cebb,d_4c32aa888d3fef4515aebd36,Codex — agent-assisted initial review,2026-09-20T09:08:32.301672+00:00
2024:4110520241050760906,p0003,g_c4d9e4fd41eed1f9d8b26490,0a6bc701fc4b52250732187de6d3fdd3ce8645196415a31e80628aad8befdaa0,d_633886638b49bf015510af89,Codex — agent-assisted initial review,2026-09-20T09:23:18.404604+00:00
2024:4110520241050761878,p0002,g_160d9fd8004e1b535b39695a,930770f5b933538b2f4f52f160462666c4edce5d46012930c5a1f5dcf6786e14,d_262410f024a1e1f2b334fb9c,Codex — agent-assisted initial review,2026-09-20T09:23:18.404604+00:00
2024:4110520241050875895,p0011,g_490e014e33de61b982092169,58feff344e1c4c7394472030684419fab4e9cb5103ef2c703245b13228d81d38,d_1af466286cc180044b4bfac6,Codex — agent-assisted initial review,2026-09-20T09:08:32.301672+00:00
2024:4110520241051141799,p0003,g_7e617f2e9c5fa3f4b2ca6ff7,b0638edb9f5b838edef1b8d81cf32ed3a9b52958353a87d10fa28a146826f5fc,d_538edc632adae9832052c4be,Codex — agent-assisted initial review,2026-09-20T09:23:18.404604+00:00
2024:4110620241051295977,p0003,g_7e617f2e9c5fa3f4b2ca6ff7,430d7af8891fec5517a49f608836673cd8d0ee7cde9c13b63407b403e904f42e,d_538edc632adae9832052c4be,Codex — agent-assisted initial review,2026-09-20T09:23:18.404604+00:00
2024:4110620241051297269,p0002,g_8aac48dd3821037480c6b835,97ab8a9fa31c79c802ee6b48944232a10371e8c3410bf764d04461265446f55c,d_7fa489a47f0e9105eac463bb,Codex — agent-assisted initial review,2026-09-20T09:23:18.404604+00:00
2024:4110620241051297511,p0004,g_91fa64da98d48c59bd03ed17,f8f6e20686545ebc69bcea8a08a63cafaf19be3ded0a3eb91a6bbc1ef0f4599c,d_d437193d9f0c0904585c1bdc,Codex — agent-assisted initial review,2026-09-20T09:23:18.404604+00:00
2024:4110620241051325742,p0002,g_8ea87ed1988309da962140a1,b949fd4cda593a235507d05a99042f6563c084d55e3ff481e8718a447c96619c,d_f497961510e2759b5118cd3f,Codex — agent-assisted initial review,2026-09-20T09:23:18.404604+00:00
2024:4110620241051325787,p0003,g_b01e38d4b38748c90c2cf3b2,f7a66bac269ff52ca3622f5c59414b250e963877f1707ab244629d5108cdc7f6,d_65c66b7c7c87016b2eaeec1a,Codex — agent-assisted initial review,2026-09-20T09:23:18.404604+00:00
2024:4110620241051325901,p0003,g_b01e38d4b38748c90c2cf3b2,969905d8b6df8a45fdf6323dd249256807fb88c4d2485d141fa1fb323a2fd138,d_65c66b7c7c87016b2eaeec1a,Codex — agent-assisted initial review,2026-09-20T09:23:18.404604+00:00
2024:4110620241051326017,p0002,g_8ea87ed1988309da962140a1,4f0bb71dad944c4a20651dc6a0b1830c94afb9a1609095d08d18aa1a3cce62e3,d_f497961510e2759b5118cd3f,Codex — agent-assisted initial review,2026-09-20T09:23:18.404604+00:00
2024:4110620241051609410,p0015,g_cad20eea8b788b7a2e0f9040,9a93e3f0e96cbe8bf47a1b3ebbd0d21fa69075fb9ce8e3bd872449e29083c013,d_ce91f235b7e5c177f51bd396,Codex — agent-assisted initial review,2026-09-20T09:23:18.404604+00:00
2024:4110620241051609412,p0015,g_cad20eea8b788b7a2e0f9040,47805b37ad6154ab9a454ca288e2a6dcd5c7202c3e4f0516725dca11618d7152,d_ce91f235b7e5c177f51bd396,Codex — agent-assisted initial review,2026-09-20T09:23:18.404604+00:00
2024:4110620241051610326,p0003,g_cd971e09d290bc70eb9d1f51,37fc52ee778c3e9cfe91bc4cd0073cced8aa6fb6f08d1040621ef1ba40b52b0d,d_ccf1e5f6c99260fa46f8628b,Codex — agent-assisted initial review,2026-09-20T09:23:18.404604+00:00
2024:4110620241051647454,p0004,g_d10a915dce75881a3685f11e,080f337f44e129beaa70284197cb0e94fb7df3459afd53b44ceb3e9f91fede0c,d_5b0ed565f37b0f932cdabb6a,Codex — agent-assisted initial review,2026-09-20T09:23:18.404604+00:00
2024:4110720231809872961,p0012,g_66a98ff28415b7389db6105c,e9cd2f3f896055f49c2332a4a1cade113d2f8952e2e314411a60e864c1a24818,d_7a176a4d58423b39f7f41afe,Codex — agent-assisted initial review,2026-09-20T09:23:18.404604+00:00
2024:4110720231809884107,p0004,g_f2bd347d5b531d09d44fb817,5b5d4ccf8e85055255e98bfa37daee04bb44151bcd9fda5694c058da033d2fcc,d_c07d61da54c4f4e5ff86e278,Codex — agent-assisted initial review,2026-09-20T09:23:18.404604+00:00
2024:4110720231809888973,p0004,g_f2bd347d5b531d09d44fb817,9eb1a62bb673e0f9bc72e8ca33e2670077bfeda24435f6f83c3af87d50fac667,d_c07d61da54c4f4e5ff86e278,Codex — agent-assisted initial review,2026-09-20T09:23:18.404604+00:00
2024:4110720231809906086,p0004,g_533b99cae13b20adfeee2dec,9dbf470ab6d62a614854121c825e04e034e74bb21f5a4d27b6eb9e5c29584257,d_0141d6cf2a985b3c36c657e4,Codex — agent-assisted initial review,2026-09-20T09:23:18.404604+00:00
2024:4110720231809914112,p0012,g_a32f7ac70fb04c31fa8b8a7e,330b4e7d53f22da0d5ba23ea33856d52b2412bd819d02050b6d2bc8f5a38f320,d_776b2ddce8257030c5e50b32,Codex — agent-assisted initial review,2026-09-20T09:23:18.404604+00:00
2024:4110720231809993675,p0012,g_7e03098485aae39c6d9de790,dd25e3c911c04f190815c9e88481f2a63ed85959583f55a9a422f8f46d3ebde5,d_6d97bf318d6e3735ba46a7ea,Codex — agent-assisted initial review,2026-09-20T09:23:18.404604+00:00
2024:4110720241057470117,p0004,g_b0c9daa0610f513e734e410d,dd2cdc293dc838b28efc4edc0bd58d8a758e9a0b1bac3e65f4d3facc3f086393,d_685c106636415f5c7193eed4,Codex — agent-assisted initial review,2026-09-20T09:23:18.404604+00:00
2024:4110720241057470118,p0004,g_b0c9daa0610f513e734e410d,3ddc0a2474cdde85a7db308e2a78623388b546dc947b14738a0b66e2aac4f8a4,d_685c106636415f5c7193eed4,Codex — agent-assisted initial review,2026-09-20T09:23:18.404604+00:00
2024:4110720241057470119,p0004,g_b0c9daa0610f513e734e410d,c8c9c6e492f36ea36f96df568286ee4afe92372638bc11c950cf6c067a4c3b34,d_685c106636415f5c7193eed4,Codex — agent-assisted initial review,2026-09-20T09:23:18.404604+00:00
2024:4110720241057470120,p0004,g_b0c9daa0610f513e734e410d,eec97a0151e228f5da507436fd54935c3f167fe493c5721176e582dbb4d54349,d_685c106636415f5c7193eed4,Codex — agent-assisted initial review,2026-09-20T09:23:18.404604+00:00
2024:4110720241057470121,p0004,g_b0c9daa0610f513e734e410d,291af7553d60ef67e9cc5bd10000796acfe357fbb50f679eae25e2e9163defb8,d_685c106636415f5c7193eed4,Codex — agent-assisted initial review,2026-09-20T09:23:18.404604+00:00
2024:4110720241057470122,p0004,g_b0c9daa0610f513e734e410d,7641f9532e3c095b6c042d2bb7327acf73eac64a1ce5987bd85db4ee0ff87806,d_685c106636415f5c7193eed4,Codex — agent-assisted initial review,2026-09-20T09:23:18.404604+00:00
2024:4110720241066677549,p0015,g_fbe3498cf2c22cafa8714565,e6368573374c730e346803a4c8902cc4b6d79655e4ce5c1be4338df8f3687d7f,d_5d08fa92c3763f1b65df4b0c,Codex — agent-assisted initial review,2026-09-20T09:23:18.404604+00:00
2024:4110820241067722060,p0002,g_ae2b4dfeb2d16158560c3f29,898e3ba57cd2278d1191510c4cfcd0c946b10a1178674c46c850da45d74d12a1,d_76d599ac386b7d0f1ffe1229,Codex — agent-assisted initial review,2026-09-20T09:23:18.404604+00:00
2024:4110820241067723156,p0003,g_7e617f2e9c5fa3f4b2ca6ff7,49ff3954e905864f491310fa79f6e5266550095dbc7aa9861ce3dd84fdd8dd04,d_538edc632adae9832052c4be,Codex — agent-assisted initial review,2026-09-20T09:23:18.404604+00:00
2024:4110820241067818147,p0015,g_7ea32166e2d60b6b222dd057,680bdf9c29d9cca5cd33f9ad459f621e4a910a8a10d01835df4bf98bc26accbd,d_910853b92dcc55ba584c1c4b,Codex — agent-assisted initial review,2026-09-20T09:23:18.404604+00:00
2024:4110820241067823431,p0014,g_a3749f8abe928abdaf08d2a4,d09d92dd73e772632fc813a3302fcd1bcd1d8616615a80e3884d24bca66ec26c,d_e112fbf655c920a10e2cf107,Codex — agent-assisted initial review,2026-09-20T09:08:32.301672+00:00
2024:4110820241067854799,p0010,g_6f2f9bd07b337ff15bc27b34,a74ec579adc35512726ce1fb5e7a2a5ee2c5927790b61765f666022e6f29b387,d_a1811fd6e16a23988c217399,Codex — agent-assisted initial review,2026-09-20T09:08:32.301672+00:00
2024:4111220241068019033,p0009,g_3d1fd68d1b0a4de3b68715a1,814567ccee7ee3d255736b249ade16092cbafb4abe9d141e9987e9e8e5ac13ac,d_f04672894c8d189f46f6fedd,Codex — agent-assisted initial review,2026-09-20T09:08:32.301672+00:00
2024:4111220241068023556,p0009,g_a657bb55bc349d76e284bdc0,3310f7d839841d625043f3987d009647c7575e9fe30c7f38920394d922b62013,d_9bb175d8c66d994d7155f46d,Codex — agent-assisted initial review,2026-09-20T09:08:32.301672+00:00
2024:4111220241068072748,p0003,g_554894c4490b0685aaf85533,e896286aac3842b1f11ba8c9b6e6fba7ac58894ce5a7705bb9d95c3b673392f6,d_b59a595f8ae488e44f0c573c,Codex — agent-assisted initial review,2026-09-20T09:23:18.404604+00:00
2024:4111320231810143324,p0004,g_467761a66cb29624d79317d3,3ff0b1861dcd471f23683d546de15a66325b28fae261a59ce02c5e775f9e7369,d_92e92a833fc7f1e2f7b9dd47,Codex — agent-assisted initial review,2026-09-20T09:23:18.404604+00:00
2024:4111320231810143325,p0004,g_467761a66cb29624d79317d3,9863495744f377ec0dd73488fda46a2e1640aca02c8721281718055131fdbd99,d_92e92a833fc7f1e2f7b9dd47,Codex — agent-assisted initial review,2026-09-20T09:23:18.404604+00:00
2024:4111320241068162060,p0002,g_93c6f7bffa0f4e4e74044068,da44d157fd5b5576172b979fcf8c942c5099010aee04890de27bacd2c1895602,d_42e2f3552ff0c00cd62ba252,Codex — agent-assisted initial review,2026-09-20T09:23:18.404604+00:00
2024:4111320241068162061,p0002,g_93c6f7bffa0f4e4e74044068,a10ef239ffac92c726719b4069cdda0bc0fea7ddb272d81f4867f8d510227aa9,d_42e2f3552ff0c00cd62ba252,Codex — agent-assisted initial review,2026-09-20T09:23:18.404604+00:00
2024:4111320241068162180,p0003,g_b01e38d4b38748c90c2cf3b2,48ffdf3c3fd423fe2b393ad5ea512d22dec212bff363578917b2b0924a46b1ed,d_65c66b7c7c87016b2eaeec1a,Codex — agent-assisted initial review,2026-09-20T09:23:18.404604+00:00
2024:4111320241068162182,p0003,g_b01e38d4b38748c90c2cf3b2,37131c335df65c6bc3e70ddf0fee6829b548a93b2ec9b87670151c34bd090941,d_65c66b7c7c87016b2eaeec1a,Codex — agent-assisted initial review,2026-09-20T09:23:18.404604+00:00
2024:4111320241068239178,p0004,g_1bcd4c9c63a6fdd3918cab86,e1f51bc935c22954a8a430736cc1b5fe914512d9f2cc3330bdfe09cccad7242e,d_6a29c3846b6ce4308880e797,Codex — agent-assisted initial review,2026-09-20T09:23:18.404604+00:00
2024:4111320241068239179,p0004,g_1bcd4c9c63a6fdd3918cab86,02f97745d161c52e556137dc1f138d151bf85cb49284a265f90e542ff8231789,d_6a29c3846b6ce4308880e797,Codex — agent-assisted initial review,2026-09-20T09:23:18.404604+00:00
2024:4111320241068299646,p0003,g_554894c4490b0685aaf85533,4ae8a824b5f81ab0c1aa11dc57ca1f3ac7675669f4963f251de62dc6804ab7b2,d_b59a595f8ae488e44f0c573c,Codex — agent-assisted initial review,2026-09-20T09:23:18.404604+00:00
2024:4111320241068304806,p0012,g_66a98ff28415b7389db6105c,e9bbecaf7f35bdaa2bd9030ccd705ef78e6ae8a389b47a0adf823e46fe3d3177,d_7a176a4d58423b39f7f41afe,Codex — agent-assisted initial review,2026-09-20T09:23:18.404604+00:00
2024:4111320241068342174,p0004,g_82fbf8bb376aef5504cd9602,66419e30c2cf2b1f08824f0acd24c820d4562691cdfc7b1c7fc43076230ec6eb,d_01717856f86057d9416c5aed,Codex — agent-assisted initial review,2026-09-20T09:23:18.404604+00:00
2024:4111320241068364677,p0012,g_66a98ff28415b7389db6105c,87bb59c7de067712eef7707e45930abc78ef9a90059fdd081c9d38bf749f2f3d,d_7a176a4d58423b39f7f41afe,Codex — agent-assisted initial review,2026-09-20T09:23:18.404604+00:00
2024:4111320241068380532,p0015,g_65c72c253ab4ce0816e937e6,ff27830990f7d0fccf0f4967fce7e39773483737718a5f50e5d3795ed52872b1,d_d7dd864b3cf4c1be3fb385ea,Codex — agent-assisted initial review,2026-09-20T09:23:18.404604+00:00
2024:4111420241068467111,p0011,g_07038da5b70b0a37dc1a74f7,4355ae35c68695b1c46f0ae62da354047fb652cb98dd7b0f338200e66660d452,d_b25600b55b34a5b70956d962,Codex — agent-assisted initial review,2026-09-20T09:08:32.301672+00:00
2024:4111420241068473080,p0007,g_05c4ba3751848e1c7708e08f,1fea3f298fa94513d93a644303bd990ff3b25da27301a856884b615e0137fa12,d_5856af217876d834916e154c,Codex — agent-assisted initial review,2026-09-20T09:23:18.404604+00:00
2024:4111420241068473081,p0007,g_05c4ba3751848e1c7708e08f,18248b634fe968bc2ff0824e69acd96201bea127d61b55472854a1f27e6418b6,d_5856af217876d834916e154c,Codex — agent-assisted initial review,2026-09-20T09:23:18.404604+00:00
2024:4111420241068473082,p0007,g_05c4ba3751848e1c7708e08f,95915e6ec877e8500a5bb7ee2952609730c6f361e7b466e79c3fccfbc8a100bb,d_5856af217876d834916e154c,Codex — agent-assisted initial review,2026-09-20T09:23:18.404604+00:00
2024:4111420241068557697,p0009,g_728e39e91213356bf0b757a9,7b37b7cd946a00e401b6b62bb5c5bec9175b22e31981baa655aca7d1e5814f41,d_c7f1339323f4c173cf2c1dee,Codex — agent-assisted initial review,2026-09-20T09:08:32.301672+00:00
2024:4111420241068588328,p0004,g_0f2b30f15b21940b94fce36d,ffa16bc1dbe5d8c7b22091e4d4dc17433324c9b8985b65e144cca8eb785e57b8,d_e0438d454c6e1e2f3571ebaf,Codex — agent-assisted initial review,2026-09-20T09:23:18.404604+00:00
2024:4111420241068691750,p0004,g_9f14cfb8c420d4c53d2813e6,dcc706ef25f5723e15554567d359a94181b8888846e66b8f0cc1d88983c7c571,d_3e545ccc5e7c675b40dba455,Codex — agent-assisted initial review,2026-09-20T09:23:18.404604+00:00
2024:4111420241068713117,p0001,g_99251e01a281ef05b3bb71e7,7f59740ce50763df91c84988416ace0c630d55a381a0a49d7ae90852f1ab4a00,d_5b77e2f7b4d2d6044056b0f6,Codex — agent-assisted initial review,2026-09-20T09:08:32.301672+00:00
2024:4111420241068713118,p0001,g_99251e01a281ef05b3bb71e7,319868b167477c6f84e64c6e7d4e7f54bf4aa859f1ca47e2ba6b2f04417fb385,d_5b77e2f7b4d2d6044056b0f6,Codex — agent-assisted initial review,2026-09-20T09:08:32.301672+00:00
2024:4111420241068713119,p0001,g_99251e01a281ef05b3bb71e7,0ddb48e4b1362f0a8d2e8e75011757e0b798ca1fd725d185a9aa92ac7940fb80,d_5b77e2f7b4d2d6044056b0f6,Codex — agent-assisted initial review,2026-09-20T09:08:32.301672+00:00
2024:4111420241068713120,p0001,g_99251e01a281ef05b3bb71e7,92178ea294a6892e99f61030d422c27db6d278c017a9220b7cb37139ec52fd54,d_5b77e2f7b4d2d6044056b0f6,Codex — agent-assisted initial review,2026-09-20T09:08:32.301672+00:00
2024:4111420241068713121,p0001,g_99251e01a281ef05b3bb71e7,e6c84a22ddd68816f582e1871f29acaccc386d2dcb433e353257ee143eab6e64,d_5b77e2f7b4d2d6044056b0f6,Codex — agent-assisted initial review,2026-09-20T09:08:32.301672+00:00
2024:4111420241068713122,p0001,g_99251e01a281ef05b3bb71e7,ab3f2e477bde9f43ec22e26315d5dbbd74c7e0c6b6986e54fe74754dbdf9746d,d_5b77e2f7b4d2d6044056b0f6,Codex — agent-assisted initial review,2026-09-20T09:08:32.301672+00:00
2024:4111420241068713123,p0001,g_99251e01a281ef05b3bb71e7,196c2103c3c9b291b60412581dc1e8f68107edd692071d61d36d41b3c183d42b,d_5b77e2f7b4d2d6044056b0f6,Codex — agent-assisted initial review,2026-09-20T09:08:32.301672+00:00
2024:4111420241068781500,p0002,g_62fb8c02c7e6a23fd3ee1793,e9f1637aeaa454583e3859c4ba0be66a819ce124d3b3965959cb5f07286b5395,d_802613e95370cdab8a19d2c7,Codex — agent-assisted initial review,2026-09-20T09:23:18.404604+00:00
2024:4111420241068781502,p0003,g_554894c4490b0685aaf85533,710011cbbc5ba39b08d47a45fc3a7bb67f0af6913b995265694af197e665e99d,d_b59a595f8ae488e44f0c573c,Codex — agent-assisted initial review,2026-09-20T09:23:18.404604+00:00
2024:4111420241068790527,p0003,g_7e617f2e9c5fa3f4b2ca6ff7,1d0d0e135e817dec79c42639f8bbf7c66fb5a4dd6a48961ef9992addfd2280ba,d_538edc632adae9832052c4be,Codex — agent-assisted initial review,2026-09-20T09:23:18.404604+00:00
2024:4111420241068853556,p0003,g_617913b6113ba9f2cb4a3d22,cb3a65a55711f92a02b98cc89a3bd1399437b68430250957e9309de5d5382acf,d_55173acc8fc9d0001537c94a,Codex — agent-assisted initial review,2026-09-20T09:23:18.404604+00:00
2024:4111420241068855002,p0003,g_b18273bf405cd6ff79fb34c1,62cb2b3c2de1c81ca3740a5c3fcef52f6078385e86b2767a22b73a621e4bda8d,d_58c9a91ca78ffba11a0090cd,Codex — agent-assisted initial review,2026-09-20T09:23:18.404604+00:00
2024:4111520241068938650,p0012,g_66a98ff28415b7389db6105c,e079fa3dca4fbbd18afc6f9c7c9bcc572db49c130dbe8f922161388457f471db,d_7a176a4d58423b39f7f41afe,Codex — agent-assisted initial review,2026-09-20T09:23:18.404604+00:00
2024:4111520241068939702,p0002,g_62fb8c02c7e6a23fd3ee1793,7764db814cd9372140f61d46e20c84afa582abf92ddf6c29d2b4debcd5f3e1db,d_802613e95370cdab8a19d2c7,Codex — agent-assisted initial review,2026-09-20T09:23:18.404604+00:00
2024:4111520241068939703,p0002,g_62fb8c02c7e6a23fd3ee1793,e5e51810087dcd841a50a203edeeb35198900e018e48387819a8b9dc9f7b28ce,d_802613e95370cdab8a19d2c7,Codex — agent-assisted initial review,2026-09-20T09:23:18.404604+00:00
2024:4111520241068939704,p0002,g_62fb8c02c7e6a23fd3ee1793,6aa93e7f103bae8d2e0f3c7d060ea756a67991fb76b7f3ca9464b489719e2325,d_802613e95370cdab8a19d2c7,Codex — agent-assisted initial review,2026-09-20T09:23:18.404604+00:00
2024:4111520241068939829,p0003,g_554894c4490b0685aaf85533,f1078aa99046b2918490412792f8c7055521230b4eb5e484ea4b19ec02770749,d_b59a595f8ae488e44f0c573c,Codex — agent-assisted initial review,2026-09-20T09:23:18.404604+00:00
2024:4111520241068939830,p0003,g_554894c4490b0685aaf85533,7f0ff9a7166b72b6e2604a962de47715aee4ae044c9b37b6ecb4fa1f656bfa1d,d_b59a595f8ae488e44f0c573c,Codex — agent-assisted initial review,2026-09-20T09:23:18.404604+00:00
2024:4111520241068939831,p0003,g_554894c4490b0685aaf85533,5e6cb1ef1d453f0e37161014174acb3ffa8e981f7ded86cdafbf2124e722572d,d_b59a595f8ae488e44f0c573c,Codex — agent-assisted initial review,2026-09-20T09:23:18.404604+00:00
2024:4111520241068968158,p0002,g_6dc472bf98e1c638edc58ca9,5a3d80d960133c55925c448fab02c037c798bdf0a58db2c46d73d284fa5c6326,d_10b54f4b1214b68d7aad355a,Codex — agent-assisted initial review,2026-09-20T09:23:18.404604+00:00
2024:4111520241068968316,p0003,g_7e617f2e9c5fa3f4b2ca6ff7,c7f69afc7fb25816136eead4dd8f9aa9664a92ec183a4ecbfad6ada69c8c9e66,d_538edc632adae9832052c4be,Codex — agent-assisted initial review,2026-09-20T09:23:18.404604+00:00
2024:4111520241069104410,p0002,g_76fcfb0ac90fc3e9e1518156,6fdc04724bb610fe2c95ebf0722687cef6a0a3889bb3d77b16de843c997211cc,d_960ebe0dbfc5db93cc88ac2b,Codex — agent-assisted initial review,2026-09-20T09:23:18.404604+00:00
2024:4111520241069108902,p0003,g_eca755cafd5dc12d0720771d,80cf509394ef7c4a707eb4f933b73e30013492a3311ab799b2f98b53f5f2df2c,d_51b241d4df1d2511ba8670b1,Codex — agent-assisted initial review,2026-09-20T09:23:18.404604+00:00
2024:4111520241069133849,p0004,g_33d24247f940bf897cd0abc3,305e8a4ea362ad08038ffa5e05de9e704ffab093a567557433c13387d01d4018,d_4587011aafcc6ff8ab3669f3,Codex — agent-assisted initial review,2026-09-20T09:23:18.404604+00:00
2024:4111620241069703909,p0010,g_49fc2f2a3ae9ec3e318ff837,b166bacf36ad4a35c478020c37ca9d7a3fbbf2cd5ca76402a4b1d5926aad8473,d_a72a1f8f7f9cba7ff8c76f6f,Codex — agent-assisted initial review,2026-09-20T09:08:32.301672+00:00
2024:4111620241069703910,p0010,g_49fc2f2a3ae9ec3e318ff837,df4d2734b89d0f5402ad0b1f67f144c7b8f93d7f5d03a36210cd3e61413ced32,d_a72a1f8f7f9cba7ff8c76f6f,Codex — agent-assisted initial review,2026-09-20T09:08:32.301672+00:00
2024:4111620241069703911,p0010,g_49fc2f2a3ae9ec3e318ff837,0ea437bd3552ecf7084a29f71ed1632bf61e5d5fbf535c77cedb321536876ac4,d_a72a1f8f7f9cba7ff8c76f6f,Codex — agent-assisted initial review,2026-09-20T09:08:32.301672+00:00
2024:4111620241069716308,p0009,g_6789e31f13f4aa757bf51b37,4f6c09f80c2b8200d6fd37bb118aa40016f13b91949ecf0151e862b7099583a5,d_b39ad89b7ac753c065c828c0,Codex — agent-assisted initial review,2026-09-20T09:08:32.301672+00:00
2024:4111720231810818727,p0017,g_8f29401622a918e4164b34b6,daee0bdaa15cdafdb61f73cbdcef281627e23b1e44256b67c489961f1ca099df,d_b01dfe8d568a477e703de45d,Codex — agent-assisted initial review,2026-09-20T09:23:18.404604+00:00
2024:4111820241069964212,p0012,g_6042bfd49363f2561771f321,40f6302b7392bf6fab7d89d947bea2a8ab7ace21d7c11d2838431c17242d6002,d_0eda7d40fb23c4eac95e936b,Codex — agent-assisted initial review,2026-09-20T09:23:18.404604+00:00
2024:4111820241070162697,p0012,g_e9843f0d44bd4690e5c730d2,d4a024ac397d959530d478cc126d99efe3e2bae2a9c146e7862a5cc6b5727d2a,d_0e22d9242182e3c3fef0f862,Codex — agent-assisted initial review,2026-09-20T09:23:18.404604+00:00
2024:4111820241070162699,p0012,g_e9843f0d44bd4690e5c730d2,8a0ab7a1dc17ee0bb1e9e22b5f37cde4139b5df51781d592c1f4e053ab817807,d_0e22d9242182e3c3fef0f862,Codex — agent-assisted initial review,2026-09-20T09:23:18.404604+00:00
2024:4111820241070213666,p0012,g_66a98ff28415b7389db6105c,3d85e7597aca829652d3ecd6048e0f79a515d68ca6381ba03e518a80a52e2e0a,d_7a176a4d58423b39f7f41afe,Codex — agent-assisted initial review,2026-09-20T09:23:18.404604+00:00
2024:4111820241070225533,p0012,g_66a98ff28415b7389db6105c,19f8e8ef002ae6300c3d051e80bdb78f67d0ffea902df04d8108dbbd5c563128,d_7a176a4d58423b39f7f41afe,Codex — agent-assisted initial review,2026-09-20T09:23:18.404604+00:00
2024:4111920241070342671,p0003,g_7e617f2e9c5fa3f4b2ca6ff7,6a31ba1e6297ea88d7640279bc5a9560e2778282e43b65a5e3738753accdafb8,d_538edc632adae9832052c4be,Codex — agent-assisted initial review,2026-09-20T09:23:18.404604+00:00
2024:4111920241070528263,p0003,g_7e617f2e9c5fa3f4b2ca6ff7,ec7284c0cc39910f13e010f6fd293e8e1fcb71cd2356a3f4efead6bd7a705805,d_538edc632adae9832052c4be,Codex — agent-assisted initial review,2026-09-20T09:23:18.404604+00:00
2024:4111920241070528346,p0012,g_66a98ff28415b7389db6105c,ef4b18f488f8c218c6640bf17754aa67cc0119992270b44d09d34a64a26231b7,d_7a176a4d58423b39f7f41afe,Codex — agent-assisted initial review,2026-09-20T09:23:18.404604+00:00
2024:4111920241070557259,p0004,g_4a2b8dfb6e8013ee43357cf4,8b7bf4be6092e34f401256fcefa9ecf9ec6a1751c40a832a2b7bf33dbf1b9400,d_0c3ab660448d31ed1f237f19,Codex — agent-assisted initial review,2026-09-20T09:23:18.404604+00:00
2024:4111920241070557260,p0004,g_4a2b8dfb6e8013ee43357cf4,3f9f86b9caccd88940a8edbaf78c80ce766d95210726321a56f597c9f8d3f171,d_0c3ab660448d31ed1f237f19,Codex — agent-assisted initial review,2026-09-20T09:23:18.404604+00:00
2024:4111920241070898338,p0003,g_4acd7819467ccbbb12dc40ea,b31e52e0b2c04fc36ed4dbd38569119cd1e39f594c2f632628575a327dc77dd7,d_182e234b2e6a49618e47dbc0,Codex — agent-assisted initial review,2026-09-20T09:23:18.404604+00:00
2024:4111920241070933414,p0002,g_aafb28b2b122a462de036adb,3ee95c94d6635c8887e774ef372b5b24c4397ca3913375981e1ed439eb771240,d_4c39f5d37966e82d1a687ada,Codex — agent-assisted initial review,2026-09-20T09:23:18.404604+00:00
2024:4111920241070933416,p0003,g_80c4e2fbb14298f88b72d1bc,e8a2fa185473094e93d067041620cb3b6424326235d9fed4b3f36d209022aaae,d_c27ea8c569326b5982d1d6e5,Codex — agent-assisted initial review,2026-09-20T09:23:18.404604+00:00
2024:4111920241070935691,p0002,g_ae2b4dfeb2d16158560c3f29,d875c5079d95f5d24aa7991bce265cda28545164444c3f6cca42d5749773ff29,d_76d599ac386b7d0f1ffe1229,Codex — agent-assisted initial review,2026-09-20T09:23:18.404604+00:00
2024:4111920241070935694,p0003,g_6e884ac5867888c35a9f5052,332a96ed48cf9b604dc4a858024a99af6b0349639695ea0c348bb254212cb7c9,d_f06986146e95f0b2828f7227,Codex — agent-assisted initial review,2026-09-20T09:23:18.404604+00:00
2024:4111920241070953522,p0002,g_77d91218f449eba98c3f070a,fefe10a91015567e3a7b6412853ee47f8d0c05879f71aef6556503f533441d0b,d_5d356c253531285be5148c18,Codex — agent-assisted initial review,2026-09-20T09:23:18.404604+00:00
2024:4111920241070953526,p0003,g_09e69129e7390b88f4087ac1,780e1fd2e7a61e7422320bd710653585f64e698c0c7600bb8b4be1362ec906cf,d_7b21eb7282e2a39a4e8f3879,Codex — agent-assisted initial review,2026-09-20T09:23:18.404604+00:00
2024:4111920241070996151,p0012,g_66a98ff28415b7389db6105c,ba4a7c6210fd5a7aa0094ab872a5316d98f500fc4d782cbbba6bf2f615879d19,d_7a176a4d58423b39f7f41afe,Codex — agent-assisted initial review,2026-09-20T09:23:18.404604+00:00
2024:4111920241071147464,p0012,g_66a98ff28415b7389db6105c,73163843c2ae3030f79fb2443fff74f347614f622549995378147556ab867efb,d_7a176a4d58423b39f7f41afe,Codex — agent-assisted initial review,2026-09-20T09:23:18.404604+00:00
2024:4112020241071250228,p0015,g_18ab0eb1876c857ad78a17a9,bc6f499f1034a2dd326a08c5eafce88271d16b8898f5c4235f1bab109b0b761d,d_9c3f804a3f914cdf6cf195c2,Codex — agent-assisted initial review,2026-09-20T09:23:18.404604+00:00
2024:4112020241071250358,p0015,g_18ab0eb1876c857ad78a17a9,86b5ec8fce97eee3b9eb323d176723d138792f79dfb1ddcc32e1831d4e776944,d_9c3f804a3f914cdf6cf195c2,Codex — agent-assisted initial review,2026-09-20T09:23:18.404604+00:00
2024:4112020241071302544,p0002,g_bb9be5d41e5af7f29473fad2,44268075db068ba01211126b1c20ab18d69f5ff10d6800e88bcfe67e1accb720,d_9ce1e619d188deed73f96e7c,Codex — agent-assisted initial review,2026-09-20T09:23:18.404604+00:00
2024:4112020241071302621,p0003,g_7a92ef3e17865cdd83af83c6,80423bb1225499b2a453c1fa67bb47d34cd2c80690a342562b0e20b5dd382318,d_f4db9520d0ee957beda83fa3,Codex — agent-assisted initial review,2026-09-20T09:23:18.404604+00:00
2024:4112020241071475199,p0002,g_fadbe100614930f665c9b7fd,2a72cad00e90fc0f96c7a6918a7e9345df17ea14d26a67e0717521108eb88cb2,d_cb5d9e3db8fd15932ea35351,Codex — agent-assisted initial review,2026-09-20T09:23:18.404604+00:00
2024:4112020241071475254,p0003,g_554894c4490b0685aaf85533,dc261d3eda2077814ab45d659e91388faaf6fc3eb0c8c2c1bb7892159a3a09f8,d_b59a595f8ae488e44f0c573c,Codex — agent-assisted initial review,2026-09-20T09:23:18.404604+00:00
2024:4112020241071476478,p0004,g_286551189993f6250bd34f8a,36a3767423dbbd36f121a64ca83f12a774a02b87bdffcc59cdb0482f9143cf9a,d_74df714249640ae8221a1c1a,Codex — agent-assisted initial review,2026-09-20T09:23:18.404604+00:00
2024:4112020241071478016,p0003,g_7e617f2e9c5fa3f4b2ca6ff7,7641756f41ee44c9ee4b52cc9b8df3a641637d4a45ae4c00701dd95e248b13b9,d_538edc632adae9832052c4be,Codex — agent-assisted initial review,2026-09-20T09:23:18.404604+00:00
2024:4112020241071478148,p0002,g_8aac48dd3821037480c6b835,68d85521181342435f794812ec745d98f81401495a7c60c0a81326bab91c7233,d_7fa489a47f0e9105eac463bb,Codex — agent-assisted initial review,2026-09-20T09:23:18.404604+00:00
2024:4112020241071494365,p0004,g_91fa64da98d48c59bd03ed17,5fb49a8c216d1df6f81d4f8cf62a31c0ca6c911fd40a25f33d1912253ef55b50,d_d437193d9f0c0904585c1bdc,Codex — agent-assisted initial review,2026-09-20T09:23:18.404604+00:00
2024:4112020241071599278,p0012,g_66a98ff28415b7389db6105c,59b9b9b99b01f7c52cc3698d5bac5503bcc1c7c5ead2b83c98ce307fb1817037,d_7a176a4d58423b39f7f41afe,Codex — agent-assisted initial review,2026-09-20T09:23:18.404604+00:00
2024:4112120231811379534,p0017,g_bcbaca5802a06104de63041f,38e533d7c208b657da8e27ae600b8f681c6aef9d53c5336429374104d76c7c87,d_3028b40c16acb0831d884012,Codex — agent-assisted initial review,2026-09-20T09:23:18.404604+00:00
2024:4112120241071823383,p0003,g_eca755cafd5dc12d0720771d,9d2b454402d72bbe8bad6251764775163fe1c5bdc109db58587bdc2e6ac0e387,d_51b241d4df1d2511ba8670b1,Codex — agent-assisted initial review,2026-09-20T09:23:18.404604+00:00
2024:4112120241071823525,p0014,g_be2aa6b787231460bced0a32,cdfc19c8fc09a68cb2e755e561d498861ee98e1043d83b493ac015d451cb3482,d_d9608d3f190ca424caf0dc22,Codex — agent-assisted initial review,2026-09-20T09:08:32.301672+00:00
2024:4112120241071878274,p0015,g_c889a637d5ad2f3395447bf2,ab4646dbfd94c633e7a82c6a7e2118dac7c15c59174e81675ad5bf1b2712a604,d_9a67f8bd30c7e15303b3a5d7,Codex — agent-assisted initial review,2026-09-20T09:23:18.404604+00:00
2024:4112120241071942107,p0002,g_ac1ee916c42ec1d7a9af43fa,1b4ee853f562c532e9c3091806c5eabc259cdaa8806336e064e23973753675bd,d_d716291857662e1a7abe75be,Codex — agent-assisted initial review,2026-09-20T09:23:18.404604+00:00
2024:4112120241071944419,p0017,g_2ae161403fce03adaf862435,f4e74f7220c28678af7a623c7ad72731dce8ad55190218c76eef35b78be966e6,d_60928935970c971a85e90cc7,Codex — agent-assisted initial review,2026-09-20T09:23:18.404604+00:00
2024:4112120241071944716,p0020,g_74b57cdc76020d2ce3ebdb8f,1c57a1077da92cb110f45e6c8c86547fcb4a37c6d2eb4469558ff0eb49842f47,d_407a19f689dedfdea55c515b,Codex — agent-assisted initial review,2026-09-20T09:23:18.404604+00:00
2024:4112120241072067203,p0010,g_de442e12e71d81b442bdedb3,9279cd1dcafbe08817e8355bf9820bfa4efa8a03df097a6f8f3a7eb65ca75b34,d_75945e292ecef92bd531ac6c,Codex — agent-assisted initial review,2026-09-20T09:08:32.301672+00:00
2024:4112120241072093591,p0009,g_b29ab037782a0cf62b3e77f3,a5c959a8ed1b3e906b977dddcc604fc10d9977affd6313924a0d3b305c70526d,d_025bc0471e5c65e379723d86,Codex — agent-assisted initial review,2026-09-20T09:08:32.301672+00:00
2024:4112220241072220729,p0010,g_ed7d364b1b8eaa704662bd95,ea4d11f4be375e0c04f9fd765f2792b6ab93eab1cd2845301cd9fc4c22a92f18,d_d9758144c1137cb1b5f31031,Codex — agent-assisted initial review,2026-09-20T09:08:32.301672+00:00
2024:4112220241072223750,p0004,g_91d2c01e4a888a6506f15a89,019943062ff2e34c96977f0232fe25e8200428954b506c3cbc4ef4b88dd6aa39,d_6c23af5ce6dc73fcb4cdac61,Codex — agent-assisted initial review,2026-09-20T09:23:18.404604+00:00
2024:4112220241072225845,p0012,g_84e3153f3c24665d9fe79bf9,0ea4ed3e51448d2aa3b06a12d9d8db2dff59b1bda9b48cab6d7b4e34041d800a,d_737dfc0e8eec1f773e34aa56,Codex — agent-assisted initial review,2026-09-20T09:23:18.404604+00:00
2024:4112220241072300104,p0009,g_acb6b976e1596ec9e40a8f4a,7281a797fe115a14bc8587aad1cd389b7767580ff532b2ed803517871f7de48d,d_6a2f74437417061e8d516d6c,Codex — agent-assisted initial review,2026-09-20T09:08:32.301672+00:00
2024:4112220241072360041,p0012,g_66a98ff28415b7389db6105c,e75a872ebacf7c66fe825f72862c89b08df0331efd8647f5190f6ad9339ed1bd,d_7a176a4d58423b39f7f41afe,Codex — agent-assisted initial review,2026-09-20T09:23:18.404604+00:00
2024:4112220241072396051,p0009,g_b29ab037782a0cf62b3e77f3,35fa469c29a33ca6cbaf6573045af3f661dbbbb2130bbd74167c2649b276385f,d_025bc0471e5c65e379723d86,Codex — agent-assisted initial review,2026-09-20T09:08:32.301672+00:00
2024:4112420231811628541,p0015,g_e9fa315e8a311563d73eac2b,73c861bb4785891464c05cfbb4312a29d4e924c134f0ffcaf922368bd42f2927,d_2096955c7aa6271a7cf6e45f,Codex — agent-assisted initial review,2026-09-20T09:23:18.404604+00:00
2024:4112420231811628542,p0015,g_e9fa315e8a311563d73eac2b,f7d6132e046c2b2d1dd7731acecff592c8e8e7ce0c70c5101b04ef47328bd8a8,d_2096955c7aa6271a7cf6e45f,Codex — agent-assisted initial review,2026-09-20T09:23:18.404604+00:00
2024:4112420231811628770,p0004,g_c9539b6a0d5637b270f52fc6,b9ebc8f7d62eb1611e401b9b622a06f51ab5701d1f8995241d2fd97b455413ea,d_46885ca442f845d0cd9f6f48,Codex — agent-assisted initial review,2026-09-20T09:23:18.404604+00:00
2024:4112420231811628830,p0008,g_e75ada5e5d50f35ee0bcd1e7,9e0416258729eaf26fdc4d634d18483e24a8f06f3a4d83a9ac52aad6548daf4e,d_60b0c3343dbc3f5f9fc0f59c,Codex — agent-assisted initial review,2026-09-20T09:08:32.301672+00:00
2024:4112520241073386383,p0002,g_2eb7f799983267d5034f666a,44b8a83084fd74b7100cb3dad186e6520820a5b6e52455fe9a1c8d884f485d3c,d_0b73eb57662168f865b09ca0,Codex — agent-assisted initial review,2026-09-20T09:23:18.404604+00:00
2024:4112520241073404583,p0004,g_533b99cae13b20adfeee2dec,ed5eeb396fae05ab65b71c102e46578f24c16a1f8b414a17cb828b6614fbb787,d_0141d6cf2a985b3c36c657e4,Codex — agent-assisted initial review,2026-09-20T09:23:18.404604+00:00
2024:4112520241073446527,p0002,g_6dc472bf98e1c638edc58ca9,c41d7ecfa7fe91aab116c8fe4ab0b0b201b00d5f38039688f6dfbe04438b9e3d,d_10b54f4b1214b68d7aad355a,Codex — agent-assisted initial review,2026-09-20T09:23:18.404604+00:00
2024:4112620241073654342,p0003,g_7e617f2e9c5fa3f4b2ca6ff7,fcc8b4adf54df033f4bb2b732cf2ffff947d0deaa4d7a12db7a6a2b4ce70a559,d_538edc632adae9832052c4be,Codex — agent-assisted initial review,2026-09-20T09:23:18.404604+00:00
2024:4112620241073687003,p0002,g_1c76acf41d9b1c8db50b897f,1b349c9bfa12e917236ea0ebfa749967c58954826325ac1189fb05bcaa8cf9ab,d_d0578cb41f8ec545bbb14d31,Codex — agent-assisted initial review,2026-09-20T09:23:18.404604+00:00
2024:4112620241073687124,p0002,g_77d91218f449eba98c3f070a,51cc393ccf17e5120de947b432db06906b0c5f59fcda196a75170b413014d80a,d_5d356c253531285be5148c18,Codex — agent-assisted initial review,2026-09-20T09:23:18.404604+00:00
2024:4112720241073806734,p0009,g_3d1fd68d1b0a4de3b68715a1,f06ee4efebb6e58368864d7b15cc07485b655be9c1493822fb6c03a6585f64a9,d_f04672894c8d189f46f6fedd,Codex — agent-assisted initial review,2026-09-20T09:08:32.301672+00:00
2024:4112720241073897727,p0010,g_de48d73cc7dbcfb36b7bf9de,b2db35bf52c73388064a2bb734a664bdc6bd701ab388206343108fe94135863f,d_384ddeaccceae987dc197486,Codex — agent-assisted initial review,2026-09-20T09:08:32.301672+00:00
2024:4112920241073996335,p0010,g_3349f05a948c941d649dfc16,a826b1b7cc971a3098e6acc43005ef767f40826c7378fff200293edc2776f336,d_c893916e0df519af52556f6d,Codex — agent-assisted initial review,2026-09-20T09:08:32.301672+00:00
2024:4120220241074094372,p0010,g_3349f05a948c941d649dfc16,7b3c73c677221ce8f4edd531b5c4b2e4c3a9154c764fbf285a8bdf0edfe583e2,d_c893916e0df519af52556f6d,Codex — agent-assisted initial review,2026-09-20T09:08:32.301672+00:00
2024:4120220241074147170,p0010,g_997c77a8908fbfc6b892d0a9,2178a13f971e05467bd95779e61ef74147f5ef9a785f50bdc82786d423a5dcce,d_7afce996d653b489ceb816a8,Codex — agent-assisted initial review,2026-09-20T09:08:32.301672+00:00
2024:4120220241074161766,p0003,g_7e617f2e9c5fa3f4b2ca6ff7,f3423cf5f66a583cd595fe03ef8f3327c280792436828655ccf37b3ca5eca48c,d_538edc632adae9832052c4be,Codex — agent-assisted initial review,2026-09-20T09:23:18.404604+00:00
2024:4120220241074194653,p0012,g_6042bfd49363f2561771f321,7dcd0befe0aa6eb3336ab128710e3695b567fd364efeba3f7caf34edb1b80b07,d_0eda7d40fb23c4eac95e936b,Codex — agent-assisted initial review,2026-09-20T09:23:18.404604+00:00
2024:4120320241074237929,p0012,g_5652c01d2714a3b054531f61,6fb495b93b02f39beb44479ad8ff2de6ebba03afc78b137c6d7f06e27e4f6956,d_49c997716976e5d0ec1354fd,Codex — agent-assisted initial review,2026-09-20T09:23:18.404604+00:00
2024:4120320241074288111,p0002,g_ae2b4dfeb2d16158560c3f29,6289717727bc6af299c33dab6030f3cd418ede9c4363bac30bf4422c7f3ccc03,d_76d599ac386b7d0f1ffe1229,Codex — agent-assisted initial review,2026-09-20T09:23:18.404604+00:00
2024:4120320241074288115,p0003,g_0780cd2cddd296b5ec3a761b,76f844a06436d5a7cdfa2eaa53c60932573c5ec23132e9f67b45bcee4c40fe42,d_6d6d13cc2fd88c27ba8940ad,Codex — agent-assisted initial review,2026-09-20T09:23:18.404604+00:00
2024:4120320241074347644,p0002,g_8aac48dd3821037480c6b835,8efd4ceecae088391807f831a1bb1c180b3cdef16e6245f4290232f87769a84a,d_7fa489a47f0e9105eac463bb,Codex — agent-assisted initial review,2026-09-20T09:23:18.404604+00:00
2024:4120320251296782315,p0004,g_33668762fad6857ffca2b04e,89672a89a5c57446b435649e712b9938e9c0a7fca5a6192e1be74eab5744b6de,d_a4407e8149e9b94b4dd9615d,Codex — agent-assisted initial review,2026-09-20T09:23:18.404604+00:00
2024:4120420241074438413,p0003,g_7e617f2e9c5fa3f4b2ca6ff7,b6d3be9b38e6b3dcc7613ff674f94589996f7b89265524a32eb8fe335dd1b162,d_538edc632adae9832052c4be,Codex — agent-assisted initial review,2026-09-20T09:23:18.404604+00:00
2024:4120420241074438833,p0002,g_8aac48dd3821037480c6b835,1747ac038ccee7a1d94ee6b82816c1863c4fffe427517c9b0ab81c2f29d72c6f,d_7fa489a47f0e9105eac463bb,Codex — agent-assisted initial review,2026-09-20T09:23:18.404604+00:00
2024:4120520241074578991,p0011,g_2761fe3d990cc40168df3b7a,e02d798055ec818265dffe91e75d1596f47e270f96bec1ad2798c0b8455cd9e0,d_08bdece1d3962888dd2034a8,Codex — agent-assisted initial review,2026-09-20T09:08:32.301672+00:00
2024:4120520241074602659,p0009,g_3d1fd68d1b0a4de3b68715a1,209a898ffd6a3476bf88ee093f56220cd102a9853849bdd7048ce570b18778f4,d_f04672894c8d189f46f6fedd,Codex — agent-assisted initial review,2026-09-20T09:08:32.301672+00:00
2024:4120520241074709686,p0002,g_8aac48dd3821037480c6b835,6f46969fce171a7c9295c2f4505a59c2940eb2846cafb6a104ddf96ab9976fa4,d_7fa489a47f0e9105eac463bb,Codex — agent-assisted initial review,2026-09-20T09:23:18.404604+00:00
2024:4120520241074781083,p0012,g_f1a5253939165268ad1265fa,355eddd00c55375bff557213ad40d159f2594d409b48436f1603532f032cb52d,d_aa804667e7d0de4cf7ba9aa5,Codex — agent-assisted initial review,2026-09-20T09:23:18.404604+00:00
2024:4120620241075047996,p0004,g_533b99cae13b20adfeee2dec,d6771dd3dd755f67970da9248adb4dbb7e69a3618171a228c0b12e5c6478d8ef,d_0141d6cf2a985b3c36c657e4,Codex — agent-assisted initial review,2026-09-20T09:23:18.404604+00:00
2024:4120620241075048381,p0012,g_66a98ff28415b7389db6105c,6b0b51375d6d5321f2a13c9b7e4e00bec48100e209978762732ee1dcc79708f8,d_7a176a4d58423b39f7f41afe,Codex — agent-assisted initial review,2026-09-20T09:23:18.404604+00:00
2024:4120620241075053634,p0002,g_8ea87ed1988309da962140a1,9f5f43645e28c51b57b7539b2d27c1bb593b0c5e242f6f24fbc9aba4f2c3ea3e,d_f497961510e2759b5118cd3f,Codex — agent-assisted initial review,2026-09-20T09:23:18.404604+00:00
2024:4120620241075062278,p0004,g_0c6b57addc60afaf27087a25,ab03702f15c7631b02ce5c2f1846ce9abf606d7425b95521bf130875afed805b,d_d450a2677507b049ac452994,Codex — agent-assisted initial review,2026-09-20T09:23:18.404604+00:00
2024:4120620241075062279,p0003,g_f5a27a1aa7f240faca9a32bb,d4bb64d771b576171ff36268ec9ac065b5246ab6a58a7678fb7e7aa2904eb84a,d_5fa4bfd96725e48b1c8378b1,Codex — agent-assisted initial review,2026-09-20T09:23:18.404604+00:00
2024:4120620241075114178,p0010,g_ed7d364b1b8eaa704662bd95,cc11386967e19242929a577a92564d2a98c8b6a11161f450af5cb42fda2d7d6e,d_d9758144c1137cb1b5f31031,Codex — agent-assisted initial review,2026-09-20T09:08:32.301672+00:00
2024:4120720231812104831,p0017,g_8219139245947d5edcdcabad,8ec299bb420a805e51e4e7fced50c456bcec8200b6dc5220b1f0fb4274ec10db,d_975acf8f96797aa048421148,Codex — agent-assisted initial review,2026-09-20T09:23:18.404604+00:00
2024:4120820231812129093,p0004,g_d10a915dce75881a3685f11e,27644ae6e0a5d0354b61181b1b9ee18539294d9150765950d4045113ddcd2217,d_5b0ed565f37b0f932cdabb6a,Codex — agent-assisted initial review,2026-09-20T09:23:18.404604+00:00
2024:4120920241075232010,p0009,g_9fc51f32c8a6ae1f9580485f,fb6382a3a9ef6093e051ee5452e552a272cff36022fe29f83412f896b17d0480,d_2de663e1fdc997521336a8d5,Codex — agent-assisted initial review,2026-09-20T09:08:32.301672+00:00
2024:4120920241075234623,p0004,g_bd058d69d0304e30bc389d7c,05d9d91dea46173fd9d3452384bdc233b1bf86131f62e68456ba85958c1b042b,d_0a55b981bcef47f157f2f646,Codex — agent-assisted initial review,2026-09-20T09:23:18.404604+00:00
2024:4120920241075248113,p0012,g_0bf5277ec527834b02326fa8,8e8e9094b1730adb28e5a45ab12f6f3d16b20afe24816fd543c2c8fba1926cc0,d_6581c5c103837a7fd9c72907,Codex — agent-assisted initial review,2026-09-20T09:23:18.404604+00:00
2024:4120920241075261859,p0009,g_3d1fd68d1b0a4de3b68715a1,fd598e05caf9805cf252b3cde1f09d642048705031a02600cd7d89ce997f48e0,d_f04672894c8d189f46f6fedd,Codex — agent-assisted initial review,2026-09-20T09:08:32.301672+00:00
2024:4120920241075277891,p0015,g_11c9e2c6a291ee16c9704292,b561132a5fd50ed1d6bbc039d85d365048748d9d8c44a781f3a36bdad10ae82c,d_54d48d18f4409267f4fbce87,Codex — agent-assisted initial review,2026-09-20T09:23:18.404604+00:00
2024:4120920241075278640,p0002,g_ae2b4dfeb2d16158560c3f29,7f3180b8c8c7eef352691f7916660d26bb523b16913f071fc0eee003ae5501ed,d_76d599ac386b7d0f1ffe1229,Codex — agent-assisted initial review,2026-09-20T09:23:18.404604+00:00
2024:4120920241075278758,p0009,g_b29ab037782a0cf62b3e77f3,465db927f39e76f5a93463c1c5d59f70546ee7aa288debffab3ae534bb1e9089,d_025bc0471e5c65e379723d86,Codex — agent-assisted initial review,2026-09-20T09:08:32.301672+00:00
2024:4120920241075279160,p0015,g_df6235058c33bbf786335607,82a08bdda53f5e1697f37a1e6247930c9b8f08c7b6c0678bd50356fe9d00f6ac,d_663c8fb341bf43faa4cd4753,Codex — agent-assisted initial review,2026-09-20T09:23:18.404604+00:00
2024:4120920241075279897,p0009,g_3d1fd68d1b0a4de3b68715a1,8819ab16770028156ac9f1e8a199745ce91629abfdec05f92252e84d7779ee35,d_f04672894c8d189f46f6fedd,Codex — agent-assisted initial review,2026-09-20T09:08:32.301672+00:00
2024:4120920241075308743,p0001,g_6744d28f0caea4d93dc50c9a,a61bd3d2d9e13aec2c0d585496a00fc3df0760e0afff32057733a667c52135d8,d_d76f7e7611a0358c31c148f4,Codex — agent-assisted initial review,2026-09-20T09:08:32.301672+00:00
2024:4121020241075369784,p0004,g_91d2c01e4a888a6506f15a89,426d78cf0a9a5d7f5c16e64be341361dc336460f43f43fa101b3e8f1344a3f25,d_6c23af5ce6dc73fcb4cdac61,Codex — agent-assisted initial review,2026-09-20T09:23:18.404604+00:00
2024:4121020241075415819,p0002,g_d4ec28fcef638ee79f44c6df,b056175ab7f815df53a61ef448f5c51543dccd22351bea4a633d55a730f4fbaa,d_ca62bd23abf0a24d550a0782,Codex — agent-assisted initial review,2026-09-20T09:23:18.404604+00:00
2024:4121020241075490609,p0004,g_533b99cae13b20adfeee2dec,88896510e034c107db552e8cddb8d007366114e7f6a8057bffe0f21546eea9a6,d_0141d6cf2a985b3c36c657e4,Codex — agent-assisted initial review,2026-09-20T09:23:18.404604+00:00
2024:4121020241075492179,p0004,g_533b99cae13b20adfeee2dec,2714bd5fe985fb356dd9101f4cb29f3b5bc1a13ecbfd044de47e496d5d2b8ef4,d_0141d6cf2a985b3c36c657e4,Codex — agent-assisted initial review,2026-09-20T09:23:18.404604+00:00
2024:4121020241075503919,p0012,g_66a98ff28415b7389db6105c,f1b1260f569c23ae9353dd393d49347255ec912e517a7d40d8b857f1452416b1,d_7a176a4d58423b39f7f41afe,Codex — agent-assisted initial review,2026-09-20T09:23:18.404604+00:00
2024:4121020241075508165,p0002,g_8aac48dd3821037480c6b835,a8f5a8cd016d4a42697adca077fd23d81300c1c032faa6d779c67af92dfc5ca7,d_7fa489a47f0e9105eac463bb,Codex — agent-assisted initial review,2026-09-20T09:23:18.404604+00:00
2024:4121020241075508166,p0002,g_8aac48dd3821037480c6b835,7ff5cdcbd9c370b9dd3ba97046aa03020f4fa393077d3cc2f5ff35a4a3d3fea0,d_7fa489a47f0e9105eac463bb,Codex — agent-assisted initial review,2026-09-20T09:23:18.404604+00:00
2024:4121020241075508167,p0002,g_8aac48dd3821037480c6b835,83742f59b7bd8c3f2f666b31643cc74e99de5ab3137870d39be1694024255ae7,d_7fa489a47f0e9105eac463bb,Codex — agent-assisted initial review,2026-09-20T09:23:18.404604+00:00
2024:4121020251298065547,p0009,g_af1886602cf99e7622bf7af0,ad5dcb0855e76daf7a40223e0cccde2191dbe1d793de51d9a397b470b3cd0e31,d_857229ce21f533dd245732f6,Codex — agent-assisted initial review,2026-09-20T09:08:32.301672+00:00
2024:4121120241075601772,p0002,g_1c76acf41d9b1c8db50b897f,437a21b3525637af0bb793ea462c20f41bfd5136ceb2d7ab31363497d4ca7c2d,d_d0578cb41f8ec545bbb14d31,Codex — agent-assisted initial review,2026-09-20T09:23:18.404604+00:00
2024:4121120241075602197,p0003,g_7e617f2e9c5fa3f4b2ca6ff7,6514b96e2068daa8c386f630070f7cba346fa0f4a3a432536686be0df6720f9e,d_538edc632adae9832052c4be,Codex — agent-assisted initial review,2026-09-20T09:23:18.404604+00:00
2024:4121120241075615468,p0001,g_ad17e6a698aad30d55d34aa9,cfb52650dde52b842becf363f24af0df31d42af677e2140ef6933d8ef2e62359,d_b1b2cbd6c0f16fcd81443948,Codex — agent-assisted initial review,2026-09-20T09:08:32.301672+00:00
2024:4121120241075632470,p0002,g_6407ba229d1e81ae3298fa1d,5691c3331c40963a79cdcfc13fed259a591aea6b26b36025f39d62a625404637,d_2b5a83aa5ffd806b2ceb1f7e,Codex — agent-assisted initial review,2026-09-20T09:23:18.404604+00:00
2024:4121120241075669595,p0009,g_2800be8db25d1f62a96fa139,a46950c98d46ed2b7546f9050ea0874c427966fc475fb59fe6f58b8adc3a317f,d_d354c7e2a58bb407355c3367,Codex — agent-assisted initial review,2026-09-20T09:08:32.301672+00:00
2024:4121120241075675885,p0009,g_af1886602cf99e7622bf7af0,f36560b3f63c01b4793857e8dbbeb3ec33f3d82393c6af3ee60bc1d4570ffd8f,d_857229ce21f533dd245732f6,Codex — agent-assisted initial review,2026-09-20T09:08:32.301672+00:00
2024:4121120241075675886,p0009,g_af1886602cf99e7622bf7af0,1bf67ec5ce107062f4831fca28b8ad4e440858996cadcbf733ab49fdb1cb2588,d_857229ce21f533dd245732f6,Codex — agent-assisted initial review,2026-09-20T09:08:32.301672+00:00
2024:4121120241075675887,p0009,g_af1886602cf99e7622bf7af0,7cda9792e6fcd3d3cdc2afc3795baba594251789ea52dd18e0322489ac14e614,d_857229ce21f533dd245732f6,Codex — agent-assisted initial review,2026-09-20T09:08:32.301672+00:00
2024:4121120241075746681,p0013,g_f4a9542f332db2c237ca506f,3e37f2caad90228aeea183d5fa6486fc5e905b067cdb60bfec9776d6bf466d14,d_ced415a3b2e108ce8f9426ab,Codex — agent-assisted initial review,2026-09-20T09:23:18.404604+00:00
2024:4121120241075747697,p0013,g_f4a9542f332db2c237ca506f,90a9ead118014ef110cba4cbaede5c48217aef5d2dc9b209353f394661e3760d,d_ced415a3b2e108ce8f9426ab,Codex — agent-assisted initial review,2026-09-20T09:23:18.404604+00:00
2024:4121120241075776433,p0013,g_48d750321e2c45aa62aed888,1ed7ab9b96a9899c6837419ce6dc64e7844c90ea7a68b2436e543ff209cf829b,d_d9ef0c57798e15b8079fd207,Codex — agent-assisted initial review,2026-09-20T09:23:18.404604+00:00
2024:4121220241075795001,p0001,g_99251e01a281ef05b3bb71e7,2d64e3e03cc88a871fdecd933dfc3d25f6533b731ed49985b9398b942a5a3e7a,d_5b77e2f7b4d2d6044056b0f6,Codex — agent-assisted initial review,2026-09-20T09:08:32.301672+00:00
2024:4121220241075795010,p0001,g_99251e01a281ef05b3bb71e7,350d24fa9592553e1c85af4e890c2e39928ee141f9b58bbe46c4bd4b5462a590,d_5b77e2f7b4d2d6044056b0f6,Codex — agent-assisted initial review,2026-09-20T09:08:32.301672+00:00
2024:4121220241075795011,p0001,g_99251e01a281ef05b3bb71e7,185c8e7605f9aa38c784bdfdf288d48388c1863ab87dba6878ad22d975ff742c,d_5b77e2f7b4d2d6044056b0f6,Codex — agent-assisted initial review,2026-09-20T09:08:32.301672+00:00
2024:4121220241075795012,p0001,g_99251e01a281ef05b3bb71e7,a58dcd84ae94783e372d5e32ed68f884ea96c14f007a118b7ec70da9fc351dfc,d_5b77e2f7b4d2d6044056b0f6,Codex — agent-assisted initial review,2026-09-20T09:08:32.301672+00:00
2024:4121220241075853362,p0002,g_5a34c95f365924e9536f784d,3d73acf16b809b864903a467c7bc3b4cc3a943f1cc0148fb69760e5ee7081305,d_366da88b4479b77bbf8cd581,Codex — agent-assisted initial review,2026-09-20T09:23:18.404604+00:00
2024:4121220241075853369,p0003,g_3cc8676f028004df13e2448b,b161650144cfc048b44cfb449365df8959ffda385d9bac96dc22d7d222709feb,d_a238d9e3003bc1f6a6745ccf,Codex — agent-assisted initial review,2026-09-20T09:23:18.404604+00:00
2024:4121220241075873071,p0009,g_dfc1a5c855a30f444e57a302,004e43f7d6d5ce524a152872694190fa83706c666d9cdac1da49b03ddb0886c7,d_9cc28f81f56941450d13af47,Codex — agent-assisted initial review,2026-09-20T09:08:32.301672+00:00
2024:4121220241075873073,p0009,g_dfc1a5c855a30f444e57a302,f97d2bdba5e838b3fa9908bbef3b0c29682f18ed8fd97f3fd420459112f19fd3,d_9cc28f81f56941450d13af47,Codex — agent-assisted initial review,2026-09-20T09:08:32.301672+00:00
2024:4121220241075882270,p0009,g_e0c10c9c4257c4e5a9856421,cdbdd1b6da76c3a93bd902fded0cc051b0d3f7c6e95e94bb3a29f65763e4276b,d_0831b4ff5051eeaf3cebb82a,Codex — agent-assisted initial review,2026-09-20T09:08:32.301672+00:00
2024:4121320241076456161,p0012,g_bb0a5b04183f5ddba2091b6b,8daeea2bfdb3fa3959125bc563cfdef862de5a35b0ed633785eb822a6490048a,d_ac9988422b29afdca36be106,Codex — agent-assisted initial review,2026-09-20T09:23:18.404604+00:00
2024:4121320241076457093,p0015,g_59d1835ef28498d23a6117da,a6cd5e44a981c92b3ba098e1b914a4b3c3f407d1a198989ee38ab5903428b25e,d_19ee43a1b826cb9e403d0e77,Codex — agent-assisted initial review,2026-09-20T09:23:18.404604+00:00
2024:4121420231812531917,p0015,g_1c946fbe3af386e741eceb45,958659507c9fb76fbbec9cf3f7a5d1752c1204c7153de0735e4be822a3b1ac16,d_8f30adff8b1f761442ff8cde,Codex — agent-assisted initial review,2026-09-20T09:23:18.404604+00:00
2024:4121520231812603664,p0017,g_2761a0d4d50d5289e4ab72ea,b57eb0d3b94e9383b42f529d97bce9de16e33ebc0133a8d9b1ceca53066ea682,d_ecdfc692849e5a71fa7ac90c,Codex — agent-assisted initial review,2026-09-20T09:23:18.404604+00:00
2024:4121620241076626125,p0002,g_b11b6ffa3276766907a3253d,10d287fdfbe5ce6a815ae83fcec6264b6adbb65d6e6c76a917e6b76a48cca1e7,d_ebbb038845b19407a8b6a9c1,Codex — agent-assisted initial review,2026-09-20T09:23:18.404604+00:00
2024:4121620241076628812,p0003,g_7e617f2e9c5fa3f4b2ca6ff7,45a2a19102f55669fdf56136ea363dacc5f40b0a2a34a963c7bf6716abd0b812,d_538edc632adae9832052c4be,Codex — agent-assisted initial review,2026-09-20T09:23:18.404604+00:00
2024:4121720241077103389,p0015,g_8277f01201555e88e8b068ed,aba6b0a72eeb018a04ac19d3ac0a8767131f672604dff3a2e6a3f9076a754f54,d_743ce03f314b0b89e3e86dc4,Codex — agent-assisted initial review,2026-09-20T09:23:18.404604+00:00
2024:4121720241077164175,p0014,g_a3749f8abe928abdaf08d2a4,57a98926b1d80fc5dec3acfdadac38f1b390b12ce11073e816d17303fd649d33,d_e112fbf655c920a10e2cf107,Codex — agent-assisted initial review,2026-09-20T09:08:32.301672+00:00
2024:4121720241087866161,p0004,g_b0c9daa0610f513e734e410d,2b06f5daa6e9c99e6d266d246288227050acd7b7b5d4839bb46859a5b71d423d,d_685c106636415f5c7193eed4,Codex — agent-assisted initial review,2026-09-20T09:23:18.404604+00:00
2024:4121720241088087202,p0003,g_21c79bddbbcdbaa913b2b68b,c150d3a9815c806f400a32a6df7607579200d17fe62f9f10e04bad938f276167,d_6a67f8c6434c91ed0ef28516,Codex — agent-assisted initial review,2026-09-20T09:23:18.404604+00:00
2024:4121720241088087203,p0003,g_21c79bddbbcdbaa913b2b68b,8971fefe403b359b1c2cc2b6dd801cfa211b2e2e3a25f4fcb60aa0ca39d61a15,d_6a67f8c6434c91ed0ef28516,Codex — agent-assisted initial review,2026-09-20T09:23:18.404604+00:00
2024:4121720241088087204,p0003,g_21c79bddbbcdbaa913b2b68b,a7fefbf41a0ef8e9224bdcfcea91b5a4305f0e41de1dff444f298c070f12ac5f,d_6a67f8c6434c91ed0ef28516,Codex — agent-assisted initial review,2026-09-20T09:23:18.404604+00:00
2024:4121720241088087205,p0003,g_21c79bddbbcdbaa913b2b68b,c89dbc0349223c4f99b974d65caa1d5355119337c07fb47675a5078d8cfc48f8,d_6a67f8c6434c91ed0ef28516,Codex — agent-assisted initial review,2026-09-20T09:23:18.404604+00:00
2024:4121720241088087206,p0003,g_21c79bddbbcdbaa913b2b68b,e887a559549d9c4127f7de7a13d0ed7c7942f4410b15eac7f347a13ee91321e0,d_6a67f8c6434c91ed0ef28516,Codex — agent-assisted initial review,2026-09-20T09:23:18.404604+00:00
2024:4121720241088087207,p0003,g_21c79bddbbcdbaa913b2b68b,21ee8335b14612099e63c8c5960522e0d2f1ec2e08c7fea8deee44f93c5bca2b,d_6a67f8c6434c91ed0ef28516,Codex — agent-assisted initial review,2026-09-20T09:23:18.404604+00:00
2024:4121720241088087208,p0003,g_21c79bddbbcdbaa913b2b68b,378d240e82a09d04b0017d8342588b6d0c91008207966e309bd2a4509c5ce497,d_6a67f8c6434c91ed0ef28516,Codex — agent-assisted initial review,2026-09-20T09:23:18.404604+00:00
2024:4121720241089786052,p0014,g_d959f9eb98fba5d2e2346d4b,a941f78d2ecc42a16596b8b7c5ac65e9f8e6134ee8306aff5f2db7bbeaf67924,d_5a2d0f1352314b2e6fbcbd21,Codex — agent-assisted initial review,2026-09-20T09:08:32.301672+00:00
2024:4121820231812672297,p0017,g_bcf1b9a181f8f64aec6ca3c5,06f939c2fdfb3492886acf4ad06a3bdd6fdc12a62e78a11d24f888790eeee1b0,d_1cbcbc78eb73bca19ea210c8,Codex — agent-assisted initial review,2026-09-20T09:23:18.404604+00:00
2024:4121820231812705399,p0017,g_7849bec4dc62b8909cf46f79,d57051f5c306798ccc1a3cecd1ce3a055b9f71594d1ed19d42d3dacffbf3142e,d_bfd79d2a05df8ac8075d141e,Codex — agent-assisted initial review,2026-09-20T09:23:18.404604+00:00
2024:4121920231812752129,p0009,g_7a2ec3487742808d3e23d283,94f892ead1ab79170aba3d69deb61ce69cb6529425243a8eb5c4d4c56fd63e8f,d_ce986d45cb8f59fc8538d97d,Codex — agent-assisted initial review,2026-09-20T09:08:32.301672+00:00
2024:4121920241115423013,p0009,g_e0c10c9c4257c4e5a9856421,58cb6f5fb3e58446ce4e3771aff64c340fbb74dd33577d98fa989c89e473437a,d_0831b4ff5051eeaf3cebb82a,Codex — agent-assisted initial review,2026-09-20T09:08:32.301672+00:00
2024:4122020231812887324,p0011,g_07038da5b70b0a37dc1a74f7,3ca3403bb33a9569a636af3290a0021a310af079aa1a9662f1dbf543ac84850b,d_b25600b55b34a5b70956d962,Codex — agent-assisted initial review,2026-09-20T09:08:32.301672+00:00
2024:4122020231812974798,p0017,g_d48ce5e5abd4421d86e9bdb7,aab89d09ad2102b500783664e452820166b2b98e83d4837ec4135fb8d170c17d,d_0db0117779586f56d0d8d1bb,Codex — agent-assisted initial review,2026-09-20T09:23:18.404604+00:00
2024:4122120231813028899,p0017,g_29a057c317e2553a44291dfd,3031ad72ab5fa173fcc4e9f1d7bc1fa63be67b45c68fe525433ff073d3375ac0,d_fe051135fd5caf52b7cbf892,Codex — agent-assisted initial review,2026-09-20T09:23:18.404604+00:00
2024:4123020241124963333,p0012,g_e77fca5ffec2922b8770159d,7681adb0cdfb56f4b0091fbce3a048ad1507cbd2e997805a2636ab4a05cb3108,d_f3415e381dfd1dbc8b144e6a,Codex — agent-assisted initial review,2026-09-20T09:23:18.404604+00:00
2026:4010720261300023033,p0019,g_be28b048b1113525d2068494,9a44b953f33dce5f025f0a7f6afa3f0976b6f214b6d5a912afaf1121309778ee,d_cd9ac40ae3b0aa201d86aab0,Codex — agent-assisted initial review,2026-09-20T09:08:32.301672+00:00
2026:4010720261300215184,p0003,g_cdd13d6dbaf080cbc3de6dec,3047135ea97ab27fa176ab92b4358d5abaf4b2768d3ee66f548d3cf28ca8c33c,d_28ee5d8a23f1d402f3695062,Codex — agent-assisted initial review,2026-09-20T09:23:18.404604+00:00
2026:4010720261300216867,p0010,g_7892d60b12b9d0330840dd0c,6ec302f22f0f0cfcec0eabe7f4294fa6ba368c6598d434a4be76d8c64300f9fc,d_a5dbd6a8938feac7c6d2f5d3,Codex — agent-assisted initial review,2026-09-20T09:08:32.301672+00:00
2026:4010720261300216868,p0010,g_7892d60b12b9d0330840dd0c,10ebbce545fcf25afa06a7101276f0d169f65befb7c50f04777bd071ada24fd4,d_a5dbd6a8938feac7c6d2f5d3,Codex — agent-assisted initial review,2026-09-20T09:08:32.301672+00:00
2026:4010720261300235700,p0003,g_cf24d9bffeb6bc62e25cedcc,4ef4a8c2c97f77488d63bb1442f93117a7d08c07de230dff959b8909a9ca3304,d_5b8041f0ffdce1d0d1390b26,Codex — agent-assisted initial review,2026-09-20T09:23:18.404604+00:00
2026:4010720261300238648,p0003,g_5251c747706dd2c400c9eedb,84fe9949c0c5e8170cef1c9744fc7a55d329cf206f55135ca86583c363b5b8be,d_b6ca17acfba4f0f8b53827f3,Codex — agent-assisted initial review,2026-09-20T09:23:18.404604+00:00
2026:4010720261300305253,p0003,g_259acdb847a53c3880850ddd,bfbeaa099e1ddbd55eec5443c1c2104d34cd3d9b7de5f07bb2e8cbb271366fc1,d_705a5dcd0cf23b2acefde72a,Codex — agent-assisted initial review,2026-09-20T09:23:18.404604+00:00
2026:4010720261300307151,p0003,g_6b7bf1414df97434826be189,99957d36df99d2673bd1a4115a713a035188680b583c0bc24c29a32e70860c22,d_1419a850d8595d393f37ed81,Codex — agent-assisted initial review,2026-09-20T09:23:18.404604+00:00
2026:4010720261300309105,p0003,g_6b7bf1414df97434826be189,98da708aaa99f51e266b60148418bd2855f10a1e63a76dc44fbc1e8e5b295f07,d_1419a850d8595d393f37ed81,Codex — agent-assisted initial review,2026-09-20T09:23:18.404604+00:00
2026:4010720261300309106,p0003,g_6b7bf1414df97434826be189,11105dbd6316c277b7f43f047e617ce11c120a223be8af29ccc58e798fd14745,d_1419a850d8595d393f37ed81,Codex — agent-assisted initial review,2026-09-20T09:23:18.404604+00:00
2026:4010820261300484945,p0012,g_bf064e3c93abc84e67814da5,5e8d78138bda06584c6c590b721d87b108a267bfc284b1dd39b7517ba4ed2fe6,d_76f0b796285f8d755c216cfa,Codex — agent-assisted initial review,2026-09-20T09:23:18.404604+00:00
2026:4010820261300484946,p0012,g_bf064e3c93abc84e67814da5,bd5c880363ac0713721cafe9692a1f4010c845da307af0b56be7153439ef71b2,d_76f0b796285f8d755c216cfa,Codex — agent-assisted initial review,2026-09-20T09:23:18.404604+00:00
2026:4010820261300484947,p0012,g_bf064e3c93abc84e67814da5,e46783193e96d5919bb2f11dd5a02018c51d0457d5992e8376e6265ac347f6e3,d_76f0b796285f8d755c216cfa,Codex — agent-assisted initial review,2026-09-20T09:23:18.404604+00:00
2026:4010820261300490948,p0009,g_dd55d72b82ce8f695bf1ee97,a9f56621c24507bf5ad3a1d5bb818aa9c8c1c6d470e77e9c3081db8677a8345e,d_1f8fef796953bb1f686e5f24,Codex — agent-assisted initial review,2026-09-20T09:08:32.301672+00:00
2026:4010920261300646740,p0004,g_bbc6b1acca037d2d1ffc68b9,eae5f27f1a59f21c0dc338f1dcdeb9d64717a81a54ae53c94031e4816c418398,d_925ac60a78a2d4a3a6703912,Codex — agent-assisted initial review,2026-09-20T09:23:18.404604+00:00
2026:4010920261300677478,p0004,g_614763649502c60a09200ce6,57bae1592b9c9008c9f053c5be8d1a7055a7a2fe289ad53b4efe3c19d318a5b5,d_f2a2f44d65893bde78c109ac,Codex — agent-assisted initial review,2026-09-20T09:23:18.404604+00:00
2026:4010920261300677480,p0004,g_614763649502c60a09200ce6,b76ad51a9354631cdb1c11a653e6d7a1876fd968c9b254155c647abd778c61db,d_f2a2f44d65893bde78c109ac,Codex — agent-assisted initial review,2026-09-20T09:23:18.404604+00:00
2026:4010920261300729030,p0010,g_3dcbd6c193703913b5e07810,5206bc24d5b79bf019c3a0214b9cb515f22959125f86f9b2a64141b6a7f35306,d_85d01fb664261c5631b334e7,Codex — agent-assisted initial review,2026-09-20T09:08:32.301672+00:00
2026:4010920261300729676,p0010,g_3dcbd6c193703913b5e07810,b9b897d82608c2ad76746371a9f9f5b308a2824bab5ff02d155e647c96529ba5,d_85d01fb664261c5631b334e7,Codex — agent-assisted initial review,2026-09-20T09:08:32.301672+00:00
2026:4010920261300742932,p0003,g_20024c0048156e25aac1e7ec,d1d3ad8efc34ddad69710ea975bbde7979504ccf6a5b52c3d36f7e60f7ccb1a0,d_a55301bc7586f96eb7efebf8,Codex — agent-assisted initial review,2026-09-20T09:23:18.404604+00:00
2026:4010920261300747184,p0003,g_b809c7a2dd11764f0e4a5338,628886d1a903d0c0825b002601fd6aa0151ce7cb2a7c283950f1afe33c30049e,d_999f136f02b0c4945f06f374,Codex — agent-assisted initial review,2026-09-20T09:23:18.404604+00:00
2026:4011220261300862001,p0015,g_f54d36dd72ccd544ee1fb58a,c795e281b82ab434c4c089e3cb6e2788f55c44c4e700764079dbc93aec558976,d_829da81b161507015d82534b,Codex — agent-assisted initial review,2026-09-20T09:23:18.404604+00:00
2026:4011220261300862026,p0015,g_f54d36dd72ccd544ee1fb58a,f1f1d87718ce459371a7d2f9af7f2e71969c1fce89f8b26a1279fa616b95b0f9,d_829da81b161507015d82534b,Codex — agent-assisted initial review,2026-09-20T09:23:18.404604+00:00
2026:4011220261300993050,p0015,g_f1b6ed32f703b18ad15ed0fd,924aa332fb70d9c2d07eaa59cb297c2a3ffa46bb3258bf957b4e69b1586af45d,d_93e14265f4fccbf042d642a3,Codex — agent-assisted initial review,2026-09-20T09:23:18.404604+00:00
2026:4011220261301072123,p0009,g_dd55d72b82ce8f695bf1ee97,9ac14a334d00fe9cce2f30c6ae4695922bde862ce8d6b6c5c8e18be0b63a6fcd,d_1f8fef796953bb1f686e5f24,Codex — agent-assisted initial review,2026-09-20T09:08:32.301672+00:00
2026:4011220261301090567,p0019,g_77d2d31b1a27af2bcc523223,4134e6e9f62e8803b405c6f2c79554004a7bad86891fb9544fd15e7e18d0a0e8,d_162d058ea54e19e1596df9a4,Codex — agent-assisted initial review,2026-09-20T09:08:32.301672+00:00
2026:4011320261301455809,p0002,g_aecb725779bbac15224a6294,f99f3fb09515de8dccbef5af89b84bc2db18a3b7ba90242f5fdaa814e0d56712,d_d8e14571db8e6a1f8c470670,Codex — agent-assisted initial review,2026-09-20T09:23:18.404604+00:00
2026:4011320261301455815,p0003,g_2616b7fe86ff1e9c4ed694d5,731b0f8b5a61d34e70112efb8c3fa4729cf711e1e0e3e070d5fa739d0a51953f,d_223f613938669ead21a5e64a,Codex — agent-assisted initial review,2026-09-20T09:23:18.404604+00:00
2026:4011420261301961812,p0002,g_69cebb5f14bf2db24e75f9fd,bf9b7cbd425ced19d74c57f49e9bb234c472f804ff5a51f0720671f76b396029,d_b415a9cc9be79ed780649dac,Codex — agent-assisted initial review,2026-09-20T09:23:18.404604+00:00
2026:4011420261301961814,p0003,g_c2af968b2a8363049df109ff,3545e17a92a289ce835fad19452b596971b0ab961e7a76b9d5abca205f5d13db,d_7f69a84d18756183ec74f49e,Codex — agent-assisted initial review,2026-09-20T09:23:18.404604+00:00
2026:4011520261302322217,p0015,g_578b8427ce7fa7abbce0485f,0f0f45b42246a1cf64b664642b3acbe68b1e885cfa596b15d0a9d116bd0a6fd8,d_0c0ba061a34c252f6e742be3,Codex — agent-assisted initial review,2026-09-20T09:23:18.404604+00:00
2026:4011520261302322980,p0003,g_84b0e426a9d38d82fe02158d,611c6c74331f6022a431a5b247b9d3e22769df701b22a84d7fa763966806b677,d_63f5db70b8e18d51ffe422e1,Codex — agent-assisted initial review,2026-09-20T09:23:18.404604+00:00
2026:4011520261302414837,p0015,g_578b8427ce7fa7abbce0485f,3ecc471109d2b11d7c06db5c7d69a14ec87b27a591d7e79aef638c890f298b19,d_0c0ba061a34c252f6e742be3,Codex — agent-assisted initial review,2026-09-20T09:23:18.404604+00:00
2026:4011520261302414838,p0015,g_578b8427ce7fa7abbce0485f,507307ff0ddc3fb54c1e7c2c1cfb1f8148017976c1dfd70fafcae0727621f4b8,d_0c0ba061a34c252f6e742be3,Codex — agent-assisted initial review,2026-09-20T09:23:18.404604+00:00
2026:4011520261302414855,p0003,g_84b0e426a9d38d82fe02158d,652a73e3bce01d0ae42c7b3df33b06887c264bb7d71c39f4f493a5fad47d67bb,d_63f5db70b8e18d51ffe422e1,Codex — agent-assisted initial review,2026-09-20T09:23:18.404604+00:00
2026:4012020261302789407,p0002,g_46307e7fa319fb2f67873217,3a482611e794d9d28cceb3e242a96203c609110745adacd9add4e73e475fc399,d_48b00309782afb65b900eff9,Codex — agent-assisted initial review,2026-09-20T09:23:18.404604+00:00
2026:4012020261302789409,p0003,g_869429bc6c3cbb8e966659e8,efb4684ea58a744a54dba36a06a41dafaced877c3c0cfc8977623ed910bc8eea,d_4777f9e33a5161220cc9775a,Codex — agent-assisted initial review,2026-09-20T09:23:18.404604+00:00
2026:4012120261302995720,p0002,g_aecb725779bbac15224a6294,ff2a15c7af1fad0075fb03b717959ed540a9acbda46ca7fe6697e20204d69a96,d_d8e14571db8e6a1f8c470670,Codex — agent-assisted initial review,2026-09-20T09:23:18.404604+00:00
2026:4012120261302995722,p0003,g_c2af968b2a8363049df109ff,409f670ed5577cb6ea8bfc1031cc5bac92f3f4115c911583e1ee7b29dc583d98,d_7f69a84d18756183ec74f49e,Codex — agent-assisted initial review,2026-09-20T09:23:18.404604+00:00
2026:4012220261303284098,p0009,g_c82cff8da422c4e11904c59f,703d1468c40784c7cb41bea357af75e472dca2c9405285419b3c0d0ad23d09ab,d_5e6499d9100fefc1ec0bab44,Codex — agent-assisted initial review,2026-09-20T09:08:32.301672+00:00
2026:4012320261303340693,p0011,g_40f76cbfaeb8703a4aefd945,d336ec4052e8bd1a914f889ec1532b99399fbf937cd803c994973fdb6e80b2f5,d_22cd1be784d778115c11a048,Codex — agent-assisted initial review,2026-09-20T09:08:32.301672+00:00
2026:4012320261303340694,p0011,g_40f76cbfaeb8703a4aefd945,e0bbe1b530dd9a72ded8bffd896d1b6222a54e73c755e3e0c793cd39550e0e91,d_22cd1be784d778115c11a048,Codex — agent-assisted initial review,2026-09-20T09:08:32.301672+00:00
2026:4012620261303460573,p0002,g_ca0b3ce18e0215856daed5b8,a821154541b257018e1d0dfd59bc178b6504e9ba67591806b62f1f96d807672d,d_688aecd469b998fcf37b596c,Codex — agent-assisted initial review,2026-09-20T09:23:18.404604+00:00
2026:4012620261303460575,p0003,g_e1c1ffb359e01fab86c44959,93d5cd0882c6db57b3cfc0bdaf03f24ad279f74df6982798aafada3cf28a54be,d_80697ffb613243221f07c532,Codex — agent-assisted initial review,2026-09-20T09:23:18.404604+00:00
2026:4012620261303634313,p0003,g_63034804eceebc1a1a91e35c,49297eb782cfc474d000a6dd719f43756f6ab6500f2e722b11ebf6632c3be355,d_72049568809d5889112be34a,Codex — agent-assisted initial review,2026-09-20T09:23:18.404604+00:00
2026:4012720261303725561,p0014,g_90458142716a61f6004ecc36,6f78acec6d6927cb1ff4719af01862443ec110e7b1ec219d0179350e7b55239a,d_28a16010ff59d606c0017192,Codex — agent-assisted initial review,2026-09-20T09:08:32.301672+00:00
2026:4012720261303830630,p0015,g_f1b6ed32f703b18ad15ed0fd,f6d72f70c8a7c480adedc8f14a4a40204fca146ef0407019661e75a92f77df80,d_93e14265f4fccbf042d642a3,Codex — agent-assisted initial review,2026-09-20T09:23:18.404604+00:00
2026:4012820261303928761,p0003,g_6b7bf1414df97434826be189,93095db22adc8b19489b975d29597d09f2e958081125955e4e0383158969a508,d_1419a850d8595d393f37ed81,Codex — agent-assisted initial review,2026-09-20T09:23:18.404604+00:00
2026:4012920261304129412,p0002,g_70f979ee6bc6bc46886fd5f6,c890476f1b0ba7b5f8d6486373c83f22a9b51e971acbe5a3c778bced9f57ea74,d_9dc4e8dc8765231361a8d055,Codex — agent-assisted initial review,2026-09-20T09:23:18.404604+00:00
2026:4012920261304129414,p0003,g_1c4e916fdff0e74834936be9,17e23eb9cd0acd623df828fa2ca0b00415b1af7d8dfff9c66db29de7485a9946,d_d7b8cdf597bbaad6141098b1,Codex — agent-assisted initial review,2026-09-20T09:23:18.404604+00:00
2026:4012920261304133062,p0019,g_4dcabdaddcb048a316486e6c,869a0861095673e18f96964bb4cbdbb4fee4b4c46793bd817b2c19476205582a,d_be4bc3652b6ffa30a8b6399a,Codex — agent-assisted initial review,2026-09-20T09:08:32.301672+00:00
2026:4020420261304588256,p0002,g_063c805ecdb0029eded6ccc7,1bc2d10fdd09ba74ff1e56a18ea4ea0626bf8e6588f53c5e3fd6fa5136fa9135,d_d6a77f1d1dcce67313396e20,Codex — agent-assisted initial review,2026-09-20T09:23:18.404604+00:00
2026:4020420261304588259,p0003,g_7cfd98a442d4b5552a1af80a,5e6593ff2e572bbc054f84c35acb09f33aadc34ca92101cccfcee2473ae96d9f,d_17038df39b577a6d35b7a5b9,Codex — agent-assisted initial review,2026-09-20T09:23:18.404604+00:00
2026:4020420261304588286,p0002,g_13b10d987099e9319aae83d4,7c70f9a6bd4b12847745f1549c04fe8a82eca05e7f1a132c76150b09436cd3b2,d_ceeb10030f5736de890bbaba,Codex — agent-assisted initial review,2026-09-20T09:23:18.404604+00:00
2026:4020420261304588300,p0003,g_3110342c020a3af8dde12d40,267976670752687483dd0a21453d29430bf65cd9998ffd343cf4cefa44bc7271,d_2fb7a40473f5c33e223e1979,Codex — agent-assisted initial review,2026-09-20T09:23:18.404604+00:00
2026:4020420261304588305,p0011,g_e8928b4e16728d40e618c9c2,c1fc756f3ca554fc4032eaeb7f504f5635e78637b3a1c03df3d9a0aaa5b09c74,d_08181820b353c0e707c47c6c,Codex — agent-assisted initial review,2026-09-20T09:08:32.301672+00:00
2026:4020920261304845450,p0002,g_3b16ae4c07d4978c98723cc1,27e52451916018f56ee779c173d4ef683a0898dcbb88f14e6d7e54d5e36fa8d7,d_eead0485f73aaf4716fdb0f8,Codex — agent-assisted initial review,2026-09-20T09:23:18.404604+00:00
2026:4020920261304845453,p0003,g_1c5f24d997d3544b2b240c75,0e4c3b9a14ed227a441930c2eb78c2161e473c5bfedb9f38fdd37ef9cea8281f,d_8cd7fd0d2b82a1b131bb51ce,Codex — agent-assisted initial review,2026-09-20T09:23:18.404604+00:00
2026:4021020261305507910,p0009,g_9e7d13aecd18a08cd8a0fe3b,b50a55909276ed0d30a50840cbdcf53af8a7ee1c6a0a65f2e95834699d868863,d_0a696dbf9e0b1c43b3d9c77b,Codex — agent-assisted initial review,2026-09-20T09:08:32.301672+00:00
2026:4021020261305781932,p0002,g_d749ed3dbe9d8a9aad30a3ec,58626ab78aad0001a9fc385f5ef5e7f1a1c37929579d6fc6021193fb29374a45,d_82dc291915148daaeb34974b,Codex — agent-assisted initial review,2026-09-20T09:23:18.404604+00:00
2026:4021020261305781936,p0003,g_c2af968b2a8363049df109ff,2a3b6d7016402b5bf737ac671bcf5a4d0f12b57174a6da049d0f4bc6e9915044,d_7f69a84d18756183ec74f49e,Codex — agent-assisted initial review,2026-09-20T09:23:18.404604+00:00
2026:4021120261305828017,p0010,g_2dcdb07144302763b1e2b1ce,7a71a045b4e59f6ced61b54d162d45a9e0e2fce7a4f94ea66e260829fec7c793,d_1d9b52f2437dd0c09602eeec,Codex — agent-assisted initial review,2026-09-20T09:08:32.301672+00:00
2026:4021220261307949091,p0015,g_3260528cdd48433cca538260,74f70b745dbf914af6ff6be3eac706d9d413264be71962250cf671a97b99a6b7,d_5902184597041c430bafe10f,Codex — agent-assisted initial review,2026-09-20T09:23:18.404604+00:00
2026:4021220261307949095,p0004,g_9d953ab4fd64e7ff26ff6ff0,5b51406c227e1c2e3b4cf14644636f34886a4f4380f7e88526afee2dfedaa5a5,d_8093ec7e0347a1b2c8e2900a,Codex — agent-assisted initial review,2026-09-20T09:23:18.404604+00:00
2026:4021220261307949106,p0015,g_3260528cdd48433cca538260,6f36eef54aec0591cb4b29d4ca8664cf3143315498a4e757a328f75c139f06c6,d_5902184597041c430bafe10f,Codex — agent-assisted initial review,2026-09-20T09:23:18.404604+00:00
2026:4021220261307949108,p0004,g_9d953ab4fd64e7ff26ff6ff0,6a5aa812bf92969a3f4659d07445414257a1b2b571ed95fa59953e8aaae075e7,d_8093ec7e0347a1b2c8e2900a,Codex — agent-assisted initial review,2026-09-20T09:23:18.404604+00:00
2026:4021220261308083257,p0010,g_aa6469d85732dfad57f4022f,06a2c0b6cffc647f992aaf717b0acf50bc9ba2cb1f64f0439264751b68ef9243,d_2aadf70549b2fa70a5054837,Codex — agent-assisted initial review,2026-09-20T09:08:32.301672+00:00
2026:4021220261308171575,p0015,g_5958855dd4981301bc275966,0bd28639b721bacc847f6523cd08e6dd3ca561983c87b94b278941d27b1079d1,d_fd9a5e717b97b94a602da531,Codex — agent-assisted initial review,2026-09-20T09:23:18.404604+00:00
2026:4021320261308395570,p0015,g_a5d73b0b844a2197afcad6fe,b2fa9937bcc9d415db6c1b025e8115d446376959286a9c1bdd042597c76d14d1,d_45fb0026c439b2e7644584d6,Codex — agent-assisted initial review,2026-09-20T09:23:18.404604+00:00
2026:4021320261308405186,p0015,g_a5d73b0b844a2197afcad6fe,669d8cd13e19056d12077b1c3b43f862e2c9908503b5ddb54ac2ea69001b3ad9,d_45fb0026c439b2e7644584d6,Codex — agent-assisted initial review,2026-09-20T09:23:18.404604+00:00
2026:4021920261309041006,p0002,g_7ed342bdfac7ae010b978d23,e961f669274f7e03991e35776d5dd522b7b0187a27ed47dec3c9564cb9a259ff,d_1b5aba1722faa67574937fe6,Codex — agent-assisted initial review,2026-09-20T09:23:18.404604+00:00
2026:4022020261309562216,p0009,g_c5c7096a3d5090baf20331c5,8992371149f483c17f208ad51e32483eb87f18cbed1b5035c44d6c30cf45fa62,d_49376008bd2b6703a0120925,Codex — agent-assisted initial review,2026-09-20T09:08:32.301672+00:00
2026:4022020261309567754,p0002,g_3da3166adbfa75b0d6bd2bc6,d4431d416c222c0cccdc4e281b25d6f79f37a82a0e6644aaa67f8044f0ff13bb,d_158ba4b6a128d153678d2701,Codex — agent-assisted initial review,2026-09-20T09:23:18.404604+00:00
2026:4022020261309567769,p0003,g_c89858789354dc31643435e2,f801adb2417fe897814da5711115d6e6e02ab8bbcdf8ede38f84f84ffc9e1908,d_2c4b1efc6b8ecf90301c1698,Codex — agent-assisted initial review,2026-09-20T09:23:18.404604+00:00
2026:4022420251178344769,p0015,g_5b0877c6ae2bfbd9e7273bcb,f06fbde755c85ac504b0568cd04712fb8c020e3a51ba0697ae7240bcc731f836,d_99fd407d9c02946a7b955830,Codex — agent-assisted initial review,2026-09-20T09:23:18.404604+00:00
2026:4022420251178344770,p0015,g_5b0877c6ae2bfbd9e7273bcb,489cf37a03746afa563e8f5a78ea21f470d342e97c7c3eeec4920d7419efcf2f,d_99fd407d9c02946a7b955830,Codex — agent-assisted initial review,2026-09-20T09:23:18.404604+00:00
2026:4022420251178344771,p0015,g_5b0877c6ae2bfbd9e7273bcb,4b3215705fbfcf329701a8a155c71cea553243652fa819ed2d5fa97203242855,d_99fd407d9c02946a7b955830,Codex — agent-assisted initial review,2026-09-20T09:23:18.404604+00:00
2026:4022420251178344772,p0015,g_5b0877c6ae2bfbd9e7273bcb,6e29ed9633f8b0c9033c0f8d5065bb2e332d8521981d3b0206cbaf50b7e2e6e0,d_99fd407d9c02946a7b955830,Codex — agent-assisted initial review,2026-09-20T09:23:18.404604+00:00
2026:4022420251178346787,p0015,g_5b0877c6ae2bfbd9e7273bcb,63ea79eda8dd8b6deb0c1f19a58d9e2b418d00b352c7a6208a9ca3f8012b1904,d_99fd407d9c02946a7b955830,Codex — agent-assisted initial review,2026-09-20T09:23:18.404604+00:00
2026:4022420251178346788,p0015,g_5b0877c6ae2bfbd9e7273bcb,e20eb2ec3306ee11a5587fb4d040bb8d57d60c58e4fabb0ca5fe30c617aa2ec5,d_99fd407d9c02946a7b955830,Codex — agent-assisted initial review,2026-09-20T09:23:18.404604+00:00
2026:4022420261311842774,p0010,g_2679cb0a35d24a56b8390e07,7eea94af6ac69dba42582c9306ea8fd82fd432bb5c10102fa1c684ac1cb8a064,d_955576fb4a3482cba8360be4,Codex — agent-assisted initial review,2026-09-20T09:08:32.301672+00:00
2026:4022420261312410056,p0004,g_614763649502c60a09200ce6,8a876f0467d9126730aa88c08051ac3a8a0abdf53512ffce621d12be811cafa5,d_f2a2f44d65893bde78c109ac,Codex — agent-assisted initial review,2026-09-20T09:23:18.404604+00:00
2026:4022520261359007055,p0015,g_68b0c0e28738419ff58045c6,079f0e43e900470f22cc9accda764ba6eede3be0851072c781a6d5c9d555a9cc,d_b8b6fc90ee76f1bec79fc388,Codex — agent-assisted initial review,2026-09-20T09:23:18.404604+00:00
2026:4022520261359021053,p0015,g_d7268eeffddb2fac195dc0c4,8b99af6935d3840a8f70adafd56d4a6c8f13197d688a73bad96965ed33d928ff,d_39d44a3fc8f9399543532e5c,Codex — agent-assisted initial review,2026-09-20T09:23:18.404604+00:00
2026:4022520261359023024,p0009,g_f0f3b3fb12bc64289850d66a,79655f8b0859c3465c21308af3da8ff31eec4584967c65ea5525b6ecd3e454b5,d_8d5593376fe2e45dad7e939d,Codex — agent-assisted initial review,2026-09-20T09:08:32.301672+00:00
2026:4022520261359037571,p0003,g_89ddf7912125845eab0affa5,4ce392d0260e39e2dbf2cb11d161fbafb3a21e4d18bd7e0386d18f122d8fc8c1,d_d25c60312327a2f276afb560,Codex — agent-assisted initial review,2026-09-20T09:23:18.404604+00:00
2026:4022520261359057035,p0010,g_3dcbd6c193703913b5e07810,dba892da9e3ef2bf90b795e8db2c3312065661c962f7313fdebac026b63548c4,d_85d01fb664261c5631b334e7,Codex — agent-assisted initial review,2026-09-20T09:08:32.301672+00:00
2026:4022520261359164106,p0009,g_6acb2371f2447e2e8f6cfa8c,2aa1d99cdf66c6a67b40e436aca61c10d173e16ac2f16d3ea3810dfdb75703c0,d_90a566d0863945e73cf936ed,Codex — agent-assisted initial review,2026-09-20T09:08:32.301672+00:00
2026:4022520261359182116,p0002,g_7dae0f8d200f034efc239c9a,15e19a20ad0bdcbd0d5eb248cf381e26c1905c25d90b4f513ac3f389bca9e521,d_609ef004a0010c73b506d62f,Codex — agent-assisted initial review,2026-09-20T09:23:18.404604+00:00
2026:4022520261359182137,p0003,g_c06dc61bd2aeb2da4dcc628e,3e01dc42eeafca180b002d20180727cfebc4adc130181af54d0ebc4b65fc4edc,d_b26c5d32d9f7ba672bb4e632,Codex — agent-assisted initial review,2026-09-20T09:23:18.404604+00:00
2026:4022520261359183076,p0015,g_f54d36dd72ccd544ee1fb58a,3451f1915e98dd35d93f6b122e85efd885e9d55da9c59e0a62f44096f208b456,d_829da81b161507015d82534b,Codex — agent-assisted initial review,2026-09-20T09:23:18.404604+00:00
2026:4022520261359197347,p0009,g_f87f450c34fe98686d5f2fc5,419780c1339bc3fcc1e1d7338e63d5984edd2517789ed1f5cf10953fc2a9021f,d_df2deec4443c8b280f2a65b5,Codex — agent-assisted initial review,2026-09-20T09:08:32.301672+00:00
2026:4022620261359280341,p0015,g_578b8427ce7fa7abbce0485f,a3bb7e5d5a32c343c70ab4a934331b34b49c01925a00be8985fd94b6a15332f7,d_0c0ba061a34c252f6e742be3,Codex — agent-assisted initial review,2026-09-20T09:23:18.404604+00:00
2026:4022620261359282489,p0014,g_1a2cda40b0ed1b9a759ad8fa,06e0e6ebcd184681c7631accd401dc16f3bd286a4d500bf4ff215cad2c9aa7a7,d_441ff67b7c097d11f40b7dfd,Codex — agent-assisted initial review,2026-09-20T09:08:32.301672+00:00
2026:4022620261359291215,p0011,g_72f62069919151f4ee808679,a3e7712be2ddec14f00918bab3611a6819d44ee5e1dbbb3a7c9871101d954e9d,d_c5e1b3b13d9573c9be056b34,Codex — agent-assisted initial review,2026-09-20T09:08:32.301672+00:00
2026:4022620261359325154,p0003,g_ce6d39ff5d2083b69501e072,4fd0abe1119be6cf631151ba3af051e95fb9704e086f8f1f1c01df947bba90ad,d_e01553aba50e7230b309d97e,Codex — agent-assisted initial review,2026-09-20T09:23:18.404604+00:00
2026:4022620261359344223,p0003,g_ce6d39ff5d2083b69501e072,9a970be3f2485b561eb965cb3bf2b7bad8e7df20157e26fefa1d6a8256bb68a9,d_e01553aba50e7230b309d97e,Codex — agent-assisted initial review,2026-09-20T09:23:18.404604+00:00
2026:4022620261359368685,p0003,g_c2af968b2a8363049df109ff,a52e03e3d56a47c7a92253aeee37cae51826736d356bcdaa248ae0d8d6175ce1,d_7f69a84d18756183ec74f49e,Codex — agent-assisted initial review,2026-09-20T09:23:18.404604+00:00
2026:4022620261359368690,p0002,g_063c805ecdb0029eded6ccc7,ffe8c5443087b45e45285b60d8fc08dbe3e2e4e7c7dd157d4a06cdebc24ddf48,d_d6a77f1d1dcce67313396e20,Codex — agent-assisted initial review,2026-09-20T09:23:18.404604+00:00
2026:4022720261359728904,p0015,g_9bed307bcc0f2c2d0415c426,096e604a6c83ddb40ab0e65305ee02a152a6d865d32bea271798e8ab8f2e0f6b,d_1f3b2bc700c83cf3b3d2e7b4,Codex — agent-assisted initial review,2026-09-20T09:23:18.404604+00:00
2026:4022720261359728928,p0004,g_614763649502c60a09200ce6,b419f20a6c100887e56607a5eab574af37dfcdcc46224d2906200e7917e787ab,d_f2a2f44d65893bde78c109ac,Codex — agent-assisted initial review,2026-09-20T09:23:18.404604+00:00
2026:4022720261359793092,p0015,g_9bed307bcc0f2c2d0415c426,94b35ee6b9679fcfe7b120514cde7511d9a03b7f3408d3723fc560ea5e2b11e8,d_1f3b2bc700c83cf3b3d2e7b4,Codex — agent-assisted initial review,2026-09-20T09:23:18.404604+00:00
2026:4022720261359793093,p0015,g_9bed307bcc0f2c2d0415c426,ffae57c5762b78e51b86f85c5a89cf8ab78c89f5b06b06b264cdcea30bde0fde,d_1f3b2bc700c83cf3b3d2e7b4,Codex — agent-assisted initial review,2026-09-20T09:23:18.404604+00:00
2026:4022720261359868119,p0015,g_29550b6d13c56d136f16fdc2,32ee8d97638a97e787b45cdb608e83a32b961be66eed4389b491b9e9fba73825,d_fecde078979b80619f1cb3a6,Codex — agent-assisted initial review,2026-09-20T09:23:18.404604+00:00
2026:4030120261360203849,p0002,g_085eccb76e66fe418d29f4b5,98f460f5caa3f24e7b455ac6c188b2fcdc327b4dbeb68e7901f725b215ff1af7,d_2cae6cfd09bcd36c588d7910,Codex — agent-assisted initial review,2026-09-20T09:23:18.404604+00:00
2026:4030120261360205679,p0002,g_f813b27cc2ffd97033210377,f78865e4c10ea6cb62010806acfc026289e547a47f8d931b90997c973d6c4746,d_3e6471f852383cf271e2e541,Codex — agent-assisted initial review,2026-09-20T09:23:18.404604+00:00
2026:4030120261360209476,p0003,g_6b7bf1414df97434826be189,838cb036fc0ebee14be3fdfc6640fb16878b42644bd2929f86d9d68ef036cc28,d_1419a850d8595d393f37ed81,Codex — agent-assisted initial review,2026-09-20T09:23:18.404604+00:00
2026:4030120261360228789,p0002,g_69cebb5f14bf2db24e75f9fd,cb008d5d78e6fe0e4bb4d954078629061ce3ef4736e10d204a77f36a501f58bf,d_b415a9cc9be79ed780649dac,Codex — agent-assisted initial review,2026-09-20T09:23:18.404604+00:00
2026:4030120261360228791,p0003,g_c2af968b2a8363049df109ff,b23f46821ae74c5e42f769e5e5b5003f565db9e2d7a256d41f78bf928c56d3f4,d_7f69a84d18756183ec74f49e,Codex — agent-assisted initial review,2026-09-20T09:23:18.404604+00:00
2026:4030220261360498941,p0004,g_22d7d03600d24a13a91b41ab,a962a90ba7b22b6a4c6f12cd5b096d9e78b37e6fbb3fa58d38d3d2de43431ee1,d_48381a3ed728207079c31f7a,Codex — agent-assisted initial review,2026-09-20T09:23:18.404604+00:00
2026:4030220261360501179,p0003,g_cc395c13fa243e133fbe6763,955cb498a9aadf6280e8befbd0d619f859c228f75cb68a9750fc8249e9d8b55b,d_efecfcbabcfa9feabf79b5bc,Codex — agent-assisted initial review,2026-09-20T09:23:18.404604+00:00
2026:4030220261360520373,p0002,g_119a629a34c496f3c749e387,059f0e3eedeb0406523c1106b260f2303946829f41ec91a4f9eb453baa83bc47,d_5ef16503b6fbc56870d4964b,Codex — agent-assisted initial review,2026-09-20T09:23:18.404604+00:00
2026:4030220261360520374,p0002,g_119a629a34c496f3c749e387,68b22152a04ed59931c4ddcfb129c7991cd8203ec9ff47e6f6d28c3c805bf315,d_5ef16503b6fbc56870d4964b,Codex — agent-assisted initial review,2026-09-20T09:23:18.404604+00:00
2026:4030220261360520380,p0003,g_bc0fe70af9e78e6aa1effb65,83d989847d080f1554ace2b96c0f315cdde28779b9b0051815b6604348345313,d_e4a0af820e63c477ab50e563,Codex — agent-assisted initial review,2026-09-20T09:23:18.404604+00:00
2026:4030220261360520381,p0003,g_bc0fe70af9e78e6aa1effb65,7780130295c0a2a87060c2aa93c675152941d1315788ee194082a9a3d04fef53,d_e4a0af820e63c477ab50e563,Codex — agent-assisted initial review,2026-09-20T09:23:18.404604+00:00
2026:4030220261360753552,p0004,g_614763649502c60a09200ce6,e91b577a720833b1bb46d0a31043260226ac104c60d23998af2cbaf4f7b9ae46,d_f2a2f44d65893bde78c109ac,Codex — agent-assisted initial review,2026-09-20T09:23:18.404604+00:00
2026:4030220261360753554,p0004,g_614763649502c60a09200ce6,3ca37d52a59018be3f63a26f816848d33fad1425d9334f2585a4a7a100e5a53a,d_f2a2f44d65893bde78c109ac,Codex — agent-assisted initial review,2026-09-20T09:23:18.404604+00:00
2026:4030220261362127022,p0011,g_a21a462c84740d471f39e8e5,84ef6593ef45ca1d54c9a44253dcd22a979038e5a17f5c9c97291c672cc15960,d_14e321aad347685322ca741e,Codex — agent-assisted initial review,2026-09-20T09:08:32.301672+00:00
2026:4030220261363776086,p0012,g_94db6ca414c6a0dbd796742b,105521b99b903f9b1412bdd3d5c33d1f443a165d3b9d439a5407bba0a698b2f6,d_2243473645b2afc891a256af,Codex — agent-assisted initial review,2026-09-20T09:23:18.404604+00:00
2026:4030220261364301942,p0011,g_a21a462c84740d471f39e8e5,64512ed260441194a114ddcd2b6abba5aca880e021e3034c5c8d58826b90fad3,d_14e321aad347685322ca741e,Codex — agent-assisted initial review,2026-09-20T09:08:32.301672+00:00
2026:4030220261364783309,p0011,g_a21a462c84740d471f39e8e5,81f6c1e61e97c9479e44183246cc152eb88106dcbad3b8d37fa7e5d5f71fbbc8,d_14e321aad347685322ca741e,Codex — agent-assisted initial review,2026-09-20T09:08:32.301672+00:00
2026:4030220261367530556,p0009,g_43bd5f81e2ec35d8c2c8190f,36c5d0b5bcd489dd328d3c2593a6c9cedc8178f1efa9f1d3077c5456fc2fe6ac,d_b2a8218cd3b62e27f02dbdf9,Codex — agent-assisted initial review,2026-09-20T09:08:32.301672+00:00
2026:4030220261370594675,p0011,g_a21a462c84740d471f39e8e5,0e129da7e6f4b37a84b19b001c19b5b8281e8538c547eb9a3c58873cdacb3a75,d_14e321aad347685322ca741e,Codex — agent-assisted initial review,2026-09-20T09:08:32.301672+00:00
2026:4030220261372957576,p0009,g_43bd5f81e2ec35d8c2c8190f,02db9534e19afa302238dd9e2fc7fa1a39e578af28e527e57f4c5af7eba3db66,d_b2a8218cd3b62e27f02dbdf9,Codex — agent-assisted initial review,2026-09-20T09:08:32.301672+00:00
2026:4030220261373397831,p0011,g_a21a462c84740d471f39e8e5,b1b5f2b286608d878cacf9533dd293b166d4c1979d4e5fdf86847e07411abe88,d_14e321aad347685322ca741e,Codex — agent-assisted initial review,2026-09-20T09:08:32.301672+00:00
2026:4030220261373586370,p0011,g_a21a462c84740d471f39e8e5,8cd8d724c5486a5f29b9e7ef3377d644dec944ea0607cfe12953318e0f29ada8,d_14e321aad347685322ca741e,Codex — agent-assisted initial review,2026-09-20T09:08:32.301672+00:00
2026:4030320261385687172,p0015,g_4682e3ac934f3648a88932c8,a25bd473afcd9fb79025b29da417e7a6e550b1f7adbd0e14a8352a6ffa7de52e,d_fc61d49224ba22ecbb5afdef,Codex — agent-assisted initial review,2026-09-20T09:23:18.404604+00:00
2026:4030320261385687583,p0015,g_4682e3ac934f3648a88932c8,643ffb0abb4b2afb9bbf23a847363f53b577267f3a1074bab6c0febe5bbe5401,d_fc61d49224ba22ecbb5afdef,Codex — agent-assisted initial review,2026-09-20T09:23:18.404604+00:00
2026:4030320261385695074,p0002,g_aecb725779bbac15224a6294,2b848b0c16ef0cb401834c3a4f18cf3844980d939d7f45979c8d33a0fe038e37,d_d8e14571db8e6a1f8c470670,Codex — agent-assisted initial review,2026-09-20T09:23:18.404604+00:00
2026:4030320261385702064,p0003,g_2616b7fe86ff1e9c4ed694d5,2ae4db6dcd6b7dcce2a649a070591a2f54dee6907062037cd66d618415631b61,d_223f613938669ead21a5e64a,Codex — agent-assisted initial review,2026-09-20T09:23:18.404604+00:00
2026:4030320261385714246,p0004,g_16b81af518d5abee6ecc1102,cd3ecd6d7be410f017483981f847e13970227a33fed45196139b79e03570d1fb,d_82294dae8583cc2a36cfd96b,Codex — agent-assisted initial review,2026-09-20T09:23:18.404604+00:00
2026:4030320261385714293,p0002,g_1808c93174535c9190f5f438,19d7e09dc2a2e1a895ef91bed9295ddb2321b74d728a4f45c83bf40c7b6e9b6b,d_e19bcc06694aacfa26253892,Codex — agent-assisted initial review,2026-09-20T09:23:18.404604+00:00
2026:4030320261385714295,p0003,g_1c5f24d997d3544b2b240c75,73f4e78baeb5189cea576cf4db33335e79c923fffb73941b50d830d3a4b269b1,d_8cd7fd0d2b82a1b131bb51ce,Codex — agent-assisted initial review,2026-09-20T09:23:18.404604+00:00
2026:4030320261385740124,p0002,g_aecb725779bbac15224a6294,10bb98b2aaaf17157c9fe168869988487bca362c963b25e13125dc70bbac17de,d_d8e14571db8e6a1f8c470670,Codex — agent-assisted initial review,2026-09-20T09:23:18.404604+00:00
2026:4030320261385740125,p0002,g_aecb725779bbac15224a6294,e16a74b41327bc83c0b117433bd9fcf48a8eb841ec1296719d0e040be3038de1,d_d8e14571db8e6a1f8c470670,Codex — agent-assisted initial review,2026-09-20T09:23:18.404604+00:00
2026:4030320261385740126,p0002,g_aecb725779bbac15224a6294,02d6b83b64df56fa350516625b33c3054c4d4e5f1dec87679ce5054fa3ef4a31,d_d8e14571db8e6a1f8c470670,Codex — agent-assisted initial review,2026-09-20T09:23:18.404604+00:00
2026:4030320261385740219,p0003,g_c2af968b2a8363049df109ff,07f65c6ac3a90b41c28e10217d9f80b67570af690a0f28abe5d9205f3b4f4f3d,d_7f69a84d18756183ec74f49e,Codex — agent-assisted initial review,2026-09-20T09:23:18.404604+00:00
2026:4030320261385740220,p0003,g_c2af968b2a8363049df109ff,10c9a1979b6c4cbdc3895151ac3dcae00a29487b5f598b23cc8ef366a6cd6f73,d_7f69a84d18756183ec74f49e,Codex — agent-assisted initial review,2026-09-20T09:23:18.404604+00:00
2026:4030320261385740221,p0003,g_c2af968b2a8363049df109ff,e917086ae7376071d4d94dcb300ff504732f25a6bd965ea4bf5795ef7dc23d84,d_7f69a84d18756183ec74f49e,Codex — agent-assisted initial review,2026-09-20T09:23:18.404604+00:00
2026:4030320261385925941,p0003,g_f4d733ac09d875725259f767,06559473c18972547312a9c4eacdb7ba27dd63cc5703b9356a07db11d89f036e,d_6ae04891e86ac9be0e046494,Codex — agent-assisted initial review,2026-09-20T09:23:18.404604+00:00
2026:4030420261386019028,p0011,g_f6a030ca9ac1dfcc2d909762,98df48b167ee4977fe2e798e913ff0a487163cf8c538d56454706cd831b4e530,d_b6c0d653d15c55f48c48e183,Codex — agent-assisted initial review,2026-09-20T09:08:32.301672+00:00
2026:4030420261386043463,p0015,g_578b8427ce7fa7abbce0485f,0b96e87d24da25942dafde6711db27876cb75aa30dcb057d424a592986aec3e6,d_0c0ba061a34c252f6e742be3,Codex — agent-assisted initial review,2026-09-20T09:23:18.404604+00:00
2026:4030420261386079636,p0002,g_94ef0651466055cb3b0ecea0,af50cee4cd3b44e79673d2c5424e51a9c4f80d8dad346e49ae41f22ddce98579,d_d84eba3a1d83bd68335547f7,Codex — agent-assisted initial review,2026-09-20T09:23:18.404604+00:00
2026:4030420261386079637,p0003,g_52e1e93fc57d5216ec7ba3f2,59966e5801a6ecb8a1bf4e66b0b83d91116c5855454debfac51354a37d4fe0e5,d_5c537bd84aa374a59ce553a1,Codex — agent-assisted initial review,2026-09-20T09:23:18.404604+00:00
2026:4030420261386080924,p0015,g_c67524a54230288bf8580c00,3a3a6bdfaaf09b714c1687287e17084082d2ffd4641a848b717c5f9d80657f14,d_50d9a45b66fe951aaaeae72a,Codex — agent-assisted initial review,2026-09-20T09:23:18.404604+00:00
2026:4030420261386103917,p0004,g_10dda610aceb29ef28979501,bc685a46248eeab08fb5cd899ac7bc018a82b07dddd3e791cb56de7708734fdf,d_ded9551912819e6db481c405,Codex — agent-assisted initial review,2026-09-20T09:23:18.404604+00:00
2026:4030420261386103982,p0002,g_69cebb5f14bf2db24e75f9fd,142a10ad882ceb48f7adc0b052feca71efb1fe5acdd3ee2177debe23cc9cbad0,d_b415a9cc9be79ed780649dac,Codex — agent-assisted initial review,2026-09-20T09:23:18.404604+00:00
2026:4030420261386103983,p0003,g_a48aec5c17f7d117bec43173,feca0ad144be1bfb755d7deec27eb41bfeda7173a1d6e271e27466ee29e7d239,d_91f363e7c2482385acee2cb5,Codex — agent-assisted initial review,2026-09-20T09:23:18.404604+00:00
2026:4030420261386103989,p0015,g_f1b9eae3cde607f2600451b5,94ba0c64d611ac0ba462352a469840dc735f57f68d737484b40b634b6673a4e6,d_f8e1e358934dc041fd5b05a9,Codex — agent-assisted initial review,2026-09-20T09:23:18.404604+00:00
2026:4030420261386107051,p0010,g_ef379ad4835ee0ff6e5de5c2,b00dc58400d5e5f66e308d9e607e73c8a7e1c2970b4de1333c948e14ec35032c,d_f1f4b8fa01ac6cd6d66ba099,Codex — agent-assisted initial review,2026-09-20T09:08:32.301672+00:00
2026:4030420261386107195,p0003,g_f6dab17f3a008b1cde58c0d9,5d9d7442057a833d3c8880ce988a83b56b3369027d75d3fed8a8d0f67e58503b,d_bf07b5a651ca6a6e935566c7,Codex — agent-assisted initial review,2026-09-20T09:23:18.404604+00:00
2026:4030420261386107196,p0002,g_4b6f0ff7ba17c6ea0602bbd5,1ce43ddadb16fe33f81539c5cee3e3505fce3d13085d4d72e4cfe7e1250d82e9,d_d4bcdbaa18a746d9901f0061,Codex — agent-assisted initial review,2026-09-20T09:23:18.404604+00:00
2026:4030420261390417367,p0009,g_43bd5f81e2ec35d8c2c8190f,1bbd2543dd3e983c11d939b1b6b78199cfbc5eb643b68ebbbaf0c0c66b91ea9e,d_b2a8218cd3b62e27f02dbdf9,Codex — agent-assisted initial review,2026-09-20T09:08:32.301672+00:00
2026:4030420261390432185,p0009,g_43bd5f81e2ec35d8c2c8190f,4fd5cbd3727ec7773c0b1421cb8bfaf4789a4d33575b15dc5675f4324b7d77f8,d_b2a8218cd3b62e27f02dbdf9,Codex — agent-assisted initial review,2026-09-20T09:08:32.301672+00:00
2026:4030420261390458200,p0009,g_43bd5f81e2ec35d8c2c8190f,e24e51f101426ab1b07fff7e3f0b1cd5508a8945e40cb44353695ba87d11a6d3,d_b2a8218cd3b62e27f02dbdf9,Codex — agent-assisted initial review,2026-09-20T09:08:32.301672+00:00
2026:4030420261390485111,p0009,g_43bd5f81e2ec35d8c2c8190f,dda1029602a134c710c938c42031e1cf6e09188ca261a784c0a07aa3f5c51054,d_b2a8218cd3b62e27f02dbdf9,Codex — agent-assisted initial review,2026-09-20T09:08:32.301672+00:00
2026:4030420261390562340,p0009,g_43bd5f81e2ec35d8c2c8190f,afe5ed5d0b7688e54249bf2dad8703f4ed22eed057f0dcbc95408a877c6c53fa,d_b2a8218cd3b62e27f02dbdf9,Codex — agent-assisted initial review,2026-09-20T09:08:32.301672+00:00
2026:4030420261390612635,p0009,g_43bd5f81e2ec35d8c2c8190f,110d07916338911cd32c1b2011a208a8ca0c17f8981d01d576f2b40e4b06a9af,d_b2a8218cd3b62e27f02dbdf9,Codex — agent-assisted initial review,2026-09-20T09:08:32.301672+00:00
2026:4030420261390632143,p0009,g_43bd5f81e2ec35d8c2c8190f,b28345eeee26a0c4133b41486dd67f312ead7dabb60390d08cb06e9ea200e778,d_b2a8218cd3b62e27f02dbdf9,Codex — agent-assisted initial review,2026-09-20T09:08:32.301672+00:00
2026:4030420261390678385,p0009,g_43bd5f81e2ec35d8c2c8190f,ed4ea19a7aaf4dde59dec3e46423af885429c03361a6e2a90596042e72cd50f9,d_b2a8218cd3b62e27f02dbdf9,Codex — agent-assisted initial review,2026-09-20T09:08:32.301672+00:00
2026:4030420261390704316,p0009,g_43bd5f81e2ec35d8c2c8190f,9decf1fbe9aa247b989823a41a196883e14c3ed090b1e4296431dbb62d011091,d_b2a8218cd3b62e27f02dbdf9,Codex — agent-assisted initial review,2026-09-20T09:08:32.301672+00:00
2026:4030420261390767508,p0009,g_43bd5f81e2ec35d8c2c8190f,42fb413ab7ed1abf5d1cf15c93488c2b28aa238e370ba5789d64b66f6a735139,d_b2a8218cd3b62e27f02dbdf9,Codex — agent-assisted initial review,2026-09-20T09:08:32.301672+00:00
2026:4030420261390809080,p0009,g_43bd5f81e2ec35d8c2c8190f,0c3c6a1e0dc5681a3c6d04e36a852e42d11578d534ec6341547aa9915ccb4a51,d_b2a8218cd3b62e27f02dbdf9,Codex — agent-assisted initial review,2026-09-20T09:08:32.301672+00:00
2026:4030420261390820787,p0009,g_43bd5f81e2ec35d8c2c8190f,b74bce625e339cdbcd72914157c8c1b150f26af8fc22f70c4dd0a88d7d118e1b,d_b2a8218cd3b62e27f02dbdf9,Codex — agent-assisted initial review,2026-09-20T09:08:32.301672+00:00
2026:4030420261390834059,p0009,g_43bd5f81e2ec35d8c2c8190f,37c34958c63d0383036ccd8c983230f7ac17358f6c3d3bb2e81dcc5833580c8a,d_b2a8218cd3b62e27f02dbdf9,Codex — agent-assisted initial review,2026-09-20T09:08:32.301672+00:00
2026:4030420261390879493,p0009,g_43bd5f81e2ec35d8c2c8190f,3e562fc051c7c6cb33185b634ccd2c2ea8042d8d07dc935b3a1f065c73617fc9,d_b2a8218cd3b62e27f02dbdf9,Codex — agent-assisted initial review,2026-09-20T09:08:32.301672+00:00
2026:4030420261390931447,p0009,g_43bd5f81e2ec35d8c2c8190f,e96566fab1b9db387ee8a8d9b27dbc204663f107b8fe333caa2501bdd24025d4,d_b2a8218cd3b62e27f02dbdf9,Codex — agent-assisted initial review,2026-09-20T09:08:32.301672+00:00
2026:4030420261390951456,p0009,g_43bd5f81e2ec35d8c2c8190f,4e16dcf3b0403e5a25e6d3e5021e627be1477ec5b052cef8fd8bbfa3f8fde6b5,d_b2a8218cd3b62e27f02dbdf9,Codex — agent-assisted initial review,2026-09-20T09:08:32.301672+00:00
2026:4030420261391054075,p0009,g_43bd5f81e2ec35d8c2c8190f,d4d53891de6536caf1cdcf3d00a3c154cde9a1f05b7cb74e6ac5cf4108eccf31,d_b2a8218cd3b62e27f02dbdf9,Codex — agent-assisted initial review,2026-09-20T09:08:32.301672+00:00
2026:4030420261391080724,p0009,g_43bd5f81e2ec35d8c2c8190f,0da5605aa20c41b6959f47a13a88de10f3b050a69ac0fd3ff0ef786180538b5b,d_b2a8218cd3b62e27f02dbdf9,Codex — agent-assisted initial review,2026-09-20T09:08:32.301672+00:00
2026:4030420261391139131,p0009,g_43bd5f81e2ec35d8c2c8190f,3eb0283f16de7555b616fcbd848d3637c44cf29128485e29df46bb29e9ebffb7,d_b2a8218cd3b62e27f02dbdf9,Codex — agent-assisted initial review,2026-09-20T09:08:32.301672+00:00
2026:4030420261391147066,p0009,g_43bd5f81e2ec35d8c2c8190f,b2a59be70312fee4872047265131de35e4ee237733066de42c39f184fd8e0552,d_b2a8218cd3b62e27f02dbdf9,Codex — agent-assisted initial review,2026-09-20T09:08:32.301672+00:00
2026:4030420261391149708,p0009,g_43bd5f81e2ec35d8c2c8190f,154e8227e7a30c397a29e5360656cab0136ad007931c0a6e888d4389d6d476f4,d_b2a8218cd3b62e27f02dbdf9,Codex — agent-assisted initial review,2026-09-20T09:08:32.301672+00:00
2026:4030420261391157747,p0009,g_43bd5f81e2ec35d8c2c8190f,74a603137c1c61a0d2d7f7c77643508a20f6e5b2658400c0092e3ae752004c96,d_b2a8218cd3b62e27f02dbdf9,Codex — agent-assisted initial review,2026-09-20T09:08:32.301672+00:00
2026:4030420261391170186,p0009,g_43bd5f81e2ec35d8c2c8190f,20559011951752f6913ff18bc17d6ffcd57916f852f6d2e8665a4b2d661b9241,d_b2a8218cd3b62e27f02dbdf9,Codex — agent-assisted initial review,2026-09-20T09:08:32.301672+00:00
2026:4030420261391225279,p0009,g_43bd5f81e2ec35d8c2c8190f,37d56b3d433a72ebb6605e96a2dc01e286d1b0f4bffbf567cad6a3508214beb1,d_b2a8218cd3b62e27f02dbdf9,Codex — agent-assisted initial review,2026-09-20T09:08:32.301672+00:00
2026:4030420261391298043,p0009,g_43bd5f81e2ec35d8c2c8190f,c5e4f8952a04d1724d5a108bb816009f7053820ea4b84c85c5b534e324d84a1a,d_b2a8218cd3b62e27f02dbdf9,Codex — agent-assisted initial review,2026-09-20T09:08:32.301672+00:00
2026:4030420261391320058,p0009,g_43bd5f81e2ec35d8c2c8190f,68fc448605c474b52d76007a884b566ec8f66fae0a9a00af88926e9cac1c3334,d_b2a8218cd3b62e27f02dbdf9,Codex — agent-assisted initial review,2026-09-20T09:08:32.301672+00:00
2026:4030420261391325101,p0009,g_43bd5f81e2ec35d8c2c8190f,1282819d9ae27d6b6632b4d3b08235bd716bdf0cebcf5f35809c28cf5e31dc61,d_b2a8218cd3b62e27f02dbdf9,Codex — agent-assisted initial review,2026-09-20T09:08:32.301672+00:00
2026:4030420261391326546,p0009,g_43bd5f81e2ec35d8c2c8190f,235b849b99d173eaab59cd4aa6f1d0a22fb3ed97da51b40dc426bc6027cffa14,d_b2a8218cd3b62e27f02dbdf9,Codex — agent-assisted initial review,2026-09-20T09:08:32.301672+00:00
2026:4030420261391600432,p0011,g_a21a462c84740d471f39e8e5,ed556771933b325d9823d08b50f5dc1bb923e5e2684de967c0d583fac4d320a6,d_14e321aad347685322ca741e,Codex — agent-assisted initial review,2026-09-20T09:08:32.301672+00:00
2026:4030420261391783923,p0008,g_c0e18a0d6e5d3a765746dc80,b22f5cda380300107f24cbec10f423218b68f3fa2930711c5f60ae9d6f91447c,d_f65f16f8ace293f45481ffa3,Codex — agent-assisted initial review,2026-09-20T09:08:32.301672+00:00
2026:4030420261391824162,p0001,g_b82523f4ed7bdd4669c455b4,87cba329597b76f103c738a33ea6bcdfc346c461f15dc4564a4d63a5097aa0c2,d_d4fffc7f3919394f63a6fa24,Codex — agent-assisted initial review,2026-09-20T09:08:32.301672+00:00
2026:4030420261391829916,p0008,g_c0e18a0d6e5d3a765746dc80,4554724a2205f3bbe489b5f145e709dd466b2d5699fb0c68fbc15ce9b9f7817f,d_f65f16f8ace293f45481ffa3,Codex — agent-assisted initial review,2026-09-20T09:08:32.301672+00:00
2026:4030420261391842246,p0001,g_b82523f4ed7bdd4669c455b4,b7fdfc44dbb0fe095549c4db8891e971f4f9c470d976b288d74bbc2438483c02,d_d4fffc7f3919394f63a6fa24,Codex — agent-assisted initial review,2026-09-20T09:08:32.301672+00:00
2026:4030420261391848046,p0001,g_b82523f4ed7bdd4669c455b4,a0b97861f081987a6e381449382d0e86842ebe16240cd23fd961e8ebf345d012,d_d4fffc7f3919394f63a6fa24,Codex — agent-assisted initial review,2026-09-20T09:08:32.301672+00:00
2026:4030420261391969804,p0001,g_b82523f4ed7bdd4669c455b4,0fcc9393d930e7ed49de5c4ace4412fc636f092d8b8086c68f47580e1d5588ce,d_d4fffc7f3919394f63a6fa24,Codex — agent-assisted initial review,2026-09-20T09:08:32.301672+00:00
2026:4030420261392001514,p0001,g_b82523f4ed7bdd4669c455b4,7053bbad581370b60f4a03fe7e163b8e2706e0a154cf541f6f594da6df1b6b57,d_d4fffc7f3919394f63a6fa24,Codex — agent-assisted initial review,2026-09-20T09:08:32.301672+00:00
2026:4030420261392094165,p0008,g_c0e18a0d6e5d3a765746dc80,556814c45837899320a9cf07a1d501671b9eb480264a1f031389a41d24cd5a81,d_f65f16f8ace293f45481ffa3,Codex — agent-assisted initial review,2026-09-20T09:08:32.301672+00:00
2026:4030420261392137046,p0008,g_c0e18a0d6e5d3a765746dc80,302f4ff398d9a7d7fc3b3118fc4b378c68c7ca8183df026690017f2f03414547,d_f65f16f8ace293f45481ffa3,Codex — agent-assisted initial review,2026-09-20T09:08:32.301672+00:00
2026:4030420261392210054,p0001,g_b82523f4ed7bdd4669c455b4,566876738acadb3755084eded34db65cf105274e24926b199662bc8d882bd757,d_d4fffc7f3919394f63a6fa24,Codex — agent-assisted initial review,2026-09-20T09:08:32.301672+00:00
2026:4030420261392212210,p0001,g_b82523f4ed7bdd4669c455b4,d65ecaa1aabac761d858164960c7fed10438b56af70bc131e86751c5d935b6d7,d_d4fffc7f3919394f63a6fa24,Codex — agent-assisted initial review,2026-09-20T09:08:32.301672+00:00
2026:4030420261392220022,p0001,g_b82523f4ed7bdd4669c455b4,7952a85b438da9303bad595ffffffb7609850fe58f1d1ffc8b77849884f24250,d_d4fffc7f3919394f63a6fa24,Codex — agent-assisted initial review,2026-09-20T09:08:32.301672+00:00
2026:4030420261392244822,p0001,g_b82523f4ed7bdd4669c455b4,1feff1a986ac51523fc6d8100147013f5a824c160e3bd1afbad9c80aa0bbe03c,d_d4fffc7f3919394f63a6fa24,Codex — agent-assisted initial review,2026-09-20T09:08:32.301672+00:00
2026:4030420261392258721,p0001,g_b82523f4ed7bdd4669c455b4,01087e747603c39597439c0d4b1b7a3613e6b09ea839ea4a79958e879e92d0a6,d_d4fffc7f3919394f63a6fa24,Codex — agent-assisted initial review,2026-09-20T09:08:32.301672+00:00
2026:4030420261392260825,p0009,g_43bd5f81e2ec35d8c2c8190f,2398dfb0e541c62a9dd268c82ffb414cde493e3c740d5d558162c9d341509e15,d_b2a8218cd3b62e27f02dbdf9,Codex — agent-assisted initial review,2026-09-20T09:08:32.301672+00:00
2026:4030420261392269347,p0001,g_b82523f4ed7bdd4669c455b4,166191d7658be58cf6f22638846a1f34e61d9c8fd9a6be2e6ebbe43549c1d1c6,d_d4fffc7f3919394f63a6fa24,Codex — agent-assisted initial review,2026-09-20T09:08:32.301672+00:00
2026:4030420261392294234,p0001,g_b82523f4ed7bdd4669c455b4,a923e85afd8efec9179f0e5d6d1bed899e5f70f0e49a3edc0588e466b6b86fbf,d_d4fffc7f3919394f63a6fa24,Codex — agent-assisted initial review,2026-09-20T09:08:32.301672+00:00
2026:4030420261392298152,p0009,g_43bd5f81e2ec35d8c2c8190f,75fbac96cea1b2f56617ed36e617a650730764fdca68afd5c9526120a3543920,d_b2a8218cd3b62e27f02dbdf9,Codex — agent-assisted initial review,2026-09-20T09:08:32.301672+00:00
2026:4030420261392328731,p0001,g_b82523f4ed7bdd4669c455b4,279e1f12cf6a22da2412ede5520db544e236e5529f13d42f26a437ec0c5c6177,d_d4fffc7f3919394f63a6fa24,Codex — agent-assisted initial review,2026-09-20T09:08:32.301672+00:00
2026:4030420261392351366,p0001,g_b82523f4ed7bdd4669c455b4,b6ec7b79ff6fca05bde34e5a8007a31a510587666024d4c2a50461b5f9bd2eb5,d_d4fffc7f3919394f63a6fa24,Codex — agent-assisted initial review,2026-09-20T09:08:32.301672+00:00
2026:4030420261392353489,p0009,g_43bd5f81e2ec35d8c2c8190f,0b605f8e01d81b743a592977ada74657c6d6f5afda2bb7694ddee96f370fa4cf,d_b2a8218cd3b62e27f02dbdf9,Codex — agent-assisted initial review,2026-09-20T09:08:32.301672+00:00
2026:4030420261392418894,p0009,g_43bd5f81e2ec35d8c2c8190f,259bf57bf5734aeb161d658c904b0cf361b2a01d3010d8f0c6d6470f51cc0214,d_b2a8218cd3b62e27f02dbdf9,Codex — agent-assisted initial review,2026-09-20T09:08:32.301672+00:00
2026:4030420261392429042,p0001,g_b82523f4ed7bdd4669c455b4,993f8a9489b8c487794bf871b46a41e5876eefca5725fefd24950a761553bb4e,d_d4fffc7f3919394f63a6fa24,Codex — agent-assisted initial review,2026-09-20T09:08:32.301672+00:00
2026:4030420261392506269,p0001,g_b82523f4ed7bdd4669c455b4,8e8daa941350834c84c73066a279d916c0bfd2009e43ceeb292930128247f8fc,d_d4fffc7f3919394f63a6fa24,Codex — agent-assisted initial review,2026-09-20T09:08:32.301672+00:00
2026:4030420261392593951,p0009,g_43bd5f81e2ec35d8c2c8190f,830fd43d4e7076a1ea4532fdd2b9dbb60512dcdf3e6d86653eafe2e5878490d6,d_b2a8218cd3b62e27f02dbdf9,Codex — agent-assisted initial review,2026-09-20T09:08:32.301672+00:00
2026:4030420261392663806,p0009,g_43bd5f81e2ec35d8c2c8190f,dfef959f667838f18a24d77e195a1efc80b932e739160c896df6855c54d26b3f,d_b2a8218cd3b62e27f02dbdf9,Codex — agent-assisted initial review,2026-09-20T09:08:32.301672+00:00
2026:4030420261392667494,p0009,g_43bd5f81e2ec35d8c2c8190f,a2b120428c7ca6a6550baccde33e599a9502817f01f6c8792fb0433c2791e512,d_b2a8218cd3b62e27f02dbdf9,Codex — agent-assisted initial review,2026-09-20T09:08:32.301672+00:00
2026:4030420261392686532,p0009,g_43bd5f81e2ec35d8c2c8190f,e860e66da5e116df54171eea6ae5350a94e9710541202f53604012f016df7bde,d_b2a8218cd3b62e27f02dbdf9,Codex — agent-assisted initial review,2026-09-20T09:08:32.301672+00:00
2026:4030420261392746250,p0009,g_43bd5f81e2ec35d8c2c8190f,1f3a6509719716be495d9bfc97f345a06ab0c8679fe35169386dd43cc418bf19,d_b2a8218cd3b62e27f02dbdf9,Codex — agent-assisted initial review,2026-09-20T09:08:32.301672+00:00
2026:4030420261392765533,p0009,g_43bd5f81e2ec35d8c2c8190f,2fcbc84be6f3acbf37906dcb6450cb2faf7acf0b506795a735f67e0768489092,d_b2a8218cd3b62e27f02dbdf9,Codex — agent-assisted initial review,2026-09-20T09:08:32.301672+00:00
2026:4030420261392927012,p0008,g_c0e18a0d6e5d3a765746dc80,5e244143fbfcec600c267bece15f4b2ad99b6049a93a9532b5f7554e84d2602a,d_f65f16f8ace293f45481ffa3,Codex — agent-assisted initial review,2026-09-20T09:08:32.301672+00:00
2026:4030420261393086872,p0009,g_43bd5f81e2ec35d8c2c8190f,2660e17a153f4655de4a49f41e38b7215539df0b3ba0272cc1c615bc3c7f11dd,d_b2a8218cd3b62e27f02dbdf9,Codex — agent-assisted initial review,2026-09-20T09:08:32.301672+00:00
2026:4030420261393485332,p0009,g_43bd5f81e2ec35d8c2c8190f,4a2210c8d9c76bf48a93e5ad7e0b1f3259ce6ab690c04b0b17fae51fed7d181f,d_b2a8218cd3b62e27f02dbdf9,Codex — agent-assisted initial review,2026-09-20T09:08:32.301672+00:00
2026:4030420261395294223,p0009,g_43bd5f81e2ec35d8c2c8190f,6d7c328507faac0906d3a83580727d2238f00827f59172a0d050110a9c314c94,d_b2a8218cd3b62e27f02dbdf9,Codex — agent-assisted initial review,2026-09-20T09:08:32.301672+00:00
2026:4030420261397085420,p0009,g_43bd5f81e2ec35d8c2c8190f,675564b032b9b261312421c9c22197bd2376e731357a32548cbc1f2d7d34cbbb,d_b2a8218cd3b62e27f02dbdf9,Codex — agent-assisted initial review,2026-09-20T09:08:32.301672+00:00
2026:4030420261399483180,p0009,g_43bd5f81e2ec35d8c2c8190f,554fd84d0f7d946c8b288065217d6f5bd16d157c74e0835d3f188b567dd2f34e,d_b2a8218cd3b62e27f02dbdf9,Codex — agent-assisted initial review,2026-09-20T09:08:32.301672+00:00
2026:4030420261399526002,p0009,g_43bd5f81e2ec35d8c2c8190f,52aae024307133ab03e5669065e34774e3282f6d52ac2cb54c581e45b8408011,d_b2a8218cd3b62e27f02dbdf9,Codex — agent-assisted initial review,2026-09-20T09:08:32.301672+00:00
2026:4030520261411244124,p0014,g_90458142716a61f6004ecc36,928becf0d7d44d91ce0697e6d9f2b93df1e31c905c6e29cb760923abe968f3ed,d_28a16010ff59d606c0017192,Codex — agent-assisted initial review,2026-09-20T09:08:32.301672+00:00
2026:4030520261411248239,p0011,g_a21a462c84740d471f39e8e5,46f63b8785f64c1e840a0b4e88b9012ce536ba6d1fdb1612d7527064fd3ce76d,d_14e321aad347685322ca741e,Codex — agent-assisted initial review,2026-09-20T09:08:32.301672+00:00
2026:4030520261411354799,p0003,g_c2af968b2a8363049df109ff,944bc29ea6a8b3ba89499206ffdc203cc44370c9bbb140d040dbac0d2e06113e,d_7f69a84d18756183ec74f49e,Codex — agent-assisted initial review,2026-09-20T09:23:18.404604+00:00
2026:4030520261411356286,p0003,g_c2af968b2a8363049df109ff,baaa4c502a521aee92320d3f9202b4e5789d6b374cc850a17a47066143699b0c,d_7f69a84d18756183ec74f49e,Codex — agent-assisted initial review,2026-09-20T09:23:18.404604+00:00
2026:4030920261411588317,p0002,g_e9026bcd23c6e55a1d701373,49eae8324e87f6a14638822b7311cf983156ce101db64143be258c7c56b38549,d_6d3c8d79a75e205b70fe66d4,Codex — agent-assisted initial review,2026-09-20T09:23:18.404604+00:00
2026:4030920261411588318,p0002,g_e9026bcd23c6e55a1d701373,57a77e57a2a5710e233e1fbe6d0669e5fe177a9f5d032c85094acc4e6ff43bdf,d_6d3c8d79a75e205b70fe66d4,Codex — agent-assisted initial review,2026-09-20T09:23:18.404604+00:00
2026:4030920261411588390,p0003,g_1c5f24d997d3544b2b240c75,8eab20e69b3257427fe3fd87640e415aa6d455cb6679c8da26d038cc15b092dc,d_8cd7fd0d2b82a1b131bb51ce,Codex — agent-assisted initial review,2026-09-20T09:23:18.404604+00:00
2026:4030920261411588391,p0003,g_1c5f24d997d3544b2b240c75,d5bf5efb3d5ea1f2ae589064bcacc1480e5bb5dc3587394ea08a8e5b3ac38f26,d_8cd7fd0d2b82a1b131bb51ce,Codex — agent-assisted initial review,2026-09-20T09:23:18.404604+00:00
2026:4030920261419935161,p0003,g_cf24d9bffeb6bc62e25cedcc,2ed822daac002dd999919bc613d9ae496976eda83033b452f4387947549a752b,d_5b8041f0ffdce1d0d1390b26,Codex — agent-assisted initial review,2026-09-20T09:23:18.404604+00:00
2026:4030920261419935162,p0003,g_cf24d9bffeb6bc62e25cedcc,6713afa2e7b0d4823e2a05579c4930415265497f6b5f342f07b6529be6d19d1b,d_5b8041f0ffdce1d0d1390b26,Codex — agent-assisted initial review,2026-09-20T09:23:18.404604+00:00
2026:4031020261420534349,p0003,g_d87ba8b28e172c31eb410874,062af9bb0e5ed4d765ad879de41a05ce60ebe19daf7f0d0167b5cda16533194a,d_8620d6700951a694bc1f4ff6,Codex — agent-assisted initial review,2026-09-20T09:23:18.404604+00:00
2026:4031020261420555112,p0011,g_a21a462c84740d471f39e8e5,add58f359012d56c8ddac38ccdc5a5092261edaabbba60168306f438950e7f57,d_14e321aad347685322ca741e,Codex — agent-assisted initial review,2026-09-20T09:08:32.301672+00:00
2026:4031020261420655895,p0015,g_37f369eb7c3a2dd8b0b0e30e,c1bc08f544851d52578bba91b1163dd4256881b69cea394b66dac7bb5fcd16cd,d_aaa65dd1ce83f77788cc0abe,Codex — agent-assisted initial review,2026-09-20T09:23:18.404604+00:00
2026:4031020261420656072,p0015,g_37f369eb7c3a2dd8b0b0e30e,d0d144fb585956140bf0140be3393617a993548a290dfb22c5304dee26d0f87f,d_aaa65dd1ce83f77788cc0abe,Codex — agent-assisted initial review,2026-09-20T09:23:18.404604+00:00
2026:4031220261421087755,p0001,g_ea188b5fd75c578d97a166b1,5baf8a3bd5f1dcc6d43e86ddea11b7dda2d00e75e949abd09a2bc606b8ab97a2,d_143460d2cb5c674eecae2241,Codex — agent-assisted initial review,2026-09-20T09:08:32.301672+00:00
2026:4031220261421093476,p0001,g_ea188b5fd75c578d97a166b1,01d51f28bcce31ac9a782eff684354a7d42429eb351bd2bb427ef4dbaf74eaa3,d_143460d2cb5c674eecae2241,Codex — agent-assisted initial review,2026-09-20T09:08:32.301672+00:00
2026:4031220261421093477,p0001,g_ea188b5fd75c578d97a166b1,7337f5a91b1f8b5928f2e2d16d0c75133a72eabca9fa2c53ba80c7b7af7ccbff,d_143460d2cb5c674eecae2241,Codex — agent-assisted initial review,2026-09-20T09:08:32.301672+00:00
2026:4031220261421093479,p0001,g_ea188b5fd75c578d97a166b1,7394ae5c7e594828f062768045daa3d39d60a68bfe74b24e12c4824888779c43,d_143460d2cb5c674eecae2241,Codex — agent-assisted initial review,2026-09-20T09:08:32.301672+00:00
2026:4031220261421093481,p0001,g_ea188b5fd75c578d97a166b1,9357235b5a25f87dc67f837c7fe685182e6f5ea91f2ee6cf0949ccadf0de812e,d_143460d2cb5c674eecae2241,Codex — agent-assisted initial review,2026-09-20T09:08:32.301672+00:00
2026:4031220261421093483,p0001,g_ea188b5fd75c578d97a166b1,6f18a5637aabb3a9a04bc6d587e2ec069c528e1cc17db17667f4683e6a5b95f6,d_143460d2cb5c674eecae2241,Codex — agent-assisted initial review,2026-09-20T09:08:32.301672+00:00
2026:4031220261421097928,p0004,g_0b198a0d9b996ad8951e1a92,5c94ead58f178f8d88cf5188bd8b977033b4ae9d6ed2ba14bfd76518a19e1a13,d_a00e389ad5911544fc037e8c,Codex — agent-assisted initial review,2026-09-20T09:23:18.404604+00:00
2026:4031220261421107674,p0003,g_810353dcb998792851f793d7,7166ea85b01263f21c7369417b0575183b4dec9c5d7f75d55fa1a58b91811570,d_71a76b1a08e4c13cda99300d,Codex — agent-assisted initial review,2026-09-20T09:23:18.404604+00:00
2026:4031320261423297004,p0002,g_5109492476f487df8816d252,0c2ed32264f0ca7e82c3877c8c6e73435bd8d8fe0808291505d82aa4734a1607,d_f4445bf7bf8ecfde3f0002c0,Codex — agent-assisted initial review,2026-09-20T09:23:18.404604+00:00
2026:4031320261423297005,p0002,g_5109492476f487df8816d252,38ccb540a47559ae27f2c5b37d1674f79d1ea1b51f6bdbac11eb7e930f22c0b2,d_f4445bf7bf8ecfde3f0002c0,Codex — agent-assisted initial review,2026-09-20T09:23:18.404604+00:00
2026:4031320261423297016,p0003,g_4101025191ba6f938a697de3,0fd1e37c585f6796aa4cbe0ed57c9286ce39792239e32eaf10d44f60fc88a603,d_4a848fd2d188230a317d7529,Codex — agent-assisted initial review,2026-09-20T09:23:18.404604+00:00
2026:4031320261423297017,p0003,g_4101025191ba6f938a697de3,47981f410217e63d278a13c1612997fdcb3ac78371ab51053f29d39a357ef976,d_4a848fd2d188230a317d7529,Codex — agent-assisted initial review,2026-09-20T09:23:18.404604+00:00
2026:4031620261423621486,p0019,g_12245f2dbe72fb40db56e92b,0ff42bd43d3523e9b8435adbed3fe700cd08736f46fdfb13591a01ed76b7cfd9,d_3c9af3cd75672ddfce737d4c,Codex — agent-assisted initial review,2026-09-20T09:08:32.301672+00:00
2026:4031720261423908036,p0009,g_c5c7096a3d5090baf20331c5,2046ab58b413fe85ea59c1d21b76e56a8d813aecb5150ace4e4c3481d074ccd8,d_49376008bd2b6703a0120925,Codex — agent-assisted initial review,2026-09-20T09:08:32.301672+00:00
2026:4031920251180349557,p0002,g_2989bcae04fbb0b68a3a1aff,35dc5cf08a67d8e63614647b808b66c794b22843efd3f3d8bd98d83936d4f53d,d_74ac96f352306a511548e1f6,Codex — agent-assisted initial review,2026-09-20T09:23:18.404604+00:00
2026:4031920251180349563,p0003,g_bd993874713f723ec645a775,8c6de860fc98956f070a9dcaed29936fb5427b26870a275c67850a80b22d68b5,d_6f2975c786c5479e7327c89a,Codex — agent-assisted initial review,2026-09-20T09:23:18.404604+00:00
2026:4031920261424751938,p0004,g_9d953ab4fd64e7ff26ff6ff0,e054989c404e9ec1551daf2a2c1bec2875ceec18219549fa4014c9a02c229505,d_8093ec7e0347a1b2c8e2900a,Codex — agent-assisted initial review,2026-09-20T09:23:18.404604+00:00
2026:4031920261424751987,p0004,g_9d953ab4fd64e7ff26ff6ff0,e409db5b5188415d4746591df42a981b8d0d037215569430ca600cfa865db925,d_8093ec7e0347a1b2c8e2900a,Codex — agent-assisted initial review,2026-09-20T09:23:18.404604+00:00
2026:4032320261424905020,p0002,g_063c805ecdb0029eded6ccc7,a43d23119bb71af55602e611f0205566b58ee1e260c65e728e759a74c201eca9,d_d6a77f1d1dcce67313396e20,Codex — agent-assisted initial review,2026-09-20T09:23:18.404604+00:00
2026:4032320261424905590,p0003,g_7cfd98a442d4b5552a1af80a,3e829403a488f039f90c9a875e748800c7c72828ccd2fcfa6737ae74ae4e84fd,d_17038df39b577a6d35b7a5b9,Codex — agent-assisted initial review,2026-09-20T09:23:18.404604+00:00
2026:4032320261425006546,p0002,g_063c805ecdb0029eded6ccc7,b728d96a6745c286be019611cd93ffb0ed351ae38c970bf64c23ec6fa0c6c293,d_d6a77f1d1dcce67313396e20,Codex — agent-assisted initial review,2026-09-20T09:23:18.404604+00:00
2026:4032320261425006556,p0003,g_7cfd98a442d4b5552a1af80a,81ed6befd124dc3c5345a2b405bd5b421566a431d5f6f04e8b64ea072ba46d8b,d_17038df39b577a6d35b7a5b9,Codex — agent-assisted initial review,2026-09-20T09:23:18.404604+00:00
2026:4032320261425022998,p0011,g_f95ec01c88d40ec4a8fe0627,8793432960939f5f615cd9583cb1b78c39391eb0869e09add807a63f35165591,d_24fad14768e5d727e52253db,Codex — agent-assisted initial review,2026-09-20T09:08:32.301672+00:00
2026:4032320261425058773,p0011,g_f95ec01c88d40ec4a8fe0627,7df628b97f747c6e541d61c15e3b96cea53d6314f1d89f7acd9a7979c61d94d9,d_24fad14768e5d727e52253db,Codex — agent-assisted initial review,2026-09-20T09:08:32.301672+00:00
2026:4032420251180889745,p0002,g_deba3363e3cabc75699a68b7,77b2ebfe915627b9bdb3b93a3edc7c55464bc1922c9e7d0c06c578e24ab32412,d_72df5f92788d658c1ade81c4,Codex — agent-assisted initial review,2026-09-20T09:23:18.404604+00:00
2026:4032420251180890089,p0003,g_63034804eceebc1a1a91e35c,363178da6de51c4220c84a32efb95719c0db93fb6bebb0e61c6e8680518ab175,d_72049568809d5889112be34a,Codex — agent-assisted initial review,2026-09-20T09:23:18.404604+00:00
2026:4032420251181180418,p0002,g_063c805ecdb0029eded6ccc7,bce2bd49e22d6556e00ca4cb534e11c57d98e251bd220ad4f8f66bed7344960f,d_d6a77f1d1dcce67313396e20,Codex — agent-assisted initial review,2026-09-20T09:23:18.404604+00:00
2026:4032420251181180714,p0003,g_7cfd98a442d4b5552a1af80a,3262b0a98e9fc3e72a16bf6a6eac60f8c414282fa2313d1470d9dfa3205583eb,d_17038df39b577a6d35b7a5b9,Codex — agent-assisted initial review,2026-09-20T09:23:18.404604+00:00
2026:4032420261425199642,p0015,g_68b0c0e28738419ff58045c6,2c639dc06077a78144abe6612cec6f7b9a576d361e314ddaf87a7a0770d8ef15,d_b8b6fc90ee76f1bec79fc388,Codex — agent-assisted initial review,2026-09-20T09:23:18.404604+00:00
2026:4032420261425235204,p0015,g_578b8427ce7fa7abbce0485f,a479fd6d3d610f7316e40c3759ba97d8f5be3e3e9e72b029cddeacb604b992af,d_0c0ba061a34c252f6e742be3,Codex — agent-assisted initial review,2026-09-20T09:23:18.404604+00:00
2026:4032420261425235551,p0003,g_d22282d4447aaaeb4a4e410a,8c7d00c435e6f35b845712e7434ffdbb3b89a4b8d351eac848cfa01bbfd5a387,d_789688807e66fe1ce5b34700,Codex — agent-assisted initial review,2026-09-20T09:23:18.404604+00:00
2026:4032420261425258115,p0015,g_578b8427ce7fa7abbce0485f,01c20b4bde857820c89c5a48c6643bb86202369b85da77fa3087c4b869dbc7fa,d_0c0ba061a34c252f6e742be3,Codex — agent-assisted initial review,2026-09-20T09:23:18.404604+00:00
2026:4032420261425258116,p0015,g_578b8427ce7fa7abbce0485f,c33b29b07544c191080a4ff6e762b926437a7bb72c8ea44726857a36e23eb580,d_0c0ba061a34c252f6e742be3,Codex — agent-assisted initial review,2026-09-20T09:23:18.404604+00:00
2026:4032520261425460152,p0003,g_462633921dd32615a2ebcae5,5e91da3d07552ed74b43f7cbbd7234d28fd2f858059532003a9fb6a2859814c1,d_017f1230eee5530f6d3f8bb6,Codex — agent-assisted initial review,2026-09-20T09:23:18.404604+00:00
2026:4033120261434797287,p0004,g_bb71d15d2b1b58feb3de7872,05bc5bad098a717d9f3591e7ef1699ba5553c7b7d537ebe90d287c0b7aab5b11,d_bd5d1a3075d09b3133612f12,Codex — agent-assisted initial review,2026-09-20T09:23:18.404604+00:00
2026:4040120261434885669,p0015,g_5b0877c6ae2bfbd9e7273bcb,5032e948a1b34a2456b24a655cadee9f72cb60f1d2795c7ed5ec7ba06b7706b3,d_99fd407d9c02946a7b955830,Codex — agent-assisted initial review,2026-09-20T09:23:18.404604+00:00
2026:4040120261434885671,p0015,g_5b0877c6ae2bfbd9e7273bcb,b25a339ca714aa694d71a0b078090a34bf17780f89a733a9e7f227fe61bb475d,d_99fd407d9c02946a7b955830,Codex — agent-assisted initial review,2026-09-20T09:23:18.404604+00:00
2026:4040620251183273035,p0009,g_19ad3708658c3374aa231bbd,0076693661842c165b753b5644111cbc3ec8db3405578ae9373a58b66596a3de,d_ab2ff88f24d91d25470b491b,Codex — agent-assisted initial review,2026-09-20T09:08:32.301672+00:00
2026:4040620261435110092,p0015,g_8be9bfa4f6c8cdc99fe3da18,9c149b4aacdc5c7161561e90846fe55c10f6b414688a041a9ef536684ee259b8,d_bb3297bda61e26392cef166f,Codex — agent-assisted initial review,2026-09-20T09:23:18.404604+00:00
2026:4040620261435135440,p0015,g_8be9bfa4f6c8cdc99fe3da18,6932bb1382510ba8a36f677ed4661c537738d201aa6c1ce79eb6e559a257a350,d_bb3297bda61e26392cef166f,Codex — agent-assisted initial review,2026-09-20T09:23:18.404604+00:00
2026:4040620261435136217,p0015,g_8be9bfa4f6c8cdc99fe3da18,4072379c5ed230c94fe5df317b52a32a541948a6a68a26f9e5bdb1dac3fff6de,d_bb3297bda61e26392cef166f,Codex — agent-assisted initial review,2026-09-20T09:23:18.404604+00:00
2026:4040620261435136618,p0015,g_8be9bfa4f6c8cdc99fe3da18,bc5630308a8e3c572cb569f247557e5344932cf2d0448e428051a3da05cb1c28,d_bb3297bda61e26392cef166f,Codex — agent-assisted initial review,2026-09-20T09:23:18.404604+00:00
2026:4040620261435136625,p0014,g_3b610a9afd8b868faf2e6f72,c4bd7c51feb916d99104acb54cd26d6b5030c7ee83c0547a7e9b3f0d21188606,d_bfe522104a1e63ad2b6ab934,Codex — agent-assisted initial review,2026-09-20T09:08:32.301672+00:00
2026:4040720251183312283,p0010,g_d7875939730dc42c9e256844,984d3d816c06915eabaaafee01d14ccb464ea0ab7f2d668de4c531657f12a10c,d_67c5d180ed50bfb8aef6e381,Codex — agent-assisted initial review,2026-09-20T09:08:32.301672+00:00
2026:4040920261435352131,p0009,g_d47adfbc9a149e613f867ba3,be243f2f16e6a8025fad7f23ecec60e24728fbf706bd830bf49fec0b5d13909a,d_e3ea3e5500e5792a7ae578d4,Codex — agent-assisted initial review,2026-09-20T09:08:32.301672+00:00
2026:4040920261435422730,p0008,g_0aae5f2fd9519bc62e9ae024,4e46ddc03ff6ab1a7c4480f2adb26992d9cbf6d0d34e323770453c840b617f2e,d_da09c1f85bcba9e6f4ddd198,Codex — agent-assisted initial review,2026-09-20T09:08:32.301672+00:00
2026:4040920261435432412,p0009,g_43bd5f81e2ec35d8c2c8190f,a96e8f7d76db1313d9ba4a15b944a7593a88b65fd361672ec151eee0f28be42c,d_b2a8218cd3b62e27f02dbdf9,Codex — agent-assisted initial review,2026-09-20T09:08:32.301672+00:00
2026:4041020251183601424,p0001,g_70bf55e0cd79f87d8eefe544,5786cc2b930a1ae6356f57528540fdac1c0164f016f789df23f7f639e0a06e05,d_8f963de8baf0f98279d14cf4,Codex — agent-assisted initial review,2026-09-20T09:08:32.301672+00:00
2026:4041020251183601425,p0001,g_70bf55e0cd79f87d8eefe544,942aed96dc02c06539abc5338a7ac478695c8b39b08f4d14736f1f6c5a00f13c,d_8f963de8baf0f98279d14cf4,Codex — agent-assisted initial review,2026-09-20T09:08:32.301672+00:00
2026:4041020251183601426,p0001,g_70bf55e0cd79f87d8eefe544,7977dfa195a64fda7ef1125d18e53e9cef6486c9edfdc6087f199aaab2bbb905,d_8f963de8baf0f98279d14cf4,Codex — agent-assisted initial review,2026-09-20T09:08:32.301672+00:00
2026:4041120251183644585,p0010,g_df58d2b17166f0b591155377,2cc1ccd6e4b4e19ce234ecf73e9a0d764c733e3f16391b8c35a6ed5b25355fdc,d_0c1aae99d23c697bfbd68197,Codex — agent-assisted initial review,2026-09-20T09:08:32.301672+00:00
2026:4041120251183644586,p0010,g_df58d2b17166f0b591155377,dd6f110c212f3c7ed0aeec897bd23844e91c6cf95f4ff6197c84bf7dcfa29cd8,d_0c1aae99d23c697bfbd68197,Codex — agent-assisted initial review,2026-09-20T09:08:32.301672+00:00
2026:4041120251183644588,p0009,g_3ed469a75807e064b1cedca8,b084c71e35e9a3c284af7b6a27160285c598addc3071cd1e976a85305f3523a8,d_2d568f6059e300ab69a3fb7b,Codex — agent-assisted initial review,2026-09-20T09:08:32.301672+00:00
2026:4041120251183905270,p0001,g_570e3805910d4c9f5bccd6cc,98d9a2707dbb5c568cab3c3a2f2264ae5a6886aea3b70a2ce0bdb5a434fe5d7c,d_fd3a59a70ce14ee8434b2602,Codex — agent-assisted initial review,2026-09-20T09:08:32.301672+00:00
2026:4041120251183905271,p0001,g_570e3805910d4c9f5bccd6cc,848aefd5cf8d5d55af83ac36e2a07617ca33ff919c0c69bdc85efab0c8ea5772,d_fd3a59a70ce14ee8434b2602,Codex — agent-assisted initial review,2026-09-20T09:08:32.301672+00:00
2026:4041120251183908742,p0009,g_8c2e291e142c0685a32851ae,835fd8b7ff5370e41c2bed30ffc354bca32b17bc3f27faa5912ed58ac1f16524,d_95478f66507a105114775e26,Codex — agent-assisted initial review,2026-09-20T09:08:32.301672+00:00
2026:4041420251184023026,p0009,g_db436fe470edafcf6441174c,2a05aed9115184ca054cc7813df4cc86b443519d53db8a1db5a21041420c28cd,d_62f6e0cd8b5317a0c382b35c,Codex — agent-assisted initial review,2026-09-20T09:08:32.301672+00:00
2026:4041420251184023477,p0011,g_60bfa54f1b5af090cd6eaf3f,4e13db08f406f5b012db85c56770fe2919f0625c6562c3ff0ada9ebac2bf5db6,d_fd717643a1ba153c5046dcf1,Codex — agent-assisted initial review,2026-09-20T09:08:32.301672+00:00
2026:4041420261435701720,p0015,g_bff1943256d9abc068cae884,bb7e8c30e792b5887df4fc8b18294522684f8ea479b4dc8c3e1f69585199fb23,d_550aafc770200eb37e58ae44,Codex — agent-assisted initial review,2026-09-20T09:23:18.404604+00:00
2026:4041520251184229052,p0015,g_55458833cf42d6b23c36211e,cff53437d22b501c896a41162f7044cd3b17c2e3a50b64df4208ddeb953cd755,d_e1958c6c77a860c9dd43d55b,Codex — agent-assisted initial review,2026-09-20T09:23:18.404604+00:00
2026:4041520251184232586,p0009,g_dd55d72b82ce8f695bf1ee97,1927ba245fa0ce9921608134592d8ad1e45f7ec4f836529e05dc9d70a799d34c,d_1f8fef796953bb1f686e5f24,Codex — agent-assisted initial review,2026-09-20T09:08:32.301672+00:00
2026:4041520251184232588,p0009,g_dd55d72b82ce8f695bf1ee97,adcca5543590897ab873446d0961facdb1fc7c7621c74e5970dab116b1c9c167,d_1f8fef796953bb1f686e5f24,Codex — agent-assisted initial review,2026-09-20T09:08:32.301672+00:00
2026:4041520251184273119,p0009,g_103df2dbc52ef32e9c4b7d9a,f63e6613576ea4af334c33c00968ce4a44e7f287df4dad5b3ce93dbe4639051a,d_102628f77e3b12973e41cd94,Codex — agent-assisted initial review,2026-09-20T09:08:32.301672+00:00
2026:4041520261435764716,p0011,g_a21a462c84740d471f39e8e5,db1cee2dfc7956738c263f8886765bc6b31cf6b78ca7707831f0829221d7ad6f,d_14e321aad347685322ca741e,Codex — agent-assisted initial review,2026-09-20T09:08:32.301672+00:00
2026:4041520261435776384,p0015,g_3f15d7c3396771af14c55676,401054466fa1718b6ad862b159711a5b9b305bb69f51a0e3d8d5590c77a8c63c,d_efa2d2c19359629f0610d62c,Codex — agent-assisted initial review,2026-09-20T09:23:18.404604+00:00
2026:4041520261435776385,p0015,g_3f15d7c3396771af14c55676,48cead8cd8cf512c6bf21d2b65f070d2636418303eb9b22ecb809ff631b58c95,d_efa2d2c19359629f0610d62c,Codex — agent-assisted initial review,2026-09-20T09:23:18.404604+00:00
2026:4041620251184317559,p0010,g_f97221ef30d60713a55aa26c,a15db567c4c0e59a4ed51b698b12f2f1a712698add0d59fc47887dec5f9896ac,d_d8bfb7c8abc5d051f0f9db94,Codex — agent-assisted initial review,2026-09-20T09:08:32.301672+00:00
2026:4041620251184392358,p0010,g_41b7dbc96278de04b09506ad,2cfb8d4450e7bce1573fc63ff84607a1dcd6953335eb55ebf4c15e6ec19eb17c,d_f3fba916f7c7e4938626a328,Codex — agent-assisted initial review,2026-09-20T09:08:32.301672+00:00
2026:4041620251184523696,p0001,g_70bf55e0cd79f87d8eefe544,ba92cc68e85a5d64d50e25d7533b951255f7f276b7db220ed8066a72d48b0540,d_8f963de8baf0f98279d14cf4,Codex — agent-assisted initial review,2026-09-20T09:08:32.301672+00:00
2026:4041620251184523697,p0001,g_70bf55e0cd79f87d8eefe544,eae6e7f28938ea3335c4b68c43a95c884e6b2bfdcdad4353824ae8be198ebc52,d_8f963de8baf0f98279d14cf4,Codex — agent-assisted initial review,2026-09-20T09:08:32.301672+00:00
2026:4041620251184523698,p0001,g_70bf55e0cd79f87d8eefe544,103cfb5d097c1a02c3cdbd082e68eed76d4361dd3db46dd1eb79f024d4b7776b,d_8f963de8baf0f98279d14cf4,Codex — agent-assisted initial review,2026-09-20T09:08:32.301672+00:00
2026:4041620251184618568,p0006,g_0a217fb61fea9ce6d29a4673,a492c58f9594161d7dcf2e98f7ec2367960318de87e1bf1b28b3412ef9c96925,d_8d418c60fed6b3d021ffc515,Codex — agent-assisted initial review,2026-09-20T09:23:18.404604+00:00
2026:4041620251184618640,p0010,g_d361b9212d4a1f992794c1d0,6f1186a45182f52c1b93b484377122e3975d6608948e42e60931e9195dca3a1c,d_830eb9fdd66b5b6346d3df25,Codex — agent-assisted initial review,2026-09-20T09:08:32.301672+00:00
2026:4041620251184618795,p0002,g_505958d4c7dc8cff5a0b59a4,a84c7bdf6daeea1db483fd58770f748fb58cb4d8410a21a21e86c1fbb2174385,d_6abd109215ecc30637840c90,Codex — agent-assisted initial review,2026-09-20T09:23:18.404604+00:00
2026:4041620251184618796,p0002,g_505958d4c7dc8cff5a0b59a4,6e1d830b4969d6f4af46ba35e22e56384bbad2c12efbff2a9d999dff702db8ea,d_6abd109215ecc30637840c90,Codex — agent-assisted initial review,2026-09-20T09:23:18.404604+00:00
2026:4041620251184618797,p0002,g_505958d4c7dc8cff5a0b59a4,148554153e51f7862e6106fd04caa937acaf85bfb79d620300776602d88d0403,d_6abd109215ecc30637840c90,Codex — agent-assisted initial review,2026-09-20T09:23:18.404604+00:00
2026:4041620251184618824,p0003,g_c2af968b2a8363049df109ff,470b511ee68aa874ff4d00c1d6a98e0da27acda5a065352841ef37003cd032c8,d_7f69a84d18756183ec74f49e,Codex — agent-assisted initial review,2026-09-20T09:23:18.404604+00:00
2026:4041620251184684678,p0009,g_db436fe470edafcf6441174c,aa0c377d68bbdea08b63c78ef1b9bb8e948194a6d2d9ed6946807c7f4cded91c,d_62f6e0cd8b5317a0c382b35c,Codex — agent-assisted initial review,2026-09-20T09:08:32.301672+00:00
2026:4041620251184685632,p0002,g_e1e1506a8070ecbec5ea5473,a191ebb8979fed4e667be9a6164bf52150ebedafe9678389478b68bcc864197f,d_5c0bac7b3ae6476b940dde43,Codex — agent-assisted initial review,2026-09-20T09:23:18.404604+00:00
2026:4041620251184685633,p0002,g_e1e1506a8070ecbec5ea5473,01615a07d401cd5dedd650b16e265605186434d5073e2705f7e71031d6e8735e,d_5c0bac7b3ae6476b940dde43,Codex — agent-assisted initial review,2026-09-20T09:23:18.404604+00:00
2026:4041620251184685645,p0003,g_ff80cbe1d2bd43cc2550af62,d2e4996749e97024dc978e3ea53494ed666ae1b30eefe4c06b78746b6e4b8a57,d_0e277ee0fdbd18a114458b79,Codex — agent-assisted initial review,2026-09-20T09:23:18.404604+00:00
2026:4041620251184696474,p0008,g_4a4abe8511501b14b0fe88fc,bd4de1a5946a2a353af5072ab0d6f79ca8a5e02e9768d602361e54e3ea130387,d_92e8a8a21fc5ac3c01fc3c24,Codex — agent-assisted initial review,2026-09-20T09:08:32.301672+00:00
2026:4041620251184878267,p0001,g_70bf55e0cd79f87d8eefe544,d6a93bda5abc7321f50592cab4a9f08677f674bd534403697e7ead8bfad21607,d_8f963de8baf0f98279d14cf4,Codex — agent-assisted initial review,2026-09-20T09:08:32.301672+00:00
2026:4041620251184878275,p0009,g_b9b11d4e7d9f87e47b62ccb8,bea6f6442e71bb0140e7144e3e0c1cac7c424f13a8632a085b231acc7e0543d1,d_ae8831522e0bc69374f16861,Codex — agent-assisted initial review,2026-09-20T09:08:32.301672+00:00
2026:4041620251184897654,p0009,g_db436fe470edafcf6441174c,33b52cbf745611bf03cc7fe3ad9e00df7a6b0faf20342a0a70a39e0c45db4e67,d_62f6e0cd8b5317a0c382b35c,Codex — agent-assisted initial review,2026-09-20T09:08:32.301672+00:00
2026:4041720251185007295,p0002,g_aecb725779bbac15224a6294,3864c18e510aa16c2c26f37d253712fb4bf8d0811174eb5af4999de93721ba7a,d_d8e14571db8e6a1f8c470670,Codex — agent-assisted initial review,2026-09-20T09:23:18.404604+00:00
2026:4041720251185007368,p0003,g_b454f64f7ec5188c5f72cb43,99904169aad288899113f5940740c19aaea2d98c4fa4bef3c10e957c494878c4,d_2b0d142c0d404255f747c77f,Codex — agent-assisted initial review,2026-09-20T09:23:18.404604+00:00
2026:4041720251185008070,p0002,g_436241498f827d018d226a79,18924e82fddb0204d699016be82fadc56d2b71c67e2171bd97eb8bcffdee186a,d_5c0b6e04c963a0b0c16440c5,Codex — agent-assisted initial review,2026-09-20T09:23:18.404604+00:00
2026:4041720251185008215,p0003,g_7cfd98a442d4b5552a1af80a,78484655a23e8972917499f36870efa87def605370c0c29c8b06a3514f8f693f,d_17038df39b577a6d35b7a5b9,Codex — agent-assisted initial review,2026-09-20T09:23:18.404604+00:00
2026:4041720251185070238,p0011,g_a21a462c84740d471f39e8e5,0502d73375abe912f3acd5f4968f0ede1b5ff1c5fb21c507a309fa873cc4dad1,d_14e321aad347685322ca741e,Codex — agent-assisted initial review,2026-09-20T09:08:32.301672+00:00
2026:4041720251185226275,p0001,g_70bf55e0cd79f87d8eefe544,6b20357064b5c5a6b6ab248225087c9a68bf8bc8e68266b27bac239f63146e5a,d_8f963de8baf0f98279d14cf4,Codex — agent-assisted initial review,2026-09-20T09:08:32.301672+00:00
2026:4041720251185226276,p0001,g_70bf55e0cd79f87d8eefe544,24107d04542373ee8f06c90233e717a38c54619c9aaf95f620b1af0553c9bf58,d_8f963de8baf0f98279d14cf4,Codex — agent-assisted initial review,2026-09-20T09:08:32.301672+00:00
2026:4041720251185226277,p0001,g_70bf55e0cd79f87d8eefe544,01a3dc8509b571ffad282b5558268080f2d80371d85aa677bef5069370ea8daf,d_8f963de8baf0f98279d14cf4,Codex — agent-assisted initial review,2026-09-20T09:08:32.301672+00:00
2026:4041720251185228622,p0009,g_c5c7096a3d5090baf20331c5,481ddeec062017f829d08ad2b1106a2ca9f37eff0fc40bf967cf31f493487fd2,d_49376008bd2b6703a0120925,Codex — agent-assisted initial review,2026-09-20T09:08:32.301672+00:00
2026:4041720251185237115,p0009,g_b9b11d4e7d9f87e47b62ccb8,0b98445dfd288460b929982327357cf00ee7ca3956c4ba2cd828e37a77544e01,d_ae8831522e0bc69374f16861,Codex — agent-assisted initial review,2026-09-20T09:08:32.301672+00:00
2026:4041720251185290819,p0001,g_70bf55e0cd79f87d8eefe544,bf180c085dc3c94db615a5640b8fe1c40e0f632e5de80d899b448970aff16270,d_8f963de8baf0f98279d14cf4,Codex — agent-assisted initial review,2026-09-20T09:08:32.301672+00:00
2026:4041720251185290820,p0001,g_70bf55e0cd79f87d8eefe544,b40e6935c006f27b53d0b43834252e4c44f8d9123757d57752ba142e85f324ec,d_8f963de8baf0f98279d14cf4,Codex — agent-assisted initial review,2026-09-20T09:08:32.301672+00:00
2026:4041720261436000809,p0003,g_1891f205129f768895a9eb9d,5b5ea63785ecfbd29ff05ac01718cdd9535f3130b7703fc331d1f51f181c25f2,d_be5e6697d5c90a31e96c2efa,Codex — agent-assisted initial review,2026-09-20T09:23:18.404604+00:00
2026:4041720261436000810,p0002,g_3b2b062924039c1c14a57f6d,092692eb53b70c84e2649571c9d855f2429dd0984be727085f74d495e3194a49,d_07218f85b7ff67244bba2543,Codex — agent-assisted initial review,2026-09-20T09:23:18.404604+00:00
2026:4041820251185366901,p0001,g_70bf55e0cd79f87d8eefe544,6a7b41f2837e006573091a213312a282b9f4b0dea68ce54e85af6d609086ee94,d_8f963de8baf0f98279d14cf4,Codex — agent-assisted initial review,2026-09-20T09:08:32.301672+00:00
2026:4041820251185366905,p0001,g_70bf55e0cd79f87d8eefe544,1caa9d39423340500b624e4e7a40935e7604ae137d626c914837cf1fa9191671,d_8f963de8baf0f98279d14cf4,Codex — agent-assisted initial review,2026-09-20T09:08:32.301672+00:00
2026:4041920261436058082,p0019,g_53590c7010c9dcd6d915a7ce,58d03dc5530cdff78e1a6676f1f1ab45bbfed8751ab1405bb7f942e75f0292ba,d_ac80f57f1a0237e6c531546f,Codex — agent-assisted initial review,2026-09-20T09:08:32.301672+00:00
2026:4042020261436115388,p0009,g_2a95cd4b532aa0264a8af7d4,b735540d99b5851109826002ad07ad31dcba7d372956bf30428b10d28e7b9c48,d_16c52759f937a3e5e27cee48,Codex — agent-assisted initial review,2026-09-20T09:08:32.301672+00:00
2026:4042020261436120551,p0002,g_13b10d987099e9319aae83d4,84bcf13952a5b1b4739c48dac1be2a9ede506ad2b9354ac7f83988e588d87166,d_ceeb10030f5736de890bbaba,Codex — agent-assisted initial review,2026-09-20T09:23:18.404604+00:00
2026:4042020261436120554,p0003,g_1c4e916fdff0e74834936be9,3f5f3703e56e01b2a93d31f9e8ae21d9d94509835be42259454c1fdfa5bde3c7,d_d7b8cdf597bbaad6141098b1,Codex — agent-assisted initial review,2026-09-20T09:23:18.404604+00:00
2026:4042120251185591003,p0009,g_c5c7096a3d5090baf20331c5,90cf515e2f112519e16e0315c6e25201569800ba522b3e84640c8ceba8094302,d_49376008bd2b6703a0120925,Codex — agent-assisted initial review,2026-09-20T09:08:32.301672+00:00
2026:4042120251185593366,p0009,g_dd55d72b82ce8f695bf1ee97,0d11d209de564ceeed6830fc48d420ebdeaa2e78689c41fc2288e4ca93124e68,d_1f8fef796953bb1f686e5f24,Codex — agent-assisted initial review,2026-09-20T09:08:32.301672+00:00
2026:4042120261436182414,p0010,g_6fd7a34b673daa8be4380a11,5c2ed15c08a0bdb27bbb933bdafce43e3674922106593805a9d0840bcbb71304,d_81407666524162c07c59dd55,Codex — agent-assisted initial review,2026-09-20T09:08:32.301672+00:00
2026:4042120261436183056,p0015,g_578b8427ce7fa7abbce0485f,afe4596d912c4736e6331292499cc81eafcabf4345596fbef106a2c9da3c892c,d_0c0ba061a34c252f6e742be3,Codex — agent-assisted initial review,2026-09-20T09:23:18.404604+00:00
2026:4042120261436183716,p0014,g_1a2cda40b0ed1b9a759ad8fa,c00804cd4833b3166b7ca730d3fd0533cf403595dd388b288ebe833abc852028,d_441ff67b7c097d11f40b7dfd,Codex — agent-assisted initial review,2026-09-20T09:08:32.301672+00:00
2026:4042220251185682291,p0009,g_c5c7096a3d5090baf20331c5,f91417e51b5a3f2e6f718026b32c638a41b04e483f8b87c213431ef0a334e2b6,d_49376008bd2b6703a0120925,Codex — agent-assisted initial review,2026-09-20T09:08:32.301672+00:00
2026:4042220251185686348,p0009,g_c5c7096a3d5090baf20331c5,96b6baea9e4de4cb660553337c8a897116f9afbe443024745d4229ba66251c58,d_49376008bd2b6703a0120925,Codex — agent-assisted initial review,2026-09-20T09:08:32.301672+00:00
2026:4042220251185734037,p0001,g_70bf55e0cd79f87d8eefe544,620824a0061ad7cd2e1726c47b7d78f7b02875c2e2c045ad62251cbe19ee4b4a,d_8f963de8baf0f98279d14cf4,Codex — agent-assisted initial review,2026-09-20T09:08:32.301672+00:00
2026:4042220251185734038,p0001,g_70bf55e0cd79f87d8eefe544,e6c48a1cc4afb543f188b1d83f242cfbad62f6bab79170bc6cd269a53c46e86e,d_8f963de8baf0f98279d14cf4,Codex — agent-assisted initial review,2026-09-20T09:08:32.301672+00:00
2026:4042220251185734039,p0001,g_70bf55e0cd79f87d8eefe544,aad8b54264eefc11f784b30308dad54bd1f67813d29503caf0b1fc8fbda0eb5b,d_8f963de8baf0f98279d14cf4,Codex — agent-assisted initial review,2026-09-20T09:08:32.301672+00:00
2026:4042220251185906684,p0009,g_c5c7096a3d5090baf20331c5,0af38b9ed9eff939e22e23b111f7db57be2e25385b912206208f27af33faf937,d_49376008bd2b6703a0120925,Codex — agent-assisted initial review,2026-09-20T09:08:32.301672+00:00
2026:4042220251185906878,p0010,g_37b2cf829551e74a3ad6eac8,a2e0c36a244df3263ead828a0144e974b26839d6331a3786d34f9da70a8d5d18,d_79c85e912d79e9297f806bd5,Codex — agent-assisted initial review,2026-09-20T09:08:32.301672+00:00
2026:4042220251185906879,p0010,g_37b2cf829551e74a3ad6eac8,92c71f1d6784b4f1fcd10e63c995a2e481ef5521948576860fcc7bed4980bd6e,d_79c85e912d79e9297f806bd5,Codex — agent-assisted initial review,2026-09-20T09:08:32.301672+00:00
2026:4042220251185906880,p0010,g_37b2cf829551e74a3ad6eac8,3275a9ba456a961b29331f346d9d62bebdf4038f5e319813e0a008dc3ce53591,d_79c85e912d79e9297f806bd5,Codex — agent-assisted initial review,2026-09-20T09:08:32.301672+00:00
2026:4042220251186013670,p0008,g_4a4abe8511501b14b0fe88fc,e36280440ba899b61d878ac37e292fe18ac5a0d26e1a8e5bb65fa5a1a9fdd3b3,d_92e8a8a21fc5ac3c01fc3c24,Codex — agent-assisted initial review,2026-09-20T09:08:32.301672+00:00
2026:4042220261437325280,p0014,g_3954ea2f4671edb21188d0b7,27381258e8c79653eb935bb6545d9dd36b637a25c33b1f69342bac0891a737a3,d_142051317ccdf06c7da52d55,Codex — agent-assisted initial review,2026-09-20T09:08:32.301672+00:00
2026:4042220261440156845,p0004,g_2409c2c0451aea07fb1f7dcc,1a09a45282c48feb1542711d0bd39cba4fc04c616eb16a2e117b834a12373952,d_8a3101e0b61df1643a839edd,Codex — agent-assisted initial review,2026-09-20T09:23:18.404604+00:00
2026:4042220261440304274,p0004,g_2409c2c0451aea07fb1f7dcc,2eda611202ac4164acb6641b21fb58d771beec009e0cdefced23f58788bbceec,d_8a3101e0b61df1643a839edd,Codex — agent-assisted initial review,2026-09-20T09:23:18.404604+00:00
2026:4042220261442309486,p0014,g_3954ea2f4671edb21188d0b7,6511bb4e594301b715c70d71d247ed20bc09c16c91ad251ec4efb154da19f242,d_142051317ccdf06c7da52d55,Codex — agent-assisted initial review,2026-09-20T09:08:32.301672+00:00
2026:4042220261442857685,p0004,g_2409c2c0451aea07fb1f7dcc,ebac8ca77eef30a706a25f5b062804bfda7229d1e8b7fc3e09db8b65eeb50f4e,d_8a3101e0b61df1643a839edd,Codex — agent-assisted initial review,2026-09-20T09:23:18.404604+00:00
2026:4042220261446451890,p0004,g_2409c2c0451aea07fb1f7dcc,29f51d80360b979efa1ede2241ecdb051219506f9183639b6e3abe0243880872,d_8a3101e0b61df1643a839edd,Codex — agent-assisted initial review,2026-09-20T09:23:18.404604+00:00
2026:4042220261447807334,p0014,g_3954ea2f4671edb21188d0b7,9680f83ee5014467dc83961bf90baaf14d8b3148b76d6a15b4f20d6bed5d11bc,d_142051317ccdf06c7da52d55,Codex — agent-assisted initial review,2026-09-20T09:08:32.301672+00:00
2026:4042220261448991614,p0004,g_2409c2c0451aea07fb1f7dcc,0c369d7575e583f9a937ead21da23caf70b7c67a49d1a7e29803e0856891d324,d_8a3101e0b61df1643a839edd,Codex — agent-assisted initial review,2026-09-20T09:23:18.404604+00:00
2026:4042220261452423228,p0004,g_2409c2c0451aea07fb1f7dcc,f902f01f61e77e1672bbae63019c0cf1e730f066fb8abe593db7f993ef46df93,d_8a3101e0b61df1643a839edd,Codex — agent-assisted initial review,2026-09-20T09:23:18.404604+00:00
2026:4042220261458936056,p0004,g_2409c2c0451aea07fb1f7dcc,91e040239424b8bcad35c5e0f8b2ebe2cfe745679a84ceb78f17c0403d18d7cf,d_8a3101e0b61df1643a839edd,Codex — agent-assisted initial review,2026-09-20T09:23:18.404604+00:00
2026:4042220261482548584,p0011,g_498972389d29ec58493d5125,261b35404603bad45f133525262976b31386e696c333546f76537a337aedf24b,d_a14039a258c0ae813401bdf9,Codex — agent-assisted initial review,2026-09-20T09:08:32.301672+00:00
2026:4042220261482580101,p0009,g_43bd5f81e2ec35d8c2c8190f,ad4bcabbc274d6fd963cd699287d6fe5da4ea864632e03640bf4799f546ae069,d_b2a8218cd3b62e27f02dbdf9,Codex — agent-assisted initial review,2026-09-20T09:08:32.301672+00:00
2026:4042220261482580102,p0009,g_43bd5f81e2ec35d8c2c8190f,cd8f055632551dff8a5570665ca8212fd4de793a471e42080827d2233ca82491,d_b2a8218cd3b62e27f02dbdf9,Codex — agent-assisted initial review,2026-09-20T09:08:32.301672+00:00
2026:4042220261482580103,p0009,g_43bd5f81e2ec35d8c2c8190f,a2e32899836856419677e70a9a61fabfc2dc90720039d537ff9aa001aac468a3,d_b2a8218cd3b62e27f02dbdf9,Codex — agent-assisted initial review,2026-09-20T09:08:32.301672+00:00
2026:4042220261482643408,p0002,g_c602eea240c41b96f0a9a1e4,81f04b03e5c84ccaa71bf895b71829301af4a36f1e9d096f5867e630ac94b056,d_899af5ab751538a7571f30bf,Codex — agent-assisted initial review,2026-09-20T09:23:18.404604+00:00
2026:4042220261482670752,p0002,g_c602eea240c41b96f0a9a1e4,efac7328e7ec8e83ae412bf8b3937738d0258afac9bad463cd483cc819f74b29,d_899af5ab751538a7571f30bf,Codex — agent-assisted initial review,2026-09-20T09:23:18.404604+00:00
2026:4042220261482670756,p0002,g_c602eea240c41b96f0a9a1e4,62452e2e2953e8ffe095e9c4092e18c848b84eddac2c30514fcfc708338b976c,d_899af5ab751538a7571f30bf,Codex — agent-assisted initial review,2026-09-20T09:23:18.404604+00:00
2026:4042220261482670760,p0002,g_c602eea240c41b96f0a9a1e4,32127bca56859dd591e52ee255e5dc34b640098deb7fbac9489ebdf5d9b3b906,d_899af5ab751538a7571f30bf,Codex — agent-assisted initial review,2026-09-20T09:23:18.404604+00:00
2026:4042320251186095525,p0002,g_085eccb76e66fe418d29f4b5,87eee286435de3856c15df4a0fcab36a898d8246dfafebe51fcf17321e11daf5,d_2cae6cfd09bcd36c588d7910,Codex — agent-assisted initial review,2026-09-20T09:23:18.404604+00:00
2026:4042320251186095594,p0003,g_c2af968b2a8363049df109ff,cac064d2eb2c1d9fe2040df09bba2ce369ece6b000e9578eeb690fe29806c5f3,d_7f69a84d18756183ec74f49e,Codex — agent-assisted initial review,2026-09-20T09:23:18.404604+00:00
2026:4042320251186095595,p0003,g_c2af968b2a8363049df109ff,b1705f4e622c7bf2dba8baef42f6bade0419da20e7116fd6d1b05902116b2620,d_7f69a84d18756183ec74f49e,Codex — agent-assisted initial review,2026-09-20T09:23:18.404604+00:00
2026:4042320251186095596,p0003,g_c2af968b2a8363049df109ff,9b800153f0e48f68da2b43db5adeb868e0316dd3e6b45412af02f8c18dcf0cba,d_7f69a84d18756183ec74f49e,Codex — agent-assisted initial review,2026-09-20T09:23:18.404604+00:00
2026:4042320251186118646,p0009,g_db436fe470edafcf6441174c,3cc8766d6ddeb496e0045f78a61b7c1d161a59b254add7b95b54bf3b7988f0fb,d_62f6e0cd8b5317a0c382b35c,Codex — agent-assisted initial review,2026-09-20T09:08:32.301672+00:00
2026:4042320251186134753,p0009,g_ce6940335981e29c86fbc25f,19d01bcd461d5337c6ca9171aee0e0a2c62d47cd99b392bec0a8255a8d665bb4,d_10122be16ed0cd756fdfe2f7,Codex — agent-assisted initial review,2026-09-20T09:08:32.301672+00:00
2026:4042320251186207245,p0009,g_dd55d72b82ce8f695bf1ee97,b7fab8b67249d79b0914f868051eeeae5ca2f10a5b94dab39be265976e39eacd,d_1f8fef796953bb1f686e5f24,Codex — agent-assisted initial review,2026-09-20T09:08:32.301672+00:00
2026:4042320251186218371,p0015,g_4478cd4536c39801f19c8eda,f025b2e8200127c3d59952bd4ac621ba6e656553831bf72743c83bbef176b40a,d_93649d9a76312140db0e2ee4,Codex — agent-assisted initial review,2026-09-20T09:23:18.404604+00:00
2026:4042320251186218403,p0012,g_5cc3d945087df8fff853bac4,43cc7b3e6054caa64b6f46bebf6c2f99e8623b69d4a9ee5773fefc02c2353351,d_b9efcce72cf12c8f83794680,Codex — agent-assisted initial review,2026-09-20T09:23:18.404604+00:00
2026:4042320251186218678,p0015,g_d7268eeffddb2fac195dc0c4,d5e90e84a941897122230903b2918d9e018cd625e72d335798729961e7f7af77,d_39d44a3fc8f9399543532e5c,Codex — agent-assisted initial review,2026-09-20T09:23:18.404604+00:00
2026:4042320251186219144,p0015,g_d7268eeffddb2fac195dc0c4,b4d08d853c0a91606fe5eb309c7de3db347636c930881e3254dc0cfed2c065f0,d_39d44a3fc8f9399543532e5c,Codex — agent-assisted initial review,2026-09-20T09:23:18.404604+00:00
2026:4042320251186219356,p0015,g_d7268eeffddb2fac195dc0c4,dc9303afe3411d8025c3065137bd44782e8f19e8ace5ef43ff401aebbd70084e,d_39d44a3fc8f9399543532e5c,Codex — agent-assisted initial review,2026-09-20T09:23:18.404604+00:00
2026:4042320251186219580,p0015,g_4478cd4536c39801f19c8eda,e9c66fbb5bc81b53311ade8520f5305cd8cb29a8162843dd410db2ddffbb48d5,d_93649d9a76312140db0e2ee4,Codex — agent-assisted initial review,2026-09-20T09:23:18.404604+00:00
2026:4042320251186219837,p0015,g_4478cd4536c39801f19c8eda,35f21fbb6b2ff00dbc2ce5abbc248e95f9dbab3a4a12a68d67990d733bbc055d,d_93649d9a76312140db0e2ee4,Codex — agent-assisted initial review,2026-09-20T09:23:18.404604+00:00
2026:4042320251186220261,p0012,g_5cc3d945087df8fff853bac4,f62b4499e509c8824b861c793e4a0b84bbd4a118787eede9d70fde253296cae5,d_b9efcce72cf12c8f83794680,Codex — agent-assisted initial review,2026-09-20T09:23:18.404604+00:00
2026:4042320251186224028,p0010,g_ef35bf2c456bf5b381323e8d,39602dd2de46cc00ce52c2fd63f15756234d67e9226647ae73d31d1170479aa2,d_34d9a8cb237073300f2d46bc,Codex — agent-assisted initial review,2026-09-20T09:08:32.301672+00:00
2026:4042320251186224029,p0010,g_ef35bf2c456bf5b381323e8d,f5bd404f3fb77a5fe36dd2a570211451888f1d4c37c18e177c5345169a4da506,d_34d9a8cb237073300f2d46bc,Codex — agent-assisted initial review,2026-09-20T09:08:32.301672+00:00
2026:4042320251186224030,p0010,g_ef35bf2c456bf5b381323e8d,534372add31cc50ddb6e97653a0f2e6c31570f3047a464e646bd840e2f4dd3c0,d_34d9a8cb237073300f2d46bc,Codex — agent-assisted initial review,2026-09-20T09:08:32.301672+00:00
2026:4042320251186226980,p0009,g_db436fe470edafcf6441174c,c6ea8f408ee3d64d2e6ffe9070163e4ae1c72d8879138033e378e0e8ef69d305,d_62f6e0cd8b5317a0c382b35c,Codex — agent-assisted initial review,2026-09-20T09:08:32.301672+00:00
2026:4042320251186314698,p0001,g_70bf55e0cd79f87d8eefe544,2835710cc2cd3b2cbe27307d6f4f0ae8a66ae43b385e8981384e7f2da386a32e,d_8f963de8baf0f98279d14cf4,Codex — agent-assisted initial review,2026-09-20T09:08:32.301672+00:00
2026:4042320251186314813,p0001,g_70bf55e0cd79f87d8eefe544,8541d331230adea89a1157f80fb27fdc1fc18ba7307d20c6439c7d5384594bcc,d_8f963de8baf0f98279d14cf4,Codex — agent-assisted initial review,2026-09-20T09:08:32.301672+00:00
2026:4042420251186425440,p0009,g_db436fe470edafcf6441174c,7a594abcbaa673806799d3dedeea0d230619a2fc74d1356a5c433ce8c7253517,d_62f6e0cd8b5317a0c382b35c,Codex — agent-assisted initial review,2026-09-20T09:08:32.301672+00:00
2026:4042420251186426197,p0002,g_c6eaf85d6dc56cda52c8c614,3d378cd2649a7ae2aa3fe1529d343cee3a4e68002d896f87075f52e79746c963,d_fa466818a01ab54b35c964d1,Codex — agent-assisted initial review,2026-09-20T09:23:18.404604+00:00
2026:4042420251186426573,p0003,g_2083e13cb70c1e743e59ab8e,dd3763d7ec0f0c70b29682ccdb8bacf4eb9c35241818531cd815961b6ca75d4d,d_45489b4175ac6aa9326edbd0,Codex — agent-assisted initial review,2026-09-20T09:23:18.404604+00:00
2026:4042420251186481274,p0009,g_db436fe470edafcf6441174c,689a4185e0f23f0e9a1f5a9cc3654be93383c63ddadd1328e33772dbeddb6ec9,d_62f6e0cd8b5317a0c382b35c,Codex — agent-assisted initial review,2026-09-20T09:08:32.301672+00:00
2026:4042420251186585934,p0001,g_70bf55e0cd79f87d8eefe544,fe8689eacd32e38aac11988d6eb49ea30cb2ec81bc9bb4807473fddf6937d758,d_8f963de8baf0f98279d14cf4,Codex — agent-assisted initial review,2026-09-20T09:08:32.301672+00:00
2026:4042420251186586048,p0001,g_70bf55e0cd79f87d8eefe544,a45a566ee4174ba4a649fe5f3b1ecf2b80edf2b9ca5df77159ae53be2593b7fa,d_8f963de8baf0f98279d14cf4,Codex — agent-assisted initial review,2026-09-20T09:08:32.301672+00:00
2026:4042420251186594736,p0009,g_c5c7096a3d5090baf20331c5,f875da6c38f4ad9214a03333e2024396160f8bb53f4b1df05b0fc6056db0fa85,d_49376008bd2b6703a0120925,Codex — agent-assisted initial review,2026-09-20T09:08:32.301672+00:00
2026:4042420251186596478,p0009,g_db436fe470edafcf6441174c,ebbd1a7a4f972793703b573fc4ccefeb78a07239b725ee8209cfece1beb52281,d_62f6e0cd8b5317a0c382b35c,Codex — agent-assisted initial review,2026-09-20T09:08:32.301672+00:00
2026:4042420251186598562,p0009,g_9e7d13aecd18a08cd8a0fe3b,637903f5cb0597d2bde9eba420948dd439b37fcfa8bda42bd343707c0557abae,d_0a696dbf9e0b1c43b3d9c77b,Codex — agent-assisted initial review,2026-09-20T09:08:32.301672+00:00
2026:4042420251186607182,p0009,g_dd55d72b82ce8f695bf1ee97,580c05ee7acf63cebabf971fc6eab41a048cffb27a4f7a600abd8f0c6cc31fc4,d_1f8fef796953bb1f686e5f24,Codex — agent-assisted initial review,2026-09-20T09:08:32.301672+00:00
2026:4042420251186607307,p0009,g_2ce4886a3f2f568b73c3fec0,d0c1785b7454855fca81f64a1facc65412bf8c73944e1daba3e43e9656244687,d_c1eac71cd7610c57518e4e36,Codex — agent-assisted initial review,2026-09-20T09:08:32.301672+00:00
2026:4042420251186607310,p0009,g_2ce4886a3f2f568b73c3fec0,00f045a6bc9d9831c01ace6b15a0d579a989cfe2737e540902368e73d5da8574,d_c1eac71cd7610c57518e4e36,Codex — agent-assisted initial review,2026-09-20T09:08:32.301672+00:00
2026:4042420251186607311,p0009,g_2ce4886a3f2f568b73c3fec0,9f67b351a9b363ecd1831e367af3c97c1369de713de58a1599fc969a11e8ff31,d_c1eac71cd7610c57518e4e36,Codex — agent-assisted initial review,2026-09-20T09:08:32.301672+00:00
2026:4042420251186608003,p0009,g_c5c7096a3d5090baf20331c5,6e1a703cd9ab6b5891153fe692575d4ecdc0561da3a908bfe7036d1455a5d90c,d_49376008bd2b6703a0120925,Codex — agent-assisted initial review,2026-09-20T09:08:32.301672+00:00
2026:4042420261482872822,p0002,g_142fce20adc35f14d635c11e,adcb65dfe0579ceea0539a559a51d234276ccda631d8485cd0cc8e9e6e4a66c8,d_282fcc59b37e44eafe8a75e9,Codex — agent-assisted initial review,2026-09-20T09:23:18.404604+00:00
2026:4042420261482872826,p0019,g_f67ad5e7ff3ebbf61458ff6d,c47a1ab63007ce3e87770313c64cb812a342cfac1b2d764d3fbc8cb955b0cd63,d_774ee3a1b43a8aea4069b79b,Codex — agent-assisted initial review,2026-09-20T09:08:32.301672+00:00
2026:4042420261483451613,p0011,g_bc53675069c4fc270aed078d,eafa2191a5a93ebb251991b25d89d32ce5f7dc24466771983c27816580bbe9b0,d_64674e9cb5407b0de9ee3243,Codex — agent-assisted initial review,2026-09-20T09:08:32.301672+00:00
2026:4042420261483617221,p0009,g_db2d57caeff13a8369d60411,dad5eec9d2017d8f2847a3db15aa2faec42d9d96c5749efae2409d4b975dc0c9,d_0d649d4fe25a454de44f53ae,Codex — agent-assisted initial review,2026-09-20T09:08:32.301672+00:00
2026:4042520251186666300,p0009,g_8c2e291e142c0685a32851ae,67f4878cce8bc75ad815b04329f31900863e13670adfc50501e505cd3f8a06a8,d_95478f66507a105114775e26,Codex — agent-assisted initial review,2026-09-20T09:08:32.301672+00:00
2026:4042520251186667232,p0001,g_570e3805910d4c9f5bccd6cc,1dba7b6871a8703ae4d6d04ea8b17c11a4b22d91e21225415f95fd3495c5b556,d_fd3a59a70ce14ee8434b2602,Codex — agent-assisted initial review,2026-09-20T09:08:32.301672+00:00
2026:4042520251186667233,p0001,g_570e3805910d4c9f5bccd6cc,35544fdc6a69f6c63b6de2930e7ff8be996fd19c24b984a47ef49f14b4887cb8,d_fd3a59a70ce14ee8434b2602,Codex — agent-assisted initial review,2026-09-20T09:08:32.301672+00:00
2026:4042520251186667276,p0009,g_4648b0d0f5f3cfc2b79226b3,9b62b4398b4edcf60e0d5918b2a7d281c867b5720f57352194761f8a2cc69ebd,d_87df0dbdb9ee1e5dbd584388,Codex — agent-assisted initial review,2026-09-20T09:08:32.301672+00:00
2026:4042520251186674162,p0001,g_70bf55e0cd79f87d8eefe544,57b47676a72b3af795e1a9ec70f5fd2ac22c0333ffba524d0562d065a80d4147,d_8f963de8baf0f98279d14cf4,Codex — agent-assisted initial review,2026-09-20T09:08:32.301672+00:00
2026:4042520251186674163,p0001,g_70bf55e0cd79f87d8eefe544,162a9ccbb0691adb225285432cac8eed648f03ba67ac5fc63268c81eb6f2c155,d_8f963de8baf0f98279d14cf4,Codex — agent-assisted initial review,2026-09-20T09:08:32.301672+00:00
2026:4042520251186674164,p0001,g_70bf55e0cd79f87d8eefe544,8e8f8b5caa1ae95087953ef1a5ddf988a7c4dedfd984c9647bcb8f10349cd984,d_8f963de8baf0f98279d14cf4,Codex — agent-assisted initial review,2026-09-20T09:08:32.301672+00:00
2026:4042520251186685810,p0009,g_8e1850e9d8f3fbb2d0033c25,f3cabab9b88149784d54587f308eb9ded9a094dc2762b6c54f7f9d120e46ad01,d_d2b70379c8a910a6d0a182c8,Codex — agent-assisted initial review,2026-09-20T09:08:32.301672+00:00
2026:4042520251186686008,p0009,g_c5c7096a3d5090baf20331c5,c741e955838bae32bef442c97cc9db20bab7de30772cc8ac456a2e2bfbe2ba51,d_49376008bd2b6703a0120925,Codex — agent-assisted initial review,2026-09-20T09:08:32.301672+00:00
2026:4042520251186686087,p0009,g_db436fe470edafcf6441174c,4f192836aa37898703cfb9f317c68dad3e699ed0d2e2191fdaf5862743e44a09,d_62f6e0cd8b5317a0c382b35c,Codex — agent-assisted initial review,2026-09-20T09:08:32.301672+00:00
2026:4042720261483736223,p0004,g_0b198a0d9b996ad8951e1a92,2173ed34a21559466e9b213d5aa17cbfbcb87c42be254be6e93d7dee14374415,d_a00e389ad5911544fc037e8c,Codex — agent-assisted initial review,2026-09-20T09:23:18.404604+00:00
2026:4042720261483739957,p0011,g_6ed00256369aa62cfae43e83,f3f1b69d491c597dbf4f1ecf2fdb31777c0d5c52b793b1a9ffbef619f906127b,d_d01a713bb241ac756dcd957b,Codex — agent-assisted initial review,2026-09-20T09:08:32.301672+00:00
2026:4042820251186792669,p0010,g_356c4a5e8a72e18f7fd8fbe0,f6802461b3acbbb7081e8bb084c00b84b467c5ac15c6bb6d8f2e03a9bbbc8eca,d_2c9e30eefe34f91bcb762cf0,Codex — agent-assisted initial review,2026-09-20T09:08:32.301672+00:00
2026:4042820251186792670,p0010,g_356c4a5e8a72e18f7fd8fbe0,8c299db97e9f7082231986e5181bf8f910020b1a827213b0907ff088d4ebc589,d_2c9e30eefe34f91bcb762cf0,Codex — agent-assisted initial review,2026-09-20T09:08:32.301672+00:00
2026:4042820251186792682,p0009,g_c762cfbd9716637a0f4bffb5,92670d52ffb696c00fb5d620ad33ca9d88ddf08fcf71f7074fbf1a8711af5425,d_68538806cc9c3864c74eb1c3,Codex — agent-assisted initial review,2026-09-20T09:08:32.301672+00:00
2026:4042820251186795916,p0004,g_614763649502c60a09200ce6,5adcb326eaf513705a90146acad9315ae2206a194dce04e9da5ddfa4a3d24d7a,d_f2a2f44d65893bde78c109ac,Codex — agent-assisted initial review,2026-09-20T09:23:18.404604+00:00
2026:4042820251187144688,p0009,g_db436fe470edafcf6441174c,03f24700afb3931f262bc03f1bc455a343ab103b1067577519edb66c728d566c,d_62f6e0cd8b5317a0c382b35c,Codex — agent-assisted initial review,2026-09-20T09:08:32.301672+00:00
2026:4042820251187144885,p0001,g_70bf55e0cd79f87d8eefe544,b36b1883cd7aff135fd78f809f8fcda60366c7c1e2b404111508961ff57d4cc6,d_8f963de8baf0f98279d14cf4,Codex — agent-assisted initial review,2026-09-20T09:08:32.301672+00:00
2026:4042820251187144886,p0001,g_70bf55e0cd79f87d8eefe544,30b3f8c105bcd24d04ea79c99fdd81dccfa364dbf986bd43b13f282be9603ef8,d_8f963de8baf0f98279d14cf4,Codex — agent-assisted initial review,2026-09-20T09:08:32.301672+00:00
2026:4042820251187144887,p0001,g_70bf55e0cd79f87d8eefe544,c30caeee3229ff2011807d353d00c92e03a3cf671867e1441f9b33707e96fd9c,d_8f963de8baf0f98279d14cf4,Codex — agent-assisted initial review,2026-09-20T09:08:32.301672+00:00
2026:4042820251187146301,p0001,g_70bf55e0cd79f87d8eefe544,a4289cee99e2070e753e97e44837060190443d309ea7b0fe36ccbe8c74ba45ae,d_8f963de8baf0f98279d14cf4,Codex — agent-assisted initial review,2026-09-20T09:08:32.301672+00:00
2026:4042820251187146302,p0001,g_70bf55e0cd79f87d8eefe544,42d0a0ee0ad90c07dae1a5d57133fda5533be4368280a3637501cbcb1031aa30,d_8f963de8baf0f98279d14cf4,Codex — agent-assisted initial review,2026-09-20T09:08:32.301672+00:00
2026:4042820251187146303,p0001,g_70bf55e0cd79f87d8eefe544,ee163933a762c52fc001ce5cd429289032ce6966dcceea7d5e4053275a2b2dc1,d_8f963de8baf0f98279d14cf4,Codex — agent-assisted initial review,2026-09-20T09:08:32.301672+00:00
2026:4042820251187152914,p0011,g_f95ec01c88d40ec4a8fe0627,93c092d55d6634ca9311edf19eaf1a81b578f4a0de024caaf6992f0cbf3e27cf,d_24fad14768e5d727e52253db,Codex — agent-assisted initial review,2026-09-20T09:08:32.301672+00:00
2026:4042820251187200503,p0009,g_ed75f745c407cfc3691a98d9,7722445a570228f7092aa61f0bf0cc1a475617b2d6510cc3729508b47903f685,d_b28508cd11bc7478a3b05445,Codex — agent-assisted initial review,2026-09-20T09:08:32.301672+00:00
2026:4042820261483765367,p0002,g_69cebb5f14bf2db24e75f9fd,3e3b3e58e0b64ac44a365829f8e7b4cf068b29aea720d378ff57e078ff1596a0,d_b415a9cc9be79ed780649dac,Codex — agent-assisted initial review,2026-09-20T09:23:18.404604+00:00
2026:4042820261483765368,p0003,g_a48aec5c17f7d117bec43173,a5f8960d8383ea2f195bdc9358706a55533247c655366c42e84cca1eb95c2309,d_91f363e7c2482385acee2cb5,Codex — agent-assisted initial review,2026-09-20T09:23:18.404604+00:00
2026:4042820261483875651,p0001,g_ea188b5fd75c578d97a166b1,43035c12a4cdffa8ed37510c58c6a5e7d88006106f03ad1970099fa468510072,d_143460d2cb5c674eecae2241,Codex — agent-assisted initial review,2026-09-20T09:08:32.301672+00:00
2026:4042820261483875653,p0001,g_ea188b5fd75c578d97a166b1,ec479df522351231450112bc6b350ff0220dfa7785bc2ef589fd28e0e4d81a5b,d_143460d2cb5c674eecae2241,Codex — agent-assisted initial review,2026-09-20T09:08:32.301672+00:00
2026:4042820261483875655,p0001,g_ea188b5fd75c578d97a166b1,57c2c0891119633a8761f8dd7cc582f59275a1e7eb1cfd2878dac92df5382759,d_143460d2cb5c674eecae2241,Codex — agent-assisted initial review,2026-09-20T09:08:32.301672+00:00
2026:4042920251187857776,p0009,g_2b042ceafdc707a86e96de07,e46f7e557c75b61700d4897414edb724a8622d001d104ba9b24300c42fdc8283,d_e484e83e1f56095e098ef064,Codex — agent-assisted initial review,2026-09-20T09:08:32.301672+00:00
2026:4042920251187858329,p0001,g_70bf55e0cd79f87d8eefe544,30b4f23540ee0232438f45b9841a4d19cb19e2827b6288a6b7a5fb4e68f7fb65,d_8f963de8baf0f98279d14cf4,Codex — agent-assisted initial review,2026-09-20T09:08:32.301672+00:00
2026:4042920251187858330,p0001,g_70bf55e0cd79f87d8eefe544,fcbdb072f0dc553aadac9739270942de624247b40024fd44b524069f7435734f,d_8f963de8baf0f98279d14cf4,Codex — agent-assisted initial review,2026-09-20T09:08:32.301672+00:00
2026:4042920251187858872,p0009,g_c5c7096a3d5090baf20331c5,65000bded1bda6ab25d00da8478c64e01994f077eef44ee45ee55318e660063b,d_49376008bd2b6703a0120925,Codex — agent-assisted initial review,2026-09-20T09:08:32.301672+00:00
2026:4042920251187860627,p0001,g_70bf55e0cd79f87d8eefe544,22e7df8b4801641aeac52a940222d649d0e3e972d32042f02792defb2ae61b2a,d_8f963de8baf0f98279d14cf4,Codex — agent-assisted initial review,2026-09-20T09:08:32.301672+00:00
2026:4042920251187860628,p0001,g_70bf55e0cd79f87d8eefe544,1075231d50d5770d0bb2e7618c4e9145f4050efb85df895a6b4043a1befeb9c5,d_8f963de8baf0f98279d14cf4,Codex — agent-assisted initial review,2026-09-20T09:08:32.301672+00:00
2026:4042920251187860629,p0001,g_70bf55e0cd79f87d8eefe544,e4eca6f3dd5c64a01a55f64ab1756b08efe627c1ab7fbd65a4019b558e414eff,d_8f963de8baf0f98279d14cf4,Codex — agent-assisted initial review,2026-09-20T09:08:32.301672+00:00
2026:4042920251187863186,p0009,g_f0f3b3fb12bc64289850d66a,1018124a5eec14b32d2bec13e22c8d7cbbf7801e76239b5cae563db9d3ebfc01,d_8d5593376fe2e45dad7e939d,Codex — agent-assisted initial review,2026-09-20T09:08:32.301672+00:00
2026:4042920251187910514,p0009,g_c5c7096a3d5090baf20331c5,016d5fcd145f1313d49dc7f232fd4416e11ae583c05ddbdcf74f39009d2fdd08,d_49376008bd2b6703a0120925,Codex — agent-assisted initial review,2026-09-20T09:08:32.301672+00:00
2026:4042920251187910616,p0009,g_c5c7096a3d5090baf20331c5,40ab33876b494bdee85b9b33426e7df3020eb71cc1910492179aa95b1a4249de,d_49376008bd2b6703a0120925,Codex — agent-assisted initial review,2026-09-20T09:08:32.301672+00:00
2026:4042920261484488822,p0019,g_4c8f8c5dc079b5d77c926338,1c7627b4abdf7a2e1dea9211441246f217560d243b3da920c3c0709eada59907,d_e0dc96ec82cd8607e3b05209,Codex — agent-assisted initial review,2026-09-20T09:08:32.301672+00:00
2026:4043020251188032329,p0001,g_70bf55e0cd79f87d8eefe544,99346f18bab61350c88503a6bb70454277732180b9d98b2cad1d94e88ad00f8c,d_8f963de8baf0f98279d14cf4,Codex — agent-assisted initial review,2026-09-20T09:08:32.301672+00:00
2026:4043020251188032330,p0001,g_70bf55e0cd79f87d8eefe544,f0249d5703afb3ae00fdb5a01af4c01980844c270f6387ab7bb1b068239dbf81,d_8f963de8baf0f98279d14cf4,Codex — agent-assisted initial review,2026-09-20T09:08:32.301672+00:00
2026:4043020251188032331,p0001,g_70bf55e0cd79f87d8eefe544,84ec3f4c581843f2ab949f03ee66509e934c044c5b52575e7eff9a895f10f71a,d_8f963de8baf0f98279d14cf4,Codex — agent-assisted initial review,2026-09-20T09:08:32.301672+00:00
2026:4043020261484827801,p0002,g_4749733aa6dc56cf06f57dc8,9db5cda24fb517089d8898feea9d1449b26993dbe069ba27c743b6bd39aed77a,d_dd057aa0be5688187475af9f,Codex — agent-assisted initial review,2026-09-20T09:23:18.404604+00:00
2026:4043020261484827835,p0003,g_00e80f5e47683b2d93773cb2,77a37441716a94d02c786651eb008a1adadb2b2769c2b121ffb03383898023c0,d_34582d8b52cfe83f3173dd22,Codex — agent-assisted initial review,2026-09-20T09:23:18.404604+00:00
2026:4043020261484961738,p0015,g_3404f052a3b5f759ae3ab672,e54d0fd7dad4bc7401c9be1f108a3711aaaf2f60d2f8c999344f78f09dca135c,d_4f95c834e6818ffc51f70817,Codex — agent-assisted initial review,2026-09-20T09:23:18.404604+00:00
2026:4043020261485296094,p0009,g_43bd5f81e2ec35d8c2c8190f,563e8e7520050940264f27f5e48a65f39e6e96a47228dea48f429cd28e4dd2b7,d_b2a8218cd3b62e27f02dbdf9,Codex — agent-assisted initial review,2026-09-20T09:08:32.301672+00:00
2026:4043020261489501126,p0011,g_a21a462c84740d471f39e8e5,f1d140e70561a528dc0389a6d96285db26bcb214df71b3cb6596bcb1e96d1018,d_14e321aad347685322ca741e,Codex — agent-assisted initial review,2026-09-20T09:08:32.301672+00:00
2026:4043020261490867669,p0009,g_337eb7790bef633133a9160f,076af247682bec7f50c0995fa075039be196fa9b5778f03f0d0bf33b8c86fef7,d_f4dc9194f15ef50ae2ab66f4,Codex — agent-assisted initial review,2026-09-20T09:08:32.301672+00:00
2026:4043020261490882543,p0009,g_337eb7790bef633133a9160f,48c4e2b70413a95670797ea3713fd5e9440000fc1c3c16de3b16d9cdc49c192f,d_f4dc9194f15ef50ae2ab66f4,Codex — agent-assisted initial review,2026-09-20T09:08:32.301672+00:00
2026:4043020261490890518,p0009,g_337eb7790bef633133a9160f,77f5a2c41a65bb4784506fdb73a11c25149f0de4b5573f2e5e9d7f58163bf9c4,d_f4dc9194f15ef50ae2ab66f4,Codex — agent-assisted initial review,2026-09-20T09:08:32.301672+00:00
2026:4043020261490906355,p0009,g_337eb7790bef633133a9160f,6c39b0ba98617e9a8f4b376752b693cec754e22226af662f4b34986fd16efa7b,d_f4dc9194f15ef50ae2ab66f4,Codex — agent-assisted initial review,2026-09-20T09:08:32.301672+00:00
2026:4043020261490933889,p0009,g_337eb7790bef633133a9160f,850add7d6ca058aa29191f7154ecf1e64f39587308f654e59b4f80a48fa1cb5f,d_f4dc9194f15ef50ae2ab66f4,Codex — agent-assisted initial review,2026-09-20T09:08:32.301672+00:00
2026:4043020261490941539,p0009,g_337eb7790bef633133a9160f,6832087162f6ed5e3aeac5c80cd9830e2a9ef25be5d5754a41b6fe3061dbc659,d_f4dc9194f15ef50ae2ab66f4,Codex — agent-assisted initial review,2026-09-20T09:08:32.301672+00:00
2026:4043020261490952367,p0009,g_337eb7790bef633133a9160f,58e0784d6541eac614de709e3ed341e7d600a28170ae981129227c3d3a4a714c,d_f4dc9194f15ef50ae2ab66f4,Codex — agent-assisted initial review,2026-09-20T09:08:32.301672+00:00
2026:4043020261490986501,p0009,g_337eb7790bef633133a9160f,ac3f40e773f5c8ac7020743e37f161e3b3aa5bb49fbf011ef887bad844cbccd7,d_f4dc9194f15ef50ae2ab66f4,Codex — agent-assisted initial review,2026-09-20T09:08:32.301672+00:00
2026:4043020261490987530,p0009,g_337eb7790bef633133a9160f,8116c9fa4b8c5cf1e0059ba1a902795924a46f9c9988c75d866ba4bc0605d24f,d_f4dc9194f15ef50ae2ab66f4,Codex — agent-assisted initial review,2026-09-20T09:08:32.301672+00:00
2026:4043020261490991105,p0009,g_337eb7790bef633133a9160f,5f6e0049c86e3da577dec2c7a739208b88a4684f48524f90e8cf0fb1beb35d20,d_f4dc9194f15ef50ae2ab66f4,Codex — agent-assisted initial review,2026-09-20T09:08:32.301672+00:00
2026:4043020261491000757,p0009,g_337eb7790bef633133a9160f,39bc8dd86fea3a4d32bb93ff6bba0bee24e0cd380cbd38ff716c2b90979233c9,d_f4dc9194f15ef50ae2ab66f4,Codex — agent-assisted initial review,2026-09-20T09:08:32.301672+00:00
2026:4043020261491003491,p0009,g_337eb7790bef633133a9160f,24425e2db0a6ab3370aa43f2074bf8a6f473d454096e7926e1748d067330f651,d_f4dc9194f15ef50ae2ab66f4,Codex — agent-assisted initial review,2026-09-20T09:08:32.301672+00:00
2026:4043020261491014634,p0009,g_337eb7790bef633133a9160f,29c046cab143fa0b786d6f12a5a98a67d036f33e8846aa0c9101613266564789,d_f4dc9194f15ef50ae2ab66f4,Codex — agent-assisted initial review,2026-09-20T09:08:32.301672+00:00
2026:4043020261491015214,p0009,g_337eb7790bef633133a9160f,83f50c031615c02e3ca98cb49bbf5d858452fd239c9e43f6c0e8e941b492f0cb,d_f4dc9194f15ef50ae2ab66f4,Codex — agent-assisted initial review,2026-09-20T09:08:32.301672+00:00
2026:4043020261491030352,p0009,g_337eb7790bef633133a9160f,22db280dcddf6761c506733da3b7ebed1dbc4004095e3e7b783d40c567cf4243,d_f4dc9194f15ef50ae2ab66f4,Codex — agent-assisted initial review,2026-09-20T09:08:32.301672+00:00
2026:4043020261491091662,p0009,g_337eb7790bef633133a9160f,c7fa88f903048295d60e98eb22e0bcef9d3eda5622c124234d5b1b2a9722452d,d_f4dc9194f15ef50ae2ab66f4,Codex — agent-assisted initial review,2026-09-20T09:08:32.301672+00:00
2026:4043020261491101852,p0009,g_337eb7790bef633133a9160f,9949f2b4a08c0aa4588e01403a542dcdd16dd7b71d47a9deb2ce4e36366efdc0,d_f4dc9194f15ef50ae2ab66f4,Codex — agent-assisted initial review,2026-09-20T09:08:32.301672+00:00
2026:4043020261491114518,p0009,g_337eb7790bef633133a9160f,d79291c33e93168bb488225ce8401690031592a30ae22fed805202628ca3c9c2,d_f4dc9194f15ef50ae2ab66f4,Codex — agent-assisted initial review,2026-09-20T09:08:32.301672+00:00
2026:4043020261491115111,p0009,g_337eb7790bef633133a9160f,44eb577fe05c4d264d23657724c8a460663d4fcad291ecddb3357e99c8016b6a,d_f4dc9194f15ef50ae2ab66f4,Codex — agent-assisted initial review,2026-09-20T09:08:32.301672+00:00
2026:4043020261491130104,p0009,g_337eb7790bef633133a9160f,cdfa9d370a4abc31fe74fd0f307a66b81a0c8f978933973a7ea9016a3265a1da,d_f4dc9194f15ef50ae2ab66f4,Codex — agent-assisted initial review,2026-09-20T09:08:32.301672+00:00
2026:4043020261491139497,p0009,g_337eb7790bef633133a9160f,cfdba9147658490916cc8e88666a2cc872746aa6fc0d2427ac968d3a4fee8a89,d_f4dc9194f15ef50ae2ab66f4,Codex — agent-assisted initial review,2026-09-20T09:08:32.301672+00:00
2026:4043020261491139683,p0009,g_337eb7790bef633133a9160f,7f06a602acef4722863aba987742069a8c0d9b66e853a8e44c248ed9e15a1f5a,d_f4dc9194f15ef50ae2ab66f4,Codex — agent-assisted initial review,2026-09-20T09:08:32.301672+00:00
2026:4043020261491148694,p0009,g_337eb7790bef633133a9160f,a226c851c6064b16f44cf326e5398092ba6a289dd9773aef265c7c5ce78fb43f,d_f4dc9194f15ef50ae2ab66f4,Codex — agent-assisted initial review,2026-09-20T09:08:32.301672+00:00
2026:4043020261491167125,p0009,g_337eb7790bef633133a9160f,df71278c78f09e2fe0e327024a8e32f4d569fe7be65d8622a050f79788e597a5,d_f4dc9194f15ef50ae2ab66f4,Codex — agent-assisted initial review,2026-09-20T09:08:32.301672+00:00
2026:4043020261491176940,p0009,g_337eb7790bef633133a9160f,8007f37f57506e1aea87a4d67022af87865c07de0f9dbf05efd3144c83b91614,d_f4dc9194f15ef50ae2ab66f4,Codex — agent-assisted initial review,2026-09-20T09:08:32.301672+00:00
2026:4043020261491211240,p0009,g_337eb7790bef633133a9160f,e0ffafb31369aaf7532dd6eb669d84db29612954400df3c3d5be1f262bd5c4ae,d_f4dc9194f15ef50ae2ab66f4,Codex — agent-assisted initial review,2026-09-20T09:08:32.301672+00:00
2026:4043020261491244614,p0009,g_337eb7790bef633133a9160f,02c32917092ff321eb638278392152e97b989d726613dae94d7d38ace6a4eef4,d_f4dc9194f15ef50ae2ab66f4,Codex — agent-assisted initial review,2026-09-20T09:08:32.301672+00:00
2026:4043020261491269513,p0009,g_337eb7790bef633133a9160f,6b00f4f55ea955f74dc27d6c90db7eda00ce18ddd925ced3c53a93f69a12d8b7,d_f4dc9194f15ef50ae2ab66f4,Codex — agent-assisted initial review,2026-09-20T09:08:32.301672+00:00
2026:4043020261491278596,p0009,g_337eb7790bef633133a9160f,12df3276fc078aa6f31c0265b8e6568d8d600e6348945544e677360a4fcd8f43,d_f4dc9194f15ef50ae2ab66f4,Codex — agent-assisted initial review,2026-09-20T09:08:32.301672+00:00
2026:4043020261491301376,p0009,g_337eb7790bef633133a9160f,2336c54e8dfee85073d5ffdd9e83f4056a681fe08d6455b566735a1635c9b2d2,d_f4dc9194f15ef50ae2ab66f4,Codex — agent-assisted initial review,2026-09-20T09:08:32.301672+00:00
2026:4043020261491304040,p0009,g_337eb7790bef633133a9160f,e9c8a34e861b6af3ebf5a30be9a17b64a0e7ef9a3d00bcc6e70e29b3c7b064bb,d_f4dc9194f15ef50ae2ab66f4,Codex — agent-assisted initial review,2026-09-20T09:08:32.301672+00:00
2026:4043020261491327303,p0009,g_337eb7790bef633133a9160f,924b9c31d10de703170a187d54780b9b776644d147a626789c022d94e7e600b5,d_f4dc9194f15ef50ae2ab66f4,Codex — agent-assisted initial review,2026-09-20T09:08:32.301672+00:00
2026:4043020261491348444,p0009,g_337eb7790bef633133a9160f,58b2cb5dc1824bcd3ad318a88c36b1cbc04a93dd9d808d020fa7971d49b9fa3d,d_f4dc9194f15ef50ae2ab66f4,Codex — agent-assisted initial review,2026-09-20T09:08:32.301672+00:00
2026:4043020261491536110,p0009,g_337eb7790bef633133a9160f,d40511cdd7bedc7f06f36d74dccca396217906171bb688a73ca4a440c4668986,d_f4dc9194f15ef50ae2ab66f4,Codex — agent-assisted initial review,2026-09-20T09:08:32.301672+00:00
2026:4043020261491636678,p0009,g_337eb7790bef633133a9160f,84baa72adc3603e5126c361c85142f5ea303281dc5f8064048b913d355d9daa0,d_f4dc9194f15ef50ae2ab66f4,Codex — agent-assisted initial review,2026-09-20T09:08:32.301672+00:00
2026:4043020261491889479,p0009,g_337eb7790bef633133a9160f,6916627e73691c0415b881e015e9dc1beafcac8c330dd9bb9bbd5f4b47f38909,d_f4dc9194f15ef50ae2ab66f4,Codex — agent-assisted initial review,2026-09-20T09:08:32.301672+00:00
2026:4043020261492381979,p0009,g_337eb7790bef633133a9160f,5e994a4b17daf4fbfa2228e8d5c5697aa11373c9571a00b5ef97f3f75e42cfd1,d_f4dc9194f15ef50ae2ab66f4,Codex — agent-assisted initial review,2026-09-20T09:08:32.301672+00:00
2026:4050120261498862820,p0009,g_db436fe470edafcf6441174c,52086bdb4664d11814bf27422c6f0ba1e535a6d929a829c627714f00bcbdca1a,d_62f6e0cd8b5317a0c382b35c,Codex — agent-assisted initial review,2026-09-20T09:08:32.301672+00:00
2026:4050220251188568587,p0015,g_cc74f3642fd203877712c19c,aee6d5e8279446e09ee72cf52fdadbfa915f2ecadcdc21a2756b71565183eba7,d_49bfeb339cd0dabd994e8c37,Codex — agent-assisted initial review,2026-09-20T09:23:18.404604+00:00
2026:4050420261499010230,p0009,g_db436fe470edafcf6441174c,82293ddc454b7a430fa47231a8c9e0f25ce1c245ec6be7bc87650db832290ea0,d_62f6e0cd8b5317a0c382b35c,Codex — agent-assisted initial review,2026-09-20T09:08:32.301672+00:00
2026:4050420261499015221,p0009,g_43bd5f81e2ec35d8c2c8190f,5e46b4b23129a575e07e98f33ab6269368743f0d8c4cf6a2c17b1f0f2fe4fd14,d_b2a8218cd3b62e27f02dbdf9,Codex — agent-assisted initial review,2026-09-20T09:08:32.301672+00:00
2026:4050420261499036257,p0009,g_123c37f1f82706dec7c3d3ab,8a7cb0b6fb16048231cc03e5760c6e18340c777a79b2668a6bf1606e2add716e,d_e2169661c0982c5c25ff869a,Codex — agent-assisted initial review,2026-09-20T09:08:32.301672+00:00
2026:4050420261499068700,p0011,g_3cfdb8bb6eb768be2a52c3c4,fe09023021a2ebb366fa77fd57829d01699eeb7f3be37f7a8f02757cde280e1e,d_35594e9481977b199b2b3bde,Codex — agent-assisted initial review,2026-09-20T09:08:32.301672+00:00
2026:4050520251188620554,p0001,g_161b02fc79ba42dd55f65d1a,2c1dfc1a04aaa8a3a6d3d32339751a402600633d4ab666be59d29d3959a5b1df,d_56c9912469ed3a022077d613,Codex — agent-assisted initial review,2026-09-20T09:08:32.301672+00:00
2026:4050520251188620555,p0001,g_161b02fc79ba42dd55f65d1a,53a667415be422c63e9891e6ae42adc6c3d1d17318567cfe6540ca50fef783ed,d_56c9912469ed3a022077d613,Codex — agent-assisted initial review,2026-09-20T09:08:32.301672+00:00
2026:4050520251188620556,p0001,g_161b02fc79ba42dd55f65d1a,ab2ec1dddd2525fb14ae52361f6d3acb8fd6fedec0736cffb42d29b4cccd68b3,d_56c9912469ed3a022077d613,Codex — agent-assisted initial review,2026-09-20T09:08:32.301672+00:00
2026:4050520261499305361,p0009,g_10932a55924be58b2368f4f0,da53e4caa359305056a5d013f30059062807238aa6781186091680891d7efd93,d_9c62a592e4d1d0892b0fa11d,Codex — agent-assisted initial review,2026-09-20T09:08:32.301672+00:00
2026:4050520261499375262,p0009,g_dd55d72b82ce8f695bf1ee97,be1ddce94e0c6795f5d6893e192d04a4e1c44015596c0d1ca521ac132d5ac3d1,d_1f8fef796953bb1f686e5f24,Codex — agent-assisted initial review,2026-09-20T09:08:32.301672+00:00
2026:4050520261499396974,p0013,g_a1ff4d481b150465fa1c4cca,b34e2446dd74f24dc56fc2d8f633adfb09dd30305e6442e50c37640b3c552b36,d_73d1d148a0cef504a7e9bf47,Codex — agent-assisted initial review,2026-09-20T09:23:18.404604+00:00
2026:4050520261503323696,p0014,g_3954ea2f4671edb21188d0b7,8064ce740c7e05ebc7dfd052e21cd49ee24729182dc9d6d45c8b64ea628b6747,d_142051317ccdf06c7da52d55,Codex — agent-assisted initial review,2026-09-20T09:08:32.301672+00:00
2026:4050520261503960499,p0009,g_123c37f1f82706dec7c3d3ab,a6fe2d5dd97f133f603cf90a38052bb71d1628c994757524c393c6f75bb2ffa6,d_e2169661c0982c5c25ff869a,Codex — agent-assisted initial review,2026-09-20T09:08:32.301672+00:00
2026:4050520261503960500,p0009,g_123c37f1f82706dec7c3d3ab,ef69c9fe5c0c48e30d8bb64a69537f42b3b8594ad12083d4aff11dea2f2463a2,d_e2169661c0982c5c25ff869a,Codex — agent-assisted initial review,2026-09-20T09:08:32.301672+00:00
2026:4050620261509609158,p0015,g_2fafb83dbbd6729a64af5098,cd7f25bb642cf2a98443a49460d5aee243d824e1333715df231c506f94e59d90,d_7f024a42840c3a20ca705b8b,Codex — agent-assisted initial review,2026-09-20T09:23:18.404604+00:00
2026:4050620261509609161,p0015,g_2fafb83dbbd6729a64af5098,9a3f72570aba1221056375e297e82572f4fed3b273306a849404f5ab4b9468a0,d_7f024a42840c3a20ca705b8b,Codex — agent-assisted initial review,2026-09-20T09:23:18.404604+00:00
2026:4050720261509678796,p0009,g_43bd5f81e2ec35d8c2c8190f,c984529c969a58f3ee918e95c999d9ce99c6a808f96a58be677a8e473fca842f,d_b2a8218cd3b62e27f02dbdf9,Codex — agent-assisted initial review,2026-09-20T09:08:32.301672+00:00
2026:4050720261509709891,p0009,g_10932a55924be58b2368f4f0,69f83262106fcd3d1c64b579b1c70e1330b4442cdcdbd75ef01ac3a24d1127f2,d_9c62a592e4d1d0892b0fa11d,Codex — agent-assisted initial review,2026-09-20T09:08:32.301672+00:00
2026:4050720261509711512,p0002,g_1cbc4640ef5f62e477cc40b9,06c1e5a1dbc8187218172f0d2ccd581830dc093e4c12e8f85cb99ae393e921e6,d_ecb8e8fa554cb263891c86c6,Codex — agent-assisted initial review,2026-09-20T09:23:18.404604+00:00
2026:4050720261509711516,p0003,g_1c5f24d997d3544b2b240c75,d2dbcfb3be20c557ff79925e81b97df76bb4a31455e5e150e981446db60b9dbf,d_8cd7fd0d2b82a1b131bb51ce,Codex — agent-assisted initial review,2026-09-20T09:23:18.404604+00:00
2026:4050720261509716633,p0011,g_cfa169db4877a1a8cd692123,f4f867e607cd0a0fa58470a006e7bb9f3aa39f1b2ce218c99f62e8f5819be8ac,d_a28481d8cbdf8bf50869c845,Codex — agent-assisted initial review,2026-09-20T09:08:32.301672+00:00
2026:4050820251189302248,p0001,g_d01f03f4ed9521bdf041b31b,6dc269ec24cafc5026a94d62f859c98208d2c7aeabfd75e957a3158fdf47880e,d_f79c7c233f90108efe6b67ed,Codex — agent-assisted initial review,2026-09-20T09:08:32.301672+00:00
2026:4050820251189302249,p0001,g_d01f03f4ed9521bdf041b31b,a58035ff3470bd1ab528746fbaa147d247663a53c132435b964c18b7e96bf9c1,d_f79c7c233f90108efe6b67ed,Codex — agent-assisted initial review,2026-09-20T09:08:32.301672+00:00
2026:4050820251189302250,p0001,g_d01f03f4ed9521bdf041b31b,56a094c2d30e6d43dc9a8dffb20dacd9124283fea140841f1b7d274393f7b117,d_f79c7c233f90108efe6b67ed,Codex — agent-assisted initial review,2026-09-20T09:08:32.301672+00:00
2026:4051220261510044979,p0004,g_614763649502c60a09200ce6,79b05e0fbdd54043f2c0cb448d95e43c85608028c55240608faf1ace3bf75667,d_f2a2f44d65893bde78c109ac,Codex — agent-assisted initial review,2026-09-20T09:23:18.404604+00:00
2026:4051220261510045121,p0004,g_614763649502c60a09200ce6,1fbd4c24ddec48f65b3e81bcb178038b3e030d97a94331f2c74cbe1888733513,d_f2a2f44d65893bde78c109ac,Codex — agent-assisted initial review,2026-09-20T09:23:18.404604+00:00
2026:4051220261510046879,p0002,g_7ef536686918fad12e65d112,f4f8761ed11198b4b4448e43bd6bfda8514e0c96e62fbe2bb97a25c2416fabd3,d_c3131820ad803fde8ceaa35d,Codex — agent-assisted initial review,2026-09-20T09:23:18.404604+00:00
2026:4051220261510046880,p0002,g_7ef536686918fad12e65d112,80f9cc7b6d59abfcc7e09b1f5e1caed2f3a1b61a578ca61b9bdf8ccc77aac2e9,d_c3131820ad803fde8ceaa35d,Codex — agent-assisted initial review,2026-09-20T09:23:18.404604+00:00
2026:4051220261510046927,p0003,g_a6de8fd504134f70e717bb17,5ef6cc327124f34634d79097ec1b4582a7ec07dff6a9538e6be40c2ba63b0edb,d_3a18a3774ba79f169e5fe676,Codex — agent-assisted initial review,2026-09-20T09:23:18.404604+00:00
2026:4051220261510061112,p0009,g_011c8aed747f38f796723a39,c9cd988ad8109256d7adda75c34fc0be4746464b32e752414279303780299ce3,d_7e9aee281c7889c620a9fe85,Codex — agent-assisted initial review,2026-09-20T09:08:32.301672+00:00
2026:4051220261510062751,p0009,g_43bd5f81e2ec35d8c2c8190f,5d95b5f5e5430bb9e26b51d5b759681d82376392c1a0f0ee5679b8bf99669f5a,d_b2a8218cd3b62e27f02dbdf9,Codex — agent-assisted initial review,2026-09-20T09:08:32.301672+00:00
2026:4051220261510078578,p0009,g_90136420224d144493f933f4,8f873a4e60cba17f5f78569a7cb624acd932d9e7492b0f5f6e51b371225478ef,d_898ce2b016710c95b3207449,Codex — agent-assisted initial review,2026-09-20T09:08:32.301672+00:00
2026:4051220261510078579,p0009,g_90136420224d144493f933f4,2daeff785a414ba4a734599f5b8294885f4a375ba36359f9fac1dbf9029da1f0,d_898ce2b016710c95b3207449,Codex — agent-assisted initial review,2026-09-20T09:08:32.301672+00:00
2026:4051220261510078580,p0009,g_90136420224d144493f933f4,20b62b168ac286177358445de4d8e6d790279eefcd66f33e9f36be84d1bbbcf6,d_898ce2b016710c95b3207449,Codex — agent-assisted initial review,2026-09-20T09:08:32.301672+00:00
2026:4051220261510097900,p0009,g_43bd5f81e2ec35d8c2c8190f,59d8791847964222c526564003436550f9840725e360c61f0ab23ec82e380cc9,d_b2a8218cd3b62e27f02dbdf9,Codex — agent-assisted initial review,2026-09-20T09:08:32.301672+00:00
2026:4051320261510219742,p0002,g_702512486d2349ea2b447e7b,09d63e1bd46f4ec9d8234a5f611620369deb0c55d1dd476c63e6012a9a2b6d34,d_b50ff4fab3b8a3e4ab0b92e2,Codex — agent-assisted initial review,2026-09-20T09:23:18.404604+00:00
2026:4051320261510219839,p0002,g_702512486d2349ea2b447e7b,147efacddfd8cb94fe80dffa321818426cdd2058f031c9382ba982dbd5741d78,d_b50ff4fab3b8a3e4ab0b92e2,Codex — agent-assisted initial review,2026-09-20T09:23:18.404604+00:00
2026:4051320261510220465,p0003,g_1e349981d0b4376762dc6198,dfe149f249869c44df80a666c19bf9ed86f57ed70534c59556c637ee4c178477,d_7c1088ba44f0b6ce33210fc9,Codex — agent-assisted initial review,2026-09-20T09:23:18.404604+00:00
2026:4051320261510220805,p0002,g_702512486d2349ea2b447e7b,7163151cd367308cc2825c912543aabdfe25031bc72ad0b46fa64e7023300dd2,d_b50ff4fab3b8a3e4ab0b92e2,Codex — agent-assisted initial review,2026-09-20T09:23:18.404604+00:00
2026:4051320261510220806,p0002,g_702512486d2349ea2b447e7b,9e3ebd7a776b4448b6760e867de32c0171a852c1666bfa0dc126f4528ff8e58c,d_b50ff4fab3b8a3e4ab0b92e2,Codex — agent-assisted initial review,2026-09-20T09:23:18.404604+00:00
2026:4051320261510220807,p0002,g_702512486d2349ea2b447e7b,f8e701e28296ad43668922120a7280b36e936620fd9d3d4063a4b3d9877a734a,d_b50ff4fab3b8a3e4ab0b92e2,Codex — agent-assisted initial review,2026-09-20T09:23:18.404604+00:00
2026:4051320261510220808,p0002,g_702512486d2349ea2b447e7b,e80348054c238b74dcba45529415af64f3a4a3c9cef131108b6bbf4187a641db,d_b50ff4fab3b8a3e4ab0b92e2,Codex — agent-assisted initial review,2026-09-20T09:23:18.404604+00:00
2026:4051320261510220809,p0002,g_702512486d2349ea2b447e7b,a46ad022c40966aadceb1aad300b0092a1521d256cc4600e22936fc37b369c71,d_b50ff4fab3b8a3e4ab0b92e2,Codex — agent-assisted initial review,2026-09-20T09:23:18.404604+00:00
2026:4051420261510343394,p0002,g_13b10d987099e9319aae83d4,cb99782fb55ac3a4ec3d914c301603c449150927672e3639a88d3661cb152889,d_ceeb10030f5736de890bbaba,Codex — agent-assisted initial review,2026-09-20T09:23:18.404604+00:00
2026:4051420261510343467,p0003,g_1c4e916fdff0e74834936be9,8a03a55331147ce1794eb5c21eb30ec8ef6dd9ac0c7d41d12a8ca4d252f33ed1,d_d7b8cdf597bbaad6141098b1,Codex — agent-assisted initial review,2026-09-20T09:23:18.404604+00:00
2026:4051420261510385715,p0011,g_a21a462c84740d471f39e8e5,72d9a751c6d5bc4c8ce73bdb715310f814ad80ab44595329b9127d391f37bb10,d_14e321aad347685322ca741e,Codex — agent-assisted initial review,2026-09-20T09:08:32.301672+00:00
2026:4051520261510431792,p0014,g_90458142716a61f6004ecc36,bc8a2bedda1c44168cd0f14b8a5d945d748000d2e03471a3f3b940d1fca09e28,d_28a16010ff59d606c0017192,Codex — agent-assisted initial review,2026-09-20T09:08:32.301672+00:00
2026:4051820261510572174,p0009,g_ed75f745c407cfc3691a98d9,58afe8ede9c7a9b856f8253915d1f31167144e52275406c70a8f788c17046a02,d_b28508cd11bc7478a3b05445,Codex — agent-assisted initial review,2026-09-20T09:08:32.301672+00:00
2026:4051820261510595167,p0009,g_123c37f1f82706dec7c3d3ab,9e50a630771436920e7be673cee9883102a0369cafe09b29d682ec44da2a79c0,d_e2169661c0982c5c25ff869a,Codex — agent-assisted initial review,2026-09-20T09:08:32.301672+00:00
2026:4051820261510596329,p0015,g_fc22364faa7c30ec1babc064,22530b5af37b7d47d91010e398403b6bbf5576d057b3c885b39daae667bdaf68,d_5e0dd5b5de846f3df729026d,Codex — agent-assisted initial review,2026-09-20T09:23:18.404604+00:00
2026:4051820261510596330,p0015,g_fc22364faa7c30ec1babc064,6994a5f873d34c105fe4e3f9fa99798006a5606c89a234ef8731bd33a398d47f,d_5e0dd5b5de846f3df729026d,Codex — agent-assisted initial review,2026-09-20T09:23:18.404604+00:00
2026:4051820261510596858,p0009,g_4aee48fc2183e07256a0873b,c41a47e1107eb517419ddc2c6ce491d2cee8d380a6c356589154ea584743d33a,d_4bcdd8e536c8ebc2e35e0641,Codex — agent-assisted initial review,2026-09-20T09:08:32.301672+00:00
2026:4051820261510643111,p0002,g_c4aeda135338872fa57a2a59,ff0c746034c7e004b3ca94e3f86c6d2e75857dc8465a1c4cb9e264a396af5a46,d_1749fd6e3528bc48294c91aa,Codex — agent-assisted initial review,2026-09-20T09:23:18.404604+00:00
2026:4051820261510643119,p0003,g_63034804eceebc1a1a91e35c,7ff8c20f50fc9991dc46ad96b9c0e2f88456b0dd7344d59ac3dff9b9aafd2767,d_72049568809d5889112be34a,Codex — agent-assisted initial review,2026-09-20T09:23:18.404604+00:00
2026:4051820261510643126,p0002,g_c4aeda135338872fa57a2a59,c5427d3e5bd395ca210f546c713f71f882fcdb393199e7057ed3a4ddd644265b,d_1749fd6e3528bc48294c91aa,Codex — agent-assisted initial review,2026-09-20T09:23:18.404604+00:00
2026:4051820261510643128,p0003,g_63034804eceebc1a1a91e35c,06f9934b461af51e689beb1663234793fde4fdf336e0850e5e32fa3f3b6ea3fa,d_72049568809d5889112be34a,Codex — agent-assisted initial review,2026-09-20T09:23:18.404604+00:00
2026:4051920251203023167,p0010,g_653b290995f6fe204d7a2034,b11004c6769c3c31873768b15e0619b4eed6fcb06bdc78dc657b9274b9e3b93f,d_2c3442eb36efd7a36c8daf77,Codex — agent-assisted initial review,2026-09-20T09:08:32.301672+00:00
2026:4051920261510727733,p0009,g_43bd5f81e2ec35d8c2c8190f,bf3939108b557c74e9cfd58789028238b54ea87204f2a9403f648693a8853fb6,d_b2a8218cd3b62e27f02dbdf9,Codex — agent-assisted initial review,2026-09-20T09:08:32.301672+00:00
2026:4051920261510731452,p0009,g_f0f3b3fb12bc64289850d66a,a8cc5c6749bc4fa3908ccaba6f9efbb9d38322b597314aba15ca2c6192a37f95,d_8d5593376fe2e45dad7e939d,Codex — agent-assisted initial review,2026-09-20T09:08:32.301672+00:00
2026:4051920261510731769,p0009,g_123c37f1f82706dec7c3d3ab,1b54131064c83c39746884c03fd1e1a0af4cfa5e0ff4feee5e50ad948272e283,d_e2169661c0982c5c25ff869a,Codex — agent-assisted initial review,2026-09-20T09:08:32.301672+00:00
2026:4051920261510734285,p0009,g_db436fe470edafcf6441174c,06020e0249ac0182b923311fadc7570ab9f82dbbc7725681a58d7e8713d7f48b,d_62f6e0cd8b5317a0c382b35c,Codex — agent-assisted initial review,2026-09-20T09:08:32.301672+00:00
2026:4051920261510734286,p0009,g_db436fe470edafcf6441174c,334beddda13be67c9fa0baa030e4d63288e4664001576dc61cd133add13a5ec9,d_62f6e0cd8b5317a0c382b35c,Codex — agent-assisted initial review,2026-09-20T09:08:32.301672+00:00
2026:4051920261510734287,p0009,g_db436fe470edafcf6441174c,b8545e8668b9da89b26ffe6db57161ebe5b31e2816313fd1dfa4546774f56ed3,d_62f6e0cd8b5317a0c382b35c,Codex — agent-assisted initial review,2026-09-20T09:08:32.301672+00:00
2026:4051920261510734858,p0003,g_259acdb847a53c3880850ddd,8b88802c1905d7d72408a4d5322ac7510967ae5f89c860de881966da244bf240,d_705a5dcd0cf23b2acefde72a,Codex — agent-assisted initial review,2026-09-20T09:23:18.404604+00:00
2026:4051920261510734895,p0003,g_259acdb847a53c3880850ddd,c47c60c029765965352afe78e9b56899bd9954f07a0c109cdb70e32f4f54601d,d_705a5dcd0cf23b2acefde72a,Codex — agent-assisted initial review,2026-09-20T09:23:18.404604+00:00
2026:4051920261510736934,p0009,g_db436fe470edafcf6441174c,4ab1b231ee1b19d014bfca587025b9dd0a330755a6e6011fb037035a57748cb7,d_62f6e0cd8b5317a0c382b35c,Codex — agent-assisted initial review,2026-09-20T09:08:32.301672+00:00
2026:4051920261510753855,p0004,g_19aa9fb6ba883991e53bf4ef,cc53749054bc8560a2bf74960827409755aac9e40e2c4d80f18f1e70b3edf75c,d_c4d4a9f4d83a41448d070c3d,Codex — agent-assisted initial review,2026-09-20T09:23:18.404604+00:00
2026:4052020261510782723,p0002,g_1808c93174535c9190f5f438,d6311d00179a761cbfcacfbc015ca5170ff6abd17a387da465262b0bb3c2d3ff,d_e19bcc06694aacfa26253892,Codex — agent-assisted initial review,2026-09-20T09:23:18.404604+00:00
2026:4052020261510782724,p0002,g_1808c93174535c9190f5f438,96101d406049db92b8b26fb7ace6aee67ebbaba6b652ce8c148d3885658eff39,d_e19bcc06694aacfa26253892,Codex — agent-assisted initial review,2026-09-20T09:23:18.404604+00:00
2026:4052020261510782769,p0003,g_9a090ab206dfc79a3977addb,282231552318d70b9a7cf561da8fde9c9f31e4e0588c0911639151fbe9472b13,d_a79e850d28397f79828afc7d,Codex — agent-assisted initial review,2026-09-20T09:23:18.404604+00:00
2026:4052020261510782770,p0003,g_9a090ab206dfc79a3977addb,7415028427041e72dade289c98281011882bcdd00f69c911c4b9709929eada32,d_a79e850d28397f79828afc7d,Codex — agent-assisted initial review,2026-09-20T09:23:18.404604+00:00
2026:4052020261510782778,p0010,g_c848d1fc93040ad0cf64234b,26e050053cf4f31d931cd3ce489fd4523acbf1c15d2beb5f8a22ecfd23c11840,d_0f24b2b63bcb2f7a1865e91b,Codex — agent-assisted initial review,2026-09-20T09:08:32.301672+00:00
2026:4052020261510782779,p0010,g_c848d1fc93040ad0cf64234b,758de2d2d5a94f0d044f4a9ecd113ac4a50537da18fb4757367591dbada6e8e4,d_0f24b2b63bcb2f7a1865e91b,Codex — agent-assisted initial review,2026-09-20T09:08:32.301672+00:00
2026:4052020261510783475,p0009,g_8c2e291e142c0685a32851ae,a0a38ea3efd7c4557c072105019c58c32ecddf66cb3f1ae6b62a0dde90e89136,d_95478f66507a105114775e26,Codex — agent-assisted initial review,2026-09-20T09:08:32.301672+00:00
2026:4052020261510784351,p0009,g_3ed469a75807e064b1cedca8,8f69f6b4913370c3a7f6b2c18b0bac1883709d1c3a88d681405f33628cd38d18,d_2d568f6059e300ab69a3fb7b,Codex — agent-assisted initial review,2026-09-20T09:08:32.301672+00:00
2026:4052020261510793951,p0002,g_02ae1f46cc966bbd11721bf0,fccc0ec629b1c5c3a8c17f8330eb861d4fa80ba1def22865f770061dcd544793,d_4199661bb9bbb5d007d3e706,Codex — agent-assisted initial review,2026-09-20T09:23:18.404604+00:00
2026:4052020261510794000,p0003,g_259acdb847a53c3880850ddd,69d9b5f28c3c3b82d412ca011cef0410499500eb850627b46244b49eb7c6039a,d_705a5dcd0cf23b2acefde72a,Codex — agent-assisted initial review,2026-09-20T09:23:18.404604+00:00
2026:4052020261510795186,p0009,g_011c8aed747f38f796723a39,d1b0327f18659257cf10b8309b1a0a6c0914722a34b8ca7ea38a2a5709ffd4d2,d_7e9aee281c7889c620a9fe85,Codex — agent-assisted initial review,2026-09-20T09:08:32.301672+00:00
2026:4052020261510864652,p0003,g_d22282d4447aaaeb4a4e410a,44c1cb3f02cd866101a5bfb0bf825e23ac944bf5a58e4b4fa8b0646afab0db7d,d_789688807e66fe1ce5b34700,Codex — agent-assisted initial review,2026-09-20T09:23:18.404604+00:00
2026:4052020261510864663,p0002,g_085eccb76e66fe418d29f4b5,cb073788202f225524df095808574f76bbbc98896d69d68727276e33d3f2eabe,d_2cae6cfd09bcd36c588d7910,Codex — agent-assisted initial review,2026-09-20T09:23:18.404604+00:00
2026:4052020261510867050,p0009,g_e16f6b8280991541dabd2412,5b6a009eb9d7fe88aa704b9fa94abe2edefe0803d9d50462cbf0daecfdcd465a,d_73eff51c31c2f79ec5f38323,Codex — agent-assisted initial review,2026-09-20T09:08:32.301672+00:00
2026:4052020261510874537,p0011,g_a21a462c84740d471f39e8e5,b4b57c74144545865eb0b72d73ce054e9db5e97c0e249315b86fc5cf62803d6e,d_14e321aad347685322ca741e,Codex — agent-assisted initial review,2026-09-20T09:08:32.301672+00:00
2026:4052020261510874558,p0009,g_9e7d13aecd18a08cd8a0fe3b,6e87a8557fad42d62ab8533058849aebcd798b9855a5f573bb415c32d650f037,d_0a696dbf9e0b1c43b3d9c77b,Codex — agent-assisted initial review,2026-09-20T09:08:32.301672+00:00
2026:4052020261510874561,p0019,g_4f8e109736653302b75e88cb,6341122d7cf02e8bf43860692f389bad1ac9e8e4f5e133f56c77eccfa775a866,d_8179f3968061af56012765ec,Codex — agent-assisted initial review,2026-09-20T09:08:32.301672+00:00
2026:4052120251203589305,p0010,g_78fdf843f44d9ca91289f73a,09856f1ed5b91ed94942af324d2a84273d4c4d41f937c555567608c4ecc65119,d_cdc7b4e7c8aa9fd1d84b6732,Codex — agent-assisted initial review,2026-09-20T09:08:32.301672+00:00
2026:4052120261511053689,p0009,g_43bd5f81e2ec35d8c2c8190f,99e303607392045fdd642cd80eebfb7d1ea1ec2542e7810e13906654201717c4,d_b2a8218cd3b62e27f02dbdf9,Codex — agent-assisted initial review,2026-09-20T09:08:32.301672+00:00
2026:4052220261511155789,p0009,g_dd55d72b82ce8f695bf1ee97,4b610f5d50d46e04dab40525cc2bd38d6de47785ce4043fc537040067419d475,d_1f8fef796953bb1f686e5f24,Codex — agent-assisted initial review,2026-09-20T09:08:32.301672+00:00
2026:4052320251204077213,p0009,g_dd55d72b82ce8f695bf1ee97,72fb9cc81024e09407313d5d955e60688107c258263d434cb15e75510662ab2a,d_1f8fef796953bb1f686e5f24,Codex — agent-assisted initial review,2026-09-20T09:08:32.301672+00:00
2026:4052820261511740939,p0015,g_d6c9ce851f77cebee8d0cae6,15234d004bcd3aec535c9066b8a42b4e6d4064b23eaf228f4d18d7868d3b644f,d_d86126bdf64a539d808f5e36,Codex — agent-assisted initial review,2026-09-20T09:23:18.404604+00:00
2026:4052820261511740941,p0015,g_d6c9ce851f77cebee8d0cae6,67183b781f874165a21c24b59e16525fa44bc8e8cdccafc5df15a67721968900,d_d86126bdf64a539d808f5e36,Codex — agent-assisted initial review,2026-09-20T09:23:18.404604+00:00
2026:4052920261511815961,p0004,g_2ff4ce6cc0af516e534e29e0,ab05022b4eb20b581bdbc87e83efb09dbfb6e8920a844b6b8c81f012f39503c3,d_2e973c474082185bf9a37333,Codex — agent-assisted initial review,2026-09-20T09:23:18.404604+00:00
2026:4052920261511824696,p0004,g_2ff4ce6cc0af516e534e29e0,e7e33f143c2319bd6e2eb8a0f04767c6fa53eff71933ce13c8b45be63331b233,d_2e973c474082185bf9a37333,Codex — agent-assisted initial review,2026-09-20T09:23:18.404604+00:00
2026:4052920261511824697,p0004,g_2ff4ce6cc0af516e534e29e0,248d073140cb588154f66e23a7229d6e72af13f7d653b42da745344dfe9a78d5,d_2e973c474082185bf9a37333,Codex — agent-assisted initial review,2026-09-20T09:23:18.404604+00:00
2026:4060120261511947291,p0006,g_b647737b21a226ed905ff9ab,83682f0e32062b321505446afb6f083b95233c867edcfa8e4a2cb64c547b0b79,d_b6cd3a2e3a1776999366ae0f,Codex — agent-assisted initial review,2026-09-20T09:23:18.404604+00:00
2026:4060220261512109019,p0002,g_bf821066f3fd60bbdca92abb,6d4ae70f963537cde23cac4eed9b3a941b3caf124651ba25f211abed72309793,d_37429a6a81ccf45dbf30ceb4,Codex — agent-assisted initial review,2026-09-20T09:23:18.404604+00:00
2026:4060220261512109023,p0003,g_6d57bd5a9819e7eb18bd2f27,9e68b29e2e7726bfad8548f212201f32d866e61a1a4bfb338e747f4d7332e285,d_0379143b61a584e02becb3e1,Codex — agent-assisted initial review,2026-09-20T09:23:18.404604+00:00
2026:4060220261512143733,p0002,g_b2eca2a387a27a0a412b5c39,88b68c27eadf69e9bce12e556c81432dc13dec34009f448a9578f27486001ea6,d_290aae3d23184982760f1791,Codex — agent-assisted initial review,2026-09-20T09:23:18.404604+00:00
2026:4060220261512143735,p0003,g_ff80cbe1d2bd43cc2550af62,b418a657b840d1e30548fe1790f507d91f7b3f5d0e18bb372694b4683a0fd7fc,d_0e277ee0fdbd18a114458b79,Codex — agent-assisted initial review,2026-09-20T09:23:18.404604+00:00
2026:4060220261512144325,p0019,g_e61ff5450774cd15dfa46438,60a96c09f9af97a2edad24a0404902254939aa9787228efa746c6c3c65fd90fb,d_9b3bfc79d0008fc03e82c268,Codex — agent-assisted initial review,2026-09-20T09:08:32.301672+00:00
2026:4060220261515176970,p0014,g_3954ea2f4671edb21188d0b7,e4a8d3aa33a0d77dd91bab146fa0415856a3af6bf30f32a028d89aa586e314ac,d_142051317ccdf06c7da52d55,Codex — agent-assisted initial review,2026-09-20T09:08:32.301672+00:00
2026:4060220261519209533,p0003,g_ff80cbe1d2bd43cc2550af62,458096b2d870b667f286ed21974b8855b05816811548e3bf9c67efa1f4c87409,d_0e277ee0fdbd18a114458b79,Codex — agent-assisted initial review,2026-09-20T09:23:18.404604+00:00
2026:4060220261519209541,p0002,g_b2eca2a387a27a0a412b5c39,00a0adbd9abe16c1ccc257df7d2667253780a7ba687ac314f67a2939e890a191,d_290aae3d23184982760f1791,Codex — agent-assisted initial review,2026-09-20T09:23:18.404604+00:00
2026:4060320261520027756,p0009,g_c762cfbd9716637a0f4bffb5,c8e4a0442a6b9e9264df47c4ebee87c9a2ace3137de2c6df907b9cdc4bac0122,d_68538806cc9c3864c74eb1c3,Codex — agent-assisted initial review,2026-09-20T09:08:32.301672+00:00
2026:4060320261520089076,p0003,g_1e5866a1d81ff4414aa14785,7c092202334341837bd22d5c289044a47ef9bd1896de5974686aea6ab2be318b,d_5887e6f8662475b245d05840,Codex — agent-assisted initial review,2026-09-20T09:23:18.404604+00:00
2026:4060320261520089077,p0003,g_1e5866a1d81ff4414aa14785,143436a2bcd9d3d1ac0d8a478863479f70b62f4a9640f528dd75b9ad4b529163,d_5887e6f8662475b245d05840,Codex — agent-assisted initial review,2026-09-20T09:23:18.404604+00:00
2026:4060320261520089078,p0003,g_1e5866a1d81ff4414aa14785,470f123f8ea7561284525a74ead1b6422e0dc4b6bdd672be4000a6df75f5b31c,d_5887e6f8662475b245d05840,Codex — agent-assisted initial review,2026-09-20T09:23:18.404604+00:00
2026:4060420261520203423,p0001,g_70bf55e0cd79f87d8eefe544,3f9c1269f2394c6898e1c62898175e30333fd3e42cf023964c565e8162c94eed,d_8f963de8baf0f98279d14cf4,Codex — agent-assisted initial review,2026-09-20T09:08:32.301672+00:00
2026:4060420261520203425,p0001,g_70bf55e0cd79f87d8eefe544,3864471ba1d08daaab2da1f86313dcf54f3a730249d4746aa532663bd77bc167,d_8f963de8baf0f98279d14cf4,Codex — agent-assisted initial review,2026-09-20T09:08:32.301672+00:00
2026:4060420261520217987,p0002,g_6b937e0a9aa8756325df8f33,5f309de33470141d4f2d1e9674f28d77d616a11b59f0ae8725350cc9b2d62e4a,d_b316c9e69884bf99b3d1889f,Codex — agent-assisted initial review,2026-09-20T09:23:18.404604+00:00
2026:4060420261520217993,p0003,g_4becad4e7d66e04273b01f37,78f00b1ff653e8ff88aa1812316a133dbc1cc78962f824962281381f0761372d,d_4b7e32e83cd27656d6a72d72,Codex — agent-assisted initial review,2026-09-20T09:23:18.404604+00:00
2026:4060520261520329719,p0002,g_f37eaea68aad9b64d9e5e6f4,6cea5fccc165a99765159376bce51ba5f814d92b20b3a9ea86cf9d211f8fd482,d_37aec5e6529e1225e21bf36b,Codex — agent-assisted initial review,2026-09-20T09:23:18.404604+00:00
2026:4060520261520329732,p0003,g_87a5f4cac24d01b14e71f0b2,79baf37496f8e63d84d6e807fec72c9380a0af30c644a7b2fda94c1ac9d808d4,d_cbd5e5208c49750043c18ddd,Codex — agent-assisted initial review,2026-09-20T09:23:18.404604+00:00
2026:4060820261520442516,p0009,g_011c8aed747f38f796723a39,13fa7cb17bc2afd7ddeb21aff7320c74e48fc9b17f4168864c6cc63507fe918e,d_7e9aee281c7889c620a9fe85,Codex — agent-assisted initial review,2026-09-20T09:08:32.301672+00:00
2026:4060820261520524400,p0003,g_5c7bb6760897506c6287a177,ed677b8164d04679603530977872d77a474c21dfa97432d5d612a6f77d297a70,d_1188d30476ac090fdc7fd95d,Codex — agent-assisted initial review,2026-09-20T09:23:18.404604+00:00
2026:4060820261520524453,p0003,g_5c7bb6760897506c6287a177,6a495d9cd9863b3b83a3218878d71cf144bb5c754cea0dff562b0ba48fcf3bc4,d_1188d30476ac090fdc7fd95d,Codex — agent-assisted initial review,2026-09-20T09:23:18.404604+00:00
2026:4061020261521066048,p0001,g_d9e045dcc7c433ccac443bb4,995d0eeb103668b11114c9f4947b83662f9adbf95ea2a6ea52a0c632d921d38b,d_6bdb8baaa4deba6b60674210,Codex — agent-assisted initial review,2026-09-20T09:08:32.301672+00:00
2026:4061020261521086085,p0015,g_40afbdb05eb6084241a931f4,57df7171ef0a1343ef9eb919793394bba574ed169fa259b5790b49ad2ae2138b,d_bba71d31e2e19bd941b06666,Codex — agent-assisted initial review,2026-09-20T09:23:18.404604+00:00
2026:4061020261521113122,p0009,g_1b76fe9096d285322404d08b,49b07cec6294f65301444424938d05b9fdc9120da3c4d01bf3ee4defb94843b6,d_af9eab8ab0832178654dbe81,Codex — agent-assisted initial review,2026-09-20T09:08:32.301672+00:00
2026:4061020261521113123,p0009,g_1b76fe9096d285322404d08b,10a212054aa9d1120a581bf0dadd13171077bb57eaddf5f3d612da6b5eac4ac4,d_af9eab8ab0832178654dbe81,Codex — agent-assisted initial review,2026-09-20T09:08:32.301672+00:00
2026:4061020261521113124,p0009,g_1b76fe9096d285322404d08b,164f20626f90d567706671976d55a1644a5aa5a6b3312ffc7d962166b278b5ea,d_af9eab8ab0832178654dbe81,Codex — agent-assisted initial review,2026-09-20T09:08:32.301672+00:00
2026:4061120261521189382,p0003,g_fc8e7e2bd55b04425049f19b,3a7c85f5c26bb505f39e3c2dd0ed34243ad3ef3e75c99581b7c075b53269766b,d_aaa48bcb73336ed43feeef09,Codex — agent-assisted initial review,2026-09-20T09:23:18.404604+00:00
2026:4061120261521189383,p0003,g_fc8e7e2bd55b04425049f19b,ba74891cbb0908035a00c57169621ce89b49fd14e82b39bc6657a175c73e247d,d_aaa48bcb73336ed43feeef09,Codex — agent-assisted initial review,2026-09-20T09:23:18.404604+00:00
2026:4061220261521266439,p0003,g_1e5866a1d81ff4414aa14785,fb240448479bc4df6a5038d7d154daeb470166897713c862d50ce985b23bbc4e,d_5887e6f8662475b245d05840,Codex — agent-assisted initial review,2026-09-20T09:23:18.404604+00:00
2026:4061220261521266477,p0003,g_1e5866a1d81ff4414aa14785,64353c3121d5a4d941a490d452da8637835a4ca1d45d7c2cd59abd40f35a38f7,d_5887e6f8662475b245d05840,Codex — agent-assisted initial review,2026-09-20T09:23:18.404604+00:00
2026:4061220261521266567,p0002,g_e07702fdf24ead49be1a2641,a4c4d6cd609c274713b5b4d7038725e206819a2f9355b965a435882d9e5e7f71,d_7117c705e7121e0c9f03b468,Codex — agent-assisted initial review,2026-09-20T09:23:18.404604+00:00
2026:4061220261521266602,p0002,g_e07702fdf24ead49be1a2641,6d4c804e8560f7cdaab9b485cc35cd5b6963ea0b6c4929398a918b94fed1a147,d_7117c705e7121e0c9f03b468,Codex — agent-assisted initial review,2026-09-20T09:23:18.404604+00:00
2026:4061720261521513176,p0009,g_f0f3b3fb12bc64289850d66a,30ad95f2e7ae53220bb4b19bcaae076710b209231cf6e1590e654c1078120cf6,d_8d5593376fe2e45dad7e939d,Codex — agent-assisted initial review,2026-09-20T09:08:32.301672+00:00
2026:4061720261521558865,p0002,g_10ffa0711f76dc342701d06b,5c5f19c82a67c829831a4025750790a0cf9bcf1b1c1525f836578f820eafce46,d_729d57ddff6e7665b5d8329a,Codex — agent-assisted initial review,2026-09-20T09:23:18.404604+00:00
2026:4061720261521558867,p0003,g_8e8a92e6515ce1395d3e5622,69dffb8615b14e2caaaabf2bb40a3aa4f26ed59f605f04b0041e580552b8e743,d_c355da2e07e301ef7ad217b7,Codex — agent-assisted initial review,2026-09-20T09:23:18.404604+00:00
2026:4061820261521615750,p0009,g_8467e455c50c975d5ee4da9b,0f5703324d53662cd9e866a17ee121e50fd1831e76a9516be2775377b1949e58,d_5b87a8e434b6b2ec3d5cae89,Codex — agent-assisted initial review,2026-09-20T09:08:32.301672+00:00
2026:4061820261521615751,p0009,g_8467e455c50c975d5ee4da9b,8f42d3e08e4935c512f99ad31f99436acd7f67a0b5e42bc6ac6db0fefd6c57e1,d_5b87a8e434b6b2ec3d5cae89,Codex — agent-assisted initial review,2026-09-20T09:08:32.301672+00:00
2026:4061820261521615752,p0009,g_8467e455c50c975d5ee4da9b,9780f4bbaac514f7a4b867ed71a63ffeec218e8a8838e1dad0c6c9143f21896b,d_5b87a8e434b6b2ec3d5cae89,Codex — agent-assisted initial review,2026-09-20T09:08:32.301672+00:00
2026:4061820261521630116,p0009,g_10932a55924be58b2368f4f0,0c11b33b70f10919b78fe1b3f06b7500237fb60025e02c41c704b5ba3d4a2238,d_9c62a592e4d1d0892b0fa11d,Codex — agent-assisted initial review,2026-09-20T09:08:32.301672+00:00
2026:4062220261521891102,p0002,g_f813b27cc2ffd97033210377,8174ac11b961099d34c240a5fb42ce3b2c60da3aedbb5ba53bdf93637fef10d1,d_3e6471f852383cf271e2e541,Codex — agent-assisted initial review,2026-09-20T09:23:18.404604+00:00
2026:4062220261521891108,p0002,g_f813b27cc2ffd97033210377,2076a02644be316c8f82297527a0d8ba0c029839f71e71691c0c7d55354949ac,d_3e6471f852383cf271e2e541,Codex — agent-assisted initial review,2026-09-20T09:23:18.404604+00:00
2026:4062220261521891115,p0003,g_1c065eaa90050aa766466100,9257ccd3b3f5815d301b1ea983e5964d6682e3c2c074824f0009f1ce31986e66,d_0472a8eaea073ee5dfb260f1,Codex — agent-assisted initial review,2026-09-20T09:23:18.404604+00:00
2026:4062220261521891116,p0003,g_1c065eaa90050aa766466100,d05cf13b9d7036a73533c54cf0f14ff29997f3680d73cd619bea7c26c2cb801f,d_0472a8eaea073ee5dfb260f1,Codex — agent-assisted initial review,2026-09-20T09:23:18.404604+00:00
2026:4062220261521891580,p0009,g_43bd5f81e2ec35d8c2c8190f,3e5d96bda9666a447ab7880f1c6292ce87472dd5ab8315fdd9b1e672d983ee38,d_b2a8218cd3b62e27f02dbdf9,Codex — agent-assisted initial review,2026-09-20T09:08:32.301672+00:00
2026:4062220261521930698,p0013,g_a1ff4d481b150465fa1c4cca,1ae4afe40121f0252cbb9ab48a9cb3b4aa724b547b83f80a3b77dec6b2b1bcdb,d_73d1d148a0cef504a7e9bf47,Codex — agent-assisted initial review,2026-09-20T09:23:18.404604+00:00
2026:4062220261521930700,p0013,g_a1ff4d481b150465fa1c4cca,e5e1737b23134cc7c4d01d518f20441482a59b1e066473e99f26fbe885eee496,d_73d1d148a0cef504a7e9bf47,Codex — agent-assisted initial review,2026-09-20T09:23:18.404604+00:00
2026:4062220261521930701,p0013,g_a1ff4d481b150465fa1c4cca,f5e4069cd52ce4dc3d9bf539e99df69a5a8a55e665c7cd8d78a65832f3cb6771,d_73d1d148a0cef504a7e9bf47,Codex — agent-assisted initial review,2026-09-20T09:23:18.404604+00:00
2026:4062220261522023342,p0001,g_b4b7a1c0783b7b4c1619b15c,47d87ba81a7c47bbcaf088c18bbeba92eb25a1fbb6b67ddcd3b245e08b5d9668,d_6d8aa2f83cf151d984609bd3,Codex — agent-assisted initial review,2026-09-20T09:08:32.301672+00:00
2026:4062220261522093913,p0019,g_be28b048b1113525d2068494,aaef2937308d3f566bfdc140adcc6ad002c463a14c6c99959f14d9290ca0940f,d_cd9ac40ae3b0aa201d86aab0,Codex — agent-assisted initial review,2026-09-20T09:08:32.301672+00:00
2026:4062320251206787326,p0011,g_f95ec01c88d40ec4a8fe0627,5ff90419354634307ddc7c6c2260544c85b1ebd5548510c3d7452e5c033beb17,d_24fad14768e5d727e52253db,Codex — agent-assisted initial review,2026-09-20T09:08:32.301672+00:00
2026:4062320251206807751,p0009,g_1dd939edc0958dadd829c5fa,c8d70b40c5c65262f09b3e153abfd9151845378015b0962479f2fc19cc3ee560,d_0f6c02600f1bd9d21dd6bb63,Codex — agent-assisted initial review,2026-09-20T09:08:32.301672+00:00
2026:4062320251206833564,p0009,g_1dd939edc0958dadd829c5fa,70c46169eb3b42fff44c9aeed1ce01afd34e554c927e64c30993b51421c4803c,d_0f6c02600f1bd9d21dd6bb63,Codex — agent-assisted initial review,2026-09-20T09:08:32.301672+00:00
2026:4062320251206833565,p0009,g_1dd939edc0958dadd829c5fa,025486fc6dec2d8532129bbb96892d1add83e8e871499c086e08ee4728d9a9bf,d_0f6c02600f1bd9d21dd6bb63,Codex — agent-assisted initial review,2026-09-20T09:08:32.301672+00:00
2026:4062320251206848448,p0002,g_063c805ecdb0029eded6ccc7,c74e4183480e2b232676248c50614b61316fd51f5f271f72266a53338fe69a15,d_d6a77f1d1dcce67313396e20,Codex — agent-assisted initial review,2026-09-20T09:23:18.404604+00:00
2026:4062320251206848985,p0003,g_7cfd98a442d4b5552a1af80a,2187cda7a7e8795508560f2e2a60eff31032e9d346bf0d107a266eeb6db9cf72,d_17038df39b577a6d35b7a5b9,Codex — agent-assisted initial review,2026-09-20T09:23:18.404604+00:00
2026:4062320251206895241,p0002,g_063c805ecdb0029eded6ccc7,473a0dd0a53b6505db827f74cbe50046ebd6e37e2b46f0ae0449de096a3e9040,d_d6a77f1d1dcce67313396e20,Codex — agent-assisted initial review,2026-09-20T09:23:18.404604+00:00
2026:4062320251206895252,p0003,g_7cfd98a442d4b5552a1af80a,f484e36d9c8fce6d518c1ab5e854214977acb41b84ba82f791125931ce706822,d_17038df39b577a6d35b7a5b9,Codex — agent-assisted initial review,2026-09-20T09:23:18.404604+00:00
2026:4062320261522364627,p0002,g_c12e3539ca7554c8ec880640,2379c2ff037768b57d1d73616248e742877c6d484029b8c451e8e82969c91f16,d_1bd5e5d6f90473c7473692a0,Codex — agent-assisted initial review,2026-09-20T09:23:18.404604+00:00
2026:4062320261522365352,p0003,g_1c5f24d997d3544b2b240c75,49b215ba31b3c8e33533ea625a6da8158d09e2f96ac8330ab7b0d93a9d59f62f,d_8cd7fd0d2b82a1b131bb51ce,Codex — agent-assisted initial review,2026-09-20T09:23:18.404604+00:00
2026:4062420251207000109,p0009,g_b9b11d4e7d9f87e47b62ccb8,6b022e54413a6a25830981e0db496d47fe08a0fd08369a59433802ca77742b6d,d_ae8831522e0bc69374f16861,Codex — agent-assisted initial review,2026-09-20T09:08:32.301672+00:00
2026:4062620261522831036,p0009,g_43bd5f81e2ec35d8c2c8190f,112250086aa78b6707061e13420504762089a2be8a4e433663fb586c1b7bf84c,d_b2a8218cd3b62e27f02dbdf9,Codex — agent-assisted initial review,2026-09-20T09:08:32.301672+00:00
2026:4062620261522899578,p0013,g_a1ff4d481b150465fa1c4cca,57b28d65949ce7f2f0b992da76612288e528ebd5c83f6d134552a6b115c6bb46,d_73d1d148a0cef504a7e9bf47,Codex — agent-assisted initial review,2026-09-20T09:23:18.404604+00:00
2026:4062620261522899580,p0013,g_a1ff4d481b150465fa1c4cca,9b40abc46b283239c533b8165378620a280e81116d7d67b2227c8292a7a9202e,d_73d1d148a0cef504a7e9bf47,Codex — agent-assisted initial review,2026-09-20T09:23:18.404604+00:00
2026:4062620261522900020,p0013,g_a1ff4d481b150465fa1c4cca,738ff9a6835f58272e8e693b8da0306e585134c54156c07ebcc8773c1be5f017,d_73d1d148a0cef504a7e9bf47,Codex — agent-assisted initial review,2026-09-20T09:23:18.404604+00:00
2026:4062620261522900021,p0013,g_a1ff4d481b150465fa1c4cca,b6e77098740d5baa304da2b4ff73619c1fc05658126dc8d7e9f312fa4177e4cd,d_73d1d148a0cef504a7e9bf47,Codex — agent-assisted initial review,2026-09-20T09:23:18.404604+00:00
2026:4062620261522900022,p0013,g_a1ff4d481b150465fa1c4cca,3f7eae626875a62c81207f7d115e4914a6efd6f7f7ec04ad670b05716f381a4c,d_73d1d148a0cef504a7e9bf47,Codex — agent-assisted initial review,2026-09-20T09:23:18.404604+00:00
2026:4062620261522902698,p0013,g_a1ff4d481b150465fa1c4cca,fa62bd39ed2e29da7abcf7a7aa300a930c6a7d76365d2a37f1f4c8b840a2f4c1,d_73d1d148a0cef504a7e9bf47,Codex — agent-assisted initial review,2026-09-20T09:23:18.404604+00:00
2026:4062620261522902700,p0013,g_a1ff4d481b150465fa1c4cca,f995556ae04ff421f8c47e048927f2caf93fa6ff5fe5b2e58376236efc646633,d_73d1d148a0cef504a7e9bf47,Codex — agent-assisted initial review,2026-09-20T09:23:18.404604+00:00
2026:4063020261523206579,p0015,g_173698b7003e85d4294b856b,36861aac629aa6f0625e45bcc2262c1a7ecb7d7ae97ae76c115b9d16db14e6ac,d_bf6109ea3537c239db230681,Codex — agent-assisted initial review,2026-09-20T09:23:18.404604+00:00
2026:4070120251207354122,p0009,g_90136420224d144493f933f4,096b80366026f224f57d871e1dad1a9cadeb9f891f82330afa8d89c4677e5f2b,d_898ce2b016710c95b3207449,Codex — agent-assisted initial review,2026-09-20T09:08:32.301672+00:00
2026:4070120251207386768,p0009,g_db436fe470edafcf6441174c,d34f6806859883fd7f1bfe92d407b7197043c25f5535ee1b630e5dc2ca19fbdd,d_62f6e0cd8b5317a0c382b35c,Codex — agent-assisted initial review,2026-09-20T09:08:32.301672+00:00
2026:4070120251207386769,p0009,g_db436fe470edafcf6441174c,cca60b2258c0f844a81e020d7fbfb7ffbc23428571a009b9dc2c225a9ab7075b,d_62f6e0cd8b5317a0c382b35c,Codex — agent-assisted initial review,2026-09-20T09:08:32.301672+00:00
2026:4070120251207386770,p0009,g_db436fe470edafcf6441174c,58391a60704a3e6c75dcf936196a0b4286612018c6ceb200a2d8a0e9f6792b39,d_62f6e0cd8b5317a0c382b35c,Codex — agent-assisted initial review,2026-09-20T09:08:32.301672+00:00
2026:4070720261526561199,p0004,g_2409c2c0451aea07fb1f7dcc,bb90c7fe56ec8735770a2ea2e1332bc3ab7641ba773fc5d384144a11facd6d2d,d_8a3101e0b61df1643a839edd,Codex — agent-assisted initial review,2026-09-20T09:23:18.404604+00:00
2026:4070720261527090853,p0014,g_3954ea2f4671edb21188d0b7,75c2d092713600c9d05d541fba981bf976537a1d28bf87d81c8aea34be2baee3,d_142051317ccdf06c7da52d55,Codex — agent-assisted initial review,2026-09-20T09:08:32.301672+00:00
2026:4070720261527090854,p0014,g_3954ea2f4671edb21188d0b7,645d6fd0836e9626d6dc92f2b3a72b5decbb5858f44614164e91ff5d1a85a222,d_142051317ccdf06c7da52d55,Codex — agent-assisted initial review,2026-09-20T09:08:32.301672+00:00
2026:4070820261533602628,p0002,g_b9f7cc3d0012a850a92d6f8d,eb9c2f85763e94fa76495b60f4ea9525cfcfde0541c7f1d96095b8472d496cb4,d_8ab7374768182d0e9f215c4b,Codex — agent-assisted initial review,2026-09-20T09:23:18.404604+00:00
2026:4070820261533602629,p0003,g_5fbe5b8ed39acd26c98b0513,4e0868d2ca80c2b5396c81c12afd5f3dee88ce2744decf6a51e1e7004523fc8b,d_a5abc9df6c5ef87386f7840a,Codex — agent-assisted initial review,2026-09-20T09:23:18.404604+00:00
2026:4070820261533604616,p0009,g_8a339fcc897c7522cb6de3db,9542c8c421ad7ec63ac3d2120208090f82d830edbc20e29db924a40e2844662d,d_d77149d2f80873f79cc47cf0,Codex — agent-assisted initial review,2026-09-20T09:08:32.301672+00:00
2026:4070820261533606257,p0002,g_7c97fc39001caa6f306f861d,07038bd120617981ea384951cedee8d1c94f1026a5b8f118321b598cd24198e8,d_0c67545746b3d56847c57309,Codex — agent-assisted initial review,2026-09-20T09:23:18.404604+00:00
2026:4070820261533606259,p0003,g_4e315c4bc671f95fcafef778,4624c82a84049e1e8b58a45da81693a1d1f39aaed3fda092ce2230b60a032db5,d_4483bb3180a38b772a29667f,Codex — agent-assisted initial review,2026-09-20T09:23:18.404604+00:00
2026:4070920261533665212,p0002,g_d072b18bd5c499ae4f499596,457bab01bbb411a7e1193bd945ff284ddc9e5ad5c4fc61099caa184e94c2831b,d_6287cc71db312cc464c7b07a,Codex — agent-assisted initial review,2026-09-20T09:23:18.404604+00:00
2026:4070920261533665214,p0003,g_869429bc6c3cbb8e966659e8,619f9b8aa2481ed86ae578a48bf1eb38dad3edf43cf0f5737f13a18e0977ad4f,d_4777f9e33a5161220cc9775a,Codex — agent-assisted initial review,2026-09-20T09:23:18.404604+00:00
2026:4071220261533751566,p0003,g_99e5aad1c7ca07d05314cfff,6f203594e72751e359f4eec86eb761091ed0150d33e5cfd7b27c4b7df0b32277,d_413a4e9273a6a4305da54308,Codex — agent-assisted initial review,2026-09-20T09:23:18.404604+00:00
2026:4071320261533896907,p0003,g_810353dcb998792851f793d7,9ebd47f18d5df90a9febc68f8579abf2decfaf8f9bb35755efa89afafb4bd9de,d_71a76b1a08e4c13cda99300d,Codex — agent-assisted initial review,2026-09-20T09:23:18.404604+00:00
2026:4071320261533911817,p0002,g_e1e1506a8070ecbec5ea5473,2b992fe5c2de59879997023411d99ea7bae1e8946c804c0682cbcd72c9570b03,d_5c0bac7b3ae6476b940dde43,Codex — agent-assisted initial review,2026-09-20T09:23:18.404604+00:00
2026:4071320261533911819,p0003,g_1d56332005a275286d47b0cf,ece46af0f333dfe9478a7abf2acb67369c8404f3ad1bef6dd960053b2aa0f599,d_2595706f13c8227971dd4218,Codex — agent-assisted initial review,2026-09-20T09:23:18.404604+00:00
2026:4071420251208282296,p0011,g_a21a462c84740d471f39e8e5,593800e86420d3da80e6bc27c2ebde5b7820454a955fec0d26197fa22711170d,d_14e321aad347685322ca741e,Codex — agent-assisted initial review,2026-09-20T09:08:32.301672+00:00
2026:4071420251208369327,p0002,g_89aec63ae438f8f9e8f368ca,bc6b864cc180c6b6db48c28dc0cc7bbf070a81cf6fe225ffef3207475783bf0f,d_33fc034ac95314f0f4d7d8d2,Codex — agent-assisted initial review,2026-09-20T09:23:18.404604+00:00
2026:4071420251208369565,p0003,g_1a885474a0cce832b5ab55b7,d5ffebe9b012057131264b8324a24d7d17ecb75395e86733976c3f020fafb215,d_fad0f25872456246653f72c3,Codex — agent-assisted initial review,2026-09-20T09:23:18.404604+00:00
2026:4071420261533996456,p0013,g_09c7e8b71589114d4929738d,ea1337feb082049ed1b0caf3b30a92c659c1df2d687a9636b0ab2dd511ca2170,d_e47dc50c38c844acb1df5c6a,Codex — agent-assisted initial review,2026-09-20T09:23:18.404604+00:00
2026:4071420261533996457,p0013,g_09c7e8b71589114d4929738d,474e35572eb5a1f34ea1e629012b6a33327b450a1247a38e77f919ad43b4bf5d,d_e47dc50c38c844acb1df5c6a,Codex — agent-assisted initial review,2026-09-20T09:23:18.404604+00:00
2026:4071420261533996458,p0013,g_09c7e8b71589114d4929738d,f665a1b975f619a1959def9c1375baf607ba8de080489d13eb4a6e5336576bb4,d_e47dc50c38c844acb1df5c6a,Codex — agent-assisted initial review,2026-09-20T09:23:18.404604+00:00
2026:4071420261534043345,p0002,g_2e3e0eef30d4a4300c13a686,703fcb89536863bb2d27a492d5fe9c4e2d47c13d0d9c304d353148ab43b03c79,d_8226420804d7389743c7bf25,Codex — agent-assisted initial review,2026-09-20T09:23:18.404604+00:00
2026:4071420261534043348,p0003,g_ddc5308d9a3517d846766b26,4025f681bcb136611c6c8eabeae0f4bc23986871a068366ec821fb588edf4484,d_f859cd0417b914fa9536bef0,Codex — agent-assisted initial review,2026-09-20T09:23:18.404604+00:00
2026:4071520251208486629,p0011,g_a21a462c84740d471f39e8e5,a58560e86909f2b2cb97aee58fe43765b6f1803e54845c070de55bc302987fde,d_14e321aad347685322ca741e,Codex — agent-assisted initial review,2026-09-20T09:08:32.301672+00:00
2026:4071520251208516115,p0003,g_72772943b0b71a7a2a699590,979485ab165296260550e5347831956c30a1693d81226ef8fc683aa3decbbc11,d_f65ad4b3e0f4b411aca7f136,Codex — agent-assisted initial review,2026-09-20T09:23:18.404604+00:00
2026:4071520251208516116,p0002,g_a07edb796e2ca0302c02b02a,ea262719cf9b7af7fe27f13bbd438831ce3513b85eea2074e2ebf541276d4063,d_3002eee1af7ebf1567c8dfd0,Codex — agent-assisted initial review,2026-09-20T09:23:18.404604+00:00
2026:4071520261534086674,p0015,g_47e4115eba7856c109e64121,6cba7934e74272016112f7004d2556f2d596b29cb3336e1beaf89b93935ef1b5,d_9d2cdab7ff81763376c2de6a,Codex — agent-assisted initial review,2026-09-20T09:23:18.404604+00:00
2026:4071520261534086675,p0015,g_47e4115eba7856c109e64121,e33e8be68245e54c338260204c13e0b92daacac6cd409531b18f828abac6bc9e,d_9d2cdab7ff81763376c2de6a,Codex — agent-assisted initial review,2026-09-20T09:23:18.404604+00:00
2026:4071520261534186388,p0009,g_8a339fcc897c7522cb6de3db,9274ace72d80fbd35e55670e2e723e8c58764fe21a6eec54baba55eccb73cad7,d_d77149d2f80873f79cc47cf0,Codex — agent-assisted initial review,2026-09-20T09:08:32.301672+00:00
2026:4071520261534477558,p0009,g_a300f7d2bd32ec777aa87662,273fc51151d568bf956b3167d047496e47a70e7a0659e707c068ee21181f1cc6,d_e3a1cef4777dc88240986319,Codex — agent-assisted initial review,2026-09-20T09:08:32.301672+00:00
2026:4071520261534477559,p0009,g_a300f7d2bd32ec777aa87662,7745764d296d90b5d4bebe7e647576f99bcfb5e1df9a51d04db0e433d313bfea,d_e3a1cef4777dc88240986319,Codex — agent-assisted initial review,2026-09-20T09:08:32.301672+00:00
2026:4071520261534477560,p0009,g_a300f7d2bd32ec777aa87662,0ddbcd8856ec364b29af85b3b048b459df4732a41d1d779e9f92a5f48e831eba,d_e3a1cef4777dc88240986319,Codex — agent-assisted initial review,2026-09-20T09:08:32.301672+00:00
2026:4071620251208808564,p0015,g_fc22364faa7c30ec1babc064,271b4378123996557822736ee7378eec95363a75b06e0ed99e65ca5e8e69d567,d_5e0dd5b5de846f3df729026d,Codex — agent-assisted initial review,2026-09-20T09:23:18.404604+00:00
2026:4071620251208904076,p0002,g_13b10d987099e9319aae83d4,b2a5209559d3fe36e29e808949940ceba4736c0402535caeeb21a5a30fb20980,d_ceeb10030f5736de890bbaba,Codex — agent-assisted initial review,2026-09-20T09:23:18.404604+00:00
2026:4071620251208904079,p0003,g_1c4e916fdff0e74834936be9,1eeb23873cd0015a00cd1da5a5ecc7049ac3cb4f9202d7829f2c2be68f5d8ec0,d_d7b8cdf597bbaad6141098b1,Codex — agent-assisted initial review,2026-09-20T09:23:18.404604+00:00
2026:4071620251208931766,p0011,g_3a659e0d8be775af4f13fa3e,a28762b1b01d382c7e14c844546eb5c5dcfe075ac773acf20ce7877523cde707,d_7b1de22ae3f6f75c3d9e0302,Codex — agent-assisted initial review,2026-09-20T09:08:32.301672+00:00
2026:4071620251208932121,p0009,g_db436fe470edafcf6441174c,776a61ed22c62f042c61ac2f5dc7bbf44d616707911af1e549764fd4b61a910b,d_62f6e0cd8b5317a0c382b35c,Codex — agent-assisted initial review,2026-09-20T09:08:32.301672+00:00
2026:4071620251208954137,p0001,g_70bf55e0cd79f87d8eefe544,4ee536e0f291edd0878f37ffee8f8461b73d783f9ba89c2bbb8dd162f50bbbf7,d_8f963de8baf0f98279d14cf4,Codex — agent-assisted initial review,2026-09-20T09:08:32.301672+00:00
2026:4071620261534553140,p0011,g_e8928b4e16728d40e618c9c2,2177992c02ac45a21756eb92645bf451aa66cb3c0f951f4f32992a2e371de6e1,d_08181820b353c0e707c47c6c,Codex — agent-assisted initial review,2026-09-20T09:08:32.301672+00:00
2026:4071720251209057661,p0004,g_f6ffd988100ab871656165ab,6caacc7e15205685bdc77fc40bde503b30dc5640a3ef2acb6609088466b61580,d_4cf94947ce064691fe4957e2,Codex — agent-assisted initial review,2026-09-20T09:23:18.404604+00:00
2026:4071720251209090150,p0009,g_103df2dbc52ef32e9c4b7d9a,b389893e6d570243fbf2b5989caa75b442f6f6c677b858b413752ce9df19c876,d_102628f77e3b12973e41cd94,Codex — agent-assisted initial review,2026-09-20T09:08:32.301672+00:00
2026:4071720251209092614,p0009,g_db436fe470edafcf6441174c,9aba142991d4f49ad8ef032ff6b5bab75dffb7872ace72bf19493e3616ddfb2b,d_62f6e0cd8b5317a0c382b35c,Codex — agent-assisted initial review,2026-09-20T09:08:32.301672+00:00
2026:4071720251209144979,p0009,g_db436fe470edafcf6441174c,501c705ce2570582f4671ef2e1c929afc581c498a9257eb556ee389e5257d2a3,d_62f6e0cd8b5317a0c382b35c,Codex — agent-assisted initial review,2026-09-20T09:08:32.301672+00:00
2026:4071720251209148412,p0002,g_c96d6ee46cd58987410b4de5,5fab0423695e8ff693c0b03c85e94cfd04ec9dec3a66d2ef86678e11e12508b8,d_cb66266cd8b44d09e0046fc2,Codex — agent-assisted initial review,2026-09-20T09:23:18.404604+00:00
2026:4071720251209148414,p0003,g_ff80cbe1d2bd43cc2550af62,7a5293810a9bf9567299d36079721e5f579c4612e7992c8c87eb52b7c15a95c3,d_0e277ee0fdbd18a114458b79,Codex — agent-assisted initial review,2026-09-20T09:23:18.404604+00:00
2026:4071720251209149310,p0009,g_90136420224d144493f933f4,afd91b9cc57d62a4c35abd54670aa3a04d52bb3eccb8fe5d9cfb7e6c6f886225,d_898ce2b016710c95b3207449,Codex — agent-assisted initial review,2026-09-20T09:08:32.301672+00:00
2026:4071720251209149891,p0010,g_f97221ef30d60713a55aa26c,8ec387ae8669dcd7949c108cfaec1a484b0f2657154bab82951cc2c143fac8e8,d_d8bfb7c8abc5d051f0f9db94,Codex — agent-assisted initial review,2026-09-20T09:08:32.301672+00:00
2026:4071720261534685792,p0002,g_89aec63ae438f8f9e8f368ca,ac6979255b3e3d33167be3e42bf1945ba5a66c4d03a362a2761c8fd562d1798a,d_33fc034ac95314f0f4d7d8d2,Codex — agent-assisted initial review,2026-09-20T09:23:18.404604+00:00
2026:4071720261534685795,p0003,g_1a885474a0cce832b5ab55b7,ffb2ff6a7bde04b15e994f056a7a43962723932152f1c2c4baa67513ab3cd5bd,d_fad0f25872456246653f72c3,Codex — agent-assisted initial review,2026-09-20T09:23:18.404604+00:00
2026:4071820251209507275,p0009,g_db436fe470edafcf6441174c,1b717058624b1c0be9e2c42fd413145026ab4d35c582b9f52900d5f021aeea3f,d_62f6e0cd8b5317a0c382b35c,Codex — agent-assisted initial review,2026-09-20T09:08:32.301672+00:00
2026:4071820251209507276,p0009,g_db436fe470edafcf6441174c,ad99ef896fdc437fb4f64ba4ae2b737a98f9253b60d2fc3f8fb29b85e28d5663,d_62f6e0cd8b5317a0c382b35c,Codex — agent-assisted initial review,2026-09-20T09:08:32.301672+00:00
2026:4071820251209507277,p0009,g_db436fe470edafcf6441174c,e84421ed77d70fdf2992c7d4d64bf39789a9c195b69ae5ef88f21fff6984ade0,d_62f6e0cd8b5317a0c382b35c,Codex — agent-assisted initial review,2026-09-20T09:08:32.301672+00:00
2026:4071820261534794731,p0002,g_faa45a1b5df93e7238adc45d,ff07f1ee0cbe83a99d91b6e4e0e6b53e202a53f3d0381c6068d5c777f2aa246d,d_ba8d5826d617efc218e39883,Codex — agent-assisted initial review,2026-09-20T09:23:18.404604+00:00
2026:4071820261534807936,p0015,g_9e6ca39a103af9765ed9abd6,82e4d1f486b7958c5be79bfee5c8355c5f0f177e0751dc55dcc8f3095241af91,d_81328a4b2dc00fee6862471e,Codex — agent-assisted initial review,2026-09-20T09:23:18.404604+00:00
2026:4071920261534868519,p0013,g_09c7e8b71589114d4929738d,83ee63e420f7fb248eecbf9cafc7de3aae337e2267c44a5772443dc43643047b,d_e47dc50c38c844acb1df5c6a,Codex — agent-assisted initial review,2026-09-20T09:23:18.404604+00:00
2026:4072020261534904544,p0015,g_c4334066bbf82272dfc6163c,d2fdf6998c437e24b002e370ce90f5e52a31ae10a4de797bf3b766911e221c77,d_e8ebab7c647d73a17fb1f721,Codex — agent-assisted initial review,2026-09-20T09:23:18.404604+00:00
2026:4072020261534904545,p0015,g_c4334066bbf82272dfc6163c,7dcf930574d8ccaaf7d4c96700b0f6766329f85609fd69c427794f85ec351320,d_e8ebab7c647d73a17fb1f721,Codex — agent-assisted initial review,2026-09-20T09:23:18.404604+00:00
2026:4072020261534909209,p0015,g_6767bd88b5773c82b907c527,a7d6d04f8495aa2f49dd2cc2c52f8831064fbfe5f579335fce8a2854e8866ba1,d_b9577ba845bf3697193780ad,Codex — agent-assisted initial review,2026-09-20T09:23:18.404604+00:00
2026:4072020261534932242,p0015,g_47e4115eba7856c109e64121,d8791014fd06f6fcdfca8d23f7fbc5ddee5e055b2a9254884a850cf7c33a38b3,d_9d2cdab7ff81763376c2de6a,Codex — agent-assisted initial review,2026-09-20T09:23:18.404604+00:00
2026:4072020261535087924,p0015,g_6767bd88b5773c82b907c527,63aac3fdca738a8cf497360fe9478ffa5f29a54c475bd0cda3822162946c1b18,d_b9577ba845bf3697193780ad,Codex — agent-assisted initial review,2026-09-20T09:23:18.404604+00:00
2026:4072120251209709159,p0019,g_e61ff5450774cd15dfa46438,0c077ac842fc99eaebf1abc1a1bcf80f9520b8aec1f0e6806079679c30f53e4b,d_9b3bfc79d0008fc03e82c268,Codex — agent-assisted initial review,2026-09-20T09:08:32.301672+00:00
2026:4072220251209938303,p0008,g_c0e18a0d6e5d3a765746dc80,d5e5a13e67120c830194d771250ccafada5a3363b3023b6295541d48c8135522,d_f65f16f8ace293f45481ffa3,Codex — agent-assisted initial review,2026-09-20T09:08:32.301672+00:00
2026:4072220261537632872,p0014,g_a7df3fb3fa4ec1b008ead0f3,43d8529ab3aa9831075f0c8f125caf2a72e082a984029c94d1d42a15a73bcc69,d_0380977d9daba1937a497c01,Codex — agent-assisted initial review,2026-09-20T09:08:32.301672+00:00
2026:4072320251210253697,p0010,g_37b2cf829551e74a3ad6eac8,929fcee7941902b21058ecf6f910443872fa7de26d709107012e55e66b89c49c,d_79c85e912d79e9297f806bd5,Codex — agent-assisted initial review,2026-09-20T09:08:32.301672+00:00
2026:4072320251211331529,p0015,g_d7268eeffddb2fac195dc0c4,ae946cfb6dbd82a24e9d0ae8df8245ab5655fd6557dfbace1207df4e42f77d67,d_39d44a3fc8f9399543532e5c,Codex — agent-assisted initial review,2026-09-20T09:23:18.404604+00:00
2026:4072320251211331530,p0015,g_d7268eeffddb2fac195dc0c4,a2b5b20ac0c9ec259ab4fe8dcf9ad7a8805a6dec9ffc838d2e4622f74ee0b4d0,d_39d44a3fc8f9399543532e5c,Codex — agent-assisted initial review,2026-09-20T09:23:18.404604+00:00
2026:4072320251211331540,p0003,g_3b843fe35fbfe63f1dfa54c2,f94ab1b022c78d890ba62295ca39f36ee47c8c2b185519f2ef23ad92b48231a0,d_431764eebe43fe2dbc769c97,Codex — agent-assisted initial review,2026-09-20T09:23:18.404604+00:00
2026:4072320251211331624,p0004,g_614763649502c60a09200ce6,fc91aa5ba8a5b811d3d1ad742f6166f879111e6cdc7806dd2603c3459f1e3723,d_f2a2f44d65893bde78c109ac,Codex — agent-assisted initial review,2026-09-20T09:23:18.404604+00:00
2026:4072320251211331770,p0004,g_614763649502c60a09200ce6,4029907df648323911d69caf55db795c489feb615a7160423772ac773ef5a54a,d_f2a2f44d65893bde78c109ac,Codex — agent-assisted initial review,2026-09-20T09:23:18.404604+00:00
2026:4072320251211331817,p0003,g_3b843fe35fbfe63f1dfa54c2,ee7173b3baaa35554a0f841b5b2d2312bc9599159ec3fde9fa342033defd24ee,d_431764eebe43fe2dbc769c97,Codex — agent-assisted initial review,2026-09-20T09:23:18.404604+00:00
2026:4072320251211332453,p0015,g_4478cd4536c39801f19c8eda,67f987f17c99a1aa6e7f1560efa6f06e1c29b8f3b37cf6854e259c46f318dbb5,d_93649d9a76312140db0e2ee4,Codex — agent-assisted initial review,2026-09-20T09:23:18.404604+00:00
2026:4072320251211332454,p0015,g_4478cd4536c39801f19c8eda,e4737298a0d6a3e16d7ef64e0ac3676cc6ae087ac398a2242f2fd71c62783e29,d_93649d9a76312140db0e2ee4,Codex — agent-assisted initial review,2026-09-20T09:23:18.404604+00:00
2026:4072320261537766905,p0004,g_614763649502c60a09200ce6,2d297df22759aac70f045f3572ed750f8024c6c210806d4fab79bfeaa03a280d,d_f2a2f44d65893bde78c109ac,Codex — agent-assisted initial review,2026-09-20T09:23:18.404604+00:00
2026:4072320261537827978,p0013,g_d711ad49bcb816ab812e0680,07c13bff22bbeaea6b9f65322aca5c72998805f0b12b5146836cda3f701cdc98,d_08b8732e86149747a9d3e0b4,Codex — agent-assisted initial review,2026-09-20T09:23:18.404604+00:00
2026:4072320261537828220,p0002,g_436241498f827d018d226a79,aa99cab1c2ec12004808d758182f1d1d46707e48c4512f21a1557957a84b0452,d_5c0b6e04c963a0b0c16440c5,Codex — agent-assisted initial review,2026-09-20T09:23:18.404604+00:00
2026:4072320261537828245,p0003,g_77e55b21515abb2c123735ea,eb57ad9581ee4a671151baa9bb829410ff2da5dc6bbb33910001e81df1166d0e,d_d637f172cc133ca40dcc7267,Codex — agent-assisted initial review,2026-09-20T09:23:18.404604+00:00
2026:4072420251211643318,p0010,g_0dc5cff97ac36c6b339e7918,92a2e58db853418453434cf4d1490685b3778d063f159300767a89242c62dbd8,d_73e7e1feb31f32aa2a2c97b8,Codex — agent-assisted initial review,2026-09-20T09:08:32.301672+00:00
2026:4072420251211643439,p0010,g_0dc5cff97ac36c6b339e7918,5a2617d389bb27c097c224cc904192efc61812dd938e012e47d5e227331e9e45,d_73e7e1feb31f32aa2a2c97b8,Codex — agent-assisted initial review,2026-09-20T09:08:32.301672+00:00
2026:4072420251211675210,p0015,g_06e20659661a2c62d26aec73,aa66213a5cf0a9103528e1cc6c5b9334155adbb849b5ff5fbb75c9418138dcff,d_509fbd5418923bb5c503a80a,Codex — agent-assisted initial review,2026-09-20T09:23:18.404604+00:00
2026:4072420251211696430,p0019,g_f67ad5e7ff3ebbf61458ff6d,9e543975a4cb2736430522bbf50ed32af6d3cc9f9213dada2864bef42dfb9d87,d_774ee3a1b43a8aea4069b79b,Codex — agent-assisted initial review,2026-09-20T09:08:32.301672+00:00
2026:4072520251211939088,p0002,g_1808c93174535c9190f5f438,bd098c6744518f12ed76a2ec0040da7c1fbed78a17f3aaf61bbd7cc0a6065c8d,d_e19bcc06694aacfa26253892,Codex — agent-assisted initial review,2026-09-20T09:23:18.404604+00:00
2026:4072520251211939139,p0003,g_9a090ab206dfc79a3977addb,d6e43c78ecd48ac612522335283b0d71f9edc3b6821ba395c0d8aebdde97b679,d_a79e850d28397f79828afc7d,Codex — agent-assisted initial review,2026-09-20T09:23:18.404604+00:00
2026:4072620261538216181,p0013,g_a1ff4d481b150465fa1c4cca,da522312a555b00ffbbd68089a5ccbb8b9f113e40c83c128970cbc803c77da08,d_73d1d148a0cef504a7e9bf47,Codex — agent-assisted initial review,2026-09-20T09:23:18.404604+00:00
2026:4072620261538216182,p0013,g_a1ff4d481b150465fa1c4cca,3ccbbc777b80d00cb0ec1a926ca27b5b0950ae5ef10260e6d241b3e26d0adbdc,d_73d1d148a0cef504a7e9bf47,Codex — agent-assisted initial review,2026-09-20T09:23:18.404604+00:00
2026:4072620261538350991,p0002,g_f813b27cc2ffd97033210377,625fc1f9d93d9f47a08c23e6ed42b441163c7a93f6c1cdfa5ced1d63ca4596c8,d_3e6471f852383cf271e2e541,Codex — agent-assisted initial review,2026-09-20T09:23:18.404604+00:00
2026:4072620261538350994,p0003,g_ff80cbe1d2bd43cc2550af62,7dfde966c626d4a0c67c91fa1c78d022db33d0476e3f9a6f92eff2286cdc7ccf,d_0e277ee0fdbd18a114458b79,Codex — agent-assisted initial review,2026-09-20T09:23:18.404604+00:00
2026:4072620261538351018,p0002,g_d749ed3dbe9d8a9aad30a3ec,4ea5f2fcd460578b93faf3b66fa1f845392acb05e6bbd9bd31f998058c74a573,d_82dc291915148daaeb34974b,Codex — agent-assisted initial review,2026-09-20T09:23:18.404604+00:00
2026:4072620261538351020,p0003,g_c2af968b2a8363049df109ff,64099b482564e7aa17f6b25b42d01dbd3df29427b94f70a24d491ec858cc79ef,d_7f69a84d18756183ec74f49e,Codex — agent-assisted initial review,2026-09-20T09:23:18.404604+00:00
2026:4072720261538403315,p0013,g_a1ff4d481b150465fa1c4cca,643fdee405b355b360904982e4d3c1deb2914780517ecdd205ac11e5a01a77de,d_73d1d148a0cef504a7e9bf47,Codex — agent-assisted initial review,2026-09-20T09:23:18.404604+00:00
2026:4072720261538403316,p0013,g_a1ff4d481b150465fa1c4cca,a31613cebba01ac8cfc1d44f56ad475f402c9beccb2335fd9e38cdde85dc3ea8,d_73d1d148a0cef504a7e9bf47,Codex — agent-assisted initial review,2026-09-20T09:23:18.404604+00:00
2026:4072720261538403317,p0013,g_a1ff4d481b150465fa1c4cca,f5f4682d7e6ec68b7d138b5876ba731460eb8524395e8704beab2e074228410c,d_73d1d148a0cef504a7e9bf47,Codex — agent-assisted initial review,2026-09-20T09:23:18.404604+00:00
2026:4072720261538500654,p0015,g_d7268eeffddb2fac195dc0c4,0f3b7c77305a9e2f881b633de157c105303475f3bc939e79a809b640f073c887,d_39d44a3fc8f9399543532e5c,Codex — agent-assisted initial review,2026-09-20T09:23:18.404604+00:00
2026:4072720261538500675,p0004,g_2e8ca120532838bb0e988a2e,4c131a831e91a5852698253bf053c2642e96adbd98c3c82d74463371fd3257d1,d_20a660ce3516653be55239f0,Codex — agent-assisted initial review,2026-09-20T09:23:18.404604+00:00
2026:4072720261538812498,p0002,g_64c27b9611610cf5343e64ea,b2aa482aa2806d490ad98f9fafdea48dea41d839724cd6790c1203ef4b175bc1,d_35a66328a789c04dcac9f7b4,Codex — agent-assisted initial review,2026-09-20T09:23:18.404604+00:00
2026:4072820251212005112,p0015,g_847b4d6ba0f48e8cef699e44,fe2fc3f8af366146a387101b38728c92bd770555a7f59a8786a494beb825d46c,d_b4e4457b8cb9a0c2a2f8a7ea,Codex — agent-assisted initial review,2026-09-20T09:23:18.404604+00:00
2026:4072820251212006534,p0015,g_09d3d11ebd1a93290d55415f,aa6a7786887b187566aae3cf379506c3d04e52516d3cda9dd40c48c077d1e7e2,d_0739d9145006a859c13ed7e4,Codex — agent-assisted initial review,2026-09-20T09:23:18.404604+00:00
2026:4072820251212016378,p0004,g_0664ed30ff7bf97b13a8fe56,ae6ae703212b7f46db3596033a50d0e920224ef8ce0a8592d81d17babc89a239,d_cad30e438f2d06356eeed58d,Codex — agent-assisted initial review,2026-09-20T09:23:18.404604+00:00
2026:4072820251212027844,p0004,g_614763649502c60a09200ce6,7eaaa10670d98257e7a30f7511a18b0a2b06ffecd238a7f1942de4ae3ed8ca6b,d_f2a2f44d65893bde78c109ac,Codex — agent-assisted initial review,2026-09-20T09:23:18.404604+00:00
2026:4072820251212027846,p0004,g_614763649502c60a09200ce6,b30d5adb01ca71f65f9a254e6b394eee871fda5bd87b99aef24990a177f19a6f,d_f2a2f44d65893bde78c109ac,Codex — agent-assisted initial review,2026-09-20T09:23:18.404604+00:00
2026:4072820251212030788,p0010,g_37b2cf829551e74a3ad6eac8,59ee364a06538758ac24b315b9a43e7a8430245d9c0ae60e51809d0fd285de6d,d_79c85e912d79e9297f806bd5,Codex — agent-assisted initial review,2026-09-20T09:08:32.301672+00:00
2026:4072820261539190196,p0009,g_9e7d13aecd18a08cd8a0fe3b,06d05dcd7a520a0a9a8eb4dbc6af3b3729af39e632015a63143c81f9287368ab,d_0a696dbf9e0b1c43b3d9c77b,Codex — agent-assisted initial review,2026-09-20T09:08:32.301672+00:00
2026:4072920251212250865,p0015,g_d7268eeffddb2fac195dc0c4,48a04d7fc86796f08ba0b421514a2e45dd60145f9a841233279e4692dbd6d015,d_39d44a3fc8f9399543532e5c,Codex — agent-assisted initial review,2026-09-20T09:23:18.404604+00:00
2026:4072920251212268104,p0002,g_69cebb5f14bf2db24e75f9fd,e3c4d6290a0dbfbac8be36a945ce34974346b9e8fd852812e9caf9b4dbb9e094,d_b415a9cc9be79ed780649dac,Codex — agent-assisted initial review,2026-09-20T09:23:18.404604+00:00
2026:4072920251212268106,p0003,g_a48aec5c17f7d117bec43173,ea198eb4316daa5c09861cd0fe6f106b5ef302d5c25a380a2b07a2d035854ddb,d_91f363e7c2482385acee2cb5,Codex — agent-assisted initial review,2026-09-20T09:23:18.404604+00:00
2026:4072920251212291686,p0015,g_ee0f87e365e7c49af98344d0,6b9d8f3e24b845175fa2a2eb9b26ac08fa2e947f3511ffc9cd5fde48df52e022,d_651ce72ace9b1ccf3974f9a6,Codex — agent-assisted initial review,2026-09-20T09:23:18.404604+00:00
2026:4072920251212317553,p0002,g_142fce20adc35f14d635c11e,960e42d668037e23a23f219126e829d40323a4581f0ccc6c72da0c12e52683a2,d_282fcc59b37e44eafe8a75e9,Codex — agent-assisted initial review,2026-09-20T09:23:18.404604+00:00
2026:4072920251212317561,p0019,g_f67ad5e7ff3ebbf61458ff6d,6cef635fd15f32a219fe83698d9d98fa3fc48a1f7f7a18b862b6f8a437e03a80,d_774ee3a1b43a8aea4069b79b,Codex — agent-assisted initial review,2026-09-20T09:08:32.301672+00:00
2026:4072920251212317566,p0003,g_4cfaab1a86629b9b0dbb64a4,0415ac9774aaf25d92c5edfe9c800ad355d9e478970562d6c2edadff4dceb3f5,d_e0ad422bc474205c5491dc94,Codex — agent-assisted initial review,2026-09-20T09:23:18.404604+00:00
2026:4072920251212345535,p0002,g_4490a44b6cc5eb30e29c276e,61e12f488f8724f5d7932eedbe55d32fa4a080ac96b889666b1f293e78e8bf22,d_d17dd5d299fd46a248ea16c2,Codex — agent-assisted initial review,2026-09-20T09:23:18.404604+00:00
2026:4072920251212345537,p0003,g_7b0a92c6c02b20733b802946,6e4389bf60fbe3238d3f8d039316cda984f9e9044b412b048f462649f0d60650,d_7f6792a29b751e2d2141d535,Codex — agent-assisted initial review,2026-09-20T09:23:18.404604+00:00
2026:4072920251212428741,p0011,g_a21a462c84740d471f39e8e5,1a307026d2d40886134f4404dd31c36bba39c0f6ed718c52ca7c7043b28a23d2,d_14e321aad347685322ca741e,Codex — agent-assisted initial review,2026-09-20T09:08:32.301672+00:00
2026:4072920251212434350,p0002,g_4490a44b6cc5eb30e29c276e,ae535480a2eff491a4a29da66eb1b74de4dde9b6a315971dd3134246818020df,d_d17dd5d299fd46a248ea16c2,Codex — agent-assisted initial review,2026-09-20T09:23:18.404604+00:00
2026:4072920251212434351,p0002,g_4490a44b6cc5eb30e29c276e,85f1ace86cd109709641a4024fd1aa2be693b971382ff28af14776b11234e90a,d_d17dd5d299fd46a248ea16c2,Codex — agent-assisted initial review,2026-09-20T09:23:18.404604+00:00
2026:4072920251212434367,p0003,g_cd69b7749867a80c06f9a248,35c2e70164d8984e2ac114d8cd57c65f8180b2d3f1d30bb6d4085ddd42aa9c87,d_9331879efca532fd58c9e0b6,Codex — agent-assisted initial review,2026-09-20T09:23:18.404604+00:00
2026:4072920261539261303,p0007,g_e88d7602253044b99a2caa68,527ec081f47b1af9256045c97b52cf9f780dceb08be56ae306758b32a84a14e6,d_833d14d991e2dae976335fcf,Codex — agent-assisted initial review,2026-09-20T09:23:18.404604+00:00
2026:4072920261539297410,p0015,g_578b8427ce7fa7abbce0485f,0f0ea70d01ec7d40b8a4923690675706ed58a61be60a7c0626224c3df4fad611,d_0c0ba061a34c252f6e742be3,Codex — agent-assisted initial review,2026-09-20T09:23:18.404604+00:00
2026:4072920261539307423,p0004,g_0b198a0d9b996ad8951e1a92,ddff638c9c5f9ab493ace400897ae352397b5dfb77245c833e11834c5cb93a13,d_a00e389ad5911544fc037e8c,Codex — agent-assisted initial review,2026-09-20T09:23:18.404604+00:00
2026:4073020251212601736,p0015,g_2188cd4d741f554045e30911,bd4865fb430d0047b007ab1a3597d34eebd366840a2820916f8d96a93bf4c003,d_15aea50ddbd78da7995edb9c,Codex — agent-assisted initial review,2026-09-20T09:23:18.404604+00:00
2026:4073020251212725094,p0010,g_f97221ef30d60713a55aa26c,63f3aed9fe3288841a5900baf7fbc3f28135d4b982d920060e0d78a929d306b6,d_d8bfb7c8abc5d051f0f9db94,Codex — agent-assisted initial review,2026-09-20T09:08:32.301672+00:00
2026:4073020251212743660,p0009,g_dd55d72b82ce8f695bf1ee97,3f039d151da2f4d23e73bbe0f9a5b326f2101d1b8b12000bc603e167b882260e,d_1f8fef796953bb1f686e5f24,Codex — agent-assisted initial review,2026-09-20T09:08:32.301672+00:00
2026:4073020261539721068,p0003,g_6b7bf1414df97434826be189,3d7ca71693c765492286a15e68d9ea1564ffe1df86b902c8240e2e6862f16b65,d_1419a850d8595d393f37ed81,Codex — agent-assisted initial review,2026-09-20T09:23:18.404604+00:00
2026:4073020261539800731,p0007,g_4997e2f71dd3e58d0a34ec3d,29788da09d0950f19003501635ddc2d13f88a8d3888856973bd1a0956d4e3d4c,d_10360f942bee1f4003751142,Codex — agent-assisted initial review,2026-09-20T09:23:18.404604+00:00
2026:4073020261539816319,p0007,g_4997e2f71dd3e58d0a34ec3d,ef3fdcd07ae2bc22b566a6287c71ffdadaeab193f45ae870b986d123058c8739,d_10360f942bee1f4003751142,Codex — agent-assisted initial review,2026-09-20T09:23:18.404604+00:00
2026:4073020261539816320,p0007,g_4997e2f71dd3e58d0a34ec3d,00ccf6a580b5aeda83670787c19fd347f862f87bcf108f17ddfb4d7399984bdd,d_10360f942bee1f4003751142,Codex — agent-assisted initial review,2026-09-20T09:23:18.404604+00:00
2026:4073020261539816321,p0007,g_4997e2f71dd3e58d0a34ec3d,b29815f3d6c82be7f86e3c531988a98496f67e50412e05505190fb2eb1899e7a,d_10360f942bee1f4003751142,Codex — agent-assisted initial review,2026-09-20T09:23:18.404604+00:00
2026:4073020261539817263,p0014,g_3a533c4863d52977f1d827c5,aab14d2695c402579e4e987521eda1abd7ad35155bef47b0ed1a33d05781e13e,d_4756b1c1391ca05f36f596fb,Codex — agent-assisted initial review,2026-09-20T09:08:32.301672+00:00
2026:4073120251212833072,p0002,g_1cbc4640ef5f62e477cc40b9,6600e98db0943d8a78faf70f92ea62cca2c797cedd5ec90f4e38e25dcc3f7fab,d_ecb8e8fa554cb263891c86c6,Codex — agent-assisted initial review,2026-09-20T09:23:18.404604+00:00
2026:4073120251212833077,p0003,g_1c5f24d997d3544b2b240c75,659f44d15d9b6214918e8907b6bc21a0ae2e61b42531c8a61db7979335edfb39,d_8cd7fd0d2b82a1b131bb51ce,Codex — agent-assisted initial review,2026-09-20T09:23:18.404604+00:00
2026:4073120251212867866,p0015,g_f1b6ed32f703b18ad15ed0fd,43082837012fd0bcd9e1abf18b2eaeab6374c2952b3ecc6fe5b42049a0db5a58,d_93e14265f4fccbf042d642a3,Codex — agent-assisted initial review,2026-09-20T09:23:18.404604+00:00
2026:4073120251212998072,p0003,g_21825d284902ffc225c21262,47178eb902762f8e46fbcdee2a8c8a106c58afc573e5051cdb8e0df79c495b9d,d_18f6813992de8a7b3c3885e3,Codex — agent-assisted initial review,2026-09-20T09:23:18.404604+00:00
2026:4073120251212998073,p0003,g_21825d284902ffc225c21262,92f6f6347e649a4d8204427931db57039b760ebfa13a1d6005ff6793221096f1,d_18f6813992de8a7b3c3885e3,Codex — agent-assisted initial review,2026-09-20T09:23:18.404604+00:00
2026:4073120261540029250,p0009,g_61318ae71e59dd8ccab71b8e,bae5471e1a0113c55bca7379a1e8b50f8a37990118ad8bdac8b287042a3aaa1d,d_f8c860134c9fc113719a9f36,Codex — agent-assisted initial review,2026-09-20T09:08:32.301672+00:00
2026:4073120261540029251,p0009,g_61318ae71e59dd8ccab71b8e,7f7514e55628787da6952c00fa7a24e0e8fafca472afb113b99be208f1437c04,d_f8c860134c9fc113719a9f36,Codex — agent-assisted initial review,2026-09-20T09:08:32.301672+00:00
2026:4073120261540029252,p0009,g_61318ae71e59dd8ccab71b8e,4baaac6022527de2976cce82d16544a0b5102691038e2f070aaff35236ef89d3,d_f8c860134c9fc113719a9f36,Codex — agent-assisted initial review,2026-09-20T09:08:32.301672+00:00
2026:4073120261540029253,p0009,g_61318ae71e59dd8ccab71b8e,0793929406a185dc325d7bb51f864d1cf655466b0ddb46ee69f77f282ce582d1,d_f8c860134c9fc113719a9f36,Codex — agent-assisted initial review,2026-09-20T09:08:32.301672+00:00
2026:4073120261540029254,p0009,g_61318ae71e59dd8ccab71b8e,346949cfedf1db206cb55e0127f725ee48683c74489ff2c9b239e08f9bd7935a,d_f8c860134c9fc113719a9f36,Codex — agent-assisted initial review,2026-09-20T09:08:32.301672+00:00
2026:4073120261540035931,p0009,g_2205c2e89410a97203d092bc,97f24de0255c31c3e7a8a734553a771672914d39435e3c98c2c9ccae07393c20,d_5d6747d89d45f3916c4f639a,Codex — agent-assisted initial review,2026-09-20T09:08:32.301672+00:00
2026:4080120251213056781,p0015,g_28998afc0ddeb1b9c550c5dc,a81150b31c424849b64ab288e09282a0a6efd4678053d4df2da037a0887d9d58,d_644f32f6ee8be56e7250156e,Codex — agent-assisted initial review,2026-09-20T09:23:18.404604+00:00
2026:4080120261540161965,p0013,g_a1ff4d481b150465fa1c4cca,517ae28a901af3c56899682559d6817e473b9fa13f50cba9d6ab4f1674ae87a3,d_73d1d148a0cef504a7e9bf47,Codex — agent-assisted initial review,2026-09-20T09:23:18.404604+00:00
2026:4080120261540162029,p0013,g_a1ff4d481b150465fa1c4cca,c2c939c143b67aaeaedfcfe87b7d96d0a51cd65648924b1e5d79cff52f681e51,d_73d1d148a0cef504a7e9bf47,Codex — agent-assisted initial review,2026-09-20T09:23:18.404604+00:00
2026:4080120261540307357,p0013,g_a1ff4d481b150465fa1c4cca,cdd7036c8ddac42fe9047fdc93178665dc16cee2127b53bc0b6424db1f62daf3,d_73d1d148a0cef504a7e9bf47,Codex — agent-assisted initial review,2026-09-20T09:23:18.404604+00:00
2026:4080120261540307359,p0013,g_a1ff4d481b150465fa1c4cca,31d2ff30b5b06fb4569b949d4cab6144c6bc8a457b6e2638fa0b9dbdbffdf835,d_73d1d148a0cef504a7e9bf47,Codex — agent-assisted initial review,2026-09-20T09:23:18.404604+00:00
2026:4080120261540324827,p0013,g_a1ff4d481b150465fa1c4cca,1e886ac89e709c7e713ec6d7a145360778843cc4aacccb99b3c6fbff4e623882,d_73d1d148a0cef504a7e9bf47,Codex — agent-assisted initial review,2026-09-20T09:23:18.404604+00:00
2026:4080120261540364474,p0006,g_35ed836aa00a832c413947b3,1f4ff08c2ff67de5eab756b0dcdbabfc6086c57f0fcd1dbb4ba9e87226f9572d,d_cb1bab5876ef5e40e66c5963,Codex — agent-assisted initial review,2026-09-20T09:23:18.404604+00:00
2026:4080220261540425636,p0001,g_ea188b5fd75c578d97a166b1,975217fa3214608f42ed7840522b4f83f0b8021372f56b4b052e3b58757df514,d_143460d2cb5c674eecae2241,Codex — agent-assisted initial review,2026-09-20T09:08:32.301672+00:00
2026:4080220261540425638,p0001,g_ea188b5fd75c578d97a166b1,6a333bfe2f18d03c4ef72e150a96f566f40821f12a6877d6e5240b3f98a1adda,d_143460d2cb5c674eecae2241,Codex — agent-assisted initial review,2026-09-20T09:08:32.301672+00:00
2026:4080220261540425640,p0001,g_ea188b5fd75c578d97a166b1,5797c78224cc262180ce674e97f69a78c188e78b0fc69525cad16bbda773f9af,d_143460d2cb5c674eecae2241,Codex — agent-assisted initial review,2026-09-20T09:08:32.301672+00:00
2026:4080220261540425642,p0001,g_ea188b5fd75c578d97a166b1,c87f73b025099c3446020cefbe087114b7c1f941659aa47d00413978ed75b570,d_143460d2cb5c674eecae2241,Codex — agent-assisted initial review,2026-09-20T09:08:32.301672+00:00
2026:4080220261540428960,p0001,g_d6a3db3e114e6c4d14fb5d8f,80c15e56a12bc2dc7b92e99f9a7cf307f425d7335ce74f957485803c13b0e8dc,d_d3265ac64d27eb76f9d31d9d,Codex — agent-assisted initial review,2026-09-20T09:08:32.301672+00:00
2026:4080220261540450854,p0013,g_a1ff4d481b150465fa1c4cca,281783566910d541fbfbc58b2192a0235ff75e6eabd40ab1cc2ba4961b516293,d_73d1d148a0cef504a7e9bf47,Codex — agent-assisted initial review,2026-09-20T09:23:18.404604+00:00
2026:4080220261540450856,p0013,g_a1ff4d481b150465fa1c4cca,1ac8feb253c549936851496efcfe0947dbf1699cf060138c80fd1f6c22a71bc3,d_73d1d148a0cef504a7e9bf47,Codex — agent-assisted initial review,2026-09-20T09:23:18.404604+00:00
2026:4080320261540661583,p0003,g_21825d284902ffc225c21262,2c9ec612129c8112455616a9d1825547d3f6beb109bb53cdf9c7f234f9b26c82,d_18f6813992de8a7b3c3885e3,Codex — agent-assisted initial review,2026-09-20T09:23:18.404604+00:00
2026:4080320261540675494,p0013,g_a1ff4d481b150465fa1c4cca,798830e6e9b9d873f4b2c9288afe2270ec79760ef46291d9147830618f1d0a01,d_73d1d148a0cef504a7e9bf47,Codex — agent-assisted initial review,2026-09-20T09:23:18.404604+00:00
2026:4080320261540675576,p0013,g_a1ff4d481b150465fa1c4cca,5048f612dc61216814ba8631a42e262401bf0bd55bd5415feed84a16f019acec,d_73d1d148a0cef504a7e9bf47,Codex — agent-assisted initial review,2026-09-20T09:23:18.404604+00:00
2026:4080320261540822028,p0013,g_09c7e8b71589114d4929738d,3145add6933a0436f7c6ea9aef85e64114251eee5bea8af13bf8cabe74b43c73,d_e47dc50c38c844acb1df5c6a,Codex — agent-assisted initial review,2026-09-20T09:23:18.404604+00:00
2026:4080320261540822030,p0013,g_09c7e8b71589114d4929738d,49cfa14c62602bda1179329082b2b16ab1cf5a64b1cbd1e3e0ba1b51c44f2652,d_e47dc50c38c844acb1df5c6a,Codex — agent-assisted initial review,2026-09-20T09:23:18.404604+00:00
2026:4080320261540926727,p0009,g_2205c2e89410a97203d092bc,639b60516e0237e9c0e21f8c99d1456000d1486ba8ece9ec9e51cebbd00eff32,d_5d6747d89d45f3916c4f639a,Codex — agent-assisted initial review,2026-09-20T09:08:32.301672+00:00
2026:4080420251213165996,p0011,g_a21a462c84740d471f39e8e5,a09b5d5f8d78c3611b5662b6ef0251e5f49a4120f31f7720178c82b80bf84d46,d_14e321aad347685322ca741e,Codex — agent-assisted initial review,2026-09-20T09:08:32.301672+00:00
2026:4080420251213169801,p0002,g_085eccb76e66fe418d29f4b5,056f6895b0ad66a113360e0729062e9d76004cf5debbbefe9fe7c726b227c6e1,d_2cae6cfd09bcd36c588d7910,Codex — agent-assisted initial review,2026-09-20T09:23:18.404604+00:00
2026:4080420251213169805,p0003,g_b454f64f7ec5188c5f72cb43,ab5814d6e2e63792b28d79c2a3439fc307c52c65b01f1a46657622a171f59dd5,d_2b0d142c0d404255f747c77f,Codex — agent-assisted initial review,2026-09-20T09:23:18.404604+00:00
2026:4080420251213174192,p0002,g_ef11ca9b2da313e204badd40,86761f2d1d20b02c9ea0bd00c65aebbf1fb20628cc91f9d7eb1f998c96a8f1b6,d_270b0514248e7bc3dc0fb544,Codex — agent-assisted initial review,2026-09-20T09:23:18.404604+00:00
2026:4080420251213174194,p0003,g_c2af968b2a8363049df109ff,00880e05d62b31aa312da0c118d1bcae76287e7b05a2e90e67577adc7354ec25,d_7f69a84d18756183ec74f49e,Codex — agent-assisted initial review,2026-09-20T09:23:18.404604+00:00
2026:4080420251213174512,p0011,g_498972389d29ec58493d5125,5dfe5dddfbe5cd940ca3f32f0219815fbf60033f7d7e8ddb8867a6dfc814a6f0,d_a14039a258c0ae813401bdf9,Codex — agent-assisted initial review,2026-09-20T09:08:32.301672+00:00
2026:4080420261541065629,p0009,g_43bd5f81e2ec35d8c2c8190f,7fc81c1f0a1070c6de6c3c9417186fdaddb8e52f05e4f60c5206f33d134c3d72,d_b2a8218cd3b62e27f02dbdf9,Codex — agent-assisted initial review,2026-09-20T09:08:32.301672+00:00
2026:4080420261541070147,p0013,g_0249e9e723c4a4bc8b2d8c70,7aa0f08a5015510b91fa12beeea6ae42e73c121a96dd3e2e1c76a5c64f67d1f6,d_db6473a54758b9778f2d5780,Codex — agent-assisted initial review,2026-09-20T09:23:18.404604+00:00
2026:4080420261541070148,p0013,g_0249e9e723c4a4bc8b2d8c70,ff457f4bc9075c54cfde4199063a4373f6d397bbe164ae798105437ad0797905,d_db6473a54758b9778f2d5780,Codex — agent-assisted initial review,2026-09-20T09:23:18.404604+00:00
2026:4080420261541070149,p0013,g_0249e9e723c4a4bc8b2d8c70,a2e934bd607672ca682fecbd6a622a3daa539b2a05ca9cc917ff42c79d89ba9f,d_db6473a54758b9778f2d5780,Codex — agent-assisted initial review,2026-09-20T09:23:18.404604+00:00
2026:4080420261541117748,p0002,g_faa45a1b5df93e7238adc45d,8d8ebb8667754d26da6801a049269013b093082f0948f8e123dc9b8090108ca9,d_ba8d5826d617efc218e39883,Codex — agent-assisted initial review,2026-09-20T09:23:18.404604+00:00
2026:4080420261541117751,p0003,g_5d52984b1ab366f3166da385,8cbe3d92e84072ecf3151e59e40d4f5fc49e12c9ae71106fb060b6a34bf65f11,d_6999bc72ce3717ed24dc1577,Codex — agent-assisted initial review,2026-09-20T09:23:18.404604+00:00
2026:4080420261541178815,p0013,g_09c7e8b71589114d4929738d,fa520694bf40a493acc695f39414d8c2f273ad57668f560a7085a3e6128f0ea6,d_e47dc50c38c844acb1df5c6a,Codex — agent-assisted initial review,2026-09-20T09:23:18.404604+00:00
2026:4080420261541178816,p0013,g_09c7e8b71589114d4929738d,00605fdd6b426f9e3d7a90f9d8f7df0f7a6c34aaa29d979e28d4109670f279b1,d_e47dc50c38c844acb1df5c6a,Codex — agent-assisted initial review,2026-09-20T09:23:18.404604+00:00
2026:4080420261541178817,p0013,g_09c7e8b71589114d4929738d,be27f1c1e808fc4b1fbdcc38bb77c1e799b6490f013e13fb864663513435dfbf,d_e47dc50c38c844acb1df5c6a,Codex — agent-assisted initial review,2026-09-20T09:23:18.404604+00:00
2026:4080420261541201338,p0013,g_358ba7f6a3b6045cc7a1e436,2cf875330f4e9f09431b0294ce3572b7805cd8faa0708fb562c64b6abaa4c734,d_f6f89fb8f9974e7d2b4e76ac,Codex — agent-assisted initial review,2026-09-20T09:23:18.404604+00:00
2026:4080420261541201339,p0013,g_358ba7f6a3b6045cc7a1e436,c691e904ee8bc1803cb5bee9c2f0ff89593da9fb7e18c10d124906e3a5c08858,d_f6f89fb8f9974e7d2b4e76ac,Codex — agent-assisted initial review,2026-09-20T09:23:18.404604+00:00
2026:4080420261541261010,p0003,g_8d3f1ddb810e2148ffa97edc,8bc2ee40d7485f47041a4f15ed904e9f6f12ed4a9ec00f32f3df614c91807f92,d_e52b01f7ae2c83d300c0f821,Codex — agent-assisted initial review,2026-09-20T09:23:18.404604+00:00
2026:4080420261541261050,p0003,g_8d3f1ddb810e2148ffa97edc,02b85a37a248d1a21a7f48ff5bb33d2e52480d111d031c54fbc2ea8f93b0dbd3,d_e52b01f7ae2c83d300c0f821,Codex — agent-assisted initial review,2026-09-20T09:23:18.404604+00:00
2026:4080420261542013675,p0015,g_4b147daaca115bafd7863dde,097ca542bb7a5561a703e37bf197b5d7c352a3b7ccad9377b7c001823352b3b3,d_0ffdfc518ea2fce08fd20658,Codex — agent-assisted initial review,2026-09-20T09:23:18.404604+00:00
2026:4080420261549218009,p0009,g_fda28911c914117035c56b55,5c9b342a8ee89a0517ce2ddb2d6c72c08da3b221e7c72cec8ed8c11e631a9a31,d_08f9f7af4cbc239065872728,Codex — agent-assisted initial review,2026-09-20T09:08:32.301672+00:00
2026:4080420261549232930,p0013,g_559aaecb94714b3658bfa03e,699eb93af9cfc1fc15fa1664dd85def00d894e9e3b1a0f3e1c044d573fae9bcc,d_86ed151b661e0c8b21103a4a,Codex — agent-assisted initial review,2026-09-20T09:23:18.404604+00:00
2026:4080420261549232951,p0013,g_559aaecb94714b3658bfa03e,702b405cdfa7d8f2abd2765b08612e5ad207e4179aae15c2d75588c66e5978aa,d_86ed151b661e0c8b21103a4a,Codex — agent-assisted initial review,2026-09-20T09:23:18.404604+00:00
2026:4080420261549233134,p0011,g_f5539fcd45a714d01497ac0d,4751871bd09b2a41cbe8a1dfff2e17c2b7d70bec6d03a6bc67088444202c1a61,d_6c32e015f3a4018b874ef21f,Codex — agent-assisted initial review,2026-09-20T09:08:32.301672+00:00
2026:4080520251213319085,p0002,g_2b3fda570a13abb957c9e397,cdda5cec45c30776af7ccbe9778e355bcacc68999eb72b7e8474d37525943373,d_4206a75218e47dbf20142f79,Codex — agent-assisted initial review,2026-09-20T09:23:18.404604+00:00
2026:4080520251213319086,p0002,g_2b3fda570a13abb957c9e397,e9eb4d045fe1bbfaf5b9453d6603617354c5679d4c4d10cdf15123ca4dd0db7b,d_4206a75218e47dbf20142f79,Codex — agent-assisted initial review,2026-09-20T09:23:18.404604+00:00
2026:4080520251213319127,p0003,g_6b7bf1414df97434826be189,735f2b66ae3be28c550bf8406699ff4c4b3ff8d150d3ff1c28386e164e103bae,d_1419a850d8595d393f37ed81,Codex — agent-assisted initial review,2026-09-20T09:23:18.404604+00:00
2026:4080520251213319128,p0003,g_6b7bf1414df97434826be189,1bfe5c0bc89a725bf63f8297a48ba2696867c9aad710fc793ef303efc6a0593b,d_1419a850d8595d393f37ed81,Codex — agent-assisted initial review,2026-09-20T09:23:18.404604+00:00
2026:4080520261555568749,p0015,g_b395b3db1470df992fef0560,3cf18bbcd210eec252159b29aebe793220e70e21c2e6681628f68bf5ea8ecfe7,d_12220ff66e92a57daad4ebc0,Codex — agent-assisted initial review,2026-09-20T09:23:18.404604+00:00
2026:4080520261555568750,p0015,g_b395b3db1470df992fef0560,e89f4b13a383f9588e0845f53558d7bfbe122e1abdc59fa82b401564e2c642fd,d_12220ff66e92a57daad4ebc0,Codex — agent-assisted initial review,2026-09-20T09:23:18.404604+00:00
2026:4080520261555574810,p0013,g_a1ff4d481b150465fa1c4cca,65e562772175633a2e38f2806c6663bc7c29e27752803d1b57194282584bda8c,d_73d1d148a0cef504a7e9bf47,Codex — agent-assisted initial review,2026-09-20T09:23:18.404604+00:00
2026:4080520261555574812,p0013,g_a1ff4d481b150465fa1c4cca,ffc3e20f14e4cc418f1723e9b7f8db3d1b11cb0108652725ba4fab09c3a1ba2f,d_73d1d148a0cef504a7e9bf47,Codex — agent-assisted initial review,2026-09-20T09:23:18.404604+00:00
2026:4080520261555596635,p0009,g_2205c2e89410a97203d092bc,0ce2321444f54ff5998260c4f15bc17cfeb3978620fa330819be7620b71fa2ee,d_5d6747d89d45f3916c4f639a,Codex — agent-assisted initial review,2026-09-20T09:08:32.301672+00:00
2026:4080520261555600791,p0013,g_4808d4e2989b8b3ff00e6298,6dcfb8bc77ab5069fa0cdcac204b0b2665a73b5ce0620ebd19ed6b1e99b8e9d8,d_f2be3551465d8fb8530c85f7,Codex — agent-assisted initial review,2026-09-20T09:23:18.404604+00:00
2026:4080520261555600793,p0013,g_4808d4e2989b8b3ff00e6298,f94d961c939aa77c57564e798fd91fbd62c7b58c1049b1c470580cdb7b831a29,d_f2be3551465d8fb8530c85f7,Codex — agent-assisted initial review,2026-09-20T09:23:18.404604+00:00
2026:4080520261557297280,p0011,g_a21a462c84740d471f39e8e5,c65afdd2df0599e385d5abee2ec98baa3a8b7f47f03bf4b5a3ba1f1e67b874b0,d_14e321aad347685322ca741e,Codex — agent-assisted initial review,2026-09-20T09:08:32.301672+00:00
2026:4080520261558485587,p0011,g_a21a462c84740d471f39e8e5,0159f2cdd258a06e960f453f7d8f633e89bedd5ed246dbc715b8473159435e90,d_14e321aad347685322ca741e,Codex — agent-assisted initial review,2026-09-20T09:08:32.301672+00:00
2026:4080520261559986846,p0013,g_3a6837afefbf33c5e7e4f92a,4c868565084aa3d9dd8749abca49025e512b31e09767eb818310141fe0393577,d_cd7da5aa6a40ed14d127c599,Codex — agent-assisted initial review,2026-09-20T09:23:18.404604+00:00
2026:4080520261560052624,p0013,g_3a6837afefbf33c5e7e4f92a,41969dfbb735505edb62441975fb0f9a4b7c78ae9d809f87e9e384fea20f1081,d_cd7da5aa6a40ed14d127c599,Codex — agent-assisted initial review,2026-09-20T09:23:18.404604+00:00
2026:4080520261560282404,p0013,g_3a6837afefbf33c5e7e4f92a,d528a9179052dba59c93877b62685192a83321a40a701d6d7296f551909bf5f1,d_cd7da5aa6a40ed14d127c599,Codex — agent-assisted initial review,2026-09-20T09:23:18.404604+00:00
2026:4080520261560396003,p0013,g_3a6837afefbf33c5e7e4f92a,ea7b0a207b41a36a6f059d28cb7956b2f207e6dbefc675a28dd934301892a987,d_cd7da5aa6a40ed14d127c599,Codex — agent-assisted initial review,2026-09-20T09:23:18.404604+00:00
2026:4080520261560397215,p0009,g_2205c2e89410a97203d092bc,a5869f8206ddf6a6b9cd7cfed4c7ead560965e634ee7ebc849d656855087dfa2,d_5d6747d89d45f3916c4f639a,Codex — agent-assisted initial review,2026-09-20T09:08:32.301672+00:00
2026:4080520261560475530,p0013,g_3a6837afefbf33c5e7e4f92a,3383a08b632a159c9d58a9ae27869f3a549803d208e3a260847cd570ffb9035a,d_cd7da5aa6a40ed14d127c599,Codex — agent-assisted initial review,2026-09-20T09:23:18.404604+00:00
2026:4080520261560528381,p0013,g_3a6837afefbf33c5e7e4f92a,f2ced9dc2b7c1a69af02b11781e00cf55cd9cfee7e06a652668d67622294c72c,d_cd7da5aa6a40ed14d127c599,Codex — agent-assisted initial review,2026-09-20T09:23:18.404604+00:00
2026:4080520261560588552,p0013,g_3a6837afefbf33c5e7e4f92a,cfa79f03119149aa7df78984d37ff9035da44be918a03ba4581c22bce01db3fb,d_cd7da5aa6a40ed14d127c599,Codex — agent-assisted initial review,2026-09-20T09:23:18.404604+00:00
2026:4080520261560624253,p0013,g_3a6837afefbf33c5e7e4f92a,bef116eb9df26ff7291140b717af7ca83a313acf1631e91ed3b0ef90e7794fb1,d_cd7da5aa6a40ed14d127c599,Codex — agent-assisted initial review,2026-09-20T09:23:18.404604+00:00
2026:4080520261560624913,p0013,g_3a6837afefbf33c5e7e4f92a,639c8a65d78e16488233eda06b9f139150825ee2810740d2db07b8f2bbe0c946,d_cd7da5aa6a40ed14d127c599,Codex — agent-assisted initial review,2026-09-20T09:23:18.404604+00:00
2026:4080520261560629491,p0013,g_3a6837afefbf33c5e7e4f92a,41d8dabc04d4b56d2de18266f3e7ddda7e357b26d5f9d8156e923fe57b2e8885,d_cd7da5aa6a40ed14d127c599,Codex — agent-assisted initial review,2026-09-20T09:23:18.404604+00:00
2026:4080520261560659625,p0013,g_3a6837afefbf33c5e7e4f92a,b6e36a8f14e66ee2586545335177cb28d24cd5aebf449d6cce9c831b4dc57c86,d_cd7da5aa6a40ed14d127c599,Codex — agent-assisted initial review,2026-09-20T09:23:18.404604+00:00
2026:4080520261560746319,p0013,g_3a6837afefbf33c5e7e4f92a,27c7334e0ace52fc3426e6f3a4eb4427647c27e879a0ab82a558e438e9045acb,d_cd7da5aa6a40ed14d127c599,Codex — agent-assisted initial review,2026-09-20T09:23:18.404604+00:00
2026:4080520261560845215,p0013,g_3a6837afefbf33c5e7e4f92a,9da954c068780889cdb23fc4412904fc91d35b9f647e4d4477076d13bf6982ac,d_cd7da5aa6a40ed14d127c599,Codex — agent-assisted initial review,2026-09-20T09:23:18.404604+00:00
2026:4080520261560857347,p0013,g_3a6837afefbf33c5e7e4f92a,f555d320c0f9b59cec0f6a73649425ee57961032ac6ef8e22041a5c76a05d1dd,d_cd7da5aa6a40ed14d127c599,Codex — agent-assisted initial review,2026-09-20T09:23:18.404604+00:00
2026:4080520261560893795,p0013,g_3a6837afefbf33c5e7e4f92a,b4ff6bfe94a917c982cba007358ee4ed88a33ff8c32f6194baf9cbf4b4412009,d_cd7da5aa6a40ed14d127c599,Codex — agent-assisted initial review,2026-09-20T09:23:18.404604+00:00
2026:4080520261560899617,p0013,g_3a6837afefbf33c5e7e4f92a,f1b840805cb6478b9a96f72f1574fa483a8c1416f4e037272397b9d6f0326251,d_cd7da5aa6a40ed14d127c599,Codex — agent-assisted initial review,2026-09-20T09:23:18.404604+00:00
2026:4080520261560907699,p0013,g_3a6837afefbf33c5e7e4f92a,244b91077b4646e84f84510ae6e65eb6700d392c159ab9185930226fa3d0a98b,d_cd7da5aa6a40ed14d127c599,Codex — agent-assisted initial review,2026-09-20T09:23:18.404604+00:00
2026:4080520261561232890,p0014,g_da57b0c9d364d159bc630a6f,d707abaa6d02fad0a160a4fec94d1b9933dc66d02148ddd3c2525a7128abdd9b,d_b68d81eaec58ecf30c1b8313,Codex — agent-assisted initial review,2026-09-20T09:08:32.301672+00:00
2026:4080520261563444454,p0009,g_2205c2e89410a97203d092bc,660857173e94c3d7fee74d1eb2448f5a3181fb5e7a46b1356e70abc7a56e1dc4,d_5d6747d89d45f3916c4f639a,Codex — agent-assisted initial review,2026-09-20T09:08:32.301672+00:00
2026:4080520261563452209,p0009,g_2205c2e89410a97203d092bc,ccd98a8863b7bf8d3b27a246204afb6f5e84c4e85a3d258fca8f0a087a6d1eac,d_5d6747d89d45f3916c4f639a,Codex — agent-assisted initial review,2026-09-20T09:08:32.301672+00:00
2026:4080520261563455421,p0009,g_2205c2e89410a97203d092bc,d01cacfac43c1820c495e91dcaa42d0e74f456b969afc96417f6c443d57b9cd7,d_5d6747d89d45f3916c4f639a,Codex — agent-assisted initial review,2026-09-20T09:08:32.301672+00:00
2026:4080520261563458974,p0009,g_2205c2e89410a97203d092bc,37959491c13fa3d3d844c2b55db04e23080441568bef314e027c667980213248,d_5d6747d89d45f3916c4f639a,Codex — agent-assisted initial review,2026-09-20T09:08:32.301672+00:00
2026:4080520261563487524,p0009,g_2205c2e89410a97203d092bc,e3751b373fae3e17c467f79207685dacbb3af4d25afd674e6ff7f70838952838,d_5d6747d89d45f3916c4f639a,Codex — agent-assisted initial review,2026-09-20T09:08:32.301672+00:00
2026:4080520261563494648,p0009,g_2205c2e89410a97203d092bc,1cc567f1b4cc7bf7b4f07257d43efbc320cb40590a54381dc511d5cb05bac7c5,d_5d6747d89d45f3916c4f639a,Codex — agent-assisted initial review,2026-09-20T09:08:32.301672+00:00
2026:4080520261563798213,p0013,g_09c7e8b71589114d4929738d,6c2ed03078fa4e4906ba7f71bb8de7fee3553626549aaaf239d457847c81714c,d_e47dc50c38c844acb1df5c6a,Codex — agent-assisted initial review,2026-09-20T09:23:18.404604+00:00
2026:4080520261563798214,p0013,g_09c7e8b71589114d4929738d,7a5b84d50cc0c99699cce884919d0aba2c24cc6074e1a316dfa602afcae5d53c,d_e47dc50c38c844acb1df5c6a,Codex — agent-assisted initial review,2026-09-20T09:23:18.404604+00:00
2026:4080520261563801080,p0013,g_2327aecb7e65acaca5e73a05,bda76373ba9689bef13af74765f67a2fba8da26db9d4f8ebea4247a0ad1dc8d1,d_c01b23840c8962b7a09469b1,Codex — agent-assisted initial review,2026-09-20T09:23:18.404604+00:00
2026:4080520261563801082,p0013,g_2327aecb7e65acaca5e73a05,b05e29dd3f513ccd015889d18577b39d8babd23f8cbecf9ccff6697ddd666323,d_c01b23840c8962b7a09469b1,Codex — agent-assisted initial review,2026-09-20T09:23:18.404604+00:00
2026:4080520261563811643,p0002,g_52b2e3e417310f859c7a8190,6f02946f9168ab33916e78733e1a723405c0b7ad167db22242e5fb037e7b4f3f,d_701b8117805364037b7891f4,Codex — agent-assisted initial review,2026-09-20T09:23:18.404604+00:00
2026:4080520261563885221,p0013,g_a1ff4d481b150465fa1c4cca,452832bdd0963c8b653464ef79497e6da04d04bab0255ea1eaf306df764b071b,d_73d1d148a0cef504a7e9bf47,Codex — agent-assisted initial review,2026-09-20T09:23:18.404604+00:00
2026:4080520261563885222,p0013,g_a1ff4d481b150465fa1c4cca,2461468a250a823e042d2d4efe58db2cd33e4af1b5b2db50989e717a5562f04c,d_73d1d148a0cef504a7e9bf47,Codex — agent-assisted initial review,2026-09-20T09:23:18.404604+00:00
2026:4080520261563885223,p0013,g_a1ff4d481b150465fa1c4cca,a05cb19d15ac582f03ba472e37f24c377932fd90ccd6cb225301e532b3d7238a,d_73d1d148a0cef504a7e9bf47,Codex — agent-assisted initial review,2026-09-20T09:23:18.404604+00:00
2026:4080520261563964652,p0002,g_59ad5938f3af7cfc83d1de92,276b4dd265d8f3908a98d6be305c750726b6c55005a20aacde4de13e5a0fe5f6,d_031da00a4c722d72a379c346,Codex — agent-assisted initial review,2026-09-20T09:23:18.404604+00:00
2026:4080520261563964655,p0003,g_f9fbac4275bd9964ae9ea123,69e5c2cbf4102722d636cdcc31b22642bb8aae7e71e63739fadf8544db73c991,d_2af42e4f1a4573606af320c2,Codex — agent-assisted initial review,2026-09-20T09:23:18.404604+00:00
2026:4080520261563975212,p0013,g_a1ff4d481b150465fa1c4cca,96be62c38293b627f5f080bc4dbca32a0b05a0b416e48957a60bee1f8ba95159,d_73d1d148a0cef504a7e9bf47,Codex — agent-assisted initial review,2026-09-20T09:23:18.404604+00:00
2026:4080520261570240739,p0003,g_c9116a082a1acb421c35039b,d9617023dedf73f1f4872f155d73633a23f16653979c5cc82bd79775c51e8e9d,d_700a2d6fcffe9d4801128b78,Codex — agent-assisted initial review,2026-09-20T09:23:18.404604+00:00
2026:4080520261570240781,p0002,g_7c97fc39001caa6f306f861d,721db16199265ec6068f0ef0f906e90b1fd299f395d1d82f10e6061674880e08,d_0c67545746b3d56847c57309,Codex — agent-assisted initial review,2026-09-20T09:23:18.404604+00:00
2026:4080620251215503106,p0014,g_dd0806d00082e91c3ecf4aec,21df56577f113f9ad04ca0c5f4770b0391c8294746250662a40267a0d3da19ab,d_3ebbd83316a3e59d7e386563,Codex — agent-assisted initial review,2026-09-20T09:08:32.301672+00:00
2026:4080620251215503209,p0004,g_614763649502c60a09200ce6,e1c4d3ebbe00f777f26f4c0e4cc163582a679508d2f5b38addc73ead36533cab,d_f2a2f44d65893bde78c109ac,Codex — agent-assisted initial review,2026-09-20T09:23:18.404604+00:00
2026:4080620251215507126,p0002,g_d597107feb0c38020fa5f0eb,35bb2c82f1d454620c5cdc4b7265426132ca4b6fc54a719935b132046f424979,d_186ec248ee6468349b9f4b52,Codex — agent-assisted initial review,2026-09-20T09:23:18.404604+00:00
2026:4080620251215507154,p0003,g_3b843fe35fbfe63f1dfa54c2,d21c694684c2d4dce68fc44cf928a44038843e80133e51336780471f95012755,d_431764eebe43fe2dbc769c97,Codex — agent-assisted initial review,2026-09-20T09:23:18.404604+00:00
2026:4080620251215512735,p0010,g_0dc5cff97ac36c6b339e7918,2e669859f14d88fde1351c90ba890c1209dc5a50b93a0e5189ac28ac942450ef,d_73e7e1feb31f32aa2a2c97b8,Codex — agent-assisted initial review,2026-09-20T09:08:32.301672+00:00
2026:4080620251215532320,p0014,g_3b610a9afd8b868faf2e6f72,f5116d4f6d0c7656e7d6916794fd409275c2c05fcf975bfa7775a0afb1a5eea7,d_bfe522104a1e63ad2b6ab934,Codex — agent-assisted initial review,2026-09-20T09:08:32.301672+00:00
2026:4080620251215532450,p0003,g_21825d284902ffc225c21262,4403e0e81e9293207f9a6008230d5777ae3248de5003c207eb58ec60ed104a5b,d_18f6813992de8a7b3c3885e3,Codex — agent-assisted initial review,2026-09-20T09:23:18.404604+00:00
2026:4080620251215533596,p0015,g_3cf01f06636b159576c3b72b,c8a9f61dd1a4a33b54b9b7eda77781d30df29b3a9f672dc6194e98666d61e84c,d_fb4ad7927605c13889768b47,Codex — agent-assisted initial review,2026-09-20T09:23:18.404604+00:00
2026:4080620251215533897,p0008,g_c0e18a0d6e5d3a765746dc80,77182b4839ea6e3e3cd9aa14f39e800fac1ed6c8cd39ebce2b91b085af096dcb,d_f65f16f8ace293f45481ffa3,Codex — agent-assisted initial review,2026-09-20T09:08:32.301672+00:00
2026:4080620251215534664,p0002,g_4e7171b52b23ea6c3e9fddfb,f161cd2cb6b25c0b2420a305c23a6adc2a30d0dbc578e9b8f0ea13f5f47b0047,d_514b9b637ee8d57449b75e39,Codex — agent-assisted initial review,2026-09-20T09:23:18.404604+00:00
2026:4080620251215534671,p0003,g_ee49501fb78cf4029edfc5f3,b59b9abcd302d3e28498e93e09d9d0d56e54a69cd3eedd6d5fc7afed845e1be5,d_c33c44f1b65454158829ee32,Codex — agent-assisted initial review,2026-09-20T09:23:18.404604+00:00
2026:4080620251215545268,p0004,g_614763649502c60a09200ce6,8f3beaba57dda5ceed137c6b53216399c0a870fa966777b3f69cef19164f33ed,d_f2a2f44d65893bde78c109ac,Codex — agent-assisted initial review,2026-09-20T09:23:18.404604+00:00
2026:4080620251215545270,p0004,g_614763649502c60a09200ce6,19240146cd614d3630f32b32746d3faf7457c9bd5bbd08cde0897bfd0895671a,d_f2a2f44d65893bde78c109ac,Codex — agent-assisted initial review,2026-09-20T09:23:18.404604+00:00
2026:4080620251215545271,p0004,g_614763649502c60a09200ce6,392214fc86583c77825226b5f5b4187f223a28c5f8a91ef9e53f1c97c32a5894,d_f2a2f44d65893bde78c109ac,Codex — agent-assisted initial review,2026-09-20T09:23:18.404604+00:00
2026:4080620261570288497,p0013,g_ecf87e47e80d641826806f60,24f710313cc230adbb3684c5162c714608cc1afbd43fac5df1b3a3d4b8367ad7,d_9970b9269a91148229822c9e,Codex — agent-assisted initial review,2026-09-20T09:23:18.404604+00:00
2026:4080620261570288499,p0013,g_ecf87e47e80d641826806f60,1b1ff1f7746d28f5b505b4ffb8c08212975b3a706a684376148112372ed2932c,d_9970b9269a91148229822c9e,Codex — agent-assisted initial review,2026-09-20T09:23:18.404604+00:00
2026:4080620261570364035,p0013,g_0046ad6ba311a66a7c14c1d6,a5d96a3ee10bafa13db4d4194edc761708bdec190d47637b8ad70da8b755f53e,d_c90ea280b0c3be2b897999c8,Codex — agent-assisted initial review,2026-09-20T09:23:18.404604+00:00
2026:4080620261570364036,p0013,g_0046ad6ba311a66a7c14c1d6,bb9fa75fa675704792cbf79c503767471adf150b1b7f48941b38607ae1819716,d_c90ea280b0c3be2b897999c8,Codex — agent-assisted initial review,2026-09-20T09:23:18.404604+00:00
2026:4080620261570364037,p0013,g_0046ad6ba311a66a7c14c1d6,25bce19036912cc67a43929cae5fcdd745dce4292f617ce0b1a407f388621514,d_c90ea280b0c3be2b897999c8,Codex — agent-assisted initial review,2026-09-20T09:23:18.404604+00:00
2026:4080620261570425518,p0013,g_a1ff4d481b150465fa1c4cca,8043aef0f34b4b3e1e5a1524aa030b7db2ea2dbfa4a440b30ae6ac145e14aa4a,d_73d1d148a0cef504a7e9bf47,Codex — agent-assisted initial review,2026-09-20T09:23:18.404604+00:00
2026:4080620261570425520,p0013,g_a1ff4d481b150465fa1c4cca,438ce3014a4a9d691072013594d0bfd628a736da59e27ff823f9cd690b820382,d_73d1d148a0cef504a7e9bf47,Codex — agent-assisted initial review,2026-09-20T09:23:18.404604+00:00
2026:4080620261570425778,p0013,g_a1ff4d481b150465fa1c4cca,300c005d047b514545a4a169db3b6e5fd964d241960914db333fc65f531ec52f,d_73d1d148a0cef504a7e9bf47,Codex — agent-assisted initial review,2026-09-20T09:23:18.404604+00:00
2026:4080620261570425780,p0013,g_a1ff4d481b150465fa1c4cca,13a9b5e1d6cb61d5a2bd892343e54d330cdedde545eaa022767c3597560e9d52,d_73d1d148a0cef504a7e9bf47,Codex — agent-assisted initial review,2026-09-20T09:23:18.404604+00:00
2026:4080620261570426231,p0003,g_1f04ffefd54c04b895b68a52,cc524b669bbb581a80add513aa7866057ab2773a7d056caff9027878fa96bbb9,d_7b1c25344568638b59c5ce92,Codex — agent-assisted initial review,2026-09-20T09:23:18.404604+00:00
2026:4080620261570437172,p0003,g_6b7bf1414df97434826be189,dcd89110b98ab7c706abbb8c154a235b5629bef0dc23b28d4801c4c2d5da4c7f,d_1419a850d8595d393f37ed81,Codex — agent-assisted initial review,2026-09-20T09:23:18.404604+00:00
2026:4080620261570447648,p0003,g_bf8b2422239e13647fe083d6,60e9dcd365a766dfadcfbcdbab238716c4a8e00cc5c5680e03d3d9f1ed60ce27,d_8b21b8b6c86610b2d339059c,Codex — agent-assisted initial review,2026-09-20T09:23:18.404604+00:00
2026:4080720251215594882,p0002,g_24e8fb12000a9b23af853493,24510d588b447eb383c3e90436185cf083725aeaba41be42689cefccf22cce2d,d_08fffe828e77417ecb37034f,Codex — agent-assisted initial review,2026-09-20T09:23:18.404604+00:00
2026:4080720251215594887,p0003,g_1c5f24d997d3544b2b240c75,31921850ddc127bf992b5d9f5466a94536ec6697f7984101a07881239b71d004,d_8cd7fd0d2b82a1b131bb51ce,Codex — agent-assisted initial review,2026-09-20T09:23:18.404604+00:00
2026:4080720251215605876,p0011,g_a21a462c84740d471f39e8e5,f18a0c9351762de1eb6eda35dc76ee7a6958cb0f4d927a4b8c08f0548cee34f6,d_14e321aad347685322ca741e,Codex — agent-assisted initial review,2026-09-20T09:08:32.301672+00:00
2026:4080720251215605877,p0011,g_a21a462c84740d471f39e8e5,b1383a13d1804c69562e1255b9e7e6f3e16523c8e2d2843c336eb2d26f476284,d_14e321aad347685322ca741e,Codex — agent-assisted initial review,2026-09-20T09:08:32.301672+00:00
2026:4080720251215619991,p0010,g_cba0d8536cf1ba534e422687,243fdcef8c6bf39dcfb12f0762f3228a9e5c7078ebb46b0fcd6e8a2307cff95f,d_2fbe4d590f0411f016371366,Codex — agent-assisted initial review,2026-09-20T09:08:32.301672+00:00
2026:4080720251215619992,p0010,g_cba0d8536cf1ba534e422687,71d753864ec35d941956eca8ca1fdbe4872602deb8c976bd3d53690a5bde5126,d_2fbe4d590f0411f016371366,Codex — agent-assisted initial review,2026-09-20T09:08:32.301672+00:00
2026:4080720251215626754,p0009,g_dd55d72b82ce8f695bf1ee97,f76010edc963a19be3bac1a80e0c1b85709adea5818918af2f2afb02a3c046d8,d_1f8fef796953bb1f686e5f24,Codex — agent-assisted initial review,2026-09-20T09:08:32.301672+00:00
2026:4080720251215630961,p0019,g_480c6fac8210770594228f12,84135f4b994806cc424eaf1d5172b73d47fc520c58a35db06505bb283b59165d,d_cade8e14d94d83151ab1c8d5,Codex — agent-assisted initial review,2026-09-20T09:08:32.301672+00:00
2026:4080720251215630962,p0019,g_480c6fac8210770594228f12,3ad86d0b7c80ba731cab1e004d1092fd9a34686e7269eab26fe0057da6f0468b,d_cade8e14d94d83151ab1c8d5,Codex — agent-assisted initial review,2026-09-20T09:08:32.301672+00:00
2026:4080720251215630963,p0019,g_480c6fac8210770594228f12,a16667e0197d4163b2799e63dabd9db92b55c3c48bb5643d8269086d06b92921,d_cade8e14d94d83151ab1c8d5,Codex — agent-assisted initial review,2026-09-20T09:08:32.301672+00:00
2026:4080720261570492597,p0013,g_a1ff4d481b150465fa1c4cca,f596a5bdfa937977c21708d5bb8e9d096c1878d08d8e3ad9824ea322a50e04a0,d_73d1d148a0cef504a7e9bf47,Codex — agent-assisted initial review,2026-09-20T09:23:18.404604+00:00
2026:4080720261570492599,p0013,g_a1ff4d481b150465fa1c4cca,6ebba2be2f07067fb9ca13a31cebb7c21352bed9a9fe622465db0609bc854eb7,d_73d1d148a0cef504a7e9bf47,Codex — agent-assisted initial review,2026-09-20T09:23:18.404604+00:00
2026:4080720261570524215,p0003,g_99e5aad1c7ca07d05314cfff,1a28d0ab14115d1b867d075e1192785000deb66c232beee4d7d1fa6997909a10,d_413a4e9273a6a4305da54308,Codex — agent-assisted initial review,2026-09-20T09:23:18.404604+00:00
2026:4080720261570537985,p0013,g_a1ff4d481b150465fa1c4cca,35a15beaba8c70d56ccf27ac7bd18b944199ce456cf25076e4af0ff76ed44a3f,d_73d1d148a0cef504a7e9bf47,Codex — agent-assisted initial review,2026-09-20T09:23:18.404604+00:00
2026:4080720261570537987,p0013,g_a1ff4d481b150465fa1c4cca,944637957885e86f0067bca2f6ba8057c71c209681eb9c0eef9304c93079f47c,d_73d1d148a0cef504a7e9bf47,Codex — agent-assisted initial review,2026-09-20T09:23:18.404604+00:00
2026:4080720261570537988,p0013,g_a1ff4d481b150465fa1c4cca,7b663f12c8ab0aef700622be2b9cccde9fa7287766b6b047fd646d63b9989719,d_73d1d148a0cef504a7e9bf47,Codex — agent-assisted initial review,2026-09-20T09:23:18.404604+00:00
2026:4080720261570564149,p0013,g_09c7e8b71589114d4929738d,19e02c481cc6e149de0aa2f20ddc7c25c58dd88c508acacf1580141684eccf92,d_e47dc50c38c844acb1df5c6a,Codex — agent-assisted initial review,2026-09-20T09:23:18.404604+00:00
2026:4080720261570564151,p0013,g_09c7e8b71589114d4929738d,5fa9caa0c9412c8f028bd242c578265d1b259674da568ef4c0e1ac305e7dd939,d_e47dc50c38c844acb1df5c6a,Codex — agent-assisted initial review,2026-09-20T09:23:18.404604+00:00
2026:4080820251215677526,p0001,g_70bf55e0cd79f87d8eefe544,4a456b08af74e0d94e8b53e912ea90ccd291e6a0b37b2aa6b4885b38f4fd6c6c,d_8f963de8baf0f98279d14cf4,Codex — agent-assisted initial review,2026-09-20T09:08:32.301672+00:00
2026:4080820251215677527,p0001,g_70bf55e0cd79f87d8eefe544,45775662b0b3f5baade8b3610e10dab04d4c075d0b31bd342e6a63a60306b0e7,d_8f963de8baf0f98279d14cf4,Codex — agent-assisted initial review,2026-09-20T09:08:32.301672+00:00
2026:4080820251215677528,p0001,g_70bf55e0cd79f87d8eefe544,8bb594de5999d010fb48c30f8b80504d1c38ac5c6d488365b8328404771feba5,d_8f963de8baf0f98279d14cf4,Codex — agent-assisted initial review,2026-09-20T09:08:32.301672+00:00
2026:4080820251215706872,p0008,g_c0e18a0d6e5d3a765746dc80,49cd9882255253bff637371c93e7299de2ebb406c754926176cd64e155b71fa3,d_f65f16f8ace293f45481ffa3,Codex — agent-assisted initial review,2026-09-20T09:08:32.301672+00:00
2026:4080820251215706874,p0002,g_f873a228c79887c2cdd391a0,bba696613c525862dcc18cb8a5d6fd5656f0c999c16650b1cabc00b7c621c20d,d_3bfa29b13730c584f44224a3,Codex — agent-assisted initial review,2026-09-20T09:23:18.404604+00:00
2026:4080820251215706981,p0003,g_63034804eceebc1a1a91e35c,2d93e0aae3bb72f698617d5dc121732820005db3a5740f14925861292c034799,d_72049568809d5889112be34a,Codex — agent-assisted initial review,2026-09-20T09:23:18.404604+00:00
2026:4081020261570652057,p0013,g_a1ff4d481b150465fa1c4cca,1c37f7b4e572ac74bc43794635fa80d36fe9a20b3e02892047a6b5afb9bd06d7,d_73d1d148a0cef504a7e9bf47,Codex — agent-assisted initial review,2026-09-20T09:23:18.404604+00:00
2026:4081020261570652059,p0013,g_a1ff4d481b150465fa1c4cca,d4c6a1cf3eb03ef3161135c9a74e585ab4ed64894fa8c0b605b7b0165c0a2379,d_73d1d148a0cef504a7e9bf47,Codex — agent-assisted initial review,2026-09-20T09:23:18.404604+00:00
2026:4081020261570669733,p0013,g_a1ff4d481b150465fa1c4cca,c16ba3f6cbf827b11902d9c2a07cc6352db120bd2c7859d4dd645e8e12de8679,d_73d1d148a0cef504a7e9bf47,Codex — agent-assisted initial review,2026-09-20T09:23:18.404604+00:00
2026:4081020261570708478,p0013,g_a1ff4d481b150465fa1c4cca,e99647b15fe75b051787f9aafda882508b6897f8575176c2453f5f71680c1638,d_73d1d148a0cef504a7e9bf47,Codex — agent-assisted initial review,2026-09-20T09:23:18.404604+00:00
2026:4081020261570708480,p0013,g_a1ff4d481b150465fa1c4cca,b8ab79196d9ef8f08012eae1c2c3ecab70e95d1ec9e5b187ebc88b3d60979672,d_73d1d148a0cef504a7e9bf47,Codex — agent-assisted initial review,2026-09-20T09:23:18.404604+00:00
2026:4081020261570717997,p0013,g_ecf87e47e80d641826806f60,45efdb866b334989a810ab879afdcd99345c54d373f12724232541eec76a17e5,d_9970b9269a91148229822c9e,Codex — agent-assisted initial review,2026-09-20T09:23:18.404604+00:00
2026:4081020261570718444,p0013,g_ecf87e47e80d641826806f60,ce44d7d5b92388944d6acd0de7b79185bfb52e05f9542636f45069810725612d,d_9970b9269a91148229822c9e,Codex — agent-assisted initial review,2026-09-20T09:23:18.404604+00:00
2026:4081020261570744028,p0009,g_ace3dffad2955a3726d29565,a6bd08251e5a692d51d4fa499b3d2af646566d251b67a5be34640f5ba8f7b374,d_6c90ecaa70a6b4f75f111ae6,Codex — agent-assisted initial review,2026-09-20T09:08:32.301672+00:00
2026:4081120251215773038,p0002,g_27e04093808aa7840d2d8ce3,5e2ee3eeacb22fe67f565dd364bb096876ae48912306f118fec260b0b78128a2,d_ee49bdbddd584d8e38bc8049,Codex — agent-assisted initial review,2026-09-20T09:23:18.404604+00:00
2026:4081120251215773045,p0003,g_63034804eceebc1a1a91e35c,632d977911f3b79e472a0d682a74726b0ffaa4cc4da076294e0df5a17264bfd9,d_72049568809d5889112be34a,Codex — agent-assisted initial review,2026-09-20T09:23:18.404604+00:00
2026:4081120251215775022,p0002,g_085eccb76e66fe418d29f4b5,5e046b49ab5719720c75017e07b3a73afa44d2c100a5cd2cc6515daaeb4611a5,d_2cae6cfd09bcd36c588d7910,Codex — agent-assisted initial review,2026-09-20T09:23:18.404604+00:00
2026:4081120251215789686,p0003,g_0224a90a8f684ddb1157f265,a15a832c866bc4b26826c5e308e1ebf44c6569d25aab963be447a92d5d82de47,d_c3860b30364e4ff5eafc8edb,Codex — agent-assisted initial review,2026-09-20T09:23:18.404604+00:00
2026:4081120251215803123,p0010,g_78fdf843f44d9ca91289f73a,d2e5b956688f0c2067f24f221c7a0bc62903dfada1fb801022fe586011a786d9,d_cdc7b4e7c8aa9fd1d84b6732,Codex — agent-assisted initial review,2026-09-20T09:08:32.301672+00:00
2026:4081120251215803124,p0010,g_78fdf843f44d9ca91289f73a,091b96b053a3b19630ad4db687cacc640db4f998304a8b1f34f2008f847bced6,d_cdc7b4e7c8aa9fd1d84b6732,Codex — agent-assisted initial review,2026-09-20T09:08:32.301672+00:00
2026:4081120251215803125,p0010,g_78fdf843f44d9ca91289f73a,cf5e4655a8f5d7220ff744d5870ac0203376b4821b158b2c233487633b63536b,d_cdc7b4e7c8aa9fd1d84b6732,Codex — agent-assisted initial review,2026-09-20T09:08:32.301672+00:00
2026:4081120251215803126,p0010,g_78fdf843f44d9ca91289f73a,e9bbe162adf8e8c566ba4986097324b0c3692bb5cdff98e04b419876865d8550,d_cdc7b4e7c8aa9fd1d84b6732,Codex — agent-assisted initial review,2026-09-20T09:08:32.301672+00:00
2026:4081120251215803127,p0010,g_78fdf843f44d9ca91289f73a,217ca0d07eda737a0d24042a63709a1dda893aa7bc8c654bc152c5291faf12fd,d_cdc7b4e7c8aa9fd1d84b6732,Codex — agent-assisted initial review,2026-09-20T09:08:32.301672+00:00
2026:4081120251215805479,p0015,g_d7268eeffddb2fac195dc0c4,d99372bdd814e4522b7e3b03d3b2c02768e8821cd0769225663fe064adac5b4f,d_39d44a3fc8f9399543532e5c,Codex — agent-assisted initial review,2026-09-20T09:23:18.404604+00:00
2026:4081120251215810192,p0012,g_9304545d440d410d12537929,3b8851aa1fc2dd0ea005ebf4bb2d053bd712738f0d1d002b5372fd6707481b70,d_617bcbd075e1fab01c287c99,Codex — agent-assisted initial review,2026-09-20T09:23:18.404604+00:00
2026:4081120251215810573,p0010,g_c44e1b222b574240bac9fe64,73e6191323bc158a0394eec848bd56c821101b48f25fb052cb9cabe197139749,d_1d91ace7398120661c2df16b,Codex — agent-assisted initial review,2026-09-20T09:08:32.301672+00:00
2026:4081120251215810574,p0010,g_c44e1b222b574240bac9fe64,5070f38934e6cb9f2c9360efec0ce6733f4ad757af0d92eea96df02255f503d0,d_1d91ace7398120661c2df16b,Codex — agent-assisted initial review,2026-09-20T09:08:32.301672+00:00
2026:4081120251215810575,p0010,g_c44e1b222b574240bac9fe64,f8e33afd6d125d02ed26714c89edbc1f64160c9e78ba723bb3a313365b4970d6,d_1d91ace7398120661c2df16b,Codex — agent-assisted initial review,2026-09-20T09:08:32.301672+00:00
2026:4081120251215830374,p0002,g_f873a228c79887c2cdd391a0,6be17ec9038c8a816a27ea165c25ba82c80d6a378cb56d72e3f62f30b05f314e,d_3bfa29b13730c584f44224a3,Codex — agent-assisted initial review,2026-09-20T09:23:18.404604+00:00
2026:4081120251215830393,p0003,g_00299e86102b6b0bde566e42,c9af9e1039570342e52bd53d3aed1360f03908495fa7277c630b20b0ad890595,d_ff0d53520fbbb6046e36b49f,Codex — agent-assisted initial review,2026-09-20T09:23:18.404604+00:00
2026:4081120251215831409,p0001,g_d01f03f4ed9521bdf041b31b,d2abe3fa9e025705918c156e72ddf2ad4acc78bb0a6d047ac60ae7b08d7577bd,d_f79c7c233f90108efe6b67ed,Codex — agent-assisted initial review,2026-09-20T09:08:32.301672+00:00
2026:4081120251215831410,p0001,g_d01f03f4ed9521bdf041b31b,6f32ae04d0ed666d58452b1883cc712baf35f4b31f0652bc289d93edcf0400d0,d_f79c7c233f90108efe6b67ed,Codex — agent-assisted initial review,2026-09-20T09:08:32.301672+00:00
2026:4081120251215831411,p0001,g_d01f03f4ed9521bdf041b31b,9fabfb6bcc08486efc56087ee71f18f5c5935f8fec4f28361b233d09874c92bc,d_f79c7c233f90108efe6b67ed,Codex — agent-assisted initial review,2026-09-20T09:08:32.301672+00:00
2026:4081120261570804152,p0013,g_ecf87e47e80d641826806f60,2905f7f2fb62448996f6a8a38bead86f3d20b46eca76bdb7ef04e9614e024fdf,d_9970b9269a91148229822c9e,Codex — agent-assisted initial review,2026-09-20T09:23:18.404604+00:00
2026:4081120261570804154,p0013,g_ecf87e47e80d641826806f60,9d5741bf690e436980eda03ebe5a2ff7402ed6edc9035ca190cc1e7faa9d8917,d_9970b9269a91148229822c9e,Codex — agent-assisted initial review,2026-09-20T09:23:18.404604+00:00
2026:4081120261570806266,p0009,g_2205c2e89410a97203d092bc,550c76a492fb8de669ed28291c58f3a116c4b64c8ea1a7061dfc7f8fb28e35bf,d_5d6747d89d45f3916c4f639a,Codex — agent-assisted initial review,2026-09-20T09:08:32.301672+00:00
2026:4081120261570818816,p0013,g_a1ff4d481b150465fa1c4cca,90320354833cdb4101af3d3646cb0fd88c140615e810686d8c1620d0f07a340f,d_73d1d148a0cef504a7e9bf47,Codex — agent-assisted initial review,2026-09-20T09:23:18.404604+00:00
2026:4081120261570819270,p0004,g_614763649502c60a09200ce6,b99e6c510919fd5c9fc5c85effb49f0841c7207dcb2c33258135668679caeab8,d_f2a2f44d65893bde78c109ac,Codex — agent-assisted initial review,2026-09-20T09:23:18.404604+00:00
2026:4081120261570819336,p0014,g_90458142716a61f6004ecc36,6e736c63ba821aafac9154cff05c37e637386cef5ead1f36144559ed54db795c,d_28a16010ff59d606c0017192,Codex — agent-assisted initial review,2026-09-20T09:08:32.301672+00:00
2026:4081120261570821017,p0013,g_ecf87e47e80d641826806f60,ed3e5b0a5586fb2e801bb4e1f0558baa7b1b6f9d1f6904c76f72e7bd3934a2d2,d_9970b9269a91148229822c9e,Codex — agent-assisted initial review,2026-09-20T09:23:18.404604+00:00
2026:4081120261570821019,p0013,g_ecf87e47e80d641826806f60,532d98861d61ee8732bb2ad87ace5ebf9efcfbf00dc37c0bad9830df54ecc912,d_9970b9269a91148229822c9e,Codex — agent-assisted initial review,2026-09-20T09:23:18.404604+00:00
2026:4081120261570826889,p0019,g_12245f2dbe72fb40db56e92b,5a77d1559bda5aa66010eb1cc79bc8777c8c0931c09a5c0871efa61d91db47f1,d_3c9af3cd75672ddfce737d4c,Codex — agent-assisted initial review,2026-09-20T09:08:32.301672+00:00
2026:4081120261570958518,p0011,g_f5539fcd45a714d01497ac0d,cf0006a30a4db64589201a1c4a970725df5be08e172a6c5d8f092f7d9d1280fd,d_6c32e015f3a4018b874ef21f,Codex — agent-assisted initial review,2026-09-20T09:08:32.301672+00:00
2026:4081120261570970884,p0013,g_a1ff4d481b150465fa1c4cca,2f2a64cf2ffb9e1aaacea8e40c5263bea6953a97f031deb562608ad131db2ea3,d_73d1d148a0cef504a7e9bf47,Codex — agent-assisted initial review,2026-09-20T09:23:18.404604+00:00
2026:4081120261570989363,p0013,g_d62cd0437296905a6d006382,49989ad57caf57d059d31d9613dc73658a06a51501365639e5038af4a61bc622,d_fdc9c9d0c817b9efc5b4e9d4,Codex — agent-assisted initial review,2026-09-20T09:23:18.404604+00:00
2026:4081120261570989365,p0013,g_d62cd0437296905a6d006382,0b2faa944963af5e0c7e097c8dcb1cc5aaa581265219610dceccdf44802582b6,d_fdc9c9d0c817b9efc5b4e9d4,Codex — agent-assisted initial review,2026-09-20T09:23:18.404604+00:00
2026:4081120261570992367,p0013,g_09c7e8b71589114d4929738d,c1a26db7a4be17908a982689781a97efa7b7f9e5ca48e532126dcec320f90d10,d_e47dc50c38c844acb1df5c6a,Codex — agent-assisted initial review,2026-09-20T09:23:18.404604+00:00
2026:4081120261570998714,p0013,g_09c7e8b71589114d4929738d,1881e229082a29d0d9380c06ac8d61c734dc15590daf3bc000074187276005ec,d_e47dc50c38c844acb1df5c6a,Codex — agent-assisted initial review,2026-09-20T09:23:18.404604+00:00
2026:4081120261571016862,p0002,g_3b16ae4c07d4978c98723cc1,b3f7f4bb8b7cc3e55e724a9d4fd5d24b61888812a67bbbe4108845d82b45f9cc,d_eead0485f73aaf4716fdb0f8,Codex — agent-assisted initial review,2026-09-20T09:23:18.404604+00:00
2026:4081120261571016863,p0002,g_3b16ae4c07d4978c98723cc1,4dd63f6ab697d1ce25593bdc55401be0ab3f949680534e7e77f20975c6b13b04,d_eead0485f73aaf4716fdb0f8,Codex — agent-assisted initial review,2026-09-20T09:23:18.404604+00:00
2026:4081120261571016922,p0003,g_ec718a71b0901612b9426530,ec59b71e28162817ab40dc11b1ba8375d4cac3000b97f6403c413cc12e9bf0dd,d_773ed7bb96b55e873da0029e,Codex — agent-assisted initial review,2026-09-20T09:23:18.404604+00:00
2026:4081120261571016923,p0003,g_ec718a71b0901612b9426530,e67eb991e1bf6276f0ddef65c200aa3f2a138e901b9f9a8838092885ca435458,d_773ed7bb96b55e873da0029e,Codex — agent-assisted initial review,2026-09-20T09:23:18.404604+00:00
2026:4081120261571025515,p0002,g_436241498f827d018d226a79,86da4e98c9a594b80361ec29bc928ca39a804623e5f2be5eeef84e29bfe2b5bf,d_5c0b6e04c963a0b0c16440c5,Codex — agent-assisted initial review,2026-09-20T09:23:18.404604+00:00
2026:4081120261571025516,p0002,g_436241498f827d018d226a79,2374e265b4584af3fa368b245e45a968e3d5f455a104efb85eb0da2a4668912c,d_5c0b6e04c963a0b0c16440c5,Codex — agent-assisted initial review,2026-09-20T09:23:18.404604+00:00
2026:4081120261571025589,p0003,g_482b6d6a6d4a059eb159c997,21227a6b6d32953d6db50351ce077c91ae4d8176847c1de39914b7996793815e,d_abb52f398663a2f7b5a11846,Codex — agent-assisted initial review,2026-09-20T09:23:18.404604+00:00
2026:4081120261571025590,p0003,g_482b6d6a6d4a059eb159c997,6ae4a706210fef545e39a4a3644f7d6deb681cfdf18951c91c36fbb2392d7ca5,d_abb52f398663a2f7b5a11846,Codex — agent-assisted initial review,2026-09-20T09:23:18.404604+00:00
2026:4081120261574007754,p0004,g_2409c2c0451aea07fb1f7dcc,95603b83956134486a7d578819d552ab7331916fd4288c59ed3d20dfef8dccda,d_8a3101e0b61df1643a839edd,Codex — agent-assisted initial review,2026-09-20T09:23:18.404604+00:00
2026:4081120261574007755,p0004,g_2409c2c0451aea07fb1f7dcc,b2b2d43cc1eb08782858849acc0a944d787f238a89c380add59aaba96aa827c8,d_8a3101e0b61df1643a839edd,Codex — agent-assisted initial review,2026-09-20T09:23:18.404604+00:00
2026:4081120261574564702,p0014,g_3954ea2f4671edb21188d0b7,b652640201f7f6420ddf97849514925e5499418aac5b75c18568cc85b8740b1c,d_142051317ccdf06c7da52d55,Codex — agent-assisted initial review,2026-09-20T09:08:32.301672+00:00
2026:4081220251215897257,p0002,g_c6eaf85d6dc56cda52c8c614,08525207cf22c5f22994da439dc5db15185784ebfcc29e2cfddf1e069547f91f,d_fa466818a01ab54b35c964d1,Codex — agent-assisted initial review,2026-09-20T09:23:18.404604+00:00
2026:4081220251215897263,p0003,g_d87ba8b28e172c31eb410874,e9159a7e484545a31ba35df4eb03fee348b1437168146812097563bf1d4d9040,d_8620d6700951a694bc1f4ff6,Codex — agent-assisted initial review,2026-09-20T09:23:18.404604+00:00
2026:4081220251215964068,p0011,g_a21a462c84740d471f39e8e5,896780e7077a27ff6b29783adfaef0ed1b61195d387756d0eef88de9976a0ea9,d_14e321aad347685322ca741e,Codex — agent-assisted initial review,2026-09-20T09:08:32.301672+00:00
2026:4081220251215971103,p0002,g_f813b27cc2ffd97033210377,c2a0f5b708b5824b123c308f15e83a3e24b84dac5549bb4c465a4dfbc678a925,d_3e6471f852383cf271e2e541,Codex — agent-assisted initial review,2026-09-20T09:23:18.404604+00:00
2026:4081220251215971151,p0015,g_d7268eeffddb2fac195dc0c4,822398f5598ae33ec0cb9fac7e46550fbe3ca1a31d3af65ad243f5ab5c54f9e9,d_39d44a3fc8f9399543532e5c,Codex — agent-assisted initial review,2026-09-20T09:23:18.404604+00:00
2026:4081220251215971239,p0003,g_ff80cbe1d2bd43cc2550af62,84066a812cb312a1fa4e0195744c7f1b68e99e639499cbfde1c414e7510dc764,d_0e277ee0fdbd18a114458b79,Codex — agent-assisted initial review,2026-09-20T09:23:18.404604+00:00
2026:4081220251215982076,p0015,g_ddb0c0692b2b49ff9b8ea8ea,1498db85aa09734c2051ad1ceb8f565d1940a4d52bf1f43a5e508b29a8541f35,d_3bd03bcfaebc176b21882dcf,Codex — agent-assisted initial review,2026-09-20T09:23:18.404604+00:00
2026:4081220251215983795,p0015,g_f1b6ed32f703b18ad15ed0fd,82a2cb13b5e11cd0ff5012e03b0b2a9f5e90e11ce131499e8334689505f3ad0d,d_93e14265f4fccbf042d642a3,Codex — agent-assisted initial review,2026-09-20T09:23:18.404604+00:00
2026:4081220251215983829,p0010,g_3dcbd6c193703913b5e07810,246be386dd3d978891ff7cda7285e90bbf48e694a05107064fcb52acb3a3dcaf,d_85d01fb664261c5631b334e7,Codex — agent-assisted initial review,2026-09-20T09:08:32.301672+00:00
2026:4081220261580775111,p0015,g_7d8dbde82994c0659cbb36d0,da598bd6e1793c496254374fc91a2f7c3f2884da8433b2f62fb54ee8e7dbd181,d_4d4e7f441d1fc7b014cc13ea,Codex — agent-assisted initial review,2026-09-20T09:23:18.404604+00:00
2026:4081220261580865286,p0015,g_206593d82cf718f0ca94e4af,09bdb06f5fce391fd864277fbbc86e8e9ccb9dadbbc12b19ccb944113389d8bf,d_f376a805d11b8facad6b72d4,Codex — agent-assisted initial review,2026-09-20T09:23:18.404604+00:00
2026:4081220261580865287,p0015,g_206593d82cf718f0ca94e4af,c5ccf7baca5c02f19a04ccf3ead5151e23696e20da80faf794174818816c1ddd,d_f376a805d11b8facad6b72d4,Codex — agent-assisted initial review,2026-09-20T09:23:18.404604+00:00
2026:4081220261580865923,p0003,g_63034804eceebc1a1a91e35c,9517a7e1c3659be11e2c0ba8fd4ca5d35d83eff449fe0957b26947686021ba69,d_72049568809d5889112be34a,Codex — agent-assisted initial review,2026-09-20T09:23:18.404604+00:00
2026:4081220261580865924,p0003,g_63034804eceebc1a1a91e35c,63b5bf74c5dc2bfd700c20d4f59f734b502e77629f11e7278422672b893767ca,d_72049568809d5889112be34a,Codex — agent-assisted initial review,2026-09-20T09:23:18.404604+00:00
2026:4081320251216028332,p0009,g_dd55d72b82ce8f695bf1ee97,1b929e32e458e32ce0a7eada3047df3ffcf6e693f14681443b4855e32da9ad20,d_1f8fef796953bb1f686e5f24,Codex — agent-assisted initial review,2026-09-20T09:08:32.301672+00:00
2026:4081320251216028486,p0009,g_dd55d72b82ce8f695bf1ee97,cee29d13e886f0d13dbec6437eae0d1053e913ec12283a557e222eaf38fc6827,d_1f8fef796953bb1f686e5f24,Codex — agent-assisted initial review,2026-09-20T09:08:32.301672+00:00
2026:4081320251216037036,p0003,g_2616b7fe86ff1e9c4ed694d5,431c6d94f00903892a4a0aff3b15be7bef9af9e9733753a7aa1ab4269cf61253,d_223f613938669ead21a5e64a,Codex — agent-assisted initial review,2026-09-20T09:23:18.404604+00:00
2026:4081320251217635173,p0002,g_f8c6533a147b3cd936a8628a,e84866db5ef93d8d680217a8957f484d0abb4b269fb619eba3b570b824449335,d_d8fb06bdce6d2349dac95f2a,Codex — agent-assisted initial review,2026-09-20T09:23:18.404604+00:00
2026:4081320251217635272,p0003,g_462633921dd32615a2ebcae5,6fd3dc3059ebed92d4e7ce5dfdf3c8cfeee15a210cd573b2c2dba321b3624f3f,d_017f1230eee5530f6d3f8bb6,Codex — agent-assisted initial review,2026-09-20T09:23:18.404604+00:00
2026:4081320251217783445,p0015,g_578b8427ce7fa7abbce0485f,41ea84d94ac8699214f308be2cc84ff4af2f555e884cdc1903933aadb5a7b0a0,d_0c0ba061a34c252f6e742be3,Codex — agent-assisted initial review,2026-09-20T09:23:18.404604+00:00
2026:4081320251217865703,p0015,g_40afbdb05eb6084241a931f4,23262c3ec52f6885f976f34ece3c243712b95841da5b13adf76372ce4528b25f,d_bba71d31e2e19bd941b06666,Codex — agent-assisted initial review,2026-09-20T09:23:18.404604+00:00
2026:4081420261580986779,p0003,g_2616b7fe86ff1e9c4ed694d5,b252031525db0cf04abe9e58eb692a8613a5af1e290bf80960f27058df2c7702,d_223f613938669ead21a5e64a,Codex — agent-assisted initial review,2026-09-20T09:23:18.404604+00:00
2026:4081420261580996094,p0002,g_505958d4c7dc8cff5a0b59a4,d2dfe4ef2ff4e0b1053521b8d8eef82e14799e1e9fd7e36092f4855b180442b5,d_6abd109215ecc30637840c90,Codex — agent-assisted initial review,2026-09-20T09:23:18.404604+00:00
2026:4081420261580996095,p0003,g_c2af968b2a8363049df109ff,4516c5190e78a52477453dada2978d7368774489863569e0736e61d7419a0422,d_7f69a84d18756183ec74f49e,Codex — agent-assisted initial review,2026-09-20T09:23:18.404604+00:00
2026:4081420261580996372,p0009,g_db436fe470edafcf6441174c,a3448a2dbc4e9e58f318cd919096331e13cea648154fe9f2abd585e3a7f84c5e,d_62f6e0cd8b5317a0c382b35c,Codex — agent-assisted initial review,2026-09-20T09:08:32.301672+00:00
2026:4081420261580996470,p0019,g_9dbc0e0a8d61d103ca9ee284,0109fae66029e0f32b2f9cc0776b1d08cab37dbce9c3167b1acd0b8c2c3d9988,d_dd27d066ea76c2049fbfc98b,Codex — agent-assisted initial review,2026-09-20T09:08:32.301672+00:00
2026:4081420261580996490,p0009,g_db436fe470edafcf6441174c,2d087f01767a53209d89ca88d229772667ebef14feaca4c090c25cb7000f3a9b,d_62f6e0cd8b5317a0c382b35c,Codex — agent-assisted initial review,2026-09-20T09:08:32.301672+00:00
2026:4081420261581018017,p0014,g_fb607fa692d36d74375bb521,1fb7e31fc96860aec59f581130d36899d5e8710378033c81132883dd5d21e4c0,d_261b338c52391b0d7eab449b,Codex — agent-assisted initial review,2026-09-20T09:08:32.301672+00:00
2026:4081420261581018019,p0014,g_fb607fa692d36d74375bb521,b2d02abf9c8a8730705c89e164c357ee2efc070c5e59df0a2cb2b273d92b83cb,d_261b338c52391b0d7eab449b,Codex — agent-assisted initial review,2026-09-20T09:08:32.301672+00:00
2026:4081520251218419085,p0010,g_a964f3661b786505feef0a3c,df439f1316c93926ddff35e104e2fbd165aef0d60b5da6bf1f33905936c2eb81,d_a36da6073af2f2aa5109e4ec,Codex — agent-assisted initial review,2026-09-20T09:08:32.301672+00:00
2026:4081520251218419161,p0010,g_d66afd169b9fdd8763df3f15,0e45419dc19e7e7075961b26ef2840ce5a916f848947a5e3e7548e46915dc09f,d_3ca1d964d2250be857c5ce66,Codex — agent-assisted initial review,2026-09-20T09:08:32.301672+00:00
2026:4081720261581116304,p0003,g_f4d733ac09d875725259f767,261fb7bf8367195b997e9c1db786c20808886c4eccf068768e776cc6ce59538c,d_6ae04891e86ac9be0e046494,Codex — agent-assisted initial review,2026-09-20T09:23:18.404604+00:00
2026:4081720261581116305,p0003,g_f4d733ac09d875725259f767,44dc0380c231784daa6159d24ba9259b380e96d71dbb150857b1813434a79985,d_6ae04891e86ac9be0e046494,Codex — agent-assisted initial review,2026-09-20T09:23:18.404604+00:00
2026:4081820251218491747,p0001,g_ea188b5fd75c578d97a166b1,d78b18324b81ba7d52bd0c02cf966fc9c6dc55108d49f19d0f699d780b133eb8,d_143460d2cb5c674eecae2241,Codex — agent-assisted initial review,2026-09-20T09:08:32.301672+00:00
2026:4081820251218491749,p0001,g_ea188b5fd75c578d97a166b1,dff9554eb1a480e9cf999491b027b31eb123ed37af373ab9717e450da7cf92c4,d_143460d2cb5c674eecae2241,Codex — agent-assisted initial review,2026-09-20T09:08:32.301672+00:00
2026:4081820251218491750,p0001,g_ea188b5fd75c578d97a166b1,5b6bca796004e2aaa62d33ceafe057ce8381bc4cb560642304360ef9d1e62ba4,d_143460d2cb5c674eecae2241,Codex — agent-assisted initial review,2026-09-20T09:08:32.301672+00:00
2026:4081820251218491751,p0001,g_ea188b5fd75c578d97a166b1,0a2bb492272f321f4f1b72093397da306a9d5100a5e1e22ed235cb5a460eb1ef,d_143460d2cb5c674eecae2241,Codex — agent-assisted initial review,2026-09-20T09:08:32.301672+00:00
2026:4081820251218491756,p0001,g_ea188b5fd75c578d97a166b1,9500f1573d338cc4b5d454e3fadfd8e6e7ab4c6f73066187108359782d9b57b6,d_143460d2cb5c674eecae2241,Codex — agent-assisted initial review,2026-09-20T09:08:32.301672+00:00
2026:4081820251218491758,p0001,g_ea188b5fd75c578d97a166b1,c8d44a24286788ce555b5c9d45e0d05badd0ba3531435374f3d186ee9aa02bec,d_143460d2cb5c674eecae2241,Codex — agent-assisted initial review,2026-09-20T09:08:32.301672+00:00
2026:4081820251218491760,p0001,g_ea188b5fd75c578d97a166b1,2e6200e125c7c670989e0988b265cd7fa0f6d4738035ce6538f44497d76f1573,d_143460d2cb5c674eecae2241,Codex — agent-assisted initial review,2026-09-20T09:08:32.301672+00:00
2026:4081820251218491767,p0001,g_ea188b5fd75c578d97a166b1,5b13be7a0691462951f1ecfea475ba992872f5b4bde54be7a03b89806d380ae9,d_143460d2cb5c674eecae2241,Codex — agent-assisted initial review,2026-09-20T09:08:32.301672+00:00
2026:4081820251218491769,p0001,g_ea188b5fd75c578d97a166b1,64e6c6ee4fc2a7445c703782049e3f4cda4bd018d1c5eaafd1e8f5fb924b3c22,d_143460d2cb5c674eecae2241,Codex — agent-assisted initial review,2026-09-20T09:08:32.301672+00:00
2026:4081820251218491771,p0001,g_ea188b5fd75c578d97a166b1,9113dc6156ee50ee7c0a322d00670eb62ad1a562b3f3cfa71b8d481f961dece2,d_143460d2cb5c674eecae2241,Codex — agent-assisted initial review,2026-09-20T09:08:32.301672+00:00
2026:4081820261583776229,p0009,g_2205c2e89410a97203d092bc,c7f749f92d847ed3351c9e87891eeb79510131dad09916c3191ae2217756434f,d_5d6747d89d45f3916c4f639a,Codex — agent-assisted initial review,2026-09-20T09:08:32.301672+00:00
2026:4081820261583776230,p0009,g_2205c2e89410a97203d092bc,4ffd21973ea646712940d553279b87918fbd32b011d7414239c68834b134e18c,d_5d6747d89d45f3916c4f639a,Codex — agent-assisted initial review,2026-09-20T09:08:32.301672+00:00
2026:4081820261583776231,p0009,g_2205c2e89410a97203d092bc,0400c3ffd06902ac6f5f170efa4f1ecc70828395074bd54d7994acf7a6df74b3,d_5d6747d89d45f3916c4f639a,Codex — agent-assisted initial review,2026-09-20T09:08:32.301672+00:00
2026:4081820261583782938,p0011,g_a21a462c84740d471f39e8e5,74ee756ded1d7a3e792debdfdeea316d576d373eedb81274972b75ea0ab95996,d_14e321aad347685322ca741e,Codex — agent-assisted initial review,2026-09-20T09:08:32.301672+00:00
2026:4081820261583860094,p0014,g_90458142716a61f6004ecc36,8e571809912fb4eb29e593a87c9b2f4a2ff271e238ac4ff6ce41a2e88be722f4,d_28a16010ff59d606c0017192,Codex — agent-assisted initial review,2026-09-20T09:08:32.301672+00:00
2026:4081820261583860096,p0014,g_90458142716a61f6004ecc36,4e0193149b22b29fedd5f030af8084c622892e026a9a93f8a3adb2de8d8aef2e,d_28a16010ff59d606c0017192,Codex — agent-assisted initial review,2026-09-20T09:08:32.301672+00:00
2026:4081920251218696201,p0015,g_8be9bfa4f6c8cdc99fe3da18,27a8f51f4f861baa096302b0ae1e7ccab5ce3fb78af62bc8749a81c6ffec5603,d_bb3297bda61e26392cef166f,Codex — agent-assisted initial review,2026-09-20T09:23:18.404604+00:00
2026:4081920251218730852,p0002,g_db008ecf2ab1534e20a2681c,abeb79ffd817b2820003d74c763eeacb2ee2b63ee175f92c26be3cac2325ea6e,d_2a9a6ab69e32c6c1431b215e,Codex — agent-assisted initial review,2026-09-20T09:23:18.404604+00:00
2026:4081920251218730853,p0002,g_db008ecf2ab1534e20a2681c,f39d9d535cd446581edfb95dca85033861726715012bf7dde452787ec4a26693,d_2a9a6ab69e32c6c1431b215e,Codex — agent-assisted initial review,2026-09-20T09:23:18.404604+00:00
2026:4081920251218730892,p0003,g_9feab369224d84964d5082ca,cfc9951a06ca7345345e1c7f8bccaf53028c30a205ef4b8d7f3319e3266dcc88,d_d39f6ba5d7ac4285e2121fb9,Codex — agent-assisted initial review,2026-09-20T09:23:18.404604+00:00
2026:4081920251218730893,p0003,g_9feab369224d84964d5082ca,7d197547f23b51a130f493a55dc7715d071b6344e36d0406f8d72f0325e52709,d_d39f6ba5d7ac4285e2121fb9,Codex — agent-assisted initial review,2026-09-20T09:23:18.404604+00:00
2026:4081920251218730917,p0001,g_b4b7a1c0783b7b4c1619b15c,4ece75bb591011e34a8325ab74e6dd6602df60821fbacea149fcbcd5048551a9,d_6d8aa2f83cf151d984609bd3,Codex — agent-assisted initial review,2026-09-20T09:08:32.301672+00:00
2026:4081920251218732137,p0015,g_a72ca87610285f8fa277b2a9,6cf1f97e30cbb9787137fc978e11e3a71ad8b853cc6dfe288cf14d614dafbf5b,d_d411030189b5c0d11b8e2a82,Codex — agent-assisted initial review,2026-09-20T09:23:18.404604+00:00
2026:4081920261583911394,p0009,g_19ad3708658c3374aa231bbd,08c6beb26601dbfc4ccae50cda7293d89b7d7a0058f1b4da736b3686a835e577,d_ab2ff88f24d91d25470b491b,Codex — agent-assisted initial review,2026-09-20T09:08:32.301672+00:00
2026:4081920261583924750,p0013,g_09c7e8b71589114d4929738d,5da0d090c59aa41df9e009c0588b6d0b40124bb5618326333fff7dd5675c4375,d_e47dc50c38c844acb1df5c6a,Codex — agent-assisted initial review,2026-09-20T09:23:18.404604+00:00
2026:4081920261583925169,p0013,g_a1ff4d481b150465fa1c4cca,52b0316b593502413c0524fca2475a99a802c0d8a73e3681dd31b83711a457b5,d_73d1d148a0cef504a7e9bf47,Codex — agent-assisted initial review,2026-09-20T09:23:18.404604+00:00
2026:4081920261583925171,p0013,g_a1ff4d481b150465fa1c4cca,e7c6ea0fb3eae5d876e239dec87d26128bc569e57d748ff9948ade0aa72c480d,d_73d1d148a0cef504a7e9bf47,Codex — agent-assisted initial review,2026-09-20T09:23:18.404604+00:00
2026:4081920261583961998,p0004,g_7a7b6ee0ca4caf730b28ef97,92ae726776774382e4dd4f6a46b2d0b5643aa7760e808a43495a38af6873025f,d_b611ad539a80eb0f7bcfbc87,Codex — agent-assisted initial review,2026-09-20T09:23:18.404604+00:00
2026:4081920261584033062,p0004,g_7a7b6ee0ca4caf730b28ef97,e06c0d089b444ed80807bbd5f26b4c9555bae246026a8890d523e8e3e4f47592,d_b611ad539a80eb0f7bcfbc87,Codex — agent-assisted initial review,2026-09-20T09:23:18.404604+00:00
2026:4081920261584033063,p0004,g_7a7b6ee0ca4caf730b28ef97,400b48a4e70950528b37128a1e9ceef32be04d3ac6998cac0e2fbdb0cf5599ef,d_b611ad539a80eb0f7bcfbc87,Codex — agent-assisted initial review,2026-09-20T09:23:18.404604+00:00
2026:4082420261584639554,p0003,g_ff80cbe1d2bd43cc2550af62,3ee05ea5e942dc2f4cf9cbcaa45c67e8b9b8ee9fb2f673a81317090823a40769,d_0e277ee0fdbd18a114458b79,Codex — agent-assisted initial review,2026-09-20T09:23:18.404604+00:00
2026:4082420261584639613,p0002,g_c96d6ee46cd58987410b4de5,fb479eff364306e6f08984212056db46b62a761e625789f123219e17703fdd37,d_cb66266cd8b44d09e0046fc2,Codex — agent-assisted initial review,2026-09-20T09:23:18.404604+00:00
2026:4082520251233342235,p0019,g_4ecadb7a0505f8ff3016f75b,371fe0598ece80e0f9f3fa09dd59387386ace5b26e344494d170b36f8e881c1c,d_ccbb14a9e94721cc6bdb6d98,Codex — agent-assisted initial review,2026-09-20T09:08:32.301672+00:00
2026:4082520251233399844,p0019,g_4ecadb7a0505f8ff3016f75b,7b69d2f749aaab26be21bd4bea752285b4c7764fa2d942ca084a0a01bb7faa55,d_ccbb14a9e94721cc6bdb6d98,Codex — agent-assisted initial review,2026-09-20T09:08:32.301672+00:00
2026:4082520261584705073,p0009,g_1b76fe9096d285322404d08b,1728f4100af9d9ec359e936a0565eab0d249846c7ac7b6d37f56217def067a39,d_af9eab8ab0832178654dbe81,Codex — agent-assisted initial review,2026-09-20T09:08:32.301672+00:00
2026:4082520261584705074,p0009,g_1b76fe9096d285322404d08b,5c9dcc60d07d223ed3f1fcba8ba1c7295cdcf08a6e7256a3731730742070bd42,d_af9eab8ab0832178654dbe81,Codex — agent-assisted initial review,2026-09-20T09:08:32.301672+00:00
2026:4082520261584705075,p0009,g_1b76fe9096d285322404d08b,3e8a4e0e441c14905f6266a12cd856e739eb59b479b89a6c1c852c734fa65995,d_af9eab8ab0832178654dbe81,Codex — agent-assisted initial review,2026-09-20T09:08:32.301672+00:00
2026:4082520261584716762,p0015,g_9890f9fee5f5bc6ea865741a,ea1be09aca245a69670a988aa25583c460ca26e4d3457f0a0483622e6c98a4b9,d_b31acd31247fe784066cd359,Codex — agent-assisted initial review,2026-09-20T09:23:18.404604+00:00
2026:4082520261584828817,p0013,g_aca58d2d076daceef3df40df,a0163017e7ab7bd2243be5def956760a5ce45a6490aa2f0ca16538ded5c82fd2,d_e69b7a954985bc2c7b96eabe,Codex — agent-assisted initial review,2026-09-20T09:23:18.404604+00:00
2026:4082520261584828818,p0013,g_aca58d2d076daceef3df40df,57a972dd06b0f9feb334bb686a2b958c546a5d9a5e856c38b7af5b35b2088c70,d_e69b7a954985bc2c7b96eabe,Codex — agent-assisted initial review,2026-09-20T09:23:18.404604+00:00
2026:4082520261584828819,p0013,g_aca58d2d076daceef3df40df,aac3f8139f72b002c59498077016e37282d992b96d421d4278adbc6b74eb0c82,d_e69b7a954985bc2c7b96eabe,Codex — agent-assisted initial review,2026-09-20T09:23:18.404604+00:00
2026:4082720261594276807,p0009,g_2a95cd4b532aa0264a8af7d4,d818ceab98cdbd6ecce6907c931aa359050ceaf95e1726871c06ab16281f9852,d_16c52759f937a3e5e27cee48,Codex — agent-assisted initial review,2026-09-20T09:08:32.301672+00:00
2026:4082720261594276808,p0009,g_2a95cd4b532aa0264a8af7d4,1dc51f48f3f59dcf8b9a63ab40fc1205b9a7b93b4f1de26500be759b1d689305,d_16c52759f937a3e5e27cee48,Codex — agent-assisted initial review,2026-09-20T09:08:32.301672+00:00
2026:4082720261594276809,p0009,g_2a95cd4b532aa0264a8af7d4,61a9a1b97cc0840fd15bdf95181c919ef3030b4e44733bb130ef9ff3254a4d32,d_16c52759f937a3e5e27cee48,Codex — agent-assisted initial review,2026-09-20T09:08:32.301672+00:00
2026:4082820251250637092,p0003,g_1c5f24d997d3544b2b240c75,9308a4ca3b20bd5a3205ba53b8d7b70d3dd92397b583f994690cdab687be94f7,d_8cd7fd0d2b82a1b131bb51ce,Codex — agent-assisted initial review,2026-09-20T09:23:18.404604+00:00
2026:4082820251254591209,p0014,g_3954ea2f4671edb21188d0b7,40d60b32c5939b3cb114996399f99bfe3f002a4d7fe942b228549544f4742fe3,d_142051317ccdf06c7da52d55,Codex — agent-assisted initial review,2026-09-20T09:08:32.301672+00:00
2026:4082820251255074375,p0008,g_572e848a83bee47416567838,b3e7e4bc9e2951e088c90069b41537d3852e7dd447a1a1cc819fa090da5be0d1,d_08bb240a5b2a30383cd86184,Codex — agent-assisted initial review,2026-09-20T09:08:32.301672+00:00
2026:4082820251256021647,p0004,g_2409c2c0451aea07fb1f7dcc,b95e6a324493a8310f8bbadb96b6549e2b2162eb1788cef9beb3cfcb3dcf2f13,d_8a3101e0b61df1643a839edd,Codex — agent-assisted initial review,2026-09-20T09:23:18.404604+00:00
2026:4082820251256265661,p0004,g_2409c2c0451aea07fb1f7dcc,5a5b57a0f79a364836ef3e153417a6c06e278db279ccee0944b8cbf552e8a863,d_8a3101e0b61df1643a839edd,Codex — agent-assisted initial review,2026-09-20T09:23:18.404604+00:00
2026:4082820251256439472,p0009,g_c5c7096a3d5090baf20331c5,366f83134ce472661ae093aaa0092255233352c0671f905384661fba6b8c97ae,d_49376008bd2b6703a0120925,Codex — agent-assisted initial review,2026-09-20T09:08:32.301672+00:00
2026:4082820251256448704,p0009,g_c5c7096a3d5090baf20331c5,405af62080644040deeb552e71d1c5383ceb8c35c0f8790b820846e22217c38a,d_49376008bd2b6703a0120925,Codex — agent-assisted initial review,2026-09-20T09:08:32.301672+00:00
2026:4082820251256813778,p0003,g_1c5f24d997d3544b2b240c75,e2fe3f5bcae3538c967fb7680586e28a4a8188bbdfd25e900989f1ca857d0229,d_8cd7fd0d2b82a1b131bb51ce,Codex — agent-assisted initial review,2026-09-20T09:23:18.404604+00:00
2026:4082820251256822981,p0003,g_1c5f24d997d3544b2b240c75,a7190e6b9564e05bdb5d9df51141fdd674219861c20a92d0055ca1bc79574817,d_8cd7fd0d2b82a1b131bb51ce,Codex — agent-assisted initial review,2026-09-20T09:23:18.404604+00:00
2026:4082820251256836431,p0003,g_1c5f24d997d3544b2b240c75,219f9d2716574e827d1050038c580d732117a9d82fa2e9bfe039cc9787096c91,d_8cd7fd0d2b82a1b131bb51ce,Codex — agent-assisted initial review,2026-09-20T09:23:18.404604+00:00
2026:4082820251256841134,p0003,g_1c5f24d997d3544b2b240c75,854ea4db26923646377ec3ad81a3b7baae722f189a51ed3745b52bd643a7e883,d_8cd7fd0d2b82a1b131bb51ce,Codex — agent-assisted initial review,2026-09-20T09:23:18.404604+00:00
2026:4082820251256841328,p0003,g_1c5f24d997d3544b2b240c75,7b085bafd6bd92e41579ce90dc41f586dd8aa9b8edefc22c9f508d66c632abb0,d_8cd7fd0d2b82a1b131bb51ce,Codex — agent-assisted initial review,2026-09-20T09:23:18.404604+00:00
2026:4082820251256847273,p0003,g_1c5f24d997d3544b2b240c75,bec1b60f1f956d1bdd931aa0fcadbf0e9a03d8074730c1a2cb439e47a4f2580e,d_8cd7fd0d2b82a1b131bb51ce,Codex — agent-assisted initial review,2026-09-20T09:23:18.404604+00:00
2026:4082820251259748237,p0015,g_c4334066bbf82272dfc6163c,5a80eac4708565fea0e566e1fa676dd487d173ab98515aaae72cd7326dfb7194,d_e8ebab7c647d73a17fb1f721,Codex — agent-assisted initial review,2026-09-20T09:23:18.404604+00:00
2026:4082820251259748238,p0015,g_c4334066bbf82272dfc6163c,a7f534a9145cb40927cbb8bde1103abf556438f9d8b6e87b907777805038a368,d_e8ebab7c647d73a17fb1f721,Codex — agent-assisted initial review,2026-09-20T09:23:18.404604+00:00
2026:4082820251259748239,p0015,g_c4334066bbf82272dfc6163c,b665b72207861ed511c6cb113fa63b8e3935f65016ffc0ebc8d0e7a9eb33109b,d_e8ebab7c647d73a17fb1f721,Codex — agent-assisted initial review,2026-09-20T09:23:18.404604+00:00
2026:4082820251259748240,p0015,g_c4334066bbf82272dfc6163c,5645ced2b5d6eb05b997330d1955869cc3b8ffdc1a1131c50a27b5c0d611ddb0,d_e8ebab7c647d73a17fb1f721,Codex — agent-assisted initial review,2026-09-20T09:23:18.404604+00:00
2026:4082820251259748241,p0015,g_c4334066bbf82272dfc6163c,9ef3539ed76c7cb3919d85d7def4af207236da3264207d602cb8d4704df53619,d_e8ebab7c647d73a17fb1f721,Codex — agent-assisted initial review,2026-09-20T09:23:18.404604+00:00
2026:4082820251259749758,p0015,g_c4334066bbf82272dfc6163c,c70a0dae023e0dbaa472d4f3c9134d53841c89e204620cf82e872d565f901144,d_e8ebab7c647d73a17fb1f721,Codex — agent-assisted initial review,2026-09-20T09:23:18.404604+00:00
2026:4082820251259749759,p0015,g_c4334066bbf82272dfc6163c,931acffde18f544c4c07ddce07960f54bfc3ac2114c0c7d646c2991f5278471b,d_e8ebab7c647d73a17fb1f721,Codex — agent-assisted initial review,2026-09-20T09:23:18.404604+00:00
2026:4082820251259749761,p0015,g_c4334066bbf82272dfc6163c,556d5faf9cce93ac5eceed9ba18dfd7775dac32a8fc6ff0873b34c40a10f9d8d,d_e8ebab7c647d73a17fb1f721,Codex — agent-assisted initial review,2026-09-20T09:23:18.404604+00:00
2026:4082820251259749762,p0015,g_c4334066bbf82272dfc6163c,6f559fd1076473b40e4a2f75b5fb16955948cb358a93986c25c295d5755bdebc,d_e8ebab7c647d73a17fb1f721,Codex — agent-assisted initial review,2026-09-20T09:23:18.404604+00:00
2026:4082820251259749763,p0015,g_c4334066bbf82272dfc6163c,2ae17758c5bfe986f68abc9a18fffd95e73b9fb304ec92b356c451ab1d55012b,d_e8ebab7c647d73a17fb1f721,Codex — agent-assisted initial review,2026-09-20T09:23:18.404604+00:00
2026:4082820251261095852,p0011,g_f6a030ca9ac1dfcc2d909762,d4b3745a8c8d18b15907e0bf6a0939d49fd804d96f125542cb6b18fa17a35e11,d_b6c0d653d15c55f48c48e183,Codex — agent-assisted initial review,2026-09-20T09:08:32.301672+00:00
2026:4082820251261111353,p0011,g_f6a030ca9ac1dfcc2d909762,7382041f6ccec6b0719a50ce2cf95ce0c9e687c5b7de9a9b99003e1d7f8f5cbb,d_b6c0d653d15c55f48c48e183,Codex — agent-assisted initial review,2026-09-20T09:08:32.301672+00:00
2026:4082820251263882970,p0004,g_2409c2c0451aea07fb1f7dcc,5d933d7cdca3dfc1b10a453032d09e6ec3c46d45e9e336812cc3a2bead50e6e9,d_8a3101e0b61df1643a839edd,Codex — agent-assisted initial review,2026-09-20T09:23:18.404604+00:00
2026:4082820251268364751,p0014,g_3954ea2f4671edb21188d0b7,03a069fad07ded6e1c0868787cb16d9d0a8407d76016c42c1e2819fe03a815db,d_142051317ccdf06c7da52d55,Codex — agent-assisted initial review,2026-09-20T09:08:32.301672+00:00
2026:4082820251269896226,p0004,g_2409c2c0451aea07fb1f7dcc,24f2f95847382a37255279df1429fac0dd66df4ee23a4d65c36883c88c9e41ac,d_8a3101e0b61df1643a839edd,Codex — agent-assisted initial review,2026-09-20T09:23:18.404604+00:00
2026:4082820251290071147,p0009,g_c5c7096a3d5090baf20331c5,87637ae3ade1478813eea1084111e3f03574eb4df8e026fbce20c6de9e2b24ec,d_49376008bd2b6703a0120925,Codex — agent-assisted initial review,2026-09-20T09:08:32.301672+00:00
2026:4082820261595338050,p0003,g_a3131dbe18a314899e00167c,efe612295d5fb556f42979ddde2cd4132560aac055783f5e4733b8c8687259ba,d_342361d069e648f678ea1779,Codex — agent-assisted initial review,2026-09-20T09:23:18.404604+00:00
2026:4082820261595338051,p0003,g_a3131dbe18a314899e00167c,6e5e96f9c176db2e5c5d104310b5def858c23525aaa2f2028eb7eba440669243,d_342361d069e648f678ea1779,Codex — agent-assisted initial review,2026-09-20T09:23:18.404604+00:00
2026:4082820261595354536,p0003,g_fef83dba3f0fac813dfef778,14b5a5196245c3b251ebca95d101d0f5036cc6098d8d0d2b01da2da0924946ba,d_3db460bc8c59856242e30e0a,Codex — agent-assisted initial review,2026-09-20T09:23:18.404604+00:00
2026:4090120261595547913,p0013,g_a1ff4d481b150465fa1c4cca,58a60b9a986686c8da987f6b5a7e409cf635c06f4b19b0be077e41e5c9026fbf,d_73d1d148a0cef504a7e9bf47,Codex — agent-assisted initial review,2026-09-20T09:23:18.404604+00:00
2026:4090120261595550249,p0009,g_2a95cd4b532aa0264a8af7d4,d5e9b08170788e935996fdbb3a83951eb6006b804aa7feb05071c248bfa6080c,d_16c52759f937a3e5e27cee48,Codex — agent-assisted initial review,2026-09-20T09:08:32.301672+00:00
2026:4090220261595639961,p0012,g_c91d1a001b4349fcc0e5f648,b0ffd9698c32afdfcabe0e31bb4148424ba65c2442216075cddc48bcdd2f8977,d_5f168b328602dcd266235584,Codex — agent-assisted initial review,2026-09-20T09:23:18.404604+00:00
2026:4090320251290262502,p0010,g_9e67cdf65b7a831fac7e0aac,779b592659086acc9529080e4e35afda5b398a80b95059c813498493251e5db1,d_72a589f7dc036b4d0114bf1c,Codex — agent-assisted initial review,2026-09-20T09:08:32.301672+00:00
2026:4090320251290262503,p0010,g_9e67cdf65b7a831fac7e0aac,93d2688dd700547260facccaeb9ef35d6e43d3f58bde249a5bd903d1aa90a79e,d_72a589f7dc036b4d0114bf1c,Codex — agent-assisted initial review,2026-09-20T09:08:32.301672+00:00
2026:4090320251290262504,p0010,g_9e67cdf65b7a831fac7e0aac,f7b3170ae64a6b261f043d4663adefd5570f3848062e7ab53b3b497efadec5db,d_72a589f7dc036b4d0114bf1c,Codex — agent-assisted initial review,2026-09-20T09:08:32.301672+00:00
2026:4090420251290293840,p0015,g_c4334066bbf82272dfc6163c,1fb51753c98499ccc9f7b9e7f04b408145ad0f1c5a3c7696b71b73bab509716a,d_e8ebab7c647d73a17fb1f721,Codex — agent-assisted initial review,2026-09-20T09:23:18.404604+00:00
2026:4090820261595851228,p0002,g_94ef0651466055cb3b0ecea0,30effb9d4f49d91ca6f3985678af653bb81b2067e49db74f86c937dad25f1228,d_d84eba3a1d83bd68335547f7,Codex — agent-assisted initial review,2026-09-20T09:23:18.404604+00:00
2026:4090820261595851229,p0003,g_52e1e93fc57d5216ec7ba3f2,5dbb1f8be6451f5c530b6df09e3dbedbad09fcbcb3c04ff313cea97a4ab4c6a3,d_5c537bd84aa374a59ce553a1,Codex — agent-assisted initial review,2026-09-20T09:23:18.404604+00:00
2026:4090920251290437605,p0009,g_992674f0215dca94cba0c03b,b4e23b427aa656e026733f5136f16c007e41c6228ba9efac19dcd0157bcc3a47,d_ef91c6960e6247756fb96785,Codex — agent-assisted initial review,2026-09-20T09:08:32.301672+00:00
2026:4090920251290437613,p0001,g_70bf55e0cd79f87d8eefe544,3dec466ab0b190fe362ce7f00cd65b30e95a481e4dae4e74273d157480c45619,d_8f963de8baf0f98279d14cf4,Codex — agent-assisted initial review,2026-09-20T09:08:32.301672+00:00
2026:4090920251290437614,p0001,g_70bf55e0cd79f87d8eefe544,57545f05f74f25f94c42f0c39480c865ac8503f9d150486b0a9f5e06c364e2ee,d_8f963de8baf0f98279d14cf4,Codex — agent-assisted initial review,2026-09-20T09:08:32.301672+00:00
2026:4090920251290437615,p0001,g_70bf55e0cd79f87d8eefe544,25673fb309ea72e4e30f7d7de47bd75ecfd259e4bede78cfec76d7e8e495a567,d_8f963de8baf0f98279d14cf4,Codex — agent-assisted initial review,2026-09-20T09:08:32.301672+00:00
2026:4090920261596048899,p0009,g_90136420224d144493f933f4,c08ee0a9cc7beacb70f2044a3ee4215b90b6b8a54436685d9dc749e947a1e3c6,d_898ce2b016710c95b3207449,Codex — agent-assisted initial review,2026-09-20T09:08:32.301672+00:00
2026:4091220251291083986,p0009,g_b9b11d4e7d9f87e47b62ccb8,120602dbc8b35fa49027a7e1e485b561d527d1de478161a7072f8848172409ff,d_ae8831522e0bc69374f16861,Codex — agent-assisted initial review,2026-09-20T09:08:32.301672+00:00
2026:4091820251291356833,p0003,g_c2af968b2a8363049df109ff,c9ba193e78f702b209b4c07038269e78bd9acea5a22e7dfbe616a67b142d3f06,d_7f69a84d18756183ec74f49e,Codex — agent-assisted initial review,2026-09-20T09:23:18.404604+00:00
2026:4091820251291356842,p0002,g_aecb725779bbac15224a6294,3879cc33e046129a0674dbdcd2556b8825f37bf17d6c1c03f7a90f40152f9517,d_d8e14571db8e6a1f8c470670,Codex — agent-assisted initial review,2026-09-20T09:23:18.404604+00:00
2026:4092420251292200530,p0002,g_119a629a34c496f3c749e387,70aacb1f9699f62dfdee98028b3d84fdb3f73fc850bac8190a576ea4983246de,d_5ef16503b6fbc56870d4964b,Codex — agent-assisted initial review,2026-09-20T09:23:18.404604+00:00
2026:4092420251292200573,p0003,g_259acdb847a53c3880850ddd,27926f910f0a95155e834da1c999b5ade4514d23da08e5aee9f3cbf3fb0918bb,d_705a5dcd0cf23b2acefde72a,Codex — agent-assisted initial review,2026-09-20T09:23:18.404604+00:00
2026:4092920251292465825,p0010,g_76fae509704232e6692bdbf7,b0fbf829504bda8c132f09a0b76a1640b9940280f1cd60a4286c9c18dbe5029e,d_43b30861828cde589539923e,Codex — agent-assisted initial review,2026-09-20T09:08:32.301672+00:00
2026:4103020251293133019,p0002,g_d072b18bd5c499ae4f499596,11f2b416b2635264848d9395027516ab196621c135ebabc2806cfff43c1ebcca,d_6287cc71db312cc464c7b07a,Codex — agent-assisted initial review,2026-09-20T09:23:18.404604+00:00
2026:4103020251293133021,p0003,g_869429bc6c3cbb8e966659e8,c9cd705695679bc5394805861000cd2aee5e278b6e60064f1e41c423120a1eee,d_4777f9e33a5161220cc9775a,Codex — agent-assisted initial review,2026-09-20T09:23:18.404604+00:00
2026:4112420251294614282,p0009,g_b9b11d4e7d9f87e47b62ccb8,22d47ae83e59165a2cf1aa39695e36eada47bbbd398efed08c139ed56b9eea3e,d_ae8831522e0bc69374f16861,Codex — agent-assisted initial review,2026-09-20T09:08:32.301672+00:00
2026:4112520251294834057,p0010,g_1b396fd8b3793c83fbb16b49,9f409455fa4f9792d00b90955ebf212fd70600f09387bfde7d75ead8b5b1f0a9,d_28be543fe24ce92707ce5448,Codex — agent-assisted initial review,2026-09-20T09:08:32.301672+00:00
2026:4112520251294834503,p0009,g_9e7d13aecd18a08cd8a0fe3b,69032e4d8102bc67e33e4e5e24d8b9e05df6cd4ffb4e5404f3492dbb7bf16b51,d_0a696dbf9e0b1c43b3d9c77b,Codex — agent-assisted initial review,2026-09-20T09:08:32.301672+00:00
2026:4112620251294876009,p0015,g_4b0af580396fa00856e39070,53248b408da7e6c4201212a0db27cb9eb66363397ad9d95ff46413c5527bac1c,d_8e7a3097c7ae8a2a08e63c43,Codex — agent-assisted initial review,2026-09-20T09:23:18.404604+00:00
2026:4112620251294880560,p0003,g_0ac51ea97f1bac3822777362,1b3de5150966a598f6acbb2f14ef98a51a43485e3fb0e690e38ee56069acdaef,d_6720281632eddbc2df1968e2,Codex — agent-assisted initial review,2026-09-20T09:23:18.404604+00:00
2026:4112620251294966387,p0015,g_5b44f0bc6192dd79f08e7d98,aa08ebb3cdfabc94d42db104ed547471276fcd72f9392dc966db60fe727f951d,d_294d68a29fd5bc1c147f418d,Codex — agent-assisted initial review,2026-09-20T09:23:18.404604+00:00
2026:4120120251295154676,p0010,g_8361ee5866e2b239413c2444,ffaf946cf728f9047893ea4e6a279436ead8c0ae6f9fd696bfb5d1bec2ca4091,d_6fa58e9dcb45925b0038fbf8,Codex — agent-assisted initial review,2026-09-20T09:08:32.301672+00:00
2026:4120120251295189262,p0002,g_119a629a34c496f3c749e387,69a4dcc070b7d45616f1fdb6451e0dd5a1bfd5f9aa67f8d95d6143efedc5ed82,d_5ef16503b6fbc56870d4964b,Codex — agent-assisted initial review,2026-09-20T09:23:18.404604+00:00
2026:4120120251295196628,p0003,g_1179271b7477f3691d77f630,8573609d56195482b60edc5e1065e178307dd6d5d8b3b2e56469f18767e7a539,d_8736cf2d6004c5e39b564d88,Codex — agent-assisted initial review,2026-09-20T09:23:18.404604+00:00
2026:4120220251296451080,p0019,g_4c8f8c5dc079b5d77c926338,831c4a5b01d9a9c712752f0c837296b67894ad511928116a26df298ad1d74c6f,d_e0dc96ec82cd8607e3b05209,Codex — agent-assisted initial review,2026-09-20T09:08:32.301672+00:00
2026:4120220251296459472,p0015,g_1bb3656024913fe0fdf2f353,d4694e63a71fac0e42378f4a7d96b00266b27e481faa27cd5a9b73fb0a684757,d_4df1e166304832487bd7dbf5,Codex — agent-assisted initial review,2026-09-20T09:23:18.404604+00:00
2026:4120320251296638157,p0012,g_e1f8dfaff43317bca0df3b46,9a62563f0b9145a8ea74e131f248269c2b8d7ac85c8eeadcd8b1a49c04d87964,d_0a12ef12357f75d24aaab85f,Codex — agent-assisted initial review,2026-09-20T09:23:18.404604+00:00
2026:4120320251296697170,p0019,g_9dbc0e0a8d61d103ca9ee284,af1317338bbd82c331fa268b5bd2b801160db56cee6fe923761d568ca5a6e674,d_dd27d066ea76c2049fbfc98b,Codex — agent-assisted initial review,2026-09-20T09:08:32.301672+00:00
2026:4120320251296697260,p0002,g_505958d4c7dc8cff5a0b59a4,f7c3d0f15e4f58b269366701ea29cb1ac2e44523bc41636cdbc98c86c0241f86,d_6abd109215ecc30637840c90,Codex — agent-assisted initial review,2026-09-20T09:23:18.404604+00:00
2026:4120320251296697262,p0003,g_c2af968b2a8363049df109ff,3d71bd4c07c9925bc159eeaa718482c893d40c6091be4ffee3e424a70fb67a1d,d_7f69a84d18756183ec74f49e,Codex — agent-assisted initial review,2026-09-20T09:23:18.404604+00:00
2026:4120320251296700714,p0010,g_0999de32d568f142efae098e,42ae3fe2d71453e75f3ba01dbabcd5562b3038be452ffb34e80cf2273fb7383c,d_1bd52b5b9fc880991cb85878,Codex — agent-assisted initial review,2026-09-20T09:08:32.301672+00:00
2026:4120320251296701601,p0002,g_e1e1506a8070ecbec5ea5473,23a30fc88b492922c2355729a37bb8cc9bd910e5aa7a1d31e47bee56fff2f98d,d_5c0bac7b3ae6476b940dde43,Codex — agent-assisted initial review,2026-09-20T09:23:18.404604+00:00
2026:4120320251296701666,p0003,g_1c5f24d997d3544b2b240c75,d90f17f585f9160d21ba05272e6cb28e886140f77efcb3d7728f14a09d152d3e,d_8cd7fd0d2b82a1b131bb51ce,Codex — agent-assisted initial review,2026-09-20T09:23:18.404604+00:00
2026:4120320251296701681,p0011,g_0df3a66ac246735742ca51e4,7ba706cfbc12ccfc286e8e1f740f0f0797e57f0baf6777ea29c776062bfa80df,d_4c7cecebe10583accff676b2,Codex — agent-assisted initial review,2026-09-20T09:08:32.301672+00:00
2026:4120320251296784396,p0002,g_c96d6ee46cd58987410b4de5,4bc7478caff7646e32d92e1c8a39c64d121faadd8d5558a75fafc433c769bd66,d_cb66266cd8b44d09e0046fc2,Codex — agent-assisted initial review,2026-09-20T09:23:18.404604+00:00
2026:4120320251296784398,p0003,g_ff80cbe1d2bd43cc2550af62,d57695064eebb286137f7646520a85c6af04223d1955304f31ce454d418ee9db,d_0e277ee0fdbd18a114458b79,Codex — agent-assisted initial review,2026-09-20T09:23:18.404604+00:00
2026:4120420251296889060,p0002,g_b9f7cc3d0012a850a92d6f8d,d2b8474c80796c481459974fa473b3273ba5bacde825f2b9a25d211b49be0d5b,d_8ab7374768182d0e9f215c4b,Codex — agent-assisted initial review,2026-09-20T09:23:18.404604+00:00
2026:4120420251296889061,p0003,g_5fbe5b8ed39acd26c98b0513,5cb94dc4802dd0cb6d349db97b2e0d1c17d6c383ff70f911811f4c20372e00da,d_a5abc9df6c5ef87386f7840a,Codex — agent-assisted initial review,2026-09-20T09:23:18.404604+00:00
2026:4120420251296889100,p0001,g_ea188b5fd75c578d97a166b1,bc1bd37fd0440f096de62f3051328629a35439db18927956d2335dab6000d5da,d_143460d2cb5c674eecae2241,Codex — agent-assisted initial review,2026-09-20T09:08:32.301672+00:00
2026:4120420251296956348,p0010,g_0999de32d568f142efae098e,2b25e81ac2eeeee270ed8738d8bee7d4d6d1649ec4596d6f4ae160e6561c6000,d_1bd52b5b9fc880991cb85878,Codex — agent-assisted initial review,2026-09-20T09:08:32.301672+00:00
2026:4120420251296956351,p0010,g_0999de32d568f142efae098e,0fa3314afd53be60986f9907dd11c832c8a807d3034bd6c4688729b0b1be1d6d,d_1bd52b5b9fc880991cb85878,Codex — agent-assisted initial review,2026-09-20T09:08:32.301672+00:00
2026:4120920251297543687,p0003,g_cc395c13fa243e133fbe6763,c7b26a8bd0952b23474a278eea2d3939acc29883c51a7873f2f0a55e2207c0a9,d_efecfcbabcfa9feabf79b5bc,Codex — agent-assisted initial review,2026-09-20T09:23:18.404604+00:00
2026:4120920251297544894,p0003,g_cc395c13fa243e133fbe6763,a93b3fa36a5ea8b652ec30b1408eaca6e030a8b41311850ee8ce0698ad6a65bb,d_efecfcbabcfa9feabf79b5bc,Codex — agent-assisted initial review,2026-09-20T09:23:18.404604+00:00
2026:4121020251297741867,p0003,g_89ddf7912125845eab0affa5,d95e4ced2c5507571f561b95044e7ed27cd5d227a77fe36ebbe53a2107a201a6,d_d25c60312327a2f276afb560,Codex — agent-assisted initial review,2026-09-20T09:23:18.404604+00:00
2026:4121020251297741868,p0003,g_89ddf7912125845eab0affa5,233399b7d51668417014bb1d74cbd836294c8b80aceeac8e81ab712c552e3e2e,d_d25c60312327a2f276afb560,Codex — agent-assisted initial review,2026-09-20T09:23:18.404604+00:00
2026:4121020251297765338,p0001,g_70bf55e0cd79f87d8eefe544,1a70c229c71e5e5e86b786c40196d27bc3f7c828dc25c622be0a0a8b639c974b,d_8f963de8baf0f98279d14cf4,Codex — agent-assisted initial review,2026-09-20T09:08:32.301672+00:00
2026:4121020251297767186,p0003,g_2a9960d79120686bbc2872bd,acc4ed975ccca778c506db7b3b23ed3bfd91337659e73fe2517454adce2f6fad,d_49df89a6ac0587007fec9fbc,Codex — agent-assisted initial review,2026-09-20T09:23:18.404604+00:00
2026:4121120251298298011,p0015,g_116ddf476e4e4a16127d40cb,d0420a30aaf7d9d8bf377a0f2450a8d3ebf09ea224ddbd11bac895d20921c04c,d_285236753d0931473f9bd74e,Codex — agent-assisted initial review,2026-09-20T09:23:18.404604+00:00
2026:4121120251298298012,p0015,g_116ddf476e4e4a16127d40cb,28b0a8e8a24c74b0600d9ae75ff48cf0313d87cfc8b6aacf189faae89629a5a6,d_285236753d0931473f9bd74e,Codex — agent-assisted initial review,2026-09-20T09:23:18.404604+00:00
2026:4121620251298873575,p0015,g_83c33192fcad8a183a5337cd,2aaa92e2fe32281d25b1390b0ac0d1737ea2c67343c11da1231c4fe1a60c5c25,d_78db3fc32b075c17512bbc1d,Codex — agent-assisted initial review,2026-09-20T09:23:18.404604+00:00
2026:4121620251298873576,p0015,g_83c33192fcad8a183a5337cd,00c96e668e7c7244fcb6d6470087c85b0ca95e7d2232d3d530ac55db95834920,d_78db3fc32b075c17512bbc1d,Codex — agent-assisted initial review,2026-09-20T09:23:18.404604+00:00
2026:4121620251298874033,p0003,g_63034804eceebc1a1a91e35c,c28078e51593f5b1bb4f89d77f7032e42375ed1794426e40847bd3600a0e9fae,d_72049568809d5889112be34a,Codex — agent-assisted initial review,2026-09-20T09:23:18.404604+00:00
2026:4121620251298905267,p0003,g_2a9960d79120686bbc2872bd,191e87a2f715ac0921c4a6e3c152c69bb6687a08293ca0b81c67a1204c729a46,d_49df89a6ac0587007fec9fbc,Codex — agent-assisted initial review,2026-09-20T09:23:18.404604+00:00
2026:4121620251298905429,p0014,g_90458142716a61f6004ecc36,99bd2e529a441ab248a5d950e357c301ea769e124272fc9a88032d4252b5c977,d_28a16010ff59d606c0017192,Codex — agent-assisted initial review,2026-09-20T09:08:32.301672+00:00
2026:4121720251299015959,p0010,g_4ad04ae8ac2fd657ef0a7296,2d64c436b132b7132284243c3608fdc6bf24fd7530445fa21a68dfb6380e5f78,d_9b1a42e004f66be00fe40fb5,Codex — agent-assisted initial review,2026-09-20T09:08:32.301672+00:00
2026:4121720251299015960,p0010,g_4ad04ae8ac2fd657ef0a7296,87df48e49f95dfaecd4e0f17258f5a18b75d86be1d81033bb755a3d03ce9910a,d_9b1a42e004f66be00fe40fb5,Codex — agent-assisted initial review,2026-09-20T09:08:32.301672+00:00
2026:4121720251299015961,p0010,g_4ad04ae8ac2fd657ef0a7296,127c40917884c8db86cf953e2426e672c569dd18c844ffc68b48d4ad9479ef93,d_9b1a42e004f66be00fe40fb5,Codex — agent-assisted initial review,2026-09-20T09:08:32.301672+00:00
2026:4121820251299084300,p0003,g_63034804eceebc1a1a91e35c,d264acc1a5b6acc29d19bad32771d8f36eb2b22e8cc26d633633156610fc5eb3,d_72049568809d5889112be34a,Codex — agent-assisted initial review,2026-09-20T09:23:18.404604+00:00
2026:4121820251299116453,p0003,g_20024c0048156e25aac1e7ec,2fd2452840009fe02a4029e343b3e7e65aa414e33664b930e2902b8aaf7b48ca,d_a55301bc7586f96eb7efebf8,Codex — agent-assisted initial review,2026-09-20T09:23:18.404604+00:00
2026:4121820251299133848,p0003,g_d87ba8b28e172c31eb410874,df5b3f66f518376c5d36a088203f21fba0cc9289a6faceada87680f5171e5a01,d_8620d6700951a694bc1f4ff6,Codex — agent-assisted initial review,2026-09-20T09:23:18.404604+00:00
2026:4121920251299489481,p0015,g_1164666968ab43d4f3d0f03c,b0a68ed966fa09c0dcc74654a0095343a250c89ddb9cf817906c5dbe850ee1c6,d_acc18cd5d41682f4953e9ae3,Codex — agent-assisted initial review,2026-09-20T09:23:18.404604+00:00
2026:4121920251299489483,p0015,g_1164666968ab43d4f3d0f03c,e69481f1c24400cccb6563511838f5b850682d80d4e382ee14bd258785ecf896,d_acc18cd5d41682f4953e9ae3,Codex — agent-assisted initial review,2026-09-20T09:23:18.404604+00:00
2026:4121920251299513534,p0015,g_ddb0c0692b2b49ff9b8ea8ea,595ae86a64a416d8b32e4c08d77363a9b4b65c3219ee9ec42e2dda39eae25958,d_3bd03bcfaebc176b21882dcf,Codex — agent-assisted initial review,2026-09-20T09:23:18.404604+00:00
2026:4122320251299629214,p0002,g_f873a228c79887c2cdd391a0,15f12cc1e00a244b4be2fa1f796a86937e201e628cee7ca85a35372ff476853d,d_3bfa29b13730c584f44224a3,Codex — agent-assisted initial review,2026-09-20T09:23:18.404604+00:00
2026:4122320251299629215,p0002,g_f873a228c79887c2cdd391a0,b9255ca93c058b412122fb59494806e6a161dd478b158d9df3a598f774fd588e,d_3bfa29b13730c584f44224a3,Codex — agent-assisted initial review,2026-09-20T09:23:18.404604+00:00
2026:4122320251299629305,p0003,g_63034804eceebc1a1a91e35c,df9217ba6bbe183843d99e95171e19bd5841f03f06d738085152a8b7c0f5c77c,d_72049568809d5889112be34a,Codex — agent-assisted initial review,2026-09-20T09:23:18.404604+00:00
2026:4122320251299629306,p0003,g_63034804eceebc1a1a91e35c,af19079105da135b02ef9fa9605f8daaf42d756cf66d20b0afd8da551c54f7ca,d_72049568809d5889112be34a,Codex — agent-assisted initial review,2026-09-20T09:23:18.404604+00:00
