record_id,person_id,case_id,row_sha256,review_id,score,evidence_sha256
2024:2021420251177270001,p0009,c_8f2f2e4d6166bcb97055,3b3a643cb3603eb4c6d3f923d851785582012629e8e04f605d32bac08cc496a0,r_dab5970845ebb9ffcf35,7,92a7817e910150527e10a2ba8d7f2854802c052b57042f49ffac79e11878743c
2024:4010320251125715893,p0002,c_43263d10d8d42de66ef1,8e5c7f6f91692f19d427bdc5c3c9c32f4e74d2f6caf296370613882218c1b500,r_153f6f4b0d25713d8371,11,e78dcd2ea9088c453f153dac7ceaa97df3ea12520b49aac6b5e652420267f0bb
2024:4010320251125715895,p0003,c_dcb61ff9a92a3152957c,421be792760de8f37fd2b5877dba7e97ed4520fd927f34b1332fa65e1bb57ea7,r_e539c4db14c890028fc2,9,4acb74a94e107976dd432d93e00ce54a9dc041ddc3de81dbcf9284d201005511
2024:4010320251125717039,p0009,c_b9c6825d43fd2209aee5,69e465687f42625d736ca50d0ae24585cbba4c15df3cb67bfb61fad0dee4c8a8,r_dab5970845ebb9ffcf35,11,2f2727cdaad6c09f75103af92a1fbd8fabec12c1839c6a7bb33048d7f54c8e9f
2024:4010320251125729669,p0009,c_b9c6825d43fd2209aee5,cccd6a62276752309280ac6f1e7ca87b3f6d2e349ec312a24c05933611a4c29c,r_dab5970845ebb9ffcf35,11,2f2727cdaad6c09f75103af92a1fbd8fabec12c1839c6a7bb33048d7f54c8e9f
2024:4010520241814879404,p0004,c_35cf7c0cfc9ebac675be,6bb366a5189c71d7f89de00c45bdf16327439cf37ea257a0981493f36284319a,r_948475ee1ff681d1e65b,11,728e35bfe52b35f1db38d48812bf15ec167f779373439b3be7b3df78abbfb223
2024:4010520241814884030,p0004,c_35cf7c0cfc9ebac675be,c64bf549cdedd6e74c102e004fc0617e72a90feb188aa6bd86c5c099c57875bd,r_948475ee1ff681d1e65b,11,728e35bfe52b35f1db38d48812bf15ec167f779373439b3be7b3df78abbfb223
2024:4010620251126158405,p0020,c_ff6993ba2f374406ac24,1b332f1066cacefc58526b1ed513bf9fa090c36cfb4697551582eebbd0df95bf,r_e1bc9fb32f1f0e4aaac5,7,db60179b015bf6296ba5f0e627bba435743a932a8d1521afa568986e50abee3d
2024:4010620251126924644,p0002,c_28276834972bc20b7eea,e9ee1868c178682827e2792191d264031f10117a9c8c28d81e412944208aa202,r_153f6f4b0d25713d8371,11,90b9b2680efc5d8f943ab540286e8b0a4d0ab891f9e6ec8485eba968aa455310
2024:4010620251126926590,p0003,c_dcb61ff9a92a3152957c,04ce966755a9a3de151b9547db6ff1c3b56f60a5572bbfe04489ea8b6363bdac,r_e539c4db14c890028fc2,9,4acb74a94e107976dd432d93e00ce54a9dc041ddc3de81dbcf9284d201005511
2024:4010720251127149488,p0004,c_c99e4c1e04a65f2743c2,718ef4389575095f31141574744472b4c56f5d7eab57a5ba7ac36c7e53b6a12c,r_948475ee1ff681d1e65b,11,fa78e4ce8a403cc42a8258d033736cebf7575cd2d5196a97f8b946453fd73714
2024:4010720251127149489,p0004,c_c99e4c1e04a65f2743c2,a55c539d0f0168abaab74813d5622fad2aad4c7930e66150d5a8b5b766161275,r_948475ee1ff681d1e65b,11,fa78e4ce8a403cc42a8258d033736cebf7575cd2d5196a97f8b946453fd73714
2024:4010720251127211298,p0004,c_c99e4c1e04a65f2743c2,643ff2bdcd457c39fe9cae17d93fcb74d1d9e8b1ed18da9f7b8eb0347cd70345,r_948475ee1ff681d1e65b,11,fa78e4ce8a403cc42a8258d033736cebf7575cd2d5196a97f8b946453fd73714
2024:4010720251127211299,p0004,c_c99e4c1e04a65f2743c2,6d98f05d1e1de8cbaf12ca0cf22c40c97feaff10e6754f2f2efd2a071efa6b81,r_948475ee1ff681d1e65b,11,fa78e4ce8a403cc42a8258d033736cebf7575cd2d5196a97f8b946453fd73714
2024:4010720251127217130,p0010,c_3fdba6477347f59d07e7,0f4a7f2572beec8d8a7444c068453089169a605f592c1a5f545bf71a698dd4ce,r_36381ff366645780c532,11,aae33bc963a30bd1536b10834ed6f80806e8990021acd020d7bae0c104ed85ec
2024:4010720251127273790,p0003,c_5c674a62aa12b11745d8,3e7118d535bc679a293614e5f692f019dae0d02c03d9978cff1512610e02372a,r_e539c4db14c890028fc2,9,4ca381839bd88f09b6497e6b28b0e9fd49dab0305cc331b586fdd5be9c32099b
2024:4010720251127273982,p0002,c_43263d10d8d42de66ef1,301128082503ac148bfebd52274cd439d5ba6196e6a2976060d219040507fc01,r_153f6f4b0d25713d8371,11,e78dcd2ea9088c453f153dac7ceaa97df3ea12520b49aac6b5e652420267f0bb
2024:4010720251127424837,p0015,c_57d8e01958a38820d7b3,37ec944f3e3c8a86a444f6927f3bbcd25353789fd10d597370512d69480b9e5d,r_f7a1a92ebd7a39e06876,9,e1eeb1a02cf0c5e8880dcde66101d22100d9d3cc549caee3ae648fbe1c2a9692
2024:4010720251127424885,p0004,c_c99e4c1e04a65f2743c2,5071ca558d41faa3312f2fcd48906144f9774bea463858a21f46f465ed587f18,r_948475ee1ff681d1e65b,11,fa78e4ce8a403cc42a8258d033736cebf7575cd2d5196a97f8b946453fd73714
2024:4010720261300203952,p0015,c_dd05fcb5866322438262,dc51ee98fcba7cbb58554aeec5969f3c8f3be06e08491a457016f6835e134618,r_f7a1a92ebd7a39e06876,9,7c69c8ee5b184648674e1743a4d66931e8d0beb2c3d7b3bd790f1ab8a76ae1cc
2024:4010820251127665743,p0003,c_dcb61ff9a92a3152957c,515ed407f9d0b78a40c5df9a656ed0a72b445b978098529425cd2272fa021289,r_e539c4db14c890028fc2,9,4acb74a94e107976dd432d93e00ce54a9dc041ddc3de81dbcf9284d201005511
2024:4010820251127665758,p0002,c_831bbde25538066fc81b,d0c3a0652b8a6259f8decf580e86428cf97f07848b9da3b570aa9c9b8406b902,r_153f6f4b0d25713d8371,9,13feef29048a72d697f0b27cecfcacbc48c25c8c0592b116be7d5f781ff285dd
2024:4011020251127843355,p0004,c_c99e4c1e04a65f2743c2,350051595fc2afd7ad00b7a4041367895a68c014fc9c5382e48a6cc57f6cc524,r_948475ee1ff681d1e65b,11,fa78e4ce8a403cc42a8258d033736cebf7575cd2d5196a97f8b946453fd73714
2024:4011120251127998844,p0004,c_c99e4c1e04a65f2743c2,cdf962b440375ef70cfc3a98207e8e04bd9eda8da6b29cfa7eba324944d01487,r_948475ee1ff681d1e65b,11,fa78e4ce8a403cc42a8258d033736cebf7575cd2d5196a97f8b946453fd73714
2024:4011120251128081595,p0014,c_1822128dbb0e70f13b7d,7df990a55eb97ab58cb80fe7a368425507958fa6d29bdd65e964feb848a2fe16,r_380f28d77df7a5db30a0,11,3730ea3adfe22f4ebbb2880a519ad669705118c89e210f07f7a9c1662d83b5e7
2024:4011120251128082213,p0015,c_140f009e028a29449a1e,d3e8a2bf08c68fdeff75a72d056ca2d9cef4c2bb1fcfad72ea7d7f884a3de39a,r_f7a1a92ebd7a39e06876,5,33c32739a7c221d65956399988a013b86881c5776e3714ff55816581a14a38a7
2024:4011320251128198473,p0004,c_c99e4c1e04a65f2743c2,dddd07a552440ebda66d9af6bde5b167bcc04b2d0a7a94512752b1d30eef2c8d,r_948475ee1ff681d1e65b,11,fa78e4ce8a403cc42a8258d033736cebf7575cd2d5196a97f8b946453fd73714
2024:4011320251129677235,p0015,c_5e8d3553242db6442190,cf9f1e54347440f385c1be3dc631b2f6741dd8491aaaa68ff3a78d85d3474cc4,r_f7a1a92ebd7a39e06876,4,b947cf617c77d800732835bc48e49dea664596749e14e28911a4801145235387
2024:4011320251129780938,p0002,c_43263d10d8d42de66ef1,563079a17401736bda8dc92e72c5ed5dd0d02cc1ddfdb32064c1cf227ca1d513,r_153f6f4b0d25713d8371,11,e78dcd2ea9088c453f153dac7ceaa97df3ea12520b49aac6b5e652420267f0bb
2024:4011320251129780939,p0003,c_5c674a62aa12b11745d8,a208b8b5f9c2090512f1b2a35d5362a2c95e913fe0d3857c702949fdcd51d48e,r_e539c4db14c890028fc2,9,4ca381839bd88f09b6497e6b28b0e9fd49dab0305cc331b586fdd5be9c32099b
2024:4011420251130074285,p0010,c_433597abc27c16d5e313,0771851b21589a9146a14e5f68ed2a7a2f1471390abf694685459d73912267bc,r_36381ff366645780c532,11,b26bdd1cce1031dd2c4f3810d9406c3fb9da4a10fd115591a3ab3bffd587c5a9
2024:4011520251130261241,p0003,c_dcb61ff9a92a3152957c,2cf15480179616cb9e9fca3d2aef7c2717fa311dedc487ae6496b21cba85fbc4,r_e539c4db14c890028fc2,9,4acb74a94e107976dd432d93e00ce54a9dc041ddc3de81dbcf9284d201005511
2024:4011520251130261331,p0002,c_43263d10d8d42de66ef1,a6edf8f693dab289146d73b23bfdf3ec2a2c7ab45ad560acbf8562b6d9ec7bc4,r_153f6f4b0d25713d8371,11,e78dcd2ea9088c453f153dac7ceaa97df3ea12520b49aac6b5e652420267f0bb
2024:4011520251130599088,p0017,c_6c350772278ad424d0b2,66da5535b17ae7d0bceb06d45bfaa4041b3629490c2d59bd5bcd92ae1163bfba,r_ae41956a00997222c064,4,13ec3724bc5352ac0a274afa5012b10e0e84a034431cc97118422d95c71db91a
2024:4011520251130766650,p0012,c_4d2b759b329bb58cbcfa,ac1c8a020dc67717c7f300dd678812614f6070973ab21239fce698aa7e6f1c56,r_75b5cf0824e38d63503f,9,13b6ed919d9e0620186271caf124d06fdef6c7b124d695ab1d76aaf312d87425
2024:4011620241815512992,p0009,c_b9c6825d43fd2209aee5,8e50087786f650b88d1c1534f276a7c50d259e0b4d0ec4b3bd34335e9f78f8db,r_dab5970845ebb9ffcf35,11,2f2727cdaad6c09f75103af92a1fbd8fabec12c1839c6a7bb33048d7f54c8e9f
2024:4011620241815551737,p0017,c_7d161046ac9781475228,a5ea91fbd190970c4b28441acc621f0cb9c8f5092a7f29d055792219b39ce2bf,r_ae41956a00997222c064,10,838fb7f80c64209f783d607b38f606c711239002822a1aca7c4be1d22568f75f
2024:4011620241815553765,p0017,c_7d161046ac9781475228,583f7f8b9852c6687e29a29840fa6a68d589e8ac0bbd8b3da516edd65ecaf3e6,r_ae41956a00997222c064,10,838fb7f80c64209f783d607b38f606c711239002822a1aca7c4be1d22568f75f
2024:4011620251132157567,p0013,c_7f6679e9b620822a4285,fe2b00e2f2c70aaab42ed38f7b1c730b55416b54da3e19df63cac3c0fe2967e3,r_2e07349418abdd1528c5,4,5972bbd9c4a10915f75a0ad9f99499c7f4dfded7f8938648af6415cfe7699ce8
2024:4011620251132180611,p0004,c_1189dd78c15d1d5856ad,d39a7dbcf7bae2bf0ec59b9a0c0c5f8eb7648704a35379d8780540a00b2b0e70,r_948475ee1ff681d1e65b,6,a31630114ca07569041f790e9331bca27289dfb3bc27d95c56fc523e85c06cb8
2024:4011620251132311336,p0008,c_fa36c342df32d6568701,9513a920fb1ae12fb5cfb94f3acf80213da955431aab73811fcbe5d1f270a6b1,r_ea71451d245b6218d4f0,6,9e95ed21d5a9d7cb896552848b527eede85c4d099c0926d0ff82b27f7973783c
2024:4011620251132340137,p0012,c_6f9ce1910d5bc217008c,3c312dbbc7aa11ec7f52068bffe23ddd6ed3c0f5cb2e2bb8fac760ef2680141f,r_75b5cf0824e38d63503f,9,a399e7a0f105264dad48216f375d4983a628857fd57a06e158cb5ad2188be28f
2024:4011620251132342892,p0001,c_3b4e2a05f2eee8ee1cdc,ca4b44073938862b123bfe5c5bc86f9037a90d89920aa7b9d9d56b730ef2c647,r_e75b91aaab70b14a204d,13,407c04763aab0fc3f8b35f9f14c99549bb8fd845574b08cdd3d7fefa486133b5
2024:4011620251132342893,p0001,c_3b4e2a05f2eee8ee1cdc,e5975bb92790acc73c0c7a778da6635f9975ce6e075cfd3188c5c5a5b05a1ff3,r_e75b91aaab70b14a204d,13,407c04763aab0fc3f8b35f9f14c99549bb8fd845574b08cdd3d7fefa486133b5
2024:4011620251132342894,p0001,c_3b4e2a05f2eee8ee1cdc,5ea6857b870fe55d94b6a8fd3ff73b7eee780bd41dc0686839ee8dd4f92c7beb,r_e75b91aaab70b14a204d,13,407c04763aab0fc3f8b35f9f14c99549bb8fd845574b08cdd3d7fefa486133b5
2024:4011620251132342895,p0001,c_3b4e2a05f2eee8ee1cdc,f2fa4eb2375b4d39a821263171b86b54cd0c714f2d1669954e64725458a9c20d,r_e75b91aaab70b14a204d,13,407c04763aab0fc3f8b35f9f14c99549bb8fd845574b08cdd3d7fefa486133b5
2024:4011620251132342896,p0001,c_3b4e2a05f2eee8ee1cdc,ca8b4f0e3b69a052345f486931be34c93e7e0f56fcce86fc758708d379d701ea,r_e75b91aaab70b14a204d,13,407c04763aab0fc3f8b35f9f14c99549bb8fd845574b08cdd3d7fefa486133b5
2024:4011620251132342898,p0001,c_3b4e2a05f2eee8ee1cdc,cba8b75a5830152a4e2a1ebb52347bd2c77348ceb4cb8bcb0380492c698434d7,r_e75b91aaab70b14a204d,13,407c04763aab0fc3f8b35f9f14c99549bb8fd845574b08cdd3d7fefa486133b5
2024:4011620251132342902,p0001,c_3b4e2a05f2eee8ee1cdc,176037581f67a521d6c172be40d73578baccb3e2226dde8a3f34d8b1ae5497d5,r_e75b91aaab70b14a204d,13,407c04763aab0fc3f8b35f9f14c99549bb8fd845574b08cdd3d7fefa486133b5
2024:4011620251132342904,p0001,c_3b4e2a05f2eee8ee1cdc,2f267adb903a69cfe6a6aa7c255b74bed3f5898e9cc031074ea703a2334f6b2a,r_e75b91aaab70b14a204d,13,407c04763aab0fc3f8b35f9f14c99549bb8fd845574b08cdd3d7fefa486133b5
2024:4011620251132342906,p0001,c_3b4e2a05f2eee8ee1cdc,9edf908ed13ec1067d44662c030117c7441b0b4c34e92fe901cf95d00d90400d,r_e75b91aaab70b14a204d,13,407c04763aab0fc3f8b35f9f14c99549bb8fd845574b08cdd3d7fefa486133b5
2024:4011620251132342908,p0001,c_3b4e2a05f2eee8ee1cdc,8e119104963f5b7bbdda4ef458928dc7bde401ece47fbcbaae582fb7abd747a4,r_e75b91aaab70b14a204d,13,407c04763aab0fc3f8b35f9f14c99549bb8fd845574b08cdd3d7fefa486133b5
2024:4011620251132342910,p0001,c_3b4e2a05f2eee8ee1cdc,e151aabef060efb72eae986a5c692ece3f935208795c1f2ff085d02612b93167,r_e75b91aaab70b14a204d,13,407c04763aab0fc3f8b35f9f14c99549bb8fd845574b08cdd3d7fefa486133b5
2024:4011620251132356568,p0002,c_43263d10d8d42de66ef1,deb63e4dd98b93084f469d3653e7eb093c13e3cbe8ed916c5ecba403bfb45e83,r_153f6f4b0d25713d8371,11,e78dcd2ea9088c453f153dac7ceaa97df3ea12520b49aac6b5e652420267f0bb
2024:4011620251132356569,p0003,c_5c674a62aa12b11745d8,a3e27a842f319f363114f21f00b0813fd2adcfb1e054420d2b2f19d99201a9f7,r_e539c4db14c890028fc2,9,4ca381839bd88f09b6497e6b28b0e9fd49dab0305cc331b586fdd5be9c32099b
2024:4011620251132364570,p0001,c_06d7de6186fc2f081a9e,9c5c713ee37aee35c53796cb75b69af7e4aaff4a7b6e6ef4fc3a55abe7eb6ca0,r_e75b91aaab70b14a204d,12,51b1ec5ce0de33bf10edbda1c0ca96c6da444c10248a31c9a9beaae5c6871eb5
2024:4011620251132365648,p0001,c_cafb76dee8b810a50972,0cdb441695d6a85990d30c08dfa6281d4a3a0ecf06853f48721b6c454a4a0e8c,r_e75b91aaab70b14a204d,9,1c7b1e14f0b920ad05e5393c82019ca6ab5ba9f3f58ca30a5f901eb6fd03241c
2024:4011620251132367923,p0012,c_6f9ce1910d5bc217008c,c8e813297b6174c3a4a7fe67372fd8f3bf4f3590c43721b223270ff3c0988105,r_75b5cf0824e38d63503f,9,a399e7a0f105264dad48216f375d4983a628857fd57a06e158cb5ad2188be28f
2024:4011620251132373432,p0003,c_5c674a62aa12b11745d8,9d352e48b5137b6cbf6fe81667cbad05ea8b7a82a6993bd57aff0b950b3e13a0,r_e539c4db14c890028fc2,9,4ca381839bd88f09b6497e6b28b0e9fd49dab0305cc331b586fdd5be9c32099b
2024:4011620251132376021,p0004,c_c99e4c1e04a65f2743c2,df16135cfb9cd31c3bb831fb7ff193ea9528f6fc3a86e23db9c602167b680d19,r_948475ee1ff681d1e65b,11,fa78e4ce8a403cc42a8258d033736cebf7575cd2d5196a97f8b946453fd73714
2024:4011620251132376023,p0004,c_c99e4c1e04a65f2743c2,10f49cc06c80b7205dc9aec2407d7cae636fc2b68abc8afa4fbc58e5ae5a9398,r_948475ee1ff681d1e65b,11,fa78e4ce8a403cc42a8258d033736cebf7575cd2d5196a97f8b946453fd73714
2024:4011620251132376024,p0004,c_c99e4c1e04a65f2743c2,72f5c179e4a634ca3e12f6a35859f587cf3eb1457456f2d0c8c825338add5de4,r_948475ee1ff681d1e65b,11,fa78e4ce8a403cc42a8258d033736cebf7575cd2d5196a97f8b946453fd73714
2024:4011620251132377284,p0003,c_5c674a62aa12b11745d8,6a7ca4962322c82b383a91b3b5d9ddaae857d9f8ce38df948eaa5b3dcd418219,r_e539c4db14c890028fc2,9,4ca381839bd88f09b6497e6b28b0e9fd49dab0305cc331b586fdd5be9c32099b
2024:4011720241815683823,p0002,c_43263d10d8d42de66ef1,c3fb1d451f6a0bcbecc63204deeb793cd89fb00783e2db1d705236fec611b937,r_153f6f4b0d25713d8371,11,e78dcd2ea9088c453f153dac7ceaa97df3ea12520b49aac6b5e652420267f0bb
2024:4011720241815683826,p0003,c_5c674a62aa12b11745d8,2a603d82a454119e7cf3c049fd81ff41d5791b7a68b1a35c465e1b2cbf349377,r_e539c4db14c890028fc2,9,4ca381839bd88f09b6497e6b28b0e9fd49dab0305cc331b586fdd5be9c32099b
2024:4011720251132615724,p0002,c_43263d10d8d42de66ef1,f7197585da0978d5b8dfa975ddf652c85bebbb7d078e364c3fd379eccdec4557,r_153f6f4b0d25713d8371,11,e78dcd2ea9088c453f153dac7ceaa97df3ea12520b49aac6b5e652420267f0bb
2024:4011720251132615736,p0003,c_5c674a62aa12b11745d8,f998a7feee9dd5dc41063ba38e575aaec63917d29724cca808a809ab14a921d8,r_e539c4db14c890028fc2,9,4ca381839bd88f09b6497e6b28b0e9fd49dab0305cc331b586fdd5be9c32099b
2024:4011720251132804616,p0008,c_fa36c342df32d6568701,ec3544a7a33df39a0158bce6602cfc3f1b993eb02df0aa838d332c7422b9831d,r_ea71451d245b6218d4f0,6,9e95ed21d5a9d7cb896552848b527eede85c4d099c0926d0ff82b27f7973783c
2024:4011720251132811788,p0004,c_c99e4c1e04a65f2743c2,41c4c2cd99108f2b6739a659437460e87f13e6e2b6d0090a8be814fabfc4619f,r_948475ee1ff681d1e65b,11,fa78e4ce8a403cc42a8258d033736cebf7575cd2d5196a97f8b946453fd73714
2024:4011720251132836861,p0012,c_6f9ce1910d5bc217008c,632fa8b40e8906152a52214251e62b4bd19e11478be97e1e00e59de2d86e1abe,r_75b5cf0824e38d63503f,9,a399e7a0f105264dad48216f375d4983a628857fd57a06e158cb5ad2188be28f
2024:4011720251132842389,p0012,c_127816033aeca7a4cf79,7c1d2706938a55d46fc3c34ec78aea39b54d8e0b3d0b3e596375b52745c7098c,r_75b5cf0824e38d63503f,4,753fb78ca36419228c58f6febcc585b3ca23151af6c178bbda69e3100412f949
2024:4011720251132842391,p0012,c_127816033aeca7a4cf79,be4d54ad4591c944fe937ce1661b08a89a98ac581de04536d15362abeb732f7d,r_75b5cf0824e38d63503f,4,753fb78ca36419228c58f6febcc585b3ca23151af6c178bbda69e3100412f949
2024:4011720251132926804,p0004,c_1189dd78c15d1d5856ad,0e4d4c3b25d7b035e95041e16bfa0598337bed3b8b96e0d0460e4b96744d4cda,r_948475ee1ff681d1e65b,6,a31630114ca07569041f790e9331bca27289dfb3bc27d95c56fc523e85c06cb8
2024:4011920241815787120,p0020,c_7757f5fda2834ae1897f,9376a034a598e694f569539e6bcea1c2bb6ce0619d5795296ac5065a2491191f,r_e1bc9fb32f1f0e4aaac5,11,fe0afd867c7dbfa0b8054d2a398726d690eeb40d56acfd55844790d591540455
2024:4011920241815790961,p0017,c_1f6b411c141ee055c02b,e741eae859646186bec83f39406ad6e3f16c621d3265c00484800100b45eec14,r_ae41956a00997222c064,9,8b800fe4282eef468603efa8c22ab0ff8f0714f54a544eef60593bf5539692f0
2024:4012120251133039642,p0012,c_4d2b759b329bb58cbcfa,e7f8112803af8b91b55fc4369a8cea4b6f1f20bf155e4f66ec0dba4f358dbc10,r_75b5cf0824e38d63503f,9,13b6ed919d9e0620186271caf124d06fdef6c7b124d695ab1d76aaf312d87425
2024:4012220241815940600,p0004,c_c99e4c1e04a65f2743c2,bbc11f78ad5968301ea49a8ed0b4a6ced3ef57c57ec56f693174ec7daf1952f4,r_948475ee1ff681d1e65b,11,fa78e4ce8a403cc42a8258d033736cebf7575cd2d5196a97f8b946453fd73714
2024:4012220241815964456,p0015,c_dd05fcb5866322438262,bcf92f8099c12649fc12b09658fb481e50fa0f493800d9f3eb02a31d7bb703bb,r_f7a1a92ebd7a39e06876,9,7c69c8ee5b184648674e1743a4d66931e8d0beb2c3d7b3bd790f1ab8a76ae1cc
2024:4012220241815964457,p0015,c_dd05fcb5866322438262,9c732d20a4efca897df1e798091da7f17cfa9c1f1f03f2c79531b447a4e28d1d,r_f7a1a92ebd7a39e06876,9,7c69c8ee5b184648674e1743a4d66931e8d0beb2c3d7b3bd790f1ab8a76ae1cc
2024:4012220241815964458,p0015,c_dd05fcb5866322438262,9164191bf4462b1435d5628c1fb158f846f9af9dcaf1ceae7048dbab57460cda,r_f7a1a92ebd7a39e06876,9,7c69c8ee5b184648674e1743a4d66931e8d0beb2c3d7b3bd790f1ab8a76ae1cc
2024:4012220251133165226,p0015,c_57d8e01958a38820d7b3,273181b1c409f745a2cc708e748e0be06d02d143f9badc672a66dd88bab7d029,r_f7a1a92ebd7a39e06876,9,e1eeb1a02cf0c5e8880dcde66101d22100d9d3cc549caee3ae648fbe1c2a9692
2024:4012220251133179420,p0014,c_1822128dbb0e70f13b7d,a60a1a8effa35692aa7005f1bf38bc8db0fde33299036e9981c3ee739c0b4ad5,r_380f28d77df7a5db30a0,11,3730ea3adfe22f4ebbb2880a519ad669705118c89e210f07f7a9c1662d83b5e7
2024:4012220251133561893,p0015,c_dd05fcb5866322438262,ac7ea0ff0073859874cc5c1b8955a2ca5b1fc40562a1c92ca79f4799a55fad9c,r_f7a1a92ebd7a39e06876,9,7c69c8ee5b184648674e1743a4d66931e8d0beb2c3d7b3bd790f1ab8a76ae1cc
2024:4012220251133565390,p0012,c_6f9ce1910d5bc217008c,6cc05d42e0773e4cbd7089ebca4e4c7897200581da0de52f8e8e577b05f63279,r_75b5cf0824e38d63503f,9,a399e7a0f105264dad48216f375d4983a628857fd57a06e158cb5ad2188be28f
2024:4012320241816190471,p0004,c_c0e269b9ba20b2de8232,2aa26166aa00f0bb76a6cc040ceeff90f51878434083f96835b66dca379ffb45,r_948475ee1ff681d1e65b,11,27b1911f83e7f6152a20a0041e51011afb2e9ad1cb885be26543906ee642aaaf
2024:4012320251133647914,p0012,c_6f9ce1910d5bc217008c,5d1d376c2ab0fbfc79cc0637081c190edb2559641c79bb88f0b76cd0c39b6931,r_75b5cf0824e38d63503f,9,a399e7a0f105264dad48216f375d4983a628857fd57a06e158cb5ad2188be28f
2024:4012320251133650425,p0008,c_fa36c342df32d6568701,cae2b682a0d99392e24434757a9f61fcf0390ae88803ec40ef899fb431024283,r_ea71451d245b6218d4f0,6,9e95ed21d5a9d7cb896552848b527eede85c4d099c0926d0ff82b27f7973783c
2024:4012320251133839282,p0013,c_8a1a5855130904f79704,363ea9d5a5b55046c6e88e77b8d1594ba94dc9740569b80c8c2e6be9129562fa,r_2e07349418abdd1528c5,5,449a1e87a9396841a143ae967583c35980120855d99a43f31b774666b5bf82f6
2024:4012320251133839283,p0013,c_8a1a5855130904f79704,c7bbf26f1fe0562253007a3d7564033f2994c991edd1072a4ff8fcfbaca3bcb4,r_2e07349418abdd1528c5,5,449a1e87a9396841a143ae967583c35980120855d99a43f31b774666b5bf82f6
2024:4012320251133840830,p0010,c_7642356f0441cf4f03fe,ee4ad4d6bf290248e95abf2c399f811bdd540835d42bcd36cb3ab1c9fa5001b5,r_36381ff366645780c532,7,e6ad02d46994fc8a1bb4b1315c820a1f9b51611314b5acf1a06faf9806e15c27
2024:4012320251133929658,p0012,c_6f9ce1910d5bc217008c,e5072f3efdf3c4eaed8e2277e4babb658d804ad3719c51080f2aafe14a962a72,r_75b5cf0824e38d63503f,9,a399e7a0f105264dad48216f375d4983a628857fd57a06e158cb5ad2188be28f
2024:4012320251133994094,p0003,c_dcb61ff9a92a3152957c,be14b54e78c116b73f369b1ea05174a5f758f4a113e621786d1ac73284faad09,r_e539c4db14c890028fc2,9,4acb74a94e107976dd432d93e00ce54a9dc041ddc3de81dbcf9284d201005511
2024:4012320251133998023,p0012,c_6f9ce1910d5bc217008c,930e017126d47fba9b5edcbc0a3cadbc468a15928aed8b2fca42116562d3e52e,r_75b5cf0824e38d63503f,9,a399e7a0f105264dad48216f375d4983a628857fd57a06e158cb5ad2188be28f
2024:4012320251134010982,p0012,c_f02802a7481051de09c3,02034f5bff496965bd0c95db52f6f52b6520208cdae2d2ee8b4c2b1c85e7d726,r_75b5cf0824e38d63503f,4,02df7d9432d4bb06d20584956f8a0e01673e7bac7f3d3bf0855ff5d5081d8bbf
2024:4012320251134485465,p0012,c_6f9ce1910d5bc217008c,49ae1cd989ae0b2ca3ce643cf30a494fcad06cd5b1cad6207d6902298bd6b00f,r_75b5cf0824e38d63503f,9,a399e7a0f105264dad48216f375d4983a628857fd57a06e158cb5ad2188be28f
2024:4012320251134644200,p0002,c_a32d871e97d26f12c9c1,78f09cc7fa0de7575840a3ff42e5074cbde47608bde80931be6e5b9801a98eb6,r_153f6f4b0d25713d8371,6,7973fe3f34cfbc888bd011bb9fa849a693422aa8150e803b533dd0b7edcb51d8
2024:4012320251134644974,p0012,c_6f9ce1910d5bc217008c,18ccbbb89ec9e65ee8f80bc44f467cfd9b02cd26d8e458ca298f033e99ac5e51,r_75b5cf0824e38d63503f,9,a399e7a0f105264dad48216f375d4983a628857fd57a06e158cb5ad2188be28f
2024:4012320251134710481,p0004,c_1189dd78c15d1d5856ad,07e3689a0a5bb723bd7827dc73570ab4186283ced4c27ec3ef2b144ceddc2f6c,r_948475ee1ff681d1e65b,6,a31630114ca07569041f790e9331bca27289dfb3bc27d95c56fc523e85c06cb8
2024:4012320251134712967,p0013,c_7f6679e9b620822a4285,bed855ded38ec52d5ece67547eae3a9acfb443141ecf027269f954ae5cda1391,r_2e07349418abdd1528c5,4,5972bbd9c4a10915f75a0ad9f99499c7f4dfded7f8938648af6415cfe7699ce8
2024:4012420241816227011,p0004,c_c5b7995bf680414a0436,720a8ae592cc9b8654c3886fb34dbb6373a4240960e540fe1857f34b53ba6082,r_948475ee1ff681d1e65b,11,c34d288aa28210b6c2263fe274a7cab983f2c5feedd5885c5e03a71af74627dd
2024:4012420241816233261,p0017,c_59658bec31da6b349e58,5a60e40ea92d8eb7fb4d2a7080b9c1a531b63aabd2c29f239cb98990d8fdbb2f,r_ae41956a00997222c064,10,8b2ebcc815f2f1cb69c814a2b99b6533bcbf7ba8cc1e424108fc4ae0026e7d5f
2024:4012420251135045696,p0020,c_ff6993ba2f374406ac24,e1431b182ecf3f39069b44b3435fccd80c8fb256238c03c69a4f0ec1b0ec46dd,r_e1bc9fb32f1f0e4aaac5,7,db60179b015bf6296ba5f0e627bba435743a932a8d1521afa568986e50abee3d
2024:4012420251135045724,p0012,c_6f9ce1910d5bc217008c,9166b7ed2b371b063f496e613d1b1db0920d5b2c1198a58c71d65e87645721f9,r_75b5cf0824e38d63503f,9,a399e7a0f105264dad48216f375d4983a628857fd57a06e158cb5ad2188be28f
2024:4012420251135047120,p0004,c_c99e4c1e04a65f2743c2,7b8289e1b77e4e4ddba714e5993f2fe1ccfc39eb6fb789fb7712e2e2be8b5b3f,r_948475ee1ff681d1e65b,11,fa78e4ce8a403cc42a8258d033736cebf7575cd2d5196a97f8b946453fd73714
2024:4012420251135049588,p0003,c_dcb61ff9a92a3152957c,7843cb83e278c54ba0c5ab9f353b7331ce75282122ef9353a442d8e55f747c1e,r_e539c4db14c890028fc2,9,4acb74a94e107976dd432d93e00ce54a9dc041ddc3de81dbcf9284d201005511
2024:4012420251135050485,p0004,c_c99e4c1e04a65f2743c2,24df5e56875a99afceb50bdb234db000fd50286195ae068b9a43b8227d3b4c14,r_948475ee1ff681d1e65b,11,fa78e4ce8a403cc42a8258d033736cebf7575cd2d5196a97f8b946453fd73714
2024:4012520241816362375,p0009,c_b9c6825d43fd2209aee5,bb927971a2e793e398ad133074a1fa7f1e1188e96c1e3eed0f2e356033969ab7,r_dab5970845ebb9ffcf35,11,2f2727cdaad6c09f75103af92a1fbd8fabec12c1839c6a7bb33048d7f54c8e9f
2024:4012520241816473452,p0017,c_9482c33b8f0a32cee5b6,d29f3d87d9f41ad003b3a68177e44da434d852222ec6558863ece217ccfc4a0e,r_ae41956a00997222c064,10,d3e65cd027ef425c5f38409abac63932b014879d1ed194546d75a96fdfd562f5
2024:4012520241816484093,p0002,c_43263d10d8d42de66ef1,7973a5f4fdef6300c9b335fe5a38c96e5bea469e9343fd9e3a8044d1bda18f49,r_153f6f4b0d25713d8371,11,e78dcd2ea9088c453f153dac7ceaa97df3ea12520b49aac6b5e652420267f0bb
2024:4012520241816484096,p0003,c_5c674a62aa12b11745d8,6dabfc7159d5b3df80975c4266ae827f13a3c7fe0f9f3bb76481fa5ab80b2599,r_e539c4db14c890028fc2,9,4ca381839bd88f09b6497e6b28b0e9fd49dab0305cc331b586fdd5be9c32099b
2024:4012520241816507048,p0015,c_5e8d3553242db6442190,7f6a9a88d169ca36c9dcac0d19bf6a743d07da84854bd1b65260a49a7cd8ff6c,r_f7a1a92ebd7a39e06876,4,b947cf617c77d800732835bc48e49dea664596749e14e28911a4801145235387
2024:4012620241816543820,p0017,c_ff59c0ef8d551ff6dcf0,f47e7fa4f5736b86814dd7476b2e7524a7ca97c2e316c4b130f7daa439651506,r_ae41956a00997222c064,10,7aedc3fda33625433e0a39eaa79d585bcbe2fac6c4db161cd2ed893af121e78a
2024:4012620241816941552,p0015,c_23595521738d763cf25c,22e75876fbeeca553b4c23c262aa37f7cacdc494afa6c28dceb9132aff32ffca,r_f7a1a92ebd7a39e06876,4,ae651b2f15ed03992dd207e57b5e8e7f5296144346ad6e2e17153d329ba27e21
2024:4012620241816944524,p0004,c_c99e4c1e04a65f2743c2,6cdf26433bd4981964ae694cdb00f39caa8fcbd280af107fbaf822510643b936,r_948475ee1ff681d1e65b,11,fa78e4ce8a403cc42a8258d033736cebf7575cd2d5196a97f8b946453fd73714
2024:4012620241816944672,p0004,c_c99e4c1e04a65f2743c2,b04891ea0f9b4ac8bf3f2cb3333d82e1aa0e85f116709240838f4b9b89fdc732,r_948475ee1ff681d1e65b,11,fa78e4ce8a403cc42a8258d033736cebf7575cd2d5196a97f8b946453fd73714
2024:4012620261303638975,p0004,c_c99e4c1e04a65f2743c2,c989ff81b93dc17c3ee0875c9867e1f7921b94c62b2f00dd63d0576f4188cb3c,r_948475ee1ff681d1e65b,11,fa78e4ce8a403cc42a8258d033736cebf7575cd2d5196a97f8b946453fd73714
2024:4012620261303638977,p0004,c_c99e4c1e04a65f2743c2,cf5867be9aa8725c7545a5afc2493d3f48321f1518a2fc44cb88362370fe59db,r_948475ee1ff681d1e65b,11,fa78e4ce8a403cc42a8258d033736cebf7575cd2d5196a97f8b946453fd73714
2024:4012620261303639773,p0014,c_1822128dbb0e70f13b7d,8047015526cae48f6176cb28c65ce6f90db9fea6f968326399fd8d4f20c7bfea,r_380f28d77df7a5db30a0,11,3730ea3adfe22f4ebbb2880a519ad669705118c89e210f07f7a9c1662d83b5e7
2024:4012720251135304588,p0007,c_9c859fb024183d8954a6,dd5bdb03dcab44c18dd0955a76fcb3dd15bd939da8c2b81246eaf1d859a55279,r_d781d1e025b21b40484f,9,d2cbf8c001b7c6c6c5c99a6e795d669e85cd83b561f4980de9fb8c0e3702cedd
2024:4012720251135334429,p0009,c_b9c6825d43fd2209aee5,60f24b82b203ce0d995e18d54c36ae4f8eb9dd288ac38141efcfab3419044304,r_dab5970845ebb9ffcf35,11,2f2727cdaad6c09f75103af92a1fbd8fabec12c1839c6a7bb33048d7f54c8e9f
2024:4012720251135369517,p0017,c_a1384788d9ab5788d905,231c23751d1fbdee7eb3d728eba019ad1fc335af395babf872e6fc09a536d904,r_ae41956a00997222c064,4,890834a8eb7fcde61e38ed049760ab75d2199c0b1b33a5d55870bb888f2c8ae6
2024:4012820251136221293,p0004,c_ccbaf12b11578a6d6a41,1a2e681a98da354cd853c43bd2aff69edd7a17096a4b67683a7c9d69a748d6b5,r_948475ee1ff681d1e65b,6,bc2465593d2d2d49bfda4edcfa16b2386af4c9c9d26f9db3b0c649c869d5bbd3
2024:4012820251136221294,p0004,c_ccbaf12b11578a6d6a41,6738323e46654a2ceec303e33d48c8c25743b0c258b61f21c189eba8a80d4fe4,r_948475ee1ff681d1e65b,6,bc2465593d2d2d49bfda4edcfa16b2386af4c9c9d26f9db3b0c649c869d5bbd3
2024:4012820251137998359,p0002,c_43263d10d8d42de66ef1,27e02e8606dc10232a4daf73dbdb46017453afb6e4477d1ac1f844663c1942f6,r_153f6f4b0d25713d8371,11,e78dcd2ea9088c453f153dac7ceaa97df3ea12520b49aac6b5e652420267f0bb
2024:4012820251137998360,p0002,c_43263d10d8d42de66ef1,d1b70dbc0f79abf09182ce1b4f546e14ce5fd3e7a492b648007150c3b22d662e,r_153f6f4b0d25713d8371,11,e78dcd2ea9088c453f153dac7ceaa97df3ea12520b49aac6b5e652420267f0bb
2024:4012820251137998373,p0003,c_5c674a62aa12b11745d8,38db61002e430b682e5815accf22cf1639ee19210edb0d9dc80172ff1ab47c39,r_e539c4db14c890028fc2,9,4ca381839bd88f09b6497e6b28b0e9fd49dab0305cc331b586fdd5be9c32099b
2024:4012920241817239865,p0020,c_0ba6a1fa9730d43f811e,c19461227d43152b7f4569099f4dc870ef6e61cea4f9b44a516d11624f29b726,r_e1bc9fb32f1f0e4aaac5,7,46594929765a98ba250314acd7aff6dd48d7bd472714f1833f7d07f77a7e8809
2024:4012920241817244228,p0017,c_4442ba39364418310f95,bb1d99b59309d52e4b26d23ad28a392d559d20277919c1e014709599b832ac2b,r_ae41956a00997222c064,5,13e0911dd32a552346688a266a6fe325a23237402a5fb6be18989be43a470fae
2024:4012920241817265500,p0012,c_6f9ce1910d5bc217008c,e546741baf8297924dde79c4aef254bc429e08e5d0f2510aaadcf34e5f2e243d,r_75b5cf0824e38d63503f,9,a399e7a0f105264dad48216f375d4983a628857fd57a06e158cb5ad2188be28f
2024:4012920241817315573,p0017,c_f77092959014ce25e554,f90f39d7ced89747e78ea23a08d008e4f04d25b685af5bdd74451752dc4ff8f6,r_ae41956a00997222c064,6,ce21a105f8ec801dd8ccd1cd8f7d05b3a1a4338d3ffe018d4f713c52e289ed09
2024:4012920241817315574,p0017,c_f77092959014ce25e554,c2932e8e2a9835c92f162fad576a66fd9021d65553413acae62ccde574da40f2,r_ae41956a00997222c064,6,ce21a105f8ec801dd8ccd1cd8f7d05b3a1a4338d3ffe018d4f713c52e289ed09
2024:4012920241817315575,p0017,c_f77092959014ce25e554,9c9724256f74381b73434a0a4bf3b4a68c5b21af0657910ba0b52870c3ad0b19,r_ae41956a00997222c064,6,ce21a105f8ec801dd8ccd1cd8f7d05b3a1a4338d3ffe018d4f713c52e289ed09
2024:4012920251138236732,p0011,c_6d78c941e832e66bc5f5,db29872c740c35e17da20e01f9c14c70966fcc16efd5a4bb5ae7a9dd1f181b87,r_993179b21d5761402e8e,13,136e23c2659e614f7daf19e0e365c8a536cafb725e086191dc5d2f4ac7fabb57
2024:4013020241817447110,p0017,c_7d161046ac9781475228,04a3c8d3fcfbdf853e58afb5e08cfcfc93e3c7cc193a3df187a97f44b53613c0,r_ae41956a00997222c064,10,838fb7f80c64209f783d607b38f606c711239002822a1aca7c4be1d22568f75f
2024:4013020241817625079,p0017,c_96283350464f14ae9131,b7057a69d24d745204034b300fe6b4ef1e040c99344bbe3b8ebce3811fab8fe6,r_ae41956a00997222c064,9,086412ca9822712dc855905a9d01a14685a5224ee5729df955b206fa09f18b3a
2024:4013020241817658035,p0003,c_5c674a62aa12b11745d8,1cb47a1c391fd75df361107e406b2746f4416100a4ad935ab87d63adfe35a9e3,r_e539c4db14c890028fc2,9,4ca381839bd88f09b6497e6b28b0e9fd49dab0305cc331b586fdd5be9c32099b
2024:4013020241817674920,p0009,c_b9c6825d43fd2209aee5,0a0994696b5d195de0bd7ce24f73609fb40f67665234f09edecf5bd8ccae7530,r_dab5970845ebb9ffcf35,11,2f2727cdaad6c09f75103af92a1fbd8fabec12c1839c6a7bb33048d7f54c8e9f
2024:4013020241817690458,p0004,c_95618629f10022c60464,8e30fdbc0b8205047a6eb107cb191b28d22c947287ec5c8c3dc9a064d7c9aa6c,r_948475ee1ff681d1e65b,11,b03350f054c821261247214afcaca579d29dac4d6e6455039d69db6ce7ac676c
2024:4013020251138700652,p0012,c_6f9ce1910d5bc217008c,82a0306b6d77643497478e3818d8fd3f2f22f473dba1b6a7e339639a16a599f8,r_75b5cf0824e38d63503f,9,a399e7a0f105264dad48216f375d4983a628857fd57a06e158cb5ad2188be28f
2024:4013020251139252501,p0012,c_14ce77846e433d31b76b,5937541d152e8224e13c2423731eaabcaa3a048ea816402b28f32a7116686e60,r_75b5cf0824e38d63503f,9,4dc4050d97cf59ca3c2949ea4aca6f096c8e80f9013c395f51c03b58f5bbaeac
2024:4013120241817812601,p0002,c_43263d10d8d42de66ef1,30607a64ed445b2f1a1b01fc1e5dd64aae17f05ad4dbc69337fa052d18997b3a,r_153f6f4b0d25713d8371,11,e78dcd2ea9088c453f153dac7ceaa97df3ea12520b49aac6b5e652420267f0bb
2024:4013120241817919098,p0008,c_c9d7df587c8ebae06bc9,1d728849ca14d15c6576d2fd62a60ca77729ac15625d86f2b95163a6ea2339e4,r_ea71451d245b6218d4f0,5,a46bfcbf8676d7a1b161c48a47521af375f4851bedc382900339f834739ceb57
2024:4013120241818089492,p0017,c_7d161046ac9781475228,ba3dcb9f5adeb7b7c4d3871dc99718b08bb51a850f58727a0688b87e07ccda2b,r_ae41956a00997222c064,10,838fb7f80c64209f783d607b38f606c711239002822a1aca7c4be1d22568f75f
2024:4013120241818089624,p0010,c_3fdba6477347f59d07e7,af79227dbe854d2612be95f3c3367845fd3d9a2df2d3e05e84a2a603686c8fca,r_36381ff366645780c532,11,aae33bc963a30bd1536b10834ed6f80806e8990021acd020d7bae0c104ed85ec
2024:4013120241818089757,p0017,c_7d161046ac9781475228,8fa642474f81b58e81a910edb3d4a80a73d38ad4142f780f55f85ea023774596,r_ae41956a00997222c064,10,838fb7f80c64209f783d607b38f606c711239002822a1aca7c4be1d22568f75f
2024:4013120241818090317,p0017,c_4cace8d09b215d03173e,a4a95ebde849a4614ee39749bb12a7d27ac11a7489f8de514768cbedc2ac6b2f,r_ae41956a00997222c064,6,90f62b5b771c01fb191ca2514dc72eb2cda7ad285fbc8ec3210017f7e00a0214
2024:4020120241818246547,p0020,c_ff6993ba2f374406ac24,5fa24d88a0eb77a5f916b6996b29b74032b4cd4a70dfcde32e75cc46914d603a,r_e1bc9fb32f1f0e4aaac5,7,db60179b015bf6296ba5f0e627bba435743a932a8d1521afa568986e50abee3d
2024:4020120241818299709,p0004,c_c99e4c1e04a65f2743c2,ffa762c70d74a327e3139f7b36cdc999a85ad33b7d938140ab46546937e2b073,r_948475ee1ff681d1e65b,11,fa78e4ce8a403cc42a8258d033736cebf7575cd2d5196a97f8b946453fd73714
2024:4020120241818599694,p0017,c_ff59c0ef8d551ff6dcf0,d47d70f013257763aa105c6b6a34c4a2e7f89f71e6e6bd18506d9cc8a3563d57,r_ae41956a00997222c064,10,7aedc3fda33625433e0a39eaa79d585bcbe2fac6c4db161cd2ed893af121e78a
2024:4020120241818599960,p0017,c_01e6d06b628b57e57079,da0bf0025435136604cddaf3b6d3213d792fcb9fbeaf38c66f052ec4aa797011,r_ae41956a00997222c064,9,45a89f68231a03521a524ced32339d28649d0309c2fd99c0c0ec9545bc010354
2024:4020120241818769073,p0007,c_9c859fb024183d8954a6,655cf5784566fb84e2f4a6646f3a4e6b33f20f180a9c0b906e645680639eb371,r_d781d1e025b21b40484f,9,d2cbf8c001b7c6c6c5c99a6e795d669e85cd83b561f4980de9fb8c0e3702cedd
2024:4020120241818769074,p0007,c_9c859fb024183d8954a6,16b6d66ae6912f5437b7a76f33676eab7e6c168fd4bc7d3981d6213fb47715fd,r_d781d1e025b21b40484f,9,d2cbf8c001b7c6c6c5c99a6e795d669e85cd83b561f4980de9fb8c0e3702cedd
2024:4020120241818769075,p0007,c_9c859fb024183d8954a6,76a147a786c6681ccbc9585135712ef30bab36fdfd10c6db2f2be58ed334e993,r_d781d1e025b21b40484f,9,d2cbf8c001b7c6c6c5c99a6e795d669e85cd83b561f4980de9fb8c0e3702cedd
2024:4020220241819098474,p0017,c_7d161046ac9781475228,0173e054c931262b2eca8d12c08e5d911b9225d199fa4d47da9008b20856b75b,r_ae41956a00997222c064,10,838fb7f80c64209f783d607b38f606c711239002822a1aca7c4be1d22568f75f
2024:4020220241819102268,p0004,c_c99e4c1e04a65f2743c2,5f6541d4d1bff3022cd7c427d86557df9dd6b86d7997bb823d1b91167d98a4f5,r_948475ee1ff681d1e65b,11,fa78e4ce8a403cc42a8258d033736cebf7575cd2d5196a97f8b946453fd73714
2024:4020220241819102270,p0004,c_c99e4c1e04a65f2743c2,9644232e9b2a863fffe59d95b8e0caaa735623fb9a7b8eb4dea2e030d41fdf6c,r_948475ee1ff681d1e65b,11,fa78e4ce8a403cc42a8258d033736cebf7575cd2d5196a97f8b946453fd73714
2024:4020220241819118119,p0020,c_ff6993ba2f374406ac24,a470e003e45e7bb15f38d95a05b9f1ba3004d67cd426b31c70853b4ceb3e0e1a,r_e1bc9fb32f1f0e4aaac5,7,db60179b015bf6296ba5f0e627bba435743a932a8d1521afa568986e50abee3d
2024:4020220241819130928,p0017,c_ff59c0ef8d551ff6dcf0,dd18ae821fe94ad2952d37e72c421215d531b2cee0e9514dc09886de4f1b4364,r_ae41956a00997222c064,10,7aedc3fda33625433e0a39eaa79d585bcbe2fac6c4db161cd2ed893af121e78a
2024:4020220241819130930,p0017,c_ff59c0ef8d551ff6dcf0,7f046e0ed6a8520a654876abb5fcfb438d7911b82ce35196c5d6cd4d0a094cda,r_ae41956a00997222c064,10,7aedc3fda33625433e0a39eaa79d585bcbe2fac6c4db161cd2ed893af121e78a
2024:4020320251140912791,p0003,c_dcb61ff9a92a3152957c,58f50877146b99280671d6206abb04f587b33c42b728345b581748473ebea5f8,r_e539c4db14c890028fc2,9,4acb74a94e107976dd432d93e00ce54a9dc041ddc3de81dbcf9284d201005511
2024:4020320251140929243,p0002,c_831bbde25538066fc81b,0ac4809b8fa38ae62938f4b9db749516b89f34ec1f7bba7186cdff62979bcd63,r_153f6f4b0d25713d8371,9,13feef29048a72d697f0b27cecfcacbc48c25c8c0592b116be7d5f781ff285dd
2024:4020420251141060230,p0004,c_c5b7995bf680414a0436,34d76ab8dd8865e296584b9c17099e393d0e79e275fea5d28ea65593c6b20f1d,r_948475ee1ff681d1e65b,11,c34d288aa28210b6c2263fe274a7cab983f2c5feedd5885c5e03a71af74627dd
2024:4020520241819430154,p0020,c_ff6993ba2f374406ac24,73e9a277745681aaee596ae3a556e517f5fdcee8f93a27f302663b04962fb8f2,r_e1bc9fb32f1f0e4aaac5,7,db60179b015bf6296ba5f0e627bba435743a932a8d1521afa568986e50abee3d
2024:4020520241819434205,p0010,c_fa49063352bb702b8079,15a27c58efca3ef1e231e2e95f256a432ed0aad4e6f335000654f3f593564b0e,r_36381ff366645780c532,6,69680e994fda0c54859a682b52d7af4bbf51f47963623ab53397a46f855b9faa
2024:4020520241819434206,p0010,c_fa49063352bb702b8079,c34636cb33274ae0de0f10029c588ce392b13469ff8fd116b204a293aabda5aa,r_36381ff366645780c532,6,69680e994fda0c54859a682b52d7af4bbf51f47963623ab53397a46f855b9faa
2024:4020520241819434207,p0010,c_fa49063352bb702b8079,2f521c86eda60e088253d21448eb63b2f43c0cfbc8c2939f25149b31878648fa,r_36381ff366645780c532,6,69680e994fda0c54859a682b52d7af4bbf51f47963623ab53397a46f855b9faa
2024:4020520241819436025,p0015,c_57d8e01958a38820d7b3,fb1185ceaf3a8ada3faee22c043c1cd6bf05d1c6fea005c9c65d5e4bfe02e4a2,r_f7a1a92ebd7a39e06876,9,e1eeb1a02cf0c5e8880dcde66101d22100d9d3cc549caee3ae648fbe1c2a9692
2024:4020520241819437541,p0012,c_6f9ce1910d5bc217008c,3c89598993b4df604e19013dfe99d9380e742822af7f28aecde647590a10240a,r_75b5cf0824e38d63503f,9,a399e7a0f105264dad48216f375d4983a628857fd57a06e158cb5ad2188be28f
2024:4020520241819437878,p0015,c_57d8e01958a38820d7b3,96e704074a24b475dbfdaa88832dad40a1d055002463e10b6a31e30d8d0a29c2,r_f7a1a92ebd7a39e06876,9,e1eeb1a02cf0c5e8880dcde66101d22100d9d3cc549caee3ae648fbe1c2a9692
2024:4020520241819532831,p0015,c_be55d6a77f7c207d3129,935be311b84402629333312b5b2ac0aa3fedaaa3089703e965ba6b36596cc7e9,r_f7a1a92ebd7a39e06876,4,c757f945e71bd4a741f66319d2db6672c87c49aefb8afc0fd496b46fccbaddb3
2024:4020520241819533110,p0010,c_fa49063352bb702b8079,afd22f6c07425d28fba9a01b9186a266e393b3f1ab91f2c42f906b6a2d055a76,r_36381ff366645780c532,6,69680e994fda0c54859a682b52d7af4bbf51f47963623ab53397a46f855b9faa
2024:4020520241819533193,p0011,c_79d82a83c0673ddaf64b,9178797e95403eebb546e3d63e59a34d31a4504cbb83795c17f27a87a559d0e2,r_993179b21d5761402e8e,8,ab04c3dcc8637110443818adb8887d2ed340163a2438a311e937146d8dab6c2e
2024:4020520251142654884,p0004,c_c99e4c1e04a65f2743c2,8f41e1ca51e3ad9d7f815c0797f59a747548881dc902cca02fe9941eccf28e12,r_948475ee1ff681d1e65b,11,fa78e4ce8a403cc42a8258d033736cebf7575cd2d5196a97f8b946453fd73714
2024:4020520251143024383,p0004,c_c99e4c1e04a65f2743c2,e8c981d6fcaf4a30d2ed036673d80d28ac31d9b3af34fd12035e6077c080b7d0,r_948475ee1ff681d1e65b,11,fa78e4ce8a403cc42a8258d033736cebf7575cd2d5196a97f8b946453fd73714
2024:4020520251143024387,p0004,c_c99e4c1e04a65f2743c2,9dd8b45469ec26fdf2171d4390eee2a506f5a45d221a4b1ed98f64f51658d22e,r_948475ee1ff681d1e65b,11,fa78e4ce8a403cc42a8258d033736cebf7575cd2d5196a97f8b946453fd73714
2024:4020620241819600362,p0017,c_842a9f30aa221c42aed0,bc02e2c583e3bf47db7888b87b3e1176c07251393d73ac1a15bac2018608fef8,r_ae41956a00997222c064,9,34500497f9529e14fdfdbc794a7ff7a3c0d5d05923d326b6e0039b303de1ba7b
2024:4020620241819829743,p0009,c_b9c6825d43fd2209aee5,b5ebf0da7082cebc7abb79b82360d38ee34fd09065034098a2813f5e3e2e8be8,r_dab5970845ebb9ffcf35,11,2f2727cdaad6c09f75103af92a1fbd8fabec12c1839c6a7bb33048d7f54c8e9f
2024:4020620241819831585,p0010,c_433597abc27c16d5e313,31f849798e618b387c13a1fd3acc2d3162f7772fdde1c26886fd737dfb4645ab,r_36381ff366645780c532,11,b26bdd1cce1031dd2c4f3810d9406c3fb9da4a10fd115591a3ab3bffd587c5a9
2024:4020620241819831586,p0010,c_433597abc27c16d5e313,8cab46235c9d43ad8ed6e9182a0dfe21521c1f9a7ad3a3074c399fa0b95a4d2d,r_36381ff366645780c532,11,b26bdd1cce1031dd2c4f3810d9406c3fb9da4a10fd115591a3ab3bffd587c5a9
2024:4020620241819914296,p0010,c_433597abc27c16d5e313,24432af94a822c409da158fea0d01d579706ac68a1731296b6d36fd70853412c,r_36381ff366645780c532,11,b26bdd1cce1031dd2c4f3810d9406c3fb9da4a10fd115591a3ab3bffd587c5a9
2024:4020620241819942523,p0017,c_71afeb97276f6dfe6fc4,f45505a33bfdb70712ca5bdddfe04f6ba294ed98687aafe1544e256c678139cf,r_ae41956a00997222c064,6,65ea983f316beeddfd15d859b5778df585add8060689d3b9b552f84a8d38c0ce
2024:4020620241820769946,p0010,c_433597abc27c16d5e313,e17c9a2a12f6ad35a84d40d0890219c0abe50843c0009272b74664e372ee7d43,r_36381ff366645780c532,11,b26bdd1cce1031dd2c4f3810d9406c3fb9da4a10fd115591a3ab3bffd587c5a9
2024:4020620241820771128,p0012,c_14ce77846e433d31b76b,61a62addd83ce49661aa215fc24db85f9d4a079f55c2b9e9a0e9355e6f9af847,r_75b5cf0824e38d63503f,9,4dc4050d97cf59ca3c2949ea4aca6f096c8e80f9013c395f51c03b58f5bbaeac
2024:4020620241822088009,p0002,c_43263d10d8d42de66ef1,416072a5e9f242d6c804875f2fe59eccf78e23febecc8d588624261459adc3b6,r_153f6f4b0d25713d8371,11,e78dcd2ea9088c453f153dac7ceaa97df3ea12520b49aac6b5e652420267f0bb
2024:4020620241822088010,p0003,c_5c674a62aa12b11745d8,7143e75a1f1748c9d92fbee06fe06707c9f6c248175724d23c609b808b41b74b,r_e539c4db14c890028fc2,9,4ca381839bd88f09b6497e6b28b0e9fd49dab0305cc331b586fdd5be9c32099b
2024:4020620241822091735,p0018,c_bae5206bef31318ee7bd,65b7a3f6a0d3823f6835f8037242e2b12a1f22d32eb958774f29d1a3d481d313,r_b5716ecf0788be32ef81,9,0d63b47acb5453da9ffc2a1314ef423077fd93c65bda22ef979abb13d9cbfef2
2024:4020620241822129551,p0020,c_d462176daa66ae6f7c0c,28f663df6c39d03763594790e563acaa064376fb7e52382f11e6674fafd5d741,r_e1bc9fb32f1f0e4aaac5,6,f32c5a0acd8aa00cc290d0019ecf4b9a8edb295f1ccbf71bac58b6105eb3234d
2024:4020620241822289113,p0012,c_6f9ce1910d5bc217008c,21ca19293e52a1859f4d1daa2b8073ba763764e62def91fca4a3a5847ab87426,r_75b5cf0824e38d63503f,9,a399e7a0f105264dad48216f375d4983a628857fd57a06e158cb5ad2188be28f
2024:4020620241822289115,p0012,c_6f9ce1910d5bc217008c,66a199b69b8c01b3022e61b1f905099fcaf5ddd641fba92133644ae267318d5d,r_75b5cf0824e38d63503f,9,a399e7a0f105264dad48216f375d4983a628857fd57a06e158cb5ad2188be28f
2024:4020620241822304843,p0010,c_3fdba6477347f59d07e7,11c4fde1a7b9a959ec3f12b99d05a6e85181df159f57f219fcbf6c3c5ec7e2ef,r_36381ff366645780c532,11,aae33bc963a30bd1536b10834ed6f80806e8990021acd020d7bae0c104ed85ec
2024:4020620241822305403,p0012,c_4d2b759b329bb58cbcfa,4b490dd504426abc827e9b1010ea41bb63363dba459ae2f665b6b62e01e84934,r_75b5cf0824e38d63503f,9,13b6ed919d9e0620186271caf124d06fdef6c7b124d695ab1d76aaf312d87425
2024:4020620241822333358,p0010,c_3fdba6477347f59d07e7,eaed0992cdfeceeb7a54dfbacf961e6962e3f3257e4791ad5d0253dc1f75e4a7,r_36381ff366645780c532,11,aae33bc963a30bd1536b10834ed6f80806e8990021acd020d7bae0c104ed85ec
2024:4020620241822335016,p0015,c_dd05fcb5866322438262,adf3bad7a84eecc2941e51578de27b1169c4a6886073bea16d8c9c4f48eb0bbb,r_f7a1a92ebd7a39e06876,9,7c69c8ee5b184648674e1743a4d66931e8d0beb2c3d7b3bd790f1ab8a76ae1cc
2024:4020620241822347287,p0012,c_4d2b759b329bb58cbcfa,b5b9801e596aec2b15b1cf765d65a63cfc6d5714745a35e79e5b1b18b6fd93fa,r_75b5cf0824e38d63503f,9,13b6ed919d9e0620186271caf124d06fdef6c7b124d695ab1d76aaf312d87425
2024:4020620251144166633,p0012,c_6f9ce1910d5bc217008c,9568c1f5874e42d0680591c02baa2f1bd5379cf3138e80cf1237d07ca5c2bbdd,r_75b5cf0824e38d63503f,9,a399e7a0f105264dad48216f375d4983a628857fd57a06e158cb5ad2188be28f
2024:4020620251147319847,p0015,c_dd05fcb5866322438262,e1ae94fa317309ed1e46e741fbc361e5e3cee8ff630f66c3d34ada705e62cab6,r_f7a1a92ebd7a39e06876,9,7c69c8ee5b184648674e1743a4d66931e8d0beb2c3d7b3bd790f1ab8a76ae1cc
2024:4020620251151949111,p0004,c_c99e4c1e04a65f2743c2,767a73e77d7b51044ce54246fe72a0f171cb4af2a97205c5955da70eae5d2ff1,r_948475ee1ff681d1e65b,11,fa78e4ce8a403cc42a8258d033736cebf7575cd2d5196a97f8b946453fd73714
2024:4020620251153453981,p0014,c_1822128dbb0e70f13b7d,a8291fb71da31c41bded74c2725a12694f8fcc9907fbdf2cc541944ca323fbc8,r_380f28d77df7a5db30a0,11,3730ea3adfe22f4ebbb2880a519ad669705118c89e210f07f7a9c1662d83b5e7
2024:4020620251153453982,p0014,c_1822128dbb0e70f13b7d,ec3fa96ebb36793c3d4fd842476280966f41744f057168f628074b152c6679b8,r_380f28d77df7a5db30a0,11,3730ea3adfe22f4ebbb2880a519ad669705118c89e210f07f7a9c1662d83b5e7
2024:4020620251154819462,p0011,c_6d78c941e832e66bc5f5,5e26d56dabaa22f1fb22365ef188920d8ea5bbd86a44102329fc1fe64fb02a97,r_993179b21d5761402e8e,13,136e23c2659e614f7daf19e0e365c8a536cafb725e086191dc5d2f4ac7fabb57
2024:4020620251159960717,p0020,c_ff6993ba2f374406ac24,45dcaaea58d5dedad35b9538c3f197c338c30a75c5c3d63f39a48259c2dca4b6,r_e1bc9fb32f1f0e4aaac5,7,db60179b015bf6296ba5f0e627bba435743a932a8d1521afa568986e50abee3d
2024:4020620251166471879,p0014,c_13f5d1fd67b918434ded,dca10493365597b2fe6ee930fddc0b996b5f7dcf9bc13863438aacc81b38bef8,r_380f28d77df7a5db30a0,6,cdc7341e9e0924aa009f1f20053455ea4f6a39d7e1ebb1efae17e6aac41f6188
2024:4020720241823182533,p0002,c_43263d10d8d42de66ef1,0f5f202787d82a0c6f40d61df77b44b7b806ebab297718cef59815ed6319fd2b,r_153f6f4b0d25713d8371,11,e78dcd2ea9088c453f153dac7ceaa97df3ea12520b49aac6b5e652420267f0bb
2024:4020720241823182571,p0003,c_dcb61ff9a92a3152957c,50e0559d0ee38d647fb18444387749e67be1db4ee84e7675e8719b1f4e2f8924,r_e539c4db14c890028fc2,9,4acb74a94e107976dd432d93e00ce54a9dc041ddc3de81dbcf9284d201005511
2024:4020720241823211900,p0020,c_d462176daa66ae6f7c0c,5c33a4436c1b3b4631162f1ba09b8e0e4bbfe935ae69f381f4001b5d3816b9a0,r_e1bc9fb32f1f0e4aaac5,6,f32c5a0acd8aa00cc290d0019ecf4b9a8edb295f1ccbf71bac58b6105eb3234d
2024:4020720241823211930,p0012,c_6f9ce1910d5bc217008c,cd2c5c833ab016c5552aa4113a52417b1d3253dc050a8d53b129430c9d44dfb0,r_75b5cf0824e38d63503f,9,a399e7a0f105264dad48216f375d4983a628857fd57a06e158cb5ad2188be28f
2024:4020720241823255109,p0004,c_c99e4c1e04a65f2743c2,27a7dee697f7ed14774b2dc9b74b790149f0ceff14e44ec259f5f5cf3955befd,r_948475ee1ff681d1e65b,11,fa78e4ce8a403cc42a8258d033736cebf7575cd2d5196a97f8b946453fd73714
2024:4020720241823262503,p0010,c_3fdba6477347f59d07e7,e90de489b3d2b23e55e2d84cda400d9c5aca7adef0450f3a73555e9ea6d0ee70,r_36381ff366645780c532,11,aae33bc963a30bd1536b10834ed6f80806e8990021acd020d7bae0c104ed85ec
2024:4020720241823262504,p0017,c_7d161046ac9781475228,3e5e5c540a8afb87712d620bc7321a5190cdf5058ae36d24a396c09cdd1a6dd3,r_ae41956a00997222c064,10,838fb7f80c64209f783d607b38f606c711239002822a1aca7c4be1d22568f75f
2024:4020720241823270530,p0017,c_7d161046ac9781475228,a4113ba5f2685d5386e96e186777d39e32737fb6388c31a93aae3f08e2d818e5,r_ae41956a00997222c064,10,838fb7f80c64209f783d607b38f606c711239002822a1aca7c4be1d22568f75f
2024:4020720241823272220,p0003,c_5c674a62aa12b11745d8,75606b22181c33a03b1d3a42aeee7a8e27950995e565c68757237cef6db22483,r_e539c4db14c890028fc2,9,4ca381839bd88f09b6497e6b28b0e9fd49dab0305cc331b586fdd5be9c32099b
2024:4020720241823272300,p0002,c_93074feb823a261ff6ac,c0f0541c41c2b371639c7b46c0f7389805268dcb4ba7d8cbd24faad766994d57,r_153f6f4b0d25713d8371,7,5207af2c56148a69ed2f53dd2387dbf36d1a49703b139ae816eddde8b6bee046
2024:4020720251166558880,p0015,c_140f009e028a29449a1e,723547babdd902dd20756215e4e23f939016a73c611d80c6455742827572511b,r_f7a1a92ebd7a39e06876,5,33c32739a7c221d65956399988a013b86881c5776e3714ff55816581a14a38a7
2024:4020720251166568827,p0010,c_433597abc27c16d5e313,09760d81cef5ea7e9b0fac625ac43f2a442756795d3f603aec40bcdc808431dd,r_36381ff366645780c532,11,b26bdd1cce1031dd2c4f3810d9406c3fb9da4a10fd115591a3ab3bffd587c5a9
2024:4020720251166624683,p0002,c_43263d10d8d42de66ef1,30f551dc960b72587bc97d9e8f46f0eeebea42995d5bf7076b9c21cb3ca1ee99,r_153f6f4b0d25713d8371,11,e78dcd2ea9088c453f153dac7ceaa97df3ea12520b49aac6b5e652420267f0bb
2024:4020720251166625391,p0003,c_5c674a62aa12b11745d8,dbff1de75f4620e9d8597c1d7366c45cf755210fb1bd6322e204cdb3a8cb795d,r_e539c4db14c890028fc2,9,4ca381839bd88f09b6497e6b28b0e9fd49dab0305cc331b586fdd5be9c32099b
2024:4020720251166626216,p0002,c_db11483102ea44f72255,ae9b77f9e44e27ccb935c9ff6dd2838fc6046bc8586953cd24bd28789a0e7a37,r_153f6f4b0d25713d8371,10,4e8e664333aad87a05ff50b714811e2914ad2bf89c126b49104faf14b36bcacb
2024:4020720251166678917,p0002,c_db11483102ea44f72255,fe795202b795feb466be140e54b46689881d586f01d6fb420b29c8a8b8daf635,r_153f6f4b0d25713d8371,10,4e8e664333aad87a05ff50b714811e2914ad2bf89c126b49104faf14b36bcacb
2024:4020720251166700298,p0003,c_5c674a62aa12b11745d8,e47ce81a95f3fa3709fea43cdf2407b6ada25c4c8fde781fb578b18f79307083,r_e539c4db14c890028fc2,9,4ca381839bd88f09b6497e6b28b0e9fd49dab0305cc331b586fdd5be9c32099b
2024:4020820241823362913,p0009,c_b9c6825d43fd2209aee5,08d0c6057239c3e0edce296954326f17dedeafc291b594e32913568453844c06,r_dab5970845ebb9ffcf35,11,2f2727cdaad6c09f75103af92a1fbd8fabec12c1839c6a7bb33048d7f54c8e9f
2024:4020820241823403528,p0017,c_7d161046ac9781475228,8538e1dad11ddc2723117bce0bf9b445b8ccbc6df5c1f7110d75dbab10289e27,r_ae41956a00997222c064,10,838fb7f80c64209f783d607b38f606c711239002822a1aca7c4be1d22568f75f
2024:4020820241823422205,p0017,c_7d161046ac9781475228,20a4c042a5f5153100cf5694e8133ae783deab80eef2085d4402fb9635c0c215,r_ae41956a00997222c064,10,838fb7f80c64209f783d607b38f606c711239002822a1aca7c4be1d22568f75f
2024:4020820241823423772,p0017,c_57986ce665c3a8e7a556,e1babcdb71458f0d2f386e7684bcb2139059f75b9c90ca0a78543d35dbfb3d89,r_ae41956a00997222c064,6,f29a8069f036de21720077326f8806500a95792f477b9f26e0c53eb3ebb5b4e9
2024:4020820241823441940,p0017,c_59658bec31da6b349e58,1fd04734d147b8d8614f00f96f646faa4253ec4b7feedf79953c9f73b8de4633,r_ae41956a00997222c064,10,8b2ebcc815f2f1cb69c814a2b99b6533bcbf7ba8cc1e424108fc4ae0026e7d5f
2024:4020820241823441942,p0017,c_59658bec31da6b349e58,5db3ffa5132fa15364c954e961f24d7d919549cf4665dcc44e377cfae6276da2,r_ae41956a00997222c064,10,8b2ebcc815f2f1cb69c814a2b99b6533bcbf7ba8cc1e424108fc4ae0026e7d5f
2024:4020820241823467308,p0020,c_ff6993ba2f374406ac24,a9f06cb962173d56054678b28b85fb2b12aacae1a3f508d074a21efe2297fdbf,r_e1bc9fb32f1f0e4aaac5,7,db60179b015bf6296ba5f0e627bba435743a932a8d1521afa568986e50abee3d
2024:4020820241823467935,p0012,c_58afacf4d83e61067246,aa1edd43d809b7e2e4db29c9485977ff083171c886746723ea48c56e18020b87,r_75b5cf0824e38d63503f,9,c9787ea95db4e54aed9d4800cc5f89ebb67059567fa987043201f5670929f1a2
2024:4020820241823467937,p0012,c_58afacf4d83e61067246,f11725fed1c50087bbffbf439a9f7e94319cc9eefed2cee8b8ea418ef19be8a2,r_75b5cf0824e38d63503f,9,c9787ea95db4e54aed9d4800cc5f89ebb67059567fa987043201f5670929f1a2
2024:4020820241823481124,p0017,c_ff59c0ef8d551ff6dcf0,b871f4d11e455ac2edb4d066247edd9b041462994d594a89109e6ceeb87593a1,r_ae41956a00997222c064,10,7aedc3fda33625433e0a39eaa79d585bcbe2fac6c4db161cd2ed893af121e78a
2024:4020820241823519564,p0017,c_c0f6d325108489536f48,123e34c23ad1567e1201b8d400dff99c2757d49e655dd4eff28df58402405d0e,r_ae41956a00997222c064,10,75d91352e78ef09fa403c7deffad2afceb63b0ce8bb8e3bafc4d4defc37a51a7
2024:4020820241823519731,p0017,c_4cace8d09b215d03173e,02b0f52446f160fce53ce9238927f6df70eea4924674d75a2e61f86451375f3b,r_ae41956a00997222c064,6,90f62b5b771c01fb191ca2514dc72eb2cda7ad285fbc8ec3210017f7e00a0214
2024:4020820241823548221,p0017,c_842a9f30aa221c42aed0,021437fb8891e32c72f410bccba11dfe52e091d8e7265db874a41fb9b1b0d333,r_ae41956a00997222c064,9,34500497f9529e14fdfdbc794a7ff7a3c0d5d05923d326b6e0039b303de1ba7b
2024:4020820241823551537,p0004,c_35cf7c0cfc9ebac675be,e65b6db1917cbc0106baf932fdab55628f4826922cfd49f973cfc17e6a7d98a0,r_948475ee1ff681d1e65b,11,728e35bfe52b35f1db38d48812bf15ec167f779373439b3be7b3df78abbfb223
2024:4020820241823551538,p0004,c_35cf7c0cfc9ebac675be,56987f2a0cc72a3c41200406ad9a4497c775bc44d1a139f3e32138c1f5ba1fc7,r_948475ee1ff681d1e65b,11,728e35bfe52b35f1db38d48812bf15ec167f779373439b3be7b3df78abbfb223
2024:4020820241823653068,p0004,c_c99e4c1e04a65f2743c2,2c23bce0936eca61956e2c43e6100e5fa2777637b4797bb75a8ebd6b0b1c3e3e,r_948475ee1ff681d1e65b,11,fa78e4ce8a403cc42a8258d033736cebf7575cd2d5196a97f8b946453fd73714
2024:4020820241823653318,p0020,c_7757f5fda2834ae1897f,80ff72d10d38b40c1e3ca2c1741970947a1a304712177881d45be7ffc0580c65,r_e1bc9fb32f1f0e4aaac5,11,fe0afd867c7dbfa0b8054d2a398726d690eeb40d56acfd55844790d591540455
2024:4020820241823653319,p0020,c_7757f5fda2834ae1897f,ad3b8ebc5f568131facd7cb1f8333a10bf82f5705e3a9f3827264f1f0a654518,r_e1bc9fb32f1f0e4aaac5,11,fe0afd867c7dbfa0b8054d2a398726d690eeb40d56acfd55844790d591540455
2024:4020820241823653446,p0002,c_585e3c3ae6f9154d0a9c,4059da0817f784bcaab63e1222c5cfec954be607758e7d35121fc56d94693c3f,r_153f6f4b0d25713d8371,7,9955fcf2eb3c9ef9c6ee797f0642f59db38bcdd164acf6d06da61662f8366d18
2024:4020820241823653458,p0003,c_5c674a62aa12b11745d8,f835e6671c0cf547f035a4a8d66a12fb67c5e0e963cc37d88261a113cdf5b0bf,r_e539c4db14c890028fc2,9,4ca381839bd88f09b6497e6b28b0e9fd49dab0305cc331b586fdd5be9c32099b
2024:4020820241823653745,p0002,c_585e3c3ae6f9154d0a9c,1030f2df879b3b2d4ee3e0bc8d251f5e2616f24b247c328daa082c1b9579bf87,r_153f6f4b0d25713d8371,7,9955fcf2eb3c9ef9c6ee797f0642f59db38bcdd164acf6d06da61662f8366d18
2024:4020820241823653791,p0004,c_c99e4c1e04a65f2743c2,4a970a01dee8b454b0f2555392c169ee3e39875b456377c1d3c49148e704899a,r_948475ee1ff681d1e65b,11,fa78e4ce8a403cc42a8258d033736cebf7575cd2d5196a97f8b946453fd73714
2024:4020820241823653927,p0003,c_5c674a62aa12b11745d8,35cee98c4293e1d884b8ccafe96a035f6bbf7c52f22adf0f4cf32ae2a42f6b2a,r_e539c4db14c890028fc2,9,4ca381839bd88f09b6497e6b28b0e9fd49dab0305cc331b586fdd5be9c32099b
2024:4020820241823683451,p0020,c_ff6993ba2f374406ac24,c12ba1d843053eba9ede36a1d28f5ea4262a2eeb37be4c9893e9a9990261d21c,r_e1bc9fb32f1f0e4aaac5,7,db60179b015bf6296ba5f0e627bba435743a932a8d1521afa568986e50abee3d
2024:4020820251166868002,p0002,c_43263d10d8d42de66ef1,0b6ba1df663b5b811bdcf261d32314275db62a54e49b4bdefaf951dfc53a6143,r_153f6f4b0d25713d8371,11,e78dcd2ea9088c453f153dac7ceaa97df3ea12520b49aac6b5e652420267f0bb
2024:4020820251166868003,p0003,c_5c674a62aa12b11745d8,dded424a4443e5562e3c3a4fa5b0f2da7aebbb8c187834d09e3148f69f106986,r_e539c4db14c890028fc2,9,4ca381839bd88f09b6497e6b28b0e9fd49dab0305cc331b586fdd5be9c32099b
2024:4020820251166870009,p0015,c_edff13caa61075e2d07b,1f79262960db8a9dbfbe414bcc51de9fc01091f61934215b8cb5544424cabe4f,r_f7a1a92ebd7a39e06876,4,ace35e9722d1b28c4bb681e240965a7841d0394089aa337279f0a555db53f082
2024:4020920241823931504,p0017,c_ff59c0ef8d551ff6dcf0,2efa5535051e6b06a908cff8d019142d56e974554b99b9d92573d5b71849cf84,r_ae41956a00997222c064,10,7aedc3fda33625433e0a39eaa79d585bcbe2fac6c4db161cd2ed893af121e78a
2024:4020920241823931734,p0020,c_d462176daa66ae6f7c0c,4521ced84b4be2cd21f9f45ae05344f8fd94f732215b641be7b2e33a392cf008,r_e1bc9fb32f1f0e4aaac5,6,f32c5a0acd8aa00cc290d0019ecf4b9a8edb295f1ccbf71bac58b6105eb3234d
2024:4020920241823956504,p0017,c_7d161046ac9781475228,a88f05614f3165af5bb5bc2c2b55028e089ac5b5527d08db91b2f7d7183f4d01,r_ae41956a00997222c064,10,838fb7f80c64209f783d607b38f606c711239002822a1aca7c4be1d22568f75f
2024:4020920241823978215,p0007,c_9c859fb024183d8954a6,29c99bf4f1c4156478b5caf0ec750364c1756e5b0b56457d342162818cee2839,r_d781d1e025b21b40484f,9,d2cbf8c001b7c6c6c5c99a6e795d669e85cd83b561f4980de9fb8c0e3702cedd
2024:4020920241824006739,p0017,c_7d161046ac9781475228,6e4816a1bd996dc7bd5dce9a072d156b34b419fa64dd60b3e48388eff1662fa5,r_ae41956a00997222c064,10,838fb7f80c64209f783d607b38f606c711239002822a1aca7c4be1d22568f75f
2024:4020920241824006741,p0017,c_7d161046ac9781475228,2851a74f1fd9053e4363b2ea0fad26f514bbc2b39a1c4cf50544db38aa5d8a26,r_ae41956a00997222c064,10,838fb7f80c64209f783d607b38f606c711239002822a1aca7c4be1d22568f75f
2024:4020920241824006742,p0017,c_7d161046ac9781475228,53b719fb28d949ff209d57d3e6b2922525465b0e5c5d99fce321cc62925008c1,r_ae41956a00997222c064,10,838fb7f80c64209f783d607b38f606c711239002822a1aca7c4be1d22568f75f
2024:4020920241824017841,p0004,c_c99e4c1e04a65f2743c2,f6d22e8bdcb1649f691dbbfcdf9a9e00960f4bb030bab1bee4f2646ab116a5fa,r_948475ee1ff681d1e65b,11,fa78e4ce8a403cc42a8258d033736cebf7575cd2d5196a97f8b946453fd73714
2024:4021120241824430476,p0010,c_3fdba6477347f59d07e7,3595725436520ee3b15cf8a84d8d5ff58d7b7b670d71278feec9eb0b0171fb28,r_36381ff366645780c532,11,aae33bc963a30bd1536b10834ed6f80806e8990021acd020d7bae0c104ed85ec
2024:4021120241824430477,p0010,c_3fdba6477347f59d07e7,458ec5b833afa375b666d2f5c9587c92445d24adf56c983ecac34f0eff27d0ac,r_36381ff366645780c532,11,aae33bc963a30bd1536b10834ed6f80806e8990021acd020d7bae0c104ed85ec
2024:4021120241824430478,p0010,c_3fdba6477347f59d07e7,b36ff30edfb774f9d0a16dfb4ac784707a254bbb5272d48449ef44f1255b9970,r_36381ff366645780c532,11,aae33bc963a30bd1536b10834ed6f80806e8990021acd020d7bae0c104ed85ec
2024:4021120251167888257,p0001,c_b9a5e7e193ecf8972f61,932d1ab942ecdfc89461aa92c1dae5f5af23011a3807af530edf75106e5fb912,r_e75b91aaab70b14a204d,8,ec2db475c4c6e46cb25a35f6f051a391a5a59817ab2a3009f1e17160d6c2ba54
2024:4021120251171934959,p0013,c_bd65bfccbc53dd34359e,e5d08c2be46dd3a5a60dd493c7eff3c15176e2582594b4fe33753caad0046c9c,r_2e07349418abdd1528c5,4,e9de7a84a3353f10526dab0b01350c69a7ea442d55457bae64841e057a783710
2024:4021120251171934960,p0013,c_bd65bfccbc53dd34359e,0008457566f2756d8391397fccf171b5ee913f55a683ff604227da78eb247d2b,r_2e07349418abdd1528c5,4,e9de7a84a3353f10526dab0b01350c69a7ea442d55457bae64841e057a783710
2024:4021220241824518714,p0017,c_4442ba39364418310f95,9a42c2bb628c28d53847f4d7b42eedf29d4d16e97add71df937a9a31465d2192,r_ae41956a00997222c064,5,13e0911dd32a552346688a266a6fe325a23237402a5fb6be18989be43a470fae
2024:4021220241824532717,p0014,c_1822128dbb0e70f13b7d,32c9cb2e0b5f4294aff4b6b4f5c8164dcb7bf187b82ee0cc51abb26f9af5d650,r_380f28d77df7a5db30a0,11,3730ea3adfe22f4ebbb2880a519ad669705118c89e210f07f7a9c1662d83b5e7
2024:4021220241824541250,p0015,c_57d8e01958a38820d7b3,533a65b46c0d79cecc91825147f9410d065ce74029e159f84f020858181547ac,r_f7a1a92ebd7a39e06876,9,e1eeb1a02cf0c5e8880dcde66101d22100d9d3cc549caee3ae648fbe1c2a9692
2024:4021220241824550053,p0017,c_7d161046ac9781475228,30204764cafa755afa7efcc912c4a11f50299a8c94c5a6a2bf1f7bd7d522bdae,r_ae41956a00997222c064,10,838fb7f80c64209f783d607b38f606c711239002822a1aca7c4be1d22568f75f
2024:4021220241824557219,p0017,c_f77092959014ce25e554,565709125d9a539283cb7d878dff89d4d3f1f3a6984514741a937f98f823d42b,r_ae41956a00997222c064,6,ce21a105f8ec801dd8ccd1cd8f7d05b3a1a4338d3ffe018d4f713c52e289ed09
2024:4021220241824572312,p0017,c_e0edf5bbcda564997df5,23bb620653264377fcac75549d4521327d9a85a0789c27402236d708a7e1f9c7,r_ae41956a00997222c064,6,4e351e01a8a0fb6ad2fc2f055165013ede29f8893982bf55b8939d96369ad0d1
2024:4021220241824572314,p0017,c_e0edf5bbcda564997df5,cd2bc3c6c92200a4f44464a5b65153100ab723eddf1d3e056e6c6f9bd330b537,r_ae41956a00997222c064,6,4e351e01a8a0fb6ad2fc2f055165013ede29f8893982bf55b8939d96369ad0d1
2024:4021220241824574388,p0010,c_433597abc27c16d5e313,dc7a360b1c04e536d9d3a336f01b0c4e8e873891a9d9c46924ec8221dc50a5e4,r_36381ff366645780c532,11,b26bdd1cce1031dd2c4f3810d9406c3fb9da4a10fd115591a3ab3bffd587c5a9
2024:4021220241824574550,p0003,c_dcb61ff9a92a3152957c,7588154fe5a7d47550d26197ee725779903e281dea7b4c94f2b78c31db6dfd2c,r_e539c4db14c890028fc2,9,4acb74a94e107976dd432d93e00ce54a9dc041ddc3de81dbcf9284d201005511
2024:4021220241824574634,p0017,c_7d161046ac9781475228,8d0f1cf7ef9a3a0662048d5f10292f295ac56184c003356aa63cfd7795ff9c77,r_ae41956a00997222c064,10,838fb7f80c64209f783d607b38f606c711239002822a1aca7c4be1d22568f75f
2024:4021220241824588119,p0017,c_4442ba39364418310f95,6d3ab80c9f25fc521661111640b335aa00c5391e3c8b7bd44cf128781fb99c9e,r_ae41956a00997222c064,5,13e0911dd32a552346688a266a6fe325a23237402a5fb6be18989be43a470fae
2024:4021220251172342812,p0001,c_cafb76dee8b810a50972,fcee66bd5faa361be34fb0c32b586e68a139149511e930fd0d8fb179ff9090c2,r_e75b91aaab70b14a204d,9,1c7b1e14f0b920ad05e5393c82019ca6ab5ba9f3f58ca30a5f901eb6fd03241c
2024:4021220251172381638,p0003,c_dcb61ff9a92a3152957c,d1f4a787d047096f1af0e43608d8d6d606c70fdc2a0b70b6cb2306daee894954,r_e539c4db14c890028fc2,9,4acb74a94e107976dd432d93e00ce54a9dc041ddc3de81dbcf9284d201005511
2024:4021220251172381644,p0002,c_43263d10d8d42de66ef1,296f52afb8fa407887e6661d7963fce58b765874dfc37c6b643f8796821ae0d0,r_153f6f4b0d25713d8371,11,e78dcd2ea9088c453f153dac7ceaa97df3ea12520b49aac6b5e652420267f0bb
2024:4021220251172393074,p0002,c_43263d10d8d42de66ef1,34d6f02aa78bbec8f675cda74ae55013a284703a8afc066e61fe5db248b75bad,r_153f6f4b0d25713d8371,11,e78dcd2ea9088c453f153dac7ceaa97df3ea12520b49aac6b5e652420267f0bb
2024:4021220251172393075,p0002,c_43263d10d8d42de66ef1,9b7217f871ba5a7d9fcd28ab91e91b0c2db4d72b0e3057d5fb534d6ec74f50f6,r_153f6f4b0d25713d8371,11,e78dcd2ea9088c453f153dac7ceaa97df3ea12520b49aac6b5e652420267f0bb
2024:4021220251172393218,p0003,c_5c674a62aa12b11745d8,5bdc350823fd999592ed77a809694c10b77624632d703a81e5d5ed0f1c0a73ee,r_e539c4db14c890028fc2,9,4ca381839bd88f09b6497e6b28b0e9fd49dab0305cc331b586fdd5be9c32099b
2024:4021220251172393220,p0003,c_5c674a62aa12b11745d8,b281b282342abd29bb84a112e7d1f8babd2e9c7e46d2f502811d11d6386abd50,r_e539c4db14c890028fc2,9,4ca381839bd88f09b6497e6b28b0e9fd49dab0305cc331b586fdd5be9c32099b
2024:4021220251172447192,p0007,c_83254365b3783483270d,537870c8fb38d6cf82dc55fb1b7a9a0005704dc1c99a6e257fb0ca746bdd6fc4,r_d781d1e025b21b40484f,4,8ccb3df9046e042ed9e0e474f502bc28a04946cdffe617ed5704f9d037fadbfd
2024:4021320241824629940,p0017,c_4cace8d09b215d03173e,64da46662b31d6dc1dcad60dbf02fa3a2ce0b30e254a927ed4bca11727328865,r_ae41956a00997222c064,6,90f62b5b771c01fb191ca2514dc72eb2cda7ad285fbc8ec3210017f7e00a0214
2024:4021320241824639898,p0017,c_ff59c0ef8d551ff6dcf0,0e3f9e8e7a8f105d9f5caa7fea436dc0378582b117c20ed8132f10107902f615,r_ae41956a00997222c064,10,7aedc3fda33625433e0a39eaa79d585bcbe2fac6c4db161cd2ed893af121e78a
2024:4021320241824642559,p0017,c_ff59c0ef8d551ff6dcf0,9171ddd89d412662c4bdcc8c5df5af7368b57637020cdb2a82cac3e03f960bbf,r_ae41956a00997222c064,10,7aedc3fda33625433e0a39eaa79d585bcbe2fac6c4db161cd2ed893af121e78a
2024:4021320241824645035,p0012,c_6f9ce1910d5bc217008c,cf900242a925af3c4d0d9cdd8762c02c243bec39962c66d96bd4cd876df79fcb,r_75b5cf0824e38d63503f,9,a399e7a0f105264dad48216f375d4983a628857fd57a06e158cb5ad2188be28f
2024:4021320241824645037,p0012,c_6f9ce1910d5bc217008c,4242e5fa175e6c3d21ce256822d0db2c8d60cd4e5a2fc5c365ffd3034b4ebd54,r_75b5cf0824e38d63503f,9,a399e7a0f105264dad48216f375d4983a628857fd57a06e158cb5ad2188be28f
2024:4021320241824645526,p0017,c_ff59c0ef8d551ff6dcf0,9ad394507d68838cc4fee5357bed185287e7e525b2a16d64c281220e9d5f1b49,r_ae41956a00997222c064,10,7aedc3fda33625433e0a39eaa79d585bcbe2fac6c4db161cd2ed893af121e78a
2024:4021320241824663040,p0009,c_b9c6825d43fd2209aee5,fce2aa77b0ece65269c11ee724a1c241c512d7f039a7b3d57a84de9be66735c7,r_dab5970845ebb9ffcf35,11,2f2727cdaad6c09f75103af92a1fbd8fabec12c1839c6a7bb33048d7f54c8e9f
2024:4021320241824663042,p0009,c_b9c6825d43fd2209aee5,9c2db54d57e1f26220f06c95e24d17d1e7eeb4c4672764bd151bd8cde138852a,r_dab5970845ebb9ffcf35,11,2f2727cdaad6c09f75103af92a1fbd8fabec12c1839c6a7bb33048d7f54c8e9f
2024:4021320241824707598,p0012,c_127816033aeca7a4cf79,948a57a638c56e8142ca0b9cf347b0f9b98861c4b8e42311d62b7944a6aef375,r_75b5cf0824e38d63503f,4,753fb78ca36419228c58f6febcc585b3ca23151af6c178bbda69e3100412f949
2024:4021320241824712805,p0020,c_2c214c57bfa0e57aaa83,68b01fcd8b1b28ad5fa3f341f8742ae0dbe3a17148c0f15d22b446ecd5181fcb,r_e1bc9fb32f1f0e4aaac5,7,2000e2345c2b776d4bcdac6a32edc7bbb52c003d7dc2b7ff11a08baf57fe41e3
2024:4021320241824715931,p0004,c_c99e4c1e04a65f2743c2,da0b277b4a4ae2844de0211c425741759d19dad40007e309db472b556032872d,r_948475ee1ff681d1e65b,11,fa78e4ce8a403cc42a8258d033736cebf7575cd2d5196a97f8b946453fd73714
2024:4021320241824733835,p0015,c_b7ef2804bf57bb52fc74,ffea2acd276a7009c5be4b60c0f24ca47dd437c4b538e63e0b49675826b63904,r_f7a1a92ebd7a39e06876,4,3ccca02741162c96438590df375306c0001ffad569bc01b8de2e0250b4baa79d
2024:4021320251172494226,p0020,c_698cfb3eb5f805c9cff3,96a5aacb851cb8e67cd75f2fd154a4852c86af9bbdbdae9b27c84f1720e1b2e5,r_e1bc9fb32f1f0e4aaac5,11,42c28af4764b12ce204df51498807e68300a32d5c67e17316500c431a86cda1f
2024:4021320251172522843,p0011,c_6d78c941e832e66bc5f5,09962aeb8d81bb3bb91da8f791311d78b64f73cd412e72d38101b7149723b2c9,r_993179b21d5761402e8e,13,136e23c2659e614f7daf19e0e365c8a536cafb725e086191dc5d2f4ac7fabb57
2024:4021320251172522916,p0001,c_3b4e2a05f2eee8ee1cdc,ac8e3d926100c4b044d7591f749ee0bea55b3bb62ce68f80507c23ff8cece364,r_e75b91aaab70b14a204d,13,407c04763aab0fc3f8b35f9f14c99549bb8fd845574b08cdd3d7fefa486133b5
2024:4021320251172618625,p0002,c_43263d10d8d42de66ef1,19c9457f0cc1d5d8543a70b1efdf1d07f8bb31b4f6ea31f91147774d62e3111f,r_153f6f4b0d25713d8371,11,e78dcd2ea9088c453f153dac7ceaa97df3ea12520b49aac6b5e652420267f0bb
2024:4021320251172619795,p0003,c_5c674a62aa12b11745d8,b4959dcb6d587ad7d1e62e602f78af3909ec54ce03af15a22a4f65145846d15d,r_e539c4db14c890028fc2,9,4ca381839bd88f09b6497e6b28b0e9fd49dab0305cc331b586fdd5be9c32099b
2024:4021320251172697578,p0014,c_1822128dbb0e70f13b7d,1654df7c5c6a9fdaaa6b8698e01e1a7f07be2a3a76472a7ba44991822fd8b414,r_380f28d77df7a5db30a0,11,3730ea3adfe22f4ebbb2880a519ad669705118c89e210f07f7a9c1662d83b5e7
2024:4021320251172859517,p0012,c_4d2b759b329bb58cbcfa,9b400ad97e02676e8852fc1cf7e31c9315d03ca45a250a8fa3b55ec004d14d93,r_75b5cf0824e38d63503f,9,13b6ed919d9e0620186271caf124d06fdef6c7b124d695ab1d76aaf312d87425
2024:4021420241824763617,p0004,c_c99e4c1e04a65f2743c2,8720f48c3a66f258ee4e10c5fc3c9e33adb85647e81cbbfcc56535da6fa16119,r_948475ee1ff681d1e65b,11,fa78e4ce8a403cc42a8258d033736cebf7575cd2d5196a97f8b946453fd73714
2024:4021420241824763618,p0004,c_c99e4c1e04a65f2743c2,d7c9c8b506a24276dbd0da239d7c500d107156eed09dd22719b5b27dfd7459a3,r_948475ee1ff681d1e65b,11,fa78e4ce8a403cc42a8258d033736cebf7575cd2d5196a97f8b946453fd73714
2024:4021420241824764876,p0017,c_f77092959014ce25e554,9ba69ce0189e7a1717b3a2cf5811ed1349f91b4aeb58f3fc81848080b44d562b,r_ae41956a00997222c064,6,ce21a105f8ec801dd8ccd1cd8f7d05b3a1a4338d3ffe018d4f713c52e289ed09
2024:4021420241824775464,p0010,c_433597abc27c16d5e313,9a476611c3df7bf6e2ffe9ae4d6fbef3b9e31cb9219c0d5f611cd1989b19b92e,r_36381ff366645780c532,11,b26bdd1cce1031dd2c4f3810d9406c3fb9da4a10fd115591a3ab3bffd587c5a9
2024:4021420241824786486,p0017,c_4cace8d09b215d03173e,465ee227cce90b5944b07888f4aaf2732440b9970db6565ab5e372999a4c534d,r_ae41956a00997222c064,6,90f62b5b771c01fb191ca2514dc72eb2cda7ad285fbc8ec3210017f7e00a0214
2024:4021420241824787645,p0020,c_25346886cb66823b3264,223a0be60a7451282c812e687e359873bae1d75ec6d3eedec47fb4b1e3708fa5,r_e1bc9fb32f1f0e4aaac5,6,5e0ffc28ab351d85327359d169f8f4beca1b11ad5553a762d6b8f23ae75ccbac
2024:4021420241824797009,p0020,c_d462176daa66ae6f7c0c,b95f5cc6a2a6b956bf92e853494faeabfc2ede47a9513b60f2bcf24d17e6d856,r_e1bc9fb32f1f0e4aaac5,6,f32c5a0acd8aa00cc290d0019ecf4b9a8edb295f1ccbf71bac58b6105eb3234d
2024:4021420241824800104,p0002,c_43263d10d8d42de66ef1,7432ebe0a8b1cb6a32677fb07579705fbe84ecfe914851e7466236308fb91427,r_153f6f4b0d25713d8371,11,e78dcd2ea9088c453f153dac7ceaa97df3ea12520b49aac6b5e652420267f0bb
2024:4021420241824800105,p0003,c_5c674a62aa12b11745d8,49bec86863c95ec9bb14fc24f18dbe5712fba13df9eb342e7eee4a650da7a6e1,r_e539c4db14c890028fc2,9,4ca381839bd88f09b6497e6b28b0e9fd49dab0305cc331b586fdd5be9c32099b
2024:4021420241824800107,p0002,c_43263d10d8d42de66ef1,02e17b4e609d5caada78e08e5fa37d6c7819bcc8638ba646cbea4fbb362a91d6,r_153f6f4b0d25713d8371,11,e78dcd2ea9088c453f153dac7ceaa97df3ea12520b49aac6b5e652420267f0bb
2024:4021420241824800108,p0003,c_5c674a62aa12b11745d8,e4de1e88aa67341dfd413355f6b32e667b102ee0935d56ab0e97d9f8141475e1,r_e539c4db14c890028fc2,9,4ca381839bd88f09b6497e6b28b0e9fd49dab0305cc331b586fdd5be9c32099b
2024:4021420241824813365,p0004,c_c99e4c1e04a65f2743c2,b14bf7b1d0109af729d0bff7db3c639af67ad074e015b862207f675b50ff7473,r_948475ee1ff681d1e65b,11,fa78e4ce8a403cc42a8258d033736cebf7575cd2d5196a97f8b946453fd73714
2024:4021420241824830084,p0010,c_3fdba6477347f59d07e7,b822ed9ffd72d3bf7a5d30dc6326a107c50858e8e1311e9c9cf6fbb58ce8ca81,r_36381ff366645780c532,11,aae33bc963a30bd1536b10834ed6f80806e8990021acd020d7bae0c104ed85ec
2024:4021420241824830085,p0010,c_3fdba6477347f59d07e7,08bbd430d3e788862c02cd8e9acf30f4e7455fc5375742b0fd8e76e423851a33,r_36381ff366645780c532,11,aae33bc963a30bd1536b10834ed6f80806e8990021acd020d7bae0c104ed85ec
2024:4021420241824831260,p0020,c_25346886cb66823b3264,e5cb87a49ca6cb655b88b40fba27e579d8b3292f6e6c2f640a5eb0159fc1ce9b,r_e1bc9fb32f1f0e4aaac5,6,5e0ffc28ab351d85327359d169f8f4beca1b11ad5553a762d6b8f23ae75ccbac
2024:4021420241824831262,p0020,c_25346886cb66823b3264,eaef65108f7cade896cdd703959c75e0d02601cce0d0d96fdde89e168e11168b,r_e1bc9fb32f1f0e4aaac5,6,5e0ffc28ab351d85327359d169f8f4beca1b11ad5553a762d6b8f23ae75ccbac
2024:4021420241824836687,p0015,c_dd05fcb5866322438262,dea27b0cc7e45989dff841909ce8140a43d743300e290cc788ed0d99f4da3333,r_f7a1a92ebd7a39e06876,9,7c69c8ee5b184648674e1743a4d66931e8d0beb2c3d7b3bd790f1ab8a76ae1cc
2024:4021420241824836688,p0015,c_dd05fcb5866322438262,fc345c44320970c9f065f550aca177e47f0ff65f7087932caec05f3470e08235,r_f7a1a92ebd7a39e06876,9,7c69c8ee5b184648674e1743a4d66931e8d0beb2c3d7b3bd790f1ab8a76ae1cc
2024:4021420241824837508,p0004,c_c99e4c1e04a65f2743c2,31ff611ea0c81f37837bfd5ee0dbaca0ec48355a7e0444a595823f72209f1106,r_948475ee1ff681d1e65b,11,fa78e4ce8a403cc42a8258d033736cebf7575cd2d5196a97f8b946453fd73714
2024:4021420241824837510,p0004,c_c99e4c1e04a65f2743c2,ea85f591ff91ce3c2ad86b977ad852f7f41bbd03a94f6bbc0293729f40e92f14,r_948475ee1ff681d1e65b,11,fa78e4ce8a403cc42a8258d033736cebf7575cd2d5196a97f8b946453fd73714
2024:4021420241824837747,p0014,c_1822128dbb0e70f13b7d,849de208468d70f991f581a069615c5ec0453ec1e396870bae0210143a991394,r_380f28d77df7a5db30a0,11,3730ea3adfe22f4ebbb2880a519ad669705118c89e210f07f7a9c1662d83b5e7
2024:4021520241824941377,p0017,c_4cace8d09b215d03173e,e3ba042ad676baadd0a1b1d42c93f068d3e9f723d948a43de288cacfcb856c20,r_ae41956a00997222c064,6,90f62b5b771c01fb191ca2514dc72eb2cda7ad285fbc8ec3210017f7e00a0214
2024:4021520241824941522,p0020,c_ff6993ba2f374406ac24,3af0b38f9edad94894d821dc32085279746bd8a8d298c36d6623618714526650,r_e1bc9fb32f1f0e4aaac5,7,db60179b015bf6296ba5f0e627bba435743a932a8d1521afa568986e50abee3d
2024:4021520241824941662,p0004,c_c99e4c1e04a65f2743c2,105d897ce3f5998ccd9df3d87b7d2cb5c2d1343e4dd0cb3de8ae41289ee54dff,r_948475ee1ff681d1e65b,11,fa78e4ce8a403cc42a8258d033736cebf7575cd2d5196a97f8b946453fd73714
2024:4021520241824941725,p0004,c_c99e4c1e04a65f2743c2,42bd09511b882f0214d3ca53cef6a78961d476e43e9b924b730b95a80db95c5b,r_948475ee1ff681d1e65b,11,fa78e4ce8a403cc42a8258d033736cebf7575cd2d5196a97f8b946453fd73714
2024:4021520241825097638,p0020,c_d462176daa66ae6f7c0c,9418151f956799260054ea9a9a7c8e604fbfc9439bd9b6e9f3974c3122b5da61,r_e1bc9fb32f1f0e4aaac5,6,f32c5a0acd8aa00cc290d0019ecf4b9a8edb295f1ccbf71bac58b6105eb3234d
2024:4021520241825097640,p0020,c_d462176daa66ae6f7c0c,67c94869bd596773f2537c690e55d40018a6a31a36138e986728b75e6d2dc333,r_e1bc9fb32f1f0e4aaac5,6,f32c5a0acd8aa00cc290d0019ecf4b9a8edb295f1ccbf71bac58b6105eb3234d
2024:4021520241825105894,p0007,c_9c859fb024183d8954a6,943f9435dfc6ff6dc52ad47f677d70f66113f354f8c031a82d7c890e236099d7,r_d781d1e025b21b40484f,9,d2cbf8c001b7c6c6c5c99a6e795d669e85cd83b561f4980de9fb8c0e3702cedd
2024:4021520241825114583,p0020,c_ff6993ba2f374406ac24,153f70a1c66cd2a6699e76a6f25c0dbeff92bfd0028f2a781a588632976d8244,r_e1bc9fb32f1f0e4aaac5,7,db60179b015bf6296ba5f0e627bba435743a932a8d1521afa568986e50abee3d
2024:4021620241825214377,p0004,c_c99e4c1e04a65f2743c2,ebe8ab513595616ae73c0c64abbeb032b4ddee8d3183fbf42bcb2b3b6e763f2d,r_948475ee1ff681d1e65b,11,fa78e4ce8a403cc42a8258d033736cebf7575cd2d5196a97f8b946453fd73714
2024:4021620241825214379,p0004,c_c99e4c1e04a65f2743c2,2568e5cf73a44439c6af29d92e1992e7d65eac4ee6b1a8f5dfcab267dbf0bf45,r_948475ee1ff681d1e65b,11,fa78e4ce8a403cc42a8258d033736cebf7575cd2d5196a97f8b946453fd73714
2024:4021620241825215173,p0002,c_43263d10d8d42de66ef1,ea08286afee01300dc62b32d8a50e5acc2af438707d10297ab0a03e25e1bfc9f,r_153f6f4b0d25713d8371,11,e78dcd2ea9088c453f153dac7ceaa97df3ea12520b49aac6b5e652420267f0bb
2024:4021620241825215174,p0003,c_5c674a62aa12b11745d8,ec5125d11f4779c8b15c9a9607e4f00b97a4945f36380b7880e625c42b5a0305,r_e539c4db14c890028fc2,9,4ca381839bd88f09b6497e6b28b0e9fd49dab0305cc331b586fdd5be9c32099b
2024:4021620241825215176,p0015,c_dd05fcb5866322438262,94ff4b088074dc43416e011d9df02d4d2a67f438998df7ffc2030274c823b0cb,r_f7a1a92ebd7a39e06876,9,7c69c8ee5b184648674e1743a4d66931e8d0beb2c3d7b3bd790f1ab8a76ae1cc
2024:4021620241825215558,p0017,c_737a04d661c568f0d1d2,1a5761115894b0a46b41d70ad9ecc51e7393a004ab4b745171b1932c6e5c7d4e,r_ae41956a00997222c064,6,8cfb9735c593b21ddc59dbe7d1cdb37b6188dfbd7cf9a56949cb16ddc924f543
2024:4021620241825225740,p0015,c_57d8e01958a38820d7b3,2b0267a1a7e98d875fedad9ec258e07a43b458500d333d63741ee4b34ab51d80,r_f7a1a92ebd7a39e06876,9,e1eeb1a02cf0c5e8880dcde66101d22100d9d3cc549caee3ae648fbe1c2a9692
2024:4021620241825225741,p0015,c_57d8e01958a38820d7b3,9dae1c87bce00fd4d42e91b9b8d38e20bc2bfffe1e97b20a92e8ff43ba56a47a,r_f7a1a92ebd7a39e06876,9,e1eeb1a02cf0c5e8880dcde66101d22100d9d3cc549caee3ae648fbe1c2a9692
2024:4021620241825245908,p0017,c_4cace8d09b215d03173e,5e9a1eadc973b850a300bab65fae4620f67eac386bd67809fbb2b53620eee27a,r_ae41956a00997222c064,6,90f62b5b771c01fb191ca2514dc72eb2cda7ad285fbc8ec3210017f7e00a0214
2024:4021620241825249917,p0017,c_f77092959014ce25e554,4ba1c0bca97cd2802018857774090a0ecd402700bd3c90c12a8da8ae9a149db3,r_ae41956a00997222c064,6,ce21a105f8ec801dd8ccd1cd8f7d05b3a1a4338d3ffe018d4f713c52e289ed09
2024:4021620241825251196,p0020,c_ff6993ba2f374406ac24,16af9b48b6d0fa40e0fb590e0266f0e771768cb74a5346418800c455cab6635c,r_e1bc9fb32f1f0e4aaac5,7,db60179b015bf6296ba5f0e627bba435743a932a8d1521afa568986e50abee3d
2024:4021620241825261403,p0011,c_6d78c941e832e66bc5f5,1613e8e148b8a69dec85f8a7d72152b9e00848fcca7d61fca4aad3c524298708,r_993179b21d5761402e8e,13,136e23c2659e614f7daf19e0e365c8a536cafb725e086191dc5d2f4ac7fabb57
2024:4021620241825263771,p0020,c_b20c0f97b2ee20bd113a,4f79ac65f3d3840a817c1a984a648be7317957158e3ea72df601fe3a8c59b744,r_e1bc9fb32f1f0e4aaac5,7,e437a8a9bb5a7ac74a243b6908be26ab139d4389b13021965561a5a9f12c4213
2024:4021620241825273062,p0020,c_ff6993ba2f374406ac24,99b1eed422e69c95f104802c82bbca0eb552baaaf91c2407f532fc274581c7df,r_e1bc9fb32f1f0e4aaac5,7,db60179b015bf6296ba5f0e627bba435743a932a8d1521afa568986e50abee3d
2024:4021620241825273186,p0017,c_7d161046ac9781475228,46a6d3444bd5e7d5e39bbc6b97ef5cd1cabbbf8c1544b1e311d0efa1aa255bfc,r_ae41956a00997222c064,10,838fb7f80c64209f783d607b38f606c711239002822a1aca7c4be1d22568f75f
2024:4021620241825279039,p0020,c_ff6993ba2f374406ac24,afcb8bea470917b4715695a6eddcb5ba9cd94ead93a8594701fa34b1e9b1e4ea,r_e1bc9fb32f1f0e4aaac5,7,db60179b015bf6296ba5f0e627bba435743a932a8d1521afa568986e50abee3d
2024:4021620241825283724,p0004,c_ccbaf12b11578a6d6a41,30fea7d1eb4f17cfaec576ada13bf51963d09f04e47720bacc69ad23d0ce9e4b,r_948475ee1ff681d1e65b,6,bc2465593d2d2d49bfda4edcfa16b2386af4c9c9d26f9db3b0c649c869d5bbd3
2024:4021720241825323816,p0020,c_d462176daa66ae6f7c0c,152c9d8695a15c4013953525fb2bd274791f6305ce33f1bb0c2495231ba7b857,r_e1bc9fb32f1f0e4aaac5,6,f32c5a0acd8aa00cc290d0019ecf4b9a8edb295f1ccbf71bac58b6105eb3234d
2024:4021720241825329194,p0017,c_7d161046ac9781475228,90007a25b7ef7e9b20e205aa5f8062b3e5cdb560199d26a2fdd52d8e5ff20ff2,r_ae41956a00997222c064,10,838fb7f80c64209f783d607b38f606c711239002822a1aca7c4be1d22568f75f
2024:4021720241825329281,p0017,c_7d161046ac9781475228,78fe1d872c1f6d7ef977bb4fac1f7a860b172fa7d1a3bf4283a707e4c07b1db8,r_ae41956a00997222c064,10,838fb7f80c64209f783d607b38f606c711239002822a1aca7c4be1d22568f75f
2024:4021720241825333618,p0020,c_ff6993ba2f374406ac24,eb73f3062bb0dc24d5a564ab1307a88a5940ef8dc4f2b6cbdef6f68df214d2ea,r_e1bc9fb32f1f0e4aaac5,7,db60179b015bf6296ba5f0e627bba435743a932a8d1521afa568986e50abee3d
2024:4021820241825364952,p0020,c_ff6993ba2f374406ac24,9ee8698cfeee18f50f07c4a9a380edfac501c5bd8f32444ba631b23c0233d70f,r_e1bc9fb32f1f0e4aaac5,7,db60179b015bf6296ba5f0e627bba435743a932a8d1521afa568986e50abee3d
2024:4021820241825365912,p0020,c_ff6993ba2f374406ac24,3828e56e7be88c852f2593b22c2ccf57933c56e3601319473d0b7bc601dd72b3,r_e1bc9fb32f1f0e4aaac5,7,db60179b015bf6296ba5f0e627bba435743a932a8d1521afa568986e50abee3d
2024:4021820241825366362,p0017,c_f77092959014ce25e554,05791797bacff08caf2e408b3ac4e8589f1ddfb6bfb79bb2c2501133d91f5fce,r_ae41956a00997222c064,6,ce21a105f8ec801dd8ccd1cd8f7d05b3a1a4338d3ffe018d4f713c52e289ed09
2024:4021820251177464987,p0020,c_ff6993ba2f374406ac24,ebc72e7fe0eb927ea07ab0ea9b698bba23120ec3bd588f04bd8605f52cbc4e06,r_e1bc9fb32f1f0e4aaac5,7,db60179b015bf6296ba5f0e627bba435743a932a8d1521afa568986e50abee3d
2024:4021920241825393518,p0004,c_c5b7995bf680414a0436,3f31a83d4bacc2116bfbfe8f834ed30efb41cdc307ac192d38664af8db6c03e8,r_948475ee1ff681d1e65b,11,c34d288aa28210b6c2263fe274a7cab983f2c5feedd5885c5e03a71af74627dd
2024:4021920251177511675,p0017,c_4cace8d09b215d03173e,879374f334a1ac43a98d2ff0849266b188434061daf60743fac201d87d210acf,r_ae41956a00997222c064,6,90f62b5b771c01fb191ca2514dc72eb2cda7ad285fbc8ec3210017f7e00a0214
2024:4021920251177523916,p0004,c_c99e4c1e04a65f2743c2,a8758e398f8be83125d017dda4149e84b0d5478fe7443cb3797d279bb3c2956e,r_948475ee1ff681d1e65b,11,fa78e4ce8a403cc42a8258d033736cebf7575cd2d5196a97f8b946453fd73714
2024:4021920251177523978,p0003,c_5c674a62aa12b11745d8,bff6c38fd852f0654b6706a72abdbe3b21df11554aec643c4251c8685356e477,r_e539c4db14c890028fc2,9,4ca381839bd88f09b6497e6b28b0e9fd49dab0305cc331b586fdd5be9c32099b
2024:4021920251177524022,p0003,c_5c674a62aa12b11745d8,289f5112079a3af17b1e5254965bbd1b358bd9e6f6dfd427caf96de91f6fa6dd,r_e539c4db14c890028fc2,9,4ca381839bd88f09b6497e6b28b0e9fd49dab0305cc331b586fdd5be9c32099b
2024:4021920251177524261,p0002,c_ba6b8c476a6afc66cf9a,71a935bafe4265431d236c6decdbe3567e46bcfc23ead59997b8f8b59c73a331,r_153f6f4b0d25713d8371,6,e1f8a1e4be0d9312232043b549a9911c3ec94550311a4e1ffe2fb085e062a972
2024:4022020241825423093,p0017,c_96283350464f14ae9131,81b59c3264eda1a36b9476536db15157d05e0ec7c764f3c17f1a37112bdd5f30,r_ae41956a00997222c064,9,086412ca9822712dc855905a9d01a14685a5224ee5729df955b206fa09f18b3a
2024:4022020241825423423,p0009,c_03c7c6670557a4a9a5fc,8c0cef678d2561791e00f184dfcf99aac84325cb796ea37d2206c7a9eabd5855,r_dab5970845ebb9ffcf35,11,f61a269b438925d79cead079b9b1469a1d7f449907dca134dac2f7a18b3c007f
2024:4022020241825428889,p0020,c_ff6993ba2f374406ac24,2520f06f967f40e2cdd7b209920bc753a1e1e8e053cd87dd206c8ba170e57e76,r_e1bc9fb32f1f0e4aaac5,7,db60179b015bf6296ba5f0e627bba435743a932a8d1521afa568986e50abee3d
2024:4022020241825429457,p0010,c_3fdba6477347f59d07e7,82c00d851de863269ac169909d4475a9475e55128424dbc590a41593ade7af6d,r_36381ff366645780c532,11,aae33bc963a30bd1536b10834ed6f80806e8990021acd020d7bae0c104ed85ec
2024:4022020241825429458,p0010,c_3fdba6477347f59d07e7,5ff3313fa2c36e4bcfe97c19c9de7f31da85f0ed185b76cbb58d8808068c1edd,r_36381ff366645780c532,11,aae33bc963a30bd1536b10834ed6f80806e8990021acd020d7bae0c104ed85ec
2024:4022020241825450254,p0020,c_b20c0f97b2ee20bd113a,902b2278f632a7a1ca2ba75dff0b19aa483cde61a7cd559f76cbd8637b9615dc,r_e1bc9fb32f1f0e4aaac5,7,e437a8a9bb5a7ac74a243b6908be26ab139d4389b13021965561a5a9f12c4213
2024:4022020241825466969,p0017,c_ff59c0ef8d551ff6dcf0,b47129826c87ce9b8b36ee0dd7102b73b4e9612d4b1975a82ffd431a613990d1,r_ae41956a00997222c064,10,7aedc3fda33625433e0a39eaa79d585bcbe2fac6c4db161cd2ed893af121e78a
2024:4022020241825467438,p0020,c_ff6993ba2f374406ac24,cfedc8f1a013a2eb88fb29b71ccdc0713be6ad03252bc10c46bd3e2bbf8f81b6,r_e1bc9fb32f1f0e4aaac5,7,db60179b015bf6296ba5f0e627bba435743a932a8d1521afa568986e50abee3d
2024:4022120241825517325,p0017,c_7d161046ac9781475228,8826e9668993e9c8f7ae589aaa8adecb24331f03937a4d5647546135ddc01078,r_ae41956a00997222c064,10,838fb7f80c64209f783d607b38f606c711239002822a1aca7c4be1d22568f75f
2024:4022120241825545856,p0020,c_ff6993ba2f374406ac24,f1abb0a4604ffdc53dd2dc8c7292b63df9e8e729e2fafec5b529b31ca90169d3,r_e1bc9fb32f1f0e4aaac5,7,db60179b015bf6296ba5f0e627bba435743a932a8d1521afa568986e50abee3d
2024:4022120241825546021,p0004,c_f4ac2d09f244847984ae,28601a1293317ce301385c47172cf31c30d0db9fe128c699cd658f3f626e3a23,r_948475ee1ff681d1e65b,7,717fe8e3349770bb9f3545b0449764fad2f2d9a0706ea889fbb2bb13260603fe
2024:4022120241825546022,p0004,c_f4ac2d09f244847984ae,adddb8f953628c390542426d58f84606d36b8ed6e6678b09ebfa8b5917ae84ca,r_948475ee1ff681d1e65b,7,717fe8e3349770bb9f3545b0449764fad2f2d9a0706ea889fbb2bb13260603fe
2024:4022120241825548759,p0017,c_4cace8d09b215d03173e,a95e01b48784f808def7ec6b9119a4861cba5108d9b3717ddda16419d09f2308,r_ae41956a00997222c064,6,90f62b5b771c01fb191ca2514dc72eb2cda7ad285fbc8ec3210017f7e00a0214
2024:4022120241825555059,p0004,c_c99e4c1e04a65f2743c2,3db9274870cd12039ea895e01bc799f21e4de1dec6b5743d8241f82c76eec21b,r_948475ee1ff681d1e65b,11,fa78e4ce8a403cc42a8258d033736cebf7575cd2d5196a97f8b946453fd73714
2024:4022120241825567437,p0004,c_c0e269b9ba20b2de8232,6b9fcf52515ed2812c95f3d5eb28c31af073af615c7816ef04a3702f85000965,r_948475ee1ff681d1e65b,11,27b1911f83e7f6152a20a0041e51011afb2e9ad1cb885be26543906ee642aaaf
2024:4022120241825572663,p0004,c_c0e269b9ba20b2de8232,e5b1b8c4d7c27bfc6b05a4d0f5c9825abaf4df162ecb805383f5284678996f9e,r_948475ee1ff681d1e65b,11,27b1911f83e7f6152a20a0041e51011afb2e9ad1cb885be26543906ee642aaaf
2024:4022120241825590046,p0004,c_95618629f10022c60464,29ecd32a1445d8abfc312bf2edf82d5c6a9825ad1a9442dd894055a8def75d10,r_948475ee1ff681d1e65b,11,b03350f054c821261247214afcaca579d29dac4d6e6455039d69db6ce7ac676c
2024:4022120241825605751,p0009,c_b9c6825d43fd2209aee5,3d6049197241724e38b50fc1fefdc2924bbf1aec3e436880cb3c2402fb3314c3,r_dab5970845ebb9ffcf35,11,2f2727cdaad6c09f75103af92a1fbd8fabec12c1839c6a7bb33048d7f54c8e9f
2024:4022120241825613711,p0020,c_ff6993ba2f374406ac24,5607f9ab5656347fe2c84595d4d4f7436641185db58da73e5c3c408c90c0d47a,r_e1bc9fb32f1f0e4aaac5,7,db60179b015bf6296ba5f0e627bba435743a932a8d1521afa568986e50abee3d
2024:4022120241825711490,p0007,c_abf35d9c28f3a0f3c606,b408f083f3b0a6c7551d102f04550330239b90d3588b762004458f0ac43be9a8,r_d781d1e025b21b40484f,9,64cf955fc1434b5ee319310f41aafef5420c58c28474c6a7c5880095a888f47c
2024:4022120241825711492,p0007,c_abf35d9c28f3a0f3c606,f66a2973e7fe4df3ded1c4d779bf0acb3addc1fd11eca588b13406eb6891837e,r_d781d1e025b21b40484f,9,64cf955fc1434b5ee319310f41aafef5420c58c28474c6a7c5880095a888f47c
2024:4022220241825850299,p0009,c_b9c6825d43fd2209aee5,d054be71f8228a22bd22fa69618d1d996cf465b4a262c039100f88cd56778fdf,r_dab5970845ebb9ffcf35,11,2f2727cdaad6c09f75103af92a1fbd8fabec12c1839c6a7bb33048d7f54c8e9f
2024:4022220241825856342,p0015,c_dd05fcb5866322438262,6cdd4022cfde222336f9faaad2519d81618708e3579fbda85b3f5441de9cccac,r_f7a1a92ebd7a39e06876,9,7c69c8ee5b184648674e1743a4d66931e8d0beb2c3d7b3bd790f1ab8a76ae1cc
2024:4022220241825856343,p0015,c_dd05fcb5866322438262,ac1f3d847a8b7f7112aa43b343f4703cd8bb6880a69093d85a5881a69e349d01,r_f7a1a92ebd7a39e06876,9,7c69c8ee5b184648674e1743a4d66931e8d0beb2c3d7b3bd790f1ab8a76ae1cc
2024:4022220241825856357,p0015,c_dd05fcb5866322438262,54e9086b84a3cbec8306cd9cc39ed27b3bafd4ba61dbf28884566e6dc27cdecc,r_f7a1a92ebd7a39e06876,9,7c69c8ee5b184648674e1743a4d66931e8d0beb2c3d7b3bd790f1ab8a76ae1cc
2024:4022220241825934037,p0004,c_c5b7995bf680414a0436,66609cc102c15e88ff6818e6b801824b2b8a587861e90df0d1108556216413be,r_948475ee1ff681d1e65b,11,c34d288aa28210b6c2263fe274a7cab983f2c5feedd5885c5e03a71af74627dd
2024:4022220241825935446,p0015,c_140f009e028a29449a1e,448549601b9fbd9f79220a06d0fe2ab3e9191a9e578334afeda86976bbf012f4,r_f7a1a92ebd7a39e06876,5,33c32739a7c221d65956399988a013b86881c5776e3714ff55816581a14a38a7
2024:4022220241825936646,p0004,c_c5b7995bf680414a0436,bc5f43dc92bb0379165bf0b6805536a084f1da03e4296bec9e5badffcefa8921,r_948475ee1ff681d1e65b,11,c34d288aa28210b6c2263fe274a7cab983f2c5feedd5885c5e03a71af74627dd
2024:4022220241825973661,p0004,c_c99e4c1e04a65f2743c2,9972aaf4233e49a5dc7788a430f64d88af0f1d5c02f9997ee21d90270b3ebb6c,r_948475ee1ff681d1e65b,11,fa78e4ce8a403cc42a8258d033736cebf7575cd2d5196a97f8b946453fd73714
2024:4022220241826096064,p0020,c_288b4db220338833e03a,db0aec23ee997d05fc9caac5b7b6f2a76cc1687d6e10628fd5a57f411c789b29,r_e1bc9fb32f1f0e4aaac5,6,c21757fb54b01b7ce793dd0043bb544ed1d2eef5f090b1db0660da457cb90a7d
2024:4022220241826106312,p0015,c_be55d6a77f7c207d3129,edfe336e5c0c0cc11ac70834657e237f9458faf5ebdc212671d808462e8356d6,r_f7a1a92ebd7a39e06876,4,c757f945e71bd4a741f66319d2db6672c87c49aefb8afc0fd496b46fccbaddb3
2024:4022220241826145751,p0020,c_ff6993ba2f374406ac24,e1101796629bb05fed3047b9932b18bc332854773b2d9b7757e8764b806b6389,r_e1bc9fb32f1f0e4aaac5,7,db60179b015bf6296ba5f0e627bba435743a932a8d1521afa568986e50abee3d
2024:4022220241826148013,p0017,c_ff59c0ef8d551ff6dcf0,cd64d784cb6c8b3ffedddb69ebb86a47ae4099217a8f986eabf88d635b952b29,r_ae41956a00997222c064,10,7aedc3fda33625433e0a39eaa79d585bcbe2fac6c4db161cd2ed893af121e78a
2024:4022220241826174991,p0004,c_c99e4c1e04a65f2743c2,583e0a01bf03d9fac6ba330b23b835f129315d29fe014179d3ae4b5b3d0d6e86,r_948475ee1ff681d1e65b,11,fa78e4ce8a403cc42a8258d033736cebf7575cd2d5196a97f8b946453fd73714
2024:4022220241826175362,p0020,c_ff6993ba2f374406ac24,18be8b7757262a3a6df0bb37c93c4bb8150688175ccd2213d474b6fd0f6573ca,r_e1bc9fb32f1f0e4aaac5,7,db60179b015bf6296ba5f0e627bba435743a932a8d1521afa568986e50abee3d
2024:4022220241826175442,p0012,c_3bf74b2cda2b9ec1dfdc,c2fb9e38fa7b3b38a04baf86dea997f3fac265649e9481a54af91c4706baf775,r_75b5cf0824e38d63503f,9,36d89b28eddb6ffe88b05c91b6e236725e293d107ee8732cc94762bfd920569a
2024:4022220241826183199,p0010,c_3fdba6477347f59d07e7,2b8138d43def21b1af2908868c06d56cc297f4dffe2917c4c3263538ea8371e5,r_36381ff366645780c532,11,aae33bc963a30bd1536b10834ed6f80806e8990021acd020d7bae0c104ed85ec
2024:4022220241826183200,p0010,c_3fdba6477347f59d07e7,fef844a5880fd35d681215be9fff3e004b1eb732fbb817998c2500cb7c0b2ed1,r_36381ff366645780c532,11,aae33bc963a30bd1536b10834ed6f80806e8990021acd020d7bae0c104ed85ec
2024:4022220241826239086,p0020,c_6457c46c7c83053cb979,3791cd48f9dbafa5feae96ec9bc0b2354e887e96403ae8072330b77753192457,r_e1bc9fb32f1f0e4aaac5,7,92a85862f12a981f20140b149f14110f819252533c4d51304e20ce63c4e57338
2024:4022320241826308123,p0020,c_b20c0f97b2ee20bd113a,31d15d81d1380b7a94152993d2195ae748490c99578557cbfd99a46776e45c9f,r_e1bc9fb32f1f0e4aaac5,7,e437a8a9bb5a7ac74a243b6908be26ab139d4389b13021965561a5a9f12c4213
2024:4022320241826405773,p0002,c_43263d10d8d42de66ef1,a2be78039d667d26578a8c7f027cf212d0061c80fc133819f100d3e0111a4e07,r_153f6f4b0d25713d8371,11,e78dcd2ea9088c453f153dac7ceaa97df3ea12520b49aac6b5e652420267f0bb
2024:4022320241826405774,p0002,c_43263d10d8d42de66ef1,e61273d20788339556ae668cae2801fbd6265e3a6fc003b9af736aa9727a35e2,r_153f6f4b0d25713d8371,11,e78dcd2ea9088c453f153dac7ceaa97df3ea12520b49aac6b5e652420267f0bb
2024:4022320241826406011,p0003,c_5c674a62aa12b11745d8,5c7de82c604e723b8494df20168ef4251e0491cbfe8eb858df22b038e849cd06,r_e539c4db14c890028fc2,9,4ca381839bd88f09b6497e6b28b0e9fd49dab0305cc331b586fdd5be9c32099b
2024:4022320241826406013,p0003,c_5c674a62aa12b11745d8,664fc71d46f64a8ce7d0206e1c14ec6dbe0713322c7524611bddaa86016837eb,r_e539c4db14c890028fc2,9,4ca381839bd88f09b6497e6b28b0e9fd49dab0305cc331b586fdd5be9c32099b
2024:4022320241826406258,p0020,c_b20c0f97b2ee20bd113a,df33da2a9f2d0f078b72d240baf4a331e605707bd9b6b4c2db51ba5e81e48b5d,r_e1bc9fb32f1f0e4aaac5,7,e437a8a9bb5a7ac74a243b6908be26ab139d4389b13021965561a5a9f12c4213
2024:4022620241826631170,p0020,c_b20c0f97b2ee20bd113a,3fba7ba765a50f1fe18990d7674b1b14554297b4b6ec30c8c65d4f5f13c9428c,r_e1bc9fb32f1f0e4aaac5,7,e437a8a9bb5a7ac74a243b6908be26ab139d4389b13021965561a5a9f12c4213
2024:4022620241826666173,p0015,c_4848ea4060c1d21cdbab,77fc545e08b5c57650eff340949de2b446b8bdcc00ced3521a3ba7e439a54e43,r_f7a1a92ebd7a39e06876,5,ea4cf6cd7da86a01f06367074803b6eb4522819053c10012b272ce1781043660
2024:4022720241826938403,p0004,c_c99e4c1e04a65f2743c2,e16a580edebbc8fd84f7102aee00bd68009d36e29d23925895cca2aeb365cf60,r_948475ee1ff681d1e65b,11,fa78e4ce8a403cc42a8258d033736cebf7575cd2d5196a97f8b946453fd73714
2024:4022720241827332427,p0004,c_c99e4c1e04a65f2743c2,d1eb6b0401f683710bd61c648d408451d8be6ba6ce68b2f9ff301a54b47dc698,r_948475ee1ff681d1e65b,11,fa78e4ce8a403cc42a8258d033736cebf7575cd2d5196a97f8b946453fd73714
2024:4022720241828992104,p0012,c_6f9ce1910d5bc217008c,6ce611b53c21828816678df48621963297bd7d022057e04f33a6ccde165218fb,r_75b5cf0824e38d63503f,9,a399e7a0f105264dad48216f375d4983a628857fd57a06e158cb5ad2188be28f
2024:4022720241829123476,p0004,c_c99e4c1e04a65f2743c2,5595ff21da579adf710db53f9d8b0b293ab49dc272d602f9dc74f8ded031e70c,r_948475ee1ff681d1e65b,11,fa78e4ce8a403cc42a8258d033736cebf7575cd2d5196a97f8b946453fd73714
2024:4022720241830035784,p0015,c_0fd42dcea3bc783c9277,1c48370710d57f4422d27e5689e654f084cf924939a9a50d26e41073f0ffeb47,r_f7a1a92ebd7a39e06876,4,39f66eee0401d4f2e100c218775664800fdf49ebc7126a8765362bfa2f0631b2
2024:4022720241830512802,p0012,c_6f9ce1910d5bc217008c,5f452ea974b845104b5b30fc6e7f234d2938bfb38bfd2f0f7523fd85241a21a7,r_75b5cf0824e38d63503f,9,a399e7a0f105264dad48216f375d4983a628857fd57a06e158cb5ad2188be28f
2024:4022720241831467376,p0004,c_c99e4c1e04a65f2743c2,aae1e38707ee939a33672cccf714b3568e3a4ed39cdef5c7e619fa78f2820b8d,r_948475ee1ff681d1e65b,11,fa78e4ce8a403cc42a8258d033736cebf7575cd2d5196a97f8b946453fd73714
2024:4022720241834760332,p0004,c_c99e4c1e04a65f2743c2,e74ad8f75caadddc7429d6f88b9b898e8aac3e75317c876c76691da993ee20ac,r_948475ee1ff681d1e65b,11,fa78e4ce8a403cc42a8258d033736cebf7575cd2d5196a97f8b946453fd73714
2024:4022720241835195216,p0008,c_c94ffb84405cb8bdcb63,631b3ad5ecf7fc98fdb7021ff20f5acedf32ab7c4f6fc52430d2fafad8f50d6a,r_ea71451d245b6218d4f0,5,c63171213bea2a591acf28435d2d268ce88d61ef7a5aef1c60de6716d0f12d68
2024:4022720241835769853,p0020,c_d462176daa66ae6f7c0c,a83f2ac4f805c88a50351d4bcb18a06fbbc80b49933c9360978db965d65692e6,r_e1bc9fb32f1f0e4aaac5,6,f32c5a0acd8aa00cc290d0019ecf4b9a8edb295f1ccbf71bac58b6105eb3234d
2024:4022720241839170874,p0012,c_6f9ce1910d5bc217008c,57dfaa739239cd2922e498fd1a5246d513b1e7891a234b018f49e8833087ad38,r_75b5cf0824e38d63503f,9,a399e7a0f105264dad48216f375d4983a628857fd57a06e158cb5ad2188be28f
2024:4022720241839180094,p0012,c_6f9ce1910d5bc217008c,cc5d6329501b73ca0048fab5eae59e5259628c69f46bcb162a2ee2ad0893e921,r_75b5cf0824e38d63503f,9,a399e7a0f105264dad48216f375d4983a628857fd57a06e158cb5ad2188be28f
2024:4022720241839183186,p0012,c_6f9ce1910d5bc217008c,69fe0ff42d1680494a399d9483f5d3ecbb5fe6a75989b9173bdc0581de90a36c,r_75b5cf0824e38d63503f,9,a399e7a0f105264dad48216f375d4983a628857fd57a06e158cb5ad2188be28f
2024:4022720241839204612,p0012,c_6f9ce1910d5bc217008c,4b05dce4383dd616b6b7087dc429f6b2c3f6af972a243d3e704c2c809ecb4eb7,r_75b5cf0824e38d63503f,9,a399e7a0f105264dad48216f375d4983a628857fd57a06e158cb5ad2188be28f
2024:4022720241839210781,p0012,c_6f9ce1910d5bc217008c,a1eb3197518fa07e21f95500f4c18c332111528e0847956a19a3711717514340,r_75b5cf0824e38d63503f,9,a399e7a0f105264dad48216f375d4983a628857fd57a06e158cb5ad2188be28f
2024:4022720241839440351,p0004,c_c99e4c1e04a65f2743c2,f3ef488f36d29c3e422ab61fdf0f0b6c1495af7d6d6364065156b0c9b3cbbe7b,r_948475ee1ff681d1e65b,11,fa78e4ce8a403cc42a8258d033736cebf7575cd2d5196a97f8b946453fd73714
2024:4022720241839445829,p0004,c_c99e4c1e04a65f2743c2,94dfd87aaa40cdcd80a2e05b07b064841e4a14868cd657777ca0b549232f9f58,r_948475ee1ff681d1e65b,11,fa78e4ce8a403cc42a8258d033736cebf7575cd2d5196a97f8b946453fd73714
2024:4022720241839667938,p0004,c_c99e4c1e04a65f2743c2,2b6bea2a0c8d0ce72fe008457189f935277ece0e754d41f2650cacba3098408c,r_948475ee1ff681d1e65b,11,fa78e4ce8a403cc42a8258d033736cebf7575cd2d5196a97f8b946453fd73714
2024:4022720241840005308,p0004,c_c99e4c1e04a65f2743c2,ef1faa073c59b0eee0f0da615283427f120143a0777ed6c4f21479a2e31894e8,r_948475ee1ff681d1e65b,11,fa78e4ce8a403cc42a8258d033736cebf7575cd2d5196a97f8b946453fd73714
2024:4022720241840295691,p0003,c_dcb61ff9a92a3152957c,ab8ea08acc35c516f2fbc4d874c06c45b60fecb742f1077280e40201bf4d90c8,r_e539c4db14c890028fc2,9,4acb74a94e107976dd432d93e00ce54a9dc041ddc3de81dbcf9284d201005511
2024:4022720241840316204,p0003,c_dcb61ff9a92a3152957c,5de9da38073e3d0ced7e8763ae356fc8a10963fa86b955c4dece4cecc072bcf3,r_e539c4db14c890028fc2,9,4acb74a94e107976dd432d93e00ce54a9dc041ddc3de81dbcf9284d201005511
2024:4022720241840317355,p0003,c_dcb61ff9a92a3152957c,466a2fb568001a1443ab4580fe4e572bcfdbd483fba97b1cd8f322cd068beca0,r_e539c4db14c890028fc2,9,4acb74a94e107976dd432d93e00ce54a9dc041ddc3de81dbcf9284d201005511
2024:4022720241840332550,p0003,c_dcb61ff9a92a3152957c,55b54bf70658ac635469913ed6bdd4ece5d3888b704354b939589ef129b17e5c,r_e539c4db14c890028fc2,9,4acb74a94e107976dd432d93e00ce54a9dc041ddc3de81dbcf9284d201005511
2024:4022720241840334851,p0003,c_dcb61ff9a92a3152957c,0291b060398db4004e5bf022065268d8e69de8be11df794c5006429b9fbdb77a,r_e539c4db14c890028fc2,9,4acb74a94e107976dd432d93e00ce54a9dc041ddc3de81dbcf9284d201005511
2024:4022720241840341832,p0003,c_dcb61ff9a92a3152957c,e996a0f052d8b63441d3d0df75a25aefafbabe2f2ec377cc855eb6610af183d0,r_e539c4db14c890028fc2,9,4acb74a94e107976dd432d93e00ce54a9dc041ddc3de81dbcf9284d201005511
2024:4022720241841615666,p0004,c_c99e4c1e04a65f2743c2,f7d6620fb293ee2fa445150c6471c6ac9101499acabca91d0779dc13777dad72,r_948475ee1ff681d1e65b,11,fa78e4ce8a403cc42a8258d033736cebf7575cd2d5196a97f8b946453fd73714
2024:4022720241841826122,p0020,c_25346886cb66823b3264,3fd643380c8f08eaa761b7095c767d4b04ee026cfb1dd1ff9c4acef829b5a072,r_e1bc9fb32f1f0e4aaac5,6,5e0ffc28ab351d85327359d169f8f4beca1b11ad5553a762d6b8f23ae75ccbac
2024:4022720241841840914,p0020,c_25346886cb66823b3264,df604a49d026cf4b90f561deef2477c1c8a0cea60f491af17b7de2eae8275ff0,r_e1bc9fb32f1f0e4aaac5,6,5e0ffc28ab351d85327359d169f8f4beca1b11ad5553a762d6b8f23ae75ccbac
2024:4022720241841864712,p0020,c_25346886cb66823b3264,a42c2312809f3173dad9c4ee518448d21da584284840ef8a3cdc6f7f6c4b7e43,r_e1bc9fb32f1f0e4aaac5,6,5e0ffc28ab351d85327359d169f8f4beca1b11ad5553a762d6b8f23ae75ccbac
2024:4022720241841996087,p0004,c_c99e4c1e04a65f2743c2,cbc643305769ff1de17975fbf15c929ed9e5bdfdafd5728c16c81b6c1f12acde,r_948475ee1ff681d1e65b,11,fa78e4ce8a403cc42a8258d033736cebf7575cd2d5196a97f8b946453fd73714
2024:4022720241841996093,p0004,c_c99e4c1e04a65f2743c2,f712b21dee3df22e078d8875e131191d8e9eca78597271abd8ef8494f5e58c0e,r_948475ee1ff681d1e65b,11,fa78e4ce8a403cc42a8258d033736cebf7575cd2d5196a97f8b946453fd73714
2024:4022720241842330803,p0020,c_d462176daa66ae6f7c0c,73443ca79e922101091b6261fc73fc25980079663c7b3afe13dea8c1d21557ec,r_e1bc9fb32f1f0e4aaac5,6,f32c5a0acd8aa00cc290d0019ecf4b9a8edb295f1ccbf71bac58b6105eb3234d
2024:4022720241842330873,p0020,c_d462176daa66ae6f7c0c,f156adc4393cd54c25eaf6f002cc872e045a0c0b22c890f343cc41e48079bcde,r_e1bc9fb32f1f0e4aaac5,6,f32c5a0acd8aa00cc290d0019ecf4b9a8edb295f1ccbf71bac58b6105eb3234d
2024:4022720241842330879,p0020,c_d462176daa66ae6f7c0c,62a81255168524a28df9bd958e0650cb789360f5c78318a2dc98759bf66b0583,r_e1bc9fb32f1f0e4aaac5,6,f32c5a0acd8aa00cc290d0019ecf4b9a8edb295f1ccbf71bac58b6105eb3234d
2024:4022720241842331228,p0020,c_d462176daa66ae6f7c0c,e28b5e7a3bd498aa883e9b54efd80aeea6760d020c16acd698641362d84cec8d,r_e1bc9fb32f1f0e4aaac5,6,f32c5a0acd8aa00cc290d0019ecf4b9a8edb295f1ccbf71bac58b6105eb3234d
2024:4022720241842336787,p0020,c_d462176daa66ae6f7c0c,0d9dd7005364b687fbdd19393bbac8a4b7b1ad51d0d9cd0ed120651ba8eb8cb4,r_e1bc9fb32f1f0e4aaac5,6,f32c5a0acd8aa00cc290d0019ecf4b9a8edb295f1ccbf71bac58b6105eb3234d
2024:4022720241842337216,p0020,c_d462176daa66ae6f7c0c,6d8e0364993f222a86d5e5b764dea5f56886d3cd17073bc524183a420ce31b60,r_e1bc9fb32f1f0e4aaac5,6,f32c5a0acd8aa00cc290d0019ecf4b9a8edb295f1ccbf71bac58b6105eb3234d
2024:4022720241842337301,p0020,c_d462176daa66ae6f7c0c,26c6a1622fdd7c82c715dfe82412476e13c6b378176f3c7be952cdd50a988775,r_e1bc9fb32f1f0e4aaac5,6,f32c5a0acd8aa00cc290d0019ecf4b9a8edb295f1ccbf71bac58b6105eb3234d
2024:4022720241842339789,p0020,c_d462176daa66ae6f7c0c,98b9a2a6a98e8463d7f218db6901ebbb275583c0e2d5f0fe4c6ecdd7c420712e,r_e1bc9fb32f1f0e4aaac5,6,f32c5a0acd8aa00cc290d0019ecf4b9a8edb295f1ccbf71bac58b6105eb3234d
2024:4022720241842342541,p0020,c_d462176daa66ae6f7c0c,64d8db3c70e90e6b095f31122e9031d896c3d46261ce40af3ffb2500f832f041,r_e1bc9fb32f1f0e4aaac5,6,f32c5a0acd8aa00cc290d0019ecf4b9a8edb295f1ccbf71bac58b6105eb3234d
2024:4022720241842342633,p0020,c_d462176daa66ae6f7c0c,bf6991eb8a3eddc6fca43c5c712450da0872dcb0a59ba33b3817f537ef737dd3,r_e1bc9fb32f1f0e4aaac5,6,f32c5a0acd8aa00cc290d0019ecf4b9a8edb295f1ccbf71bac58b6105eb3234d
2024:4022720241842345689,p0020,c_d462176daa66ae6f7c0c,22673c4d5a9a7e195fb59689df28cb54bd01551cf03f84e8937769f953ef48d6,r_e1bc9fb32f1f0e4aaac5,6,f32c5a0acd8aa00cc290d0019ecf4b9a8edb295f1ccbf71bac58b6105eb3234d
2024:4022720241842346482,p0020,c_d462176daa66ae6f7c0c,d770e8254e7f72105bf049733156ac2633320c3c3dd8690f2e42a808ed386686,r_e1bc9fb32f1f0e4aaac5,6,f32c5a0acd8aa00cc290d0019ecf4b9a8edb295f1ccbf71bac58b6105eb3234d
2024:4022720241842346494,p0020,c_d462176daa66ae6f7c0c,9a5fc03491a71a5f50c01a6cdf2b768acd2f67d713f6b1c4e9401137a54375c2,r_e1bc9fb32f1f0e4aaac5,6,f32c5a0acd8aa00cc290d0019ecf4b9a8edb295f1ccbf71bac58b6105eb3234d
2024:4022720241842351620,p0020,c_d462176daa66ae6f7c0c,dcf088a3a68b0c50088c3a633893f247e7c73be2931a185a23efb1a2f92c7547,r_e1bc9fb32f1f0e4aaac5,6,f32c5a0acd8aa00cc290d0019ecf4b9a8edb295f1ccbf71bac58b6105eb3234d
2024:4022720241842355675,p0020,c_d462176daa66ae6f7c0c,a2ba8c8eddcb5f721be68cd908a1b2435db034ec10b6141d1352bfb7a1339f76,r_e1bc9fb32f1f0e4aaac5,6,f32c5a0acd8aa00cc290d0019ecf4b9a8edb295f1ccbf71bac58b6105eb3234d
2024:4022720241842355772,p0020,c_d462176daa66ae6f7c0c,3aabb70c48feabd21caed009d3ae268d94215e5df23eeb011c18d082df6d3d09,r_e1bc9fb32f1f0e4aaac5,6,f32c5a0acd8aa00cc290d0019ecf4b9a8edb295f1ccbf71bac58b6105eb3234d
2024:4022720241842357506,p0020,c_d462176daa66ae6f7c0c,b68755bf3400e01dea7a32a2a9f80c7493146fc22560218fd85d7f2c510be4a8,r_e1bc9fb32f1f0e4aaac5,6,f32c5a0acd8aa00cc290d0019ecf4b9a8edb295f1ccbf71bac58b6105eb3234d
2024:4022720241842358479,p0020,c_d462176daa66ae6f7c0c,7399234925cecdf395b25975a9e9a6bb905e4a9457f39ce1164d2613c682bd61,r_e1bc9fb32f1f0e4aaac5,6,f32c5a0acd8aa00cc290d0019ecf4b9a8edb295f1ccbf71bac58b6105eb3234d
2024:4022720241842363519,p0020,c_d462176daa66ae6f7c0c,bade675880e40f4ee6fb6a52eb825e8345429aba32d98836eec2a9b0016a8d20,r_e1bc9fb32f1f0e4aaac5,6,f32c5a0acd8aa00cc290d0019ecf4b9a8edb295f1ccbf71bac58b6105eb3234d
2024:4022720241842363529,p0020,c_d462176daa66ae6f7c0c,5438055fe62bce3b6ec28af964798e6648903a5386c114e2fd64d1152fbb6b26,r_e1bc9fb32f1f0e4aaac5,6,f32c5a0acd8aa00cc290d0019ecf4b9a8edb295f1ccbf71bac58b6105eb3234d
2024:4022720241842366537,p0020,c_d462176daa66ae6f7c0c,1f7840caa3933703dda4c0a7cd32fee9b3bbcd1718e5f801cd2adb68852dfb86,r_e1bc9fb32f1f0e4aaac5,6,f32c5a0acd8aa00cc290d0019ecf4b9a8edb295f1ccbf71bac58b6105eb3234d
2024:4022720241842366606,p0020,c_d462176daa66ae6f7c0c,53cb6376670989862d5740bcc4189ca65ab748a1689ed085a729c7620b22c00b,r_e1bc9fb32f1f0e4aaac5,6,f32c5a0acd8aa00cc290d0019ecf4b9a8edb295f1ccbf71bac58b6105eb3234d
2024:4022720241842369515,p0020,c_d462176daa66ae6f7c0c,ddd70f6924c5857882b74ec6dbb38bb0ce597b7f1036c23750324e1355c9ffdb,r_e1bc9fb32f1f0e4aaac5,6,f32c5a0acd8aa00cc290d0019ecf4b9a8edb295f1ccbf71bac58b6105eb3234d
2024:4022720241842377337,p0020,c_d462176daa66ae6f7c0c,35263b605b4ec5e1ba137b2053c0a43ffb30e9a6840130c0a2aec313974b7e75,r_e1bc9fb32f1f0e4aaac5,6,f32c5a0acd8aa00cc290d0019ecf4b9a8edb295f1ccbf71bac58b6105eb3234d
2024:4022720241842379428,p0020,c_d462176daa66ae6f7c0c,d0b79d55089d23f7514ae7cb2b12b29d8ae7ddbb0e3bf4b00a73d1a4ef74cb11,r_e1bc9fb32f1f0e4aaac5,6,f32c5a0acd8aa00cc290d0019ecf4b9a8edb295f1ccbf71bac58b6105eb3234d
2024:4022720241842382982,p0012,c_6f9ce1910d5bc217008c,424e78cc84e2da0533557f7104fc0b0b51ce959b32e6783c7fcb709b1bacc745,r_75b5cf0824e38d63503f,9,a399e7a0f105264dad48216f375d4983a628857fd57a06e158cb5ad2188be28f
2024:4022720241842383074,p0020,c_d462176daa66ae6f7c0c,6c0f9bd174a8eff124624ef8e0e43e251f28c38f7cc04e7cb8afa7df56ead169,r_e1bc9fb32f1f0e4aaac5,6,f32c5a0acd8aa00cc290d0019ecf4b9a8edb295f1ccbf71bac58b6105eb3234d
2024:4022720241842385866,p0020,c_d462176daa66ae6f7c0c,65cda9e761f7c17cb307a5ced5fdcaa0196120eca15cb6775d08add30ce35fbd,r_e1bc9fb32f1f0e4aaac5,6,f32c5a0acd8aa00cc290d0019ecf4b9a8edb295f1ccbf71bac58b6105eb3234d
2024:4022720241842386048,p0020,c_d462176daa66ae6f7c0c,37bf9cfc3110c3661f3cd326e55240f10403ee690f8a1a6214ea87fb1ab59707,r_e1bc9fb32f1f0e4aaac5,6,f32c5a0acd8aa00cc290d0019ecf4b9a8edb295f1ccbf71bac58b6105eb3234d
2024:4022720241842386249,p0020,c_d462176daa66ae6f7c0c,764a3de343467e2977397939cd4efd6e1b9f7cf4f8a79a3c42ad23c6decb096d,r_e1bc9fb32f1f0e4aaac5,6,f32c5a0acd8aa00cc290d0019ecf4b9a8edb295f1ccbf71bac58b6105eb3234d
2024:4022720241842386312,p0020,c_d462176daa66ae6f7c0c,7623bf30a04a86dcd8e20d48adcf8df833a3d8f75baa4610075af0a17aaa7697,r_e1bc9fb32f1f0e4aaac5,6,f32c5a0acd8aa00cc290d0019ecf4b9a8edb295f1ccbf71bac58b6105eb3234d
2024:4022720241842386345,p0020,c_d462176daa66ae6f7c0c,c77c58e81a8d62e1081f4bcce4a9af19f891cefe80830e16f2e3229dfb118cdd,r_e1bc9fb32f1f0e4aaac5,6,f32c5a0acd8aa00cc290d0019ecf4b9a8edb295f1ccbf71bac58b6105eb3234d
2024:4022720241842392087,p0020,c_d462176daa66ae6f7c0c,3396d7b660896abce2b7a79fea2d236e63632494efa1a74133eb1dec3ef46cfd,r_e1bc9fb32f1f0e4aaac5,6,f32c5a0acd8aa00cc290d0019ecf4b9a8edb295f1ccbf71bac58b6105eb3234d
2024:4022720241842394896,p0012,c_6f9ce1910d5bc217008c,c117bcffc22c059172f9e38015e238d3dc6e949af111b6cfd3527a6a9f3ebc85,r_75b5cf0824e38d63503f,9,a399e7a0f105264dad48216f375d4983a628857fd57a06e158cb5ad2188be28f
2024:4022720241842400807,p0012,c_6f9ce1910d5bc217008c,4e35c6aa739dc431c406c07d26793e9ad0295ee9f1120a6eb57bc7a02feabaf5,r_75b5cf0824e38d63503f,9,a399e7a0f105264dad48216f375d4983a628857fd57a06e158cb5ad2188be28f
2024:4022720241842403551,p0020,c_d462176daa66ae6f7c0c,06352913a08bc8557ec5c40817124756aaf2844ebe25700b5561c0b1d241e19b,r_e1bc9fb32f1f0e4aaac5,6,f32c5a0acd8aa00cc290d0019ecf4b9a8edb295f1ccbf71bac58b6105eb3234d
2024:4022720241842409807,p0012,c_6f9ce1910d5bc217008c,db818bee71d84c77e3be8f3e2657791beb614e7c2e34d9ede97db5e097883ba3,r_75b5cf0824e38d63503f,9,a399e7a0f105264dad48216f375d4983a628857fd57a06e158cb5ad2188be28f
2024:4022720241842413886,p0020,c_d462176daa66ae6f7c0c,fc43738cdfaf0dd32ab17d4374d49c2f2c817cbffb6f5d4a3370d145d70ba777,r_e1bc9fb32f1f0e4aaac5,6,f32c5a0acd8aa00cc290d0019ecf4b9a8edb295f1ccbf71bac58b6105eb3234d
2024:4022720241842414061,p0020,c_d462176daa66ae6f7c0c,433247e29ddc00535280c6176323df46de86b7e9cf0f9b88b63413db843f8162,r_e1bc9fb32f1f0e4aaac5,6,f32c5a0acd8aa00cc290d0019ecf4b9a8edb295f1ccbf71bac58b6105eb3234d
2024:4022720241842416007,p0011,c_6d78c941e832e66bc5f5,72ae323109abd8a5a6135bb70498d7b70edcdc5a6df91c73e07acbdb991f7fa0,r_993179b21d5761402e8e,13,136e23c2659e614f7daf19e0e365c8a536cafb725e086191dc5d2f4ac7fabb57
2024:4022720241842416338,p0020,c_d462176daa66ae6f7c0c,afe5438cfdb987191513ab18fd5a5385465fa88d3a3b781786d8680a1e350649,r_e1bc9fb32f1f0e4aaac5,6,f32c5a0acd8aa00cc290d0019ecf4b9a8edb295f1ccbf71bac58b6105eb3234d
2024:4022720241842416639,p0020,c_d462176daa66ae6f7c0c,4cce8199616d30987601fe87d12bc0570f287adb12d8347794986254d7162432,r_e1bc9fb32f1f0e4aaac5,6,f32c5a0acd8aa00cc290d0019ecf4b9a8edb295f1ccbf71bac58b6105eb3234d
2024:4022720241842416873,p0020,c_d462176daa66ae6f7c0c,b42a1eba5d24215662a8477d92a26af7ef6980edf0559294463394b9ed5ae6de,r_e1bc9fb32f1f0e4aaac5,6,f32c5a0acd8aa00cc290d0019ecf4b9a8edb295f1ccbf71bac58b6105eb3234d
2024:4022720241842419165,p0020,c_d462176daa66ae6f7c0c,2466176bb450f361e61e7a9c5112cc8a5d93da9244f14e45b1d0dd55f55c031d,r_e1bc9fb32f1f0e4aaac5,6,f32c5a0acd8aa00cc290d0019ecf4b9a8edb295f1ccbf71bac58b6105eb3234d
2024:4022720241842421720,p0020,c_d462176daa66ae6f7c0c,ec76ee685b5d90b2be5d676e4d40011f347e52a3687adb25c65f633ece994b96,r_e1bc9fb32f1f0e4aaac5,6,f32c5a0acd8aa00cc290d0019ecf4b9a8edb295f1ccbf71bac58b6105eb3234d
2024:4022720241842423525,p0020,c_25346886cb66823b3264,86bb8fd7be64f97293f49f0601430776fd224a3c287e5ccee77046124939486d,r_e1bc9fb32f1f0e4aaac5,6,5e0ffc28ab351d85327359d169f8f4beca1b11ad5553a762d6b8f23ae75ccbac
2024:4022720241842427023,p0020,c_d462176daa66ae6f7c0c,5bf596023343f1e79e5ce77a9af9514180d22513c7cc698f8ea8f81dfb3eddcb,r_e1bc9fb32f1f0e4aaac5,6,f32c5a0acd8aa00cc290d0019ecf4b9a8edb295f1ccbf71bac58b6105eb3234d
2024:4022720241842438454,p0020,c_d462176daa66ae6f7c0c,8e7d1ab4357e4cf6c4d899b01044749842021ed9a435cac0a246bdfd7e10e738,r_e1bc9fb32f1f0e4aaac5,6,f32c5a0acd8aa00cc290d0019ecf4b9a8edb295f1ccbf71bac58b6105eb3234d
2024:4022720241842438537,p0020,c_d462176daa66ae6f7c0c,2be2157abc2a3e0b09612a372fb2466246b145e5935e65530d6b03708e649dc3,r_e1bc9fb32f1f0e4aaac5,6,f32c5a0acd8aa00cc290d0019ecf4b9a8edb295f1ccbf71bac58b6105eb3234d
2024:4022720241842441334,p0020,c_d462176daa66ae6f7c0c,3cd30a85714f93c51cdeecd83b2e3db855f7b58b73e3a0ebaa9c31a1ce9f3a93,r_e1bc9fb32f1f0e4aaac5,6,f32c5a0acd8aa00cc290d0019ecf4b9a8edb295f1ccbf71bac58b6105eb3234d
2024:4022720241842445416,p0020,c_d462176daa66ae6f7c0c,a7a487e67efaec971d9e5bcf2356762a096e1b3f3dce2dfefd955ff6b34ba293,r_e1bc9fb32f1f0e4aaac5,6,f32c5a0acd8aa00cc290d0019ecf4b9a8edb295f1ccbf71bac58b6105eb3234d
2024:4022720241842445554,p0020,c_d462176daa66ae6f7c0c,fab71287cf3c61e20b33e8095e928e7bf9685d4da44d920f9b1de9678362d553,r_e1bc9fb32f1f0e4aaac5,6,f32c5a0acd8aa00cc290d0019ecf4b9a8edb295f1ccbf71bac58b6105eb3234d
2024:4022720241842463095,p0020,c_d462176daa66ae6f7c0c,32b5e3aec6c28373251ea87072c217db80386e1ef59b652afce0fd1406575cb7,r_e1bc9fb32f1f0e4aaac5,6,f32c5a0acd8aa00cc290d0019ecf4b9a8edb295f1ccbf71bac58b6105eb3234d
2024:4022720241842463172,p0020,c_d462176daa66ae6f7c0c,907645aa29e701327a1dab5e3de23d15e370d82f51d9a6067135ddaa1dfd5e47,r_e1bc9fb32f1f0e4aaac5,6,f32c5a0acd8aa00cc290d0019ecf4b9a8edb295f1ccbf71bac58b6105eb3234d
2024:4022720241842465710,p0020,c_d462176daa66ae6f7c0c,0cddf6e7022fb202eaf6028cf0b6bb4707b6f4bf563813b56749a2a7fd4b44a4,r_e1bc9fb32f1f0e4aaac5,6,f32c5a0acd8aa00cc290d0019ecf4b9a8edb295f1ccbf71bac58b6105eb3234d
2024:4022720241842465882,p0020,c_d462176daa66ae6f7c0c,7964f16ee7b60a76ff26a372704f891d0ffa2a3acf3aa1d8d060c9f7827cbe16,r_e1bc9fb32f1f0e4aaac5,6,f32c5a0acd8aa00cc290d0019ecf4b9a8edb295f1ccbf71bac58b6105eb3234d
2024:4022720241842468545,p0020,c_d462176daa66ae6f7c0c,94200bb9772d835e8274c09376f039f793bc68c5d015335f2f029468462cc7cb,r_e1bc9fb32f1f0e4aaac5,6,f32c5a0acd8aa00cc290d0019ecf4b9a8edb295f1ccbf71bac58b6105eb3234d
2024:4022720241842471196,p0020,c_d462176daa66ae6f7c0c,63cdfa8a42acd72068cf6f4d1d1753d592de2ee83e6a1595a2dcb8b1755c44ac,r_e1bc9fb32f1f0e4aaac5,6,f32c5a0acd8aa00cc290d0019ecf4b9a8edb295f1ccbf71bac58b6105eb3234d
2024:4022720241842471341,p0020,c_d462176daa66ae6f7c0c,f007cbd0d465ff4b26c8ccc241cb0ae58bec75f0d9d339a37e004d8cb326435e,r_e1bc9fb32f1f0e4aaac5,6,f32c5a0acd8aa00cc290d0019ecf4b9a8edb295f1ccbf71bac58b6105eb3234d
2024:4022720241842634715,p0015,c_0fd42dcea3bc783c9277,86e55395f39aab8c58b164b71469c7322beaa830f39031a41f5b32952755a92e,r_f7a1a92ebd7a39e06876,4,39f66eee0401d4f2e100c218775664800fdf49ebc7126a8765362bfa2f0631b2
2024:4022720241842741687,p0020,c_d462176daa66ae6f7c0c,4cec7392c7121b47499bed7699893c0e1851fad8f6a7ec05159ce7a3ef3f2aab,r_e1bc9fb32f1f0e4aaac5,6,f32c5a0acd8aa00cc290d0019ecf4b9a8edb295f1ccbf71bac58b6105eb3234d
2024:4022720241842741716,p0020,c_d462176daa66ae6f7c0c,baa7536f0663d1dba9e9b6f1402747017abfcb53756b15189000c12ef84a6bbc,r_e1bc9fb32f1f0e4aaac5,6,f32c5a0acd8aa00cc290d0019ecf4b9a8edb295f1ccbf71bac58b6105eb3234d
2024:4022720241842766311,p0020,c_d462176daa66ae6f7c0c,a1a8571120b9817d5225dcde90c5358dbb5620694b96f197a7d48b676946105d,r_e1bc9fb32f1f0e4aaac5,6,f32c5a0acd8aa00cc290d0019ecf4b9a8edb295f1ccbf71bac58b6105eb3234d
2024:4022720241843149314,p0004,c_c99e4c1e04a65f2743c2,f91754a1b2f2cd1ea2242bd58ddeaed111f83596be9a2c023304a1c23001f74d,r_948475ee1ff681d1e65b,11,fa78e4ce8a403cc42a8258d033736cebf7575cd2d5196a97f8b946453fd73714
2024:4022720241845039416,p0020,c_25346886cb66823b3264,bd2915287b647c1e6621915ee69531391148af51d0ebeeea2c3bd4c19ceb0c81,r_e1bc9fb32f1f0e4aaac5,6,5e0ffc28ab351d85327359d169f8f4beca1b11ad5553a762d6b8f23ae75ccbac
2024:4022720241850792193,p0020,c_25346886cb66823b3264,3757c6861bc9be2b05d2729c985dcad314b9b669e2b41fe249bc2e76c5aa90fb,r_e1bc9fb32f1f0e4aaac5,6,5e0ffc28ab351d85327359d169f8f4beca1b11ad5553a762d6b8f23ae75ccbac
2024:4022720241857185021,p0015,c_dd05fcb5866322438262,1d1cd02f2c91f3cf7df59f489bb1e51f3f9be59cdda0d463565d4a107d053c7c,r_f7a1a92ebd7a39e06876,9,7c69c8ee5b184648674e1743a4d66931e8d0beb2c3d7b3bd790f1ab8a76ae1cc
2024:4022720241857185036,p0004,c_c5b7995bf680414a0436,859033eb38bafe62976de479141437fe1f57854e0083b256dcd993103270c2a3,r_948475ee1ff681d1e65b,11,c34d288aa28210b6c2263fe274a7cab983f2c5feedd5885c5e03a71af74627dd
2024:4022720241857185037,p0004,c_c5b7995bf680414a0436,b98720242c8b3fbece0886d0bde21fa074d39617e40422b11e08ec32fae5ce19,r_948475ee1ff681d1e65b,11,c34d288aa28210b6c2263fe274a7cab983f2c5feedd5885c5e03a71af74627dd
2024:4022720241857185038,p0004,c_c5b7995bf680414a0436,8b6ea05eafa36dbc9d589b4d429fff92ef61033a43e3ed10b64338d982358062,r_948475ee1ff681d1e65b,11,c34d288aa28210b6c2263fe274a7cab983f2c5feedd5885c5e03a71af74627dd
2024:4022720241857185039,p0004,c_c5b7995bf680414a0436,c8331b7d99dc728fb9fd9431cf370fc3da1143cb86e6885cf85e498c3bad1145,r_948475ee1ff681d1e65b,11,c34d288aa28210b6c2263fe274a7cab983f2c5feedd5885c5e03a71af74627dd
2024:4022720241857185040,p0004,c_c5b7995bf680414a0436,d61e55c140934f5d6186595d61263cf6efa94e553c488265a3d8a840789a80fb,r_948475ee1ff681d1e65b,11,c34d288aa28210b6c2263fe274a7cab983f2c5feedd5885c5e03a71af74627dd
2024:4022720241857185041,p0004,c_c5b7995bf680414a0436,1e4e1d7607b582ac859a870189e705b186935d740214ff9e8ecff25cf7a2638a,r_948475ee1ff681d1e65b,11,c34d288aa28210b6c2263fe274a7cab983f2c5feedd5885c5e03a71af74627dd
2024:4022720241857185042,p0004,c_c5b7995bf680414a0436,679a3a3b64a19fa995a9ac86b352a0c3fdbb589e34f69bce6b782bb8a9dcbcff,r_948475ee1ff681d1e65b,11,c34d288aa28210b6c2263fe274a7cab983f2c5feedd5885c5e03a71af74627dd
2024:4022720241857185043,p0004,c_c5b7995bf680414a0436,24700049a9695d2195a0916ae93af8cc5a22028601af21c674243a2619723c40,r_948475ee1ff681d1e65b,11,c34d288aa28210b6c2263fe274a7cab983f2c5feedd5885c5e03a71af74627dd
2024:4022720241857185044,p0004,c_c5b7995bf680414a0436,c6a2f3e26536f922f412c89ee4fbf8eae07c44488f32498de50873b1f8611867,r_948475ee1ff681d1e65b,11,c34d288aa28210b6c2263fe274a7cab983f2c5feedd5885c5e03a71af74627dd
2024:4022720241857185045,p0004,c_c5b7995bf680414a0436,e799c8c804f7e1d3efc9ebc8b254058a66323f0409750ef1a80d1c232f33ee14,r_948475ee1ff681d1e65b,11,c34d288aa28210b6c2263fe274a7cab983f2c5feedd5885c5e03a71af74627dd
2024:4022720241857185081,p0015,c_dd05fcb5866322438262,2c704703da6e712026b0b908d4cc20effcfbf3b7365856dd74dc20205ffe6a76,r_f7a1a92ebd7a39e06876,9,7c69c8ee5b184648674e1743a4d66931e8d0beb2c3d7b3bd790f1ab8a76ae1cc
2024:4022720241857185082,p0004,c_c5b7995bf680414a0436,d7c7cc1fbadf65b42a4e98ba5654fc9e9fb9f862ce154a8aff1ed587818ad8dd,r_948475ee1ff681d1e65b,11,c34d288aa28210b6c2263fe274a7cab983f2c5feedd5885c5e03a71af74627dd
2024:4022720241857186671,p0020,c_ff6993ba2f374406ac24,cda3f0bfe78267a7fb2539b7332cc4f8c80c84abc31e692dd2aa61ef922fd1d2,r_e1bc9fb32f1f0e4aaac5,7,db60179b015bf6296ba5f0e627bba435743a932a8d1521afa568986e50abee3d
2024:4022720241857243878,p0009,c_b9c6825d43fd2209aee5,bec14b0f824c58c7d42c2a12ecb9371a2df585ae2fe437633217e6f84fb0ca94,r_dab5970845ebb9ffcf35,11,2f2727cdaad6c09f75103af92a1fbd8fabec12c1839c6a7bb33048d7f54c8e9f
2024:4022720241857243879,p0009,c_b9c6825d43fd2209aee5,70e1de1518f852a135f39599678521a1e2f75b37a5fe778b70871febe7e1b37a,r_dab5970845ebb9ffcf35,11,2f2727cdaad6c09f75103af92a1fbd8fabec12c1839c6a7bb33048d7f54c8e9f
2024:4022720241857243880,p0009,c_b9c6825d43fd2209aee5,b8c2abe2c79f586bc0d345622aec559d289c92f99f10d287d737259a63cfa4b8,r_dab5970845ebb9ffcf35,11,2f2727cdaad6c09f75103af92a1fbd8fabec12c1839c6a7bb33048d7f54c8e9f
2024:4022720251179160021,p0015,c_57d8e01958a38820d7b3,d187d3834e5af039ce7da1b0e2e658784059285a9a7160b5ea930078ca66e4bf,r_f7a1a92ebd7a39e06876,9,e1eeb1a02cf0c5e8880dcde66101d22100d9d3cc549caee3ae648fbe1c2a9692
2024:4022820241857719779,p0010,c_433597abc27c16d5e313,5271bca0e8eff22767ee54d55a43398723d3462d3400653ca4be0752bc6824b5,r_36381ff366645780c532,11,b26bdd1cce1031dd2c4f3810d9406c3fb9da4a10fd115591a3ab3bffd587c5a9
2024:4022820241857733874,p0010,c_3fdba6477347f59d07e7,d567da0ae16b889a7fa7a44844b89e68ca39a0c0f1930aabb7e577f5c74e10b8,r_36381ff366645780c532,11,aae33bc963a30bd1536b10834ed6f80806e8990021acd020d7bae0c104ed85ec
2024:4022820241857832632,p0015,c_ebae3f8d13725897bf1b,c92f316b86eb32d2a68928420b411fff5589244353e8576880668462e9db8789,r_f7a1a92ebd7a39e06876,9,1bbe97dc85afadbb33e1257847ce3d2d28c699e47e33f81ea0613671865bdb12
2024:4022820241857832633,p0015,c_ebae3f8d13725897bf1b,13458b561cba74dad12d3497313ef7187be99a43edfab82e3ac0ab88ecca36c1,r_f7a1a92ebd7a39e06876,9,1bbe97dc85afadbb33e1257847ce3d2d28c699e47e33f81ea0613671865bdb12
2024:4022820241857832673,p0010,c_3fdba6477347f59d07e7,069017a6a2e4c1901baf2930206fa1acbc043bac612a0a777c0f4684fe52e913,r_36381ff366645780c532,11,aae33bc963a30bd1536b10834ed6f80806e8990021acd020d7bae0c104ed85ec
2024:4022820241857832674,p0010,c_3fdba6477347f59d07e7,baa38a29139c272e6f275ebfe2a8780f5365e67e574812e12f8b07b3eb396c63,r_36381ff366645780c532,11,aae33bc963a30bd1536b10834ed6f80806e8990021acd020d7bae0c104ed85ec
2024:4022820241857834499,p0003,c_dcb61ff9a92a3152957c,cb381e9851003537cb5a56bb898b9a147fc5824e8ff5540fb915176238c99172,r_e539c4db14c890028fc2,9,4acb74a94e107976dd432d93e00ce54a9dc041ddc3de81dbcf9284d201005511
2024:4022820241857834500,p0003,c_dcb61ff9a92a3152957c,498cd10acbc4e8d2828754eff4fc1728d1c70103600b868da68cbd9c1e423c67,r_e539c4db14c890028fc2,9,4acb74a94e107976dd432d93e00ce54a9dc041ddc3de81dbcf9284d201005511
2024:4022820241857834501,p0003,c_dcb61ff9a92a3152957c,0e7832fdc26d2db99428d4b9fd7c394a0a9bfc76d05e6710e76060b111cdd55b,r_e539c4db14c890028fc2,9,4acb74a94e107976dd432d93e00ce54a9dc041ddc3de81dbcf9284d201005511
2024:4022820241857834535,p0002,c_43263d10d8d42de66ef1,c894dac1a3d7a484e716acd2af684b71f4680a46e488bd0f43de7e727523f9bf,r_153f6f4b0d25713d8371,11,e78dcd2ea9088c453f153dac7ceaa97df3ea12520b49aac6b5e652420267f0bb
2024:4022820241857899802,p0004,c_c99e4c1e04a65f2743c2,18c38107aa35c7b988b14bb65c52fc7391bf928fbf220bd3cdb7617349c77c25,r_948475ee1ff681d1e65b,11,fa78e4ce8a403cc42a8258d033736cebf7575cd2d5196a97f8b946453fd73714
2024:4022820241857899803,p0004,c_c99e4c1e04a65f2743c2,f39d26343c6d7bffd0c97683bf41d9a6e30f535f85faec75c334eeb0bda6514b,r_948475ee1ff681d1e65b,11,fa78e4ce8a403cc42a8258d033736cebf7575cd2d5196a97f8b946453fd73714
2024:4022820241857923473,p0004,c_c99e4c1e04a65f2743c2,3fce09c3b70d7399f1f3ee5acfb7173b8d8f32e125e061d3b62bf8dc8d5453c2,r_948475ee1ff681d1e65b,11,fa78e4ce8a403cc42a8258d033736cebf7575cd2d5196a97f8b946453fd73714
2024:4022820241857923474,p0004,c_c99e4c1e04a65f2743c2,56ab1fae1a89ad612d3fdf2b3f650ebdf344c2bcee75f4a8b9d61a5b1ec509c3,r_948475ee1ff681d1e65b,11,fa78e4ce8a403cc42a8258d033736cebf7575cd2d5196a97f8b946453fd73714
2024:4022820241857984628,p0014,c_1822128dbb0e70f13b7d,8ccf72c68275f8a42a69f228ca9757e9199a5e600adff3ecb96bda7989382a95,r_380f28d77df7a5db30a0,11,3730ea3adfe22f4ebbb2880a519ad669705118c89e210f07f7a9c1662d83b5e7
2024:4022820241857984629,p0014,c_1822128dbb0e70f13b7d,d949bef17b091746450009ed76027e0786cc49325e2b82fc494a1fc406775a3a,r_380f28d77df7a5db30a0,11,3730ea3adfe22f4ebbb2880a519ad669705118c89e210f07f7a9c1662d83b5e7
2024:4022820241857984630,p0014,c_1822128dbb0e70f13b7d,6c76aa3b9a3051c699bf0f129d0d157bb4f6629acb5782fbcf59604252f6a50e,r_380f28d77df7a5db30a0,11,3730ea3adfe22f4ebbb2880a519ad669705118c89e210f07f7a9c1662d83b5e7
2024:4022820241858009077,p0014,c_1822128dbb0e70f13b7d,4b1ce825f05925e871f2f125c516cdf9e767f184f828e96a2fa5ac9e7d3339e3,r_380f28d77df7a5db30a0,11,3730ea3adfe22f4ebbb2880a519ad669705118c89e210f07f7a9c1662d83b5e7
2024:4022820241858344463,p0015,c_64bead7d768cf473c8b4,69f8502f1466052d49bb5676de0e85d2f62d3943ffba96cecdd18f3ab6cb16f0,r_f7a1a92ebd7a39e06876,5,85bb21054a1c8d5a7bc85b430f5d4d0ab258fdd175590b9e5f0ed5a74d3fc010
2024:4022820241858347208,p0015,c_64bead7d768cf473c8b4,ec5980aa4249e20da2cb782fa4c387b66fe4ecc43a50d130eb4fd528ca017a3d,r_f7a1a92ebd7a39e06876,5,85bb21054a1c8d5a7bc85b430f5d4d0ab258fdd175590b9e5f0ed5a74d3fc010
2024:4022820241858368536,p0011,c_6d78c941e832e66bc5f5,0a11f8d56e40a031f083ef3da305c38fe8bb12d572ba5fae94d3b0007a043c74,r_993179b21d5761402e8e,13,136e23c2659e614f7daf19e0e365c8a536cafb725e086191dc5d2f4ac7fabb57
2024:4022820241858468233,p0015,c_b7ef2804bf57bb52fc74,e50fc4fac5f0615f14fe6fd5642a4be5f1df705c8195afc27cfebaa710c2fc96,r_f7a1a92ebd7a39e06876,4,3ccca02741162c96438590df375306c0001ffad569bc01b8de2e0250b4baa79d
2024:4022920241859450690,p0007,c_9c859fb024183d8954a6,1b7da40063c601051fdc9c2207a105ca2f4845159807e91f1cbcc4043d908e89,r_d781d1e025b21b40484f,9,d2cbf8c001b7c6c6c5c99a6e795d669e85cd83b561f4980de9fb8c0e3702cedd
2024:4022920241859572014,p0003,c_5c674a62aa12b11745d8,17ec884bb0ce554dedeef2388de0bf42a6ff02e69f9072aaa835ce021f5d9baf,r_e539c4db14c890028fc2,9,4ca381839bd88f09b6497e6b28b0e9fd49dab0305cc331b586fdd5be9c32099b
2024:4022920241860456011,p0009,c_b9c6825d43fd2209aee5,2f2841be77d4c0d6f791b8a7ef110675db97c5fb092af872531df9216e5f8624,r_dab5970845ebb9ffcf35,11,2f2727cdaad6c09f75103af92a1fbd8fabec12c1839c6a7bb33048d7f54c8e9f
2024:4022920241860982097,p0009,c_b9c6825d43fd2209aee5,60435b540c8330d1d6e879b0ab387832ee6f7b286569d50087894083dbe6595d,r_dab5970845ebb9ffcf35,11,2f2727cdaad6c09f75103af92a1fbd8fabec12c1839c6a7bb33048d7f54c8e9f
2024:4022920241862087452,p0009,c_b9c6825d43fd2209aee5,44522e4f72c85af95daf545b9f9ec03fa10c9a750cd382f52f95757717e1abd4,r_dab5970845ebb9ffcf35,11,2f2727cdaad6c09f75103af92a1fbd8fabec12c1839c6a7bb33048d7f54c8e9f
2024:4022920241862481781,p0011,c_6d78c941e832e66bc5f5,399c150a6203fc5b9539f4dbc2ade9c0727c34ca3203bf74b7e9828cd81908c0,r_993179b21d5761402e8e,13,136e23c2659e614f7daf19e0e365c8a536cafb725e086191dc5d2f4ac7fabb57
2024:4022920241862645892,p0011,c_6d78c941e832e66bc5f5,773a83f0a930b900d095d1abdbda3f915ef2ebf9826f05110d9e0b3d46e376ce,r_993179b21d5761402e8e,13,136e23c2659e614f7daf19e0e365c8a536cafb725e086191dc5d2f4ac7fabb57
2024:4022920241863291160,p0009,c_b9c6825d43fd2209aee5,8c76128f399a81e9a6dab1cb43b46d2e13817eba9fcbebadbb9c57f8f4058d64,r_dab5970845ebb9ffcf35,11,2f2727cdaad6c09f75103af92a1fbd8fabec12c1839c6a7bb33048d7f54c8e9f
2024:4022920241863709583,p0011,c_6d78c941e832e66bc5f5,4104c7649f53c8f17f2f06051531367ffe6fd5976782eb7a1e74399bd489d7d5,r_993179b21d5761402e8e,13,136e23c2659e614f7daf19e0e365c8a536cafb725e086191dc5d2f4ac7fabb57
2024:4022920241864085614,p0009,c_b9c6825d43fd2209aee5,37198d094fa742fe1255bc3f07e868d489799563387e8ad989725af81d734ba3,r_dab5970845ebb9ffcf35,11,2f2727cdaad6c09f75103af92a1fbd8fabec12c1839c6a7bb33048d7f54c8e9f
2024:4022920241865363607,p0011,c_6d78c941e832e66bc5f5,87e6accdd59bcc14b04e873f51edd66ad805aa09de639cccda526039beb00443,r_993179b21d5761402e8e,13,136e23c2659e614f7daf19e0e365c8a536cafb725e086191dc5d2f4ac7fabb57
2024:4022920241866648311,p0011,c_6d78c941e832e66bc5f5,435471801e4b98c95138ad319cef5b7b4c937bb2e533fc6d3c85a17cf79c3265,r_993179b21d5761402e8e,13,136e23c2659e614f7daf19e0e365c8a536cafb725e086191dc5d2f4ac7fabb57
2024:4022920241866771433,p0009,c_b9c6825d43fd2209aee5,cee3b8f150165d6be65b4e7609457b250ee0c2ce03a2ce34eaffbacdd430c8e5,r_dab5970845ebb9ffcf35,11,2f2727cdaad6c09f75103af92a1fbd8fabec12c1839c6a7bb33048d7f54c8e9f
2024:4022920241867193968,p0009,c_b9c6825d43fd2209aee5,1be68c26fcb933134357bde67da18517482e57aad2faac5b2972f1fd8b6a2f2e,r_dab5970845ebb9ffcf35,11,2f2727cdaad6c09f75103af92a1fbd8fabec12c1839c6a7bb33048d7f54c8e9f
2024:4022920241867443870,p0009,c_b9c6825d43fd2209aee5,d8ba36fc10c2439a77ad127a9ca36c666b586853dd0f5770ec2ef1a459bed5b9,r_dab5970845ebb9ffcf35,11,2f2727cdaad6c09f75103af92a1fbd8fabec12c1839c6a7bb33048d7f54c8e9f
2024:4022920241867508886,p0007,c_9c859fb024183d8954a6,014729d7057b0297df53c2f9bdb250282ac6f9ae565e4b47bf4c96938c746ae6,r_d781d1e025b21b40484f,9,d2cbf8c001b7c6c6c5c99a6e795d669e85cd83b561f4980de9fb8c0e3702cedd
2024:4030120241877861398,p0002,c_43263d10d8d42de66ef1,5abee5b7ab45601d47abc4b75d124662641ed13bc28161fa192348ad9336a42a,r_153f6f4b0d25713d8371,11,e78dcd2ea9088c453f153dac7ceaa97df3ea12520b49aac6b5e652420267f0bb
2024:4030120241877861399,p0002,c_43263d10d8d42de66ef1,a0881eb70fe55c2271649db9039327f53cc9d97e770c6548050e9c011174fe2d,r_153f6f4b0d25713d8371,11,e78dcd2ea9088c453f153dac7ceaa97df3ea12520b49aac6b5e652420267f0bb
2024:4030120241877861519,p0003,c_5c674a62aa12b11745d8,bb4410ec1233592a3300004a0482cb105b2db26a1846722716a864a68a0eb4ef,r_e539c4db14c890028fc2,9,4ca381839bd88f09b6497e6b28b0e9fd49dab0305cc331b586fdd5be9c32099b
2024:4030120241877861521,p0003,c_5c674a62aa12b11745d8,65e28c008b3a2df021fdaa7f8aa15a1e57465991b7e44c109c13674c55f5fb01,r_e539c4db14c890028fc2,9,4ca381839bd88f09b6497e6b28b0e9fd49dab0305cc331b586fdd5be9c32099b
2024:4030120241877861698,p0020,c_d462176daa66ae6f7c0c,1c8c01d4170cac7628db2e7807f74f9f75f20754326a6370be1d74dedb6db70d,r_e1bc9fb32f1f0e4aaac5,6,f32c5a0acd8aa00cc290d0019ecf4b9a8edb295f1ccbf71bac58b6105eb3234d
2024:4030120241877862015,p0020,c_d462176daa66ae6f7c0c,f58529f28efea835018476122d05a3aedf7558a1de208fc920b0a9d645e0dfe1,r_e1bc9fb32f1f0e4aaac5,6,f32c5a0acd8aa00cc290d0019ecf4b9a8edb295f1ccbf71bac58b6105eb3234d
2024:4030120241877863502,p0017,c_9482c33b8f0a32cee5b6,43968b2ee29e664f36bd38f1e0ef6c3dc74fb5fc0e049531d515a5c4eac0f891,r_ae41956a00997222c064,10,d3e65cd027ef425c5f38409abac63932b014879d1ed194546d75a96fdfd562f5
2024:4030320251179381182,p0009,c_b9c6825d43fd2209aee5,5349d0b3c0452962c595d033f2050cdd5f6f33596a1f04adee3d775cb4200cd8,r_dab5970845ebb9ffcf35,11,2f2727cdaad6c09f75103af92a1fbd8fabec12c1839c6a7bb33048d7f54c8e9f
2024:4030520251179548812,p0012,c_6f9ce1910d5bc217008c,a17f2a9a9f3119eac2c48f100b33c2e70a4a089725f2387f02436c54aae4e32b,r_75b5cf0824e38d63503f,9,a399e7a0f105264dad48216f375d4983a628857fd57a06e158cb5ad2188be28f
2024:4030520251179548813,p0012,c_6f9ce1910d5bc217008c,2113873646ea3c1cea37f432a8d245ce6eb8b60015436d819a365acdf4c3d8f3,r_75b5cf0824e38d63503f,9,a399e7a0f105264dad48216f375d4983a628857fd57a06e158cb5ad2188be28f
2024:4030520251179548814,p0012,c_6f9ce1910d5bc217008c,e4bdee0c6f65f7de8da8e2b6a3851bd229512c820c9a0b253ebaa20448e6f7d2,r_75b5cf0824e38d63503f,9,a399e7a0f105264dad48216f375d4983a628857fd57a06e158cb5ad2188be28f
2024:4030520251179548815,p0012,c_6f9ce1910d5bc217008c,023ecd2f80436183f9351b8aa4d1ef46b609620bd687ab1d3d0392bcfb3504c7,r_75b5cf0824e38d63503f,9,a399e7a0f105264dad48216f375d4983a628857fd57a06e158cb5ad2188be28f
2024:4030520251179548816,p0012,c_6f9ce1910d5bc217008c,c8b64705753a3c4450c9d3795ba2aeb3ac12e83b634e7439d5812b886cedf67b,r_75b5cf0824e38d63503f,9,a399e7a0f105264dad48216f375d4983a628857fd57a06e158cb5ad2188be28f
2024:4030520251179548817,p0012,c_6f9ce1910d5bc217008c,77aa87ff01fb31f10d07ab8837e585a168ab3fd1b951df70bb5457d1f95666af,r_75b5cf0824e38d63503f,9,a399e7a0f105264dad48216f375d4983a628857fd57a06e158cb5ad2188be28f
2024:4030520251179548818,p0012,c_6f9ce1910d5bc217008c,39c79ac199097217e80e5f59d00d8330c48791f4cea8427398ea0c082e23d0ed,r_75b5cf0824e38d63503f,9,a399e7a0f105264dad48216f375d4983a628857fd57a06e158cb5ad2188be28f
2024:4030520251179548819,p0012,c_6f9ce1910d5bc217008c,c11faf7520298dc12dc4df5569ad07095eeb9b8ec23ce8754a4339a6c8246340,r_75b5cf0824e38d63503f,9,a399e7a0f105264dad48216f375d4983a628857fd57a06e158cb5ad2188be28f
2024:4030520251179548820,p0012,c_6f9ce1910d5bc217008c,04e37c4215eb5b034f88482270c350e31cd4df8c50432fe23285b3e873fb16f1,r_75b5cf0824e38d63503f,9,a399e7a0f105264dad48216f375d4983a628857fd57a06e158cb5ad2188be28f
2024:4030520251179548821,p0012,c_6f9ce1910d5bc217008c,39655b8ab2e3eea7cd4fa6820f3d534dff2289542a4901dbc3d1ce26cf7db48d,r_75b5cf0824e38d63503f,9,a399e7a0f105264dad48216f375d4983a628857fd57a06e158cb5ad2188be28f
2024:4030620241880342061,p0004,c_c99e4c1e04a65f2743c2,d9927bc2b4940392a3ae358c191fcdc13acf5e77d3c9d4e15b165d0db3049308,r_948475ee1ff681d1e65b,11,fa78e4ce8a403cc42a8258d033736cebf7575cd2d5196a97f8b946453fd73714
2024:4030620241880342062,p0004,c_c99e4c1e04a65f2743c2,86e0265deeb674e29842c7c329383e1930ea0f7b8d70cf4cecadbf20aa71b8b6,r_948475ee1ff681d1e65b,11,fa78e4ce8a403cc42a8258d033736cebf7575cd2d5196a97f8b946453fd73714
2024:4030620241880342063,p0004,c_c99e4c1e04a65f2743c2,be0630dd6d356f6cbaf61b002bb9729278e2c5f6d9d85816ca5da78399bb811e,r_948475ee1ff681d1e65b,11,fa78e4ce8a403cc42a8258d033736cebf7575cd2d5196a97f8b946453fd73714
2024:4030620241882757885,p0012,c_127816033aeca7a4cf79,0981381d250dc27b78b757981c99ece64cc0d40cb3e4e5521563f7901ec57e48,r_75b5cf0824e38d63503f,4,753fb78ca36419228c58f6febcc585b3ca23151af6c178bbda69e3100412f949
2024:4031120251179905403,p0004,c_d81905e0da56c32c83bd,db28a3f19723c24c8bf1c2792e3b75104a43c9aebfae6ccf3381e497f35a96b2,r_948475ee1ff681d1e65b,6,20f20a9e05ed1ca26a58620b2cde7ab0148cd7fb9b7da2594f4127b1058cbdab
2024:4031220241884724653,p0008,c_fa36c342df32d6568701,404afee4ad257131c9ae8c0f650349b548861ffb1578cb15dcdbb120de9c99b7,r_ea71451d245b6218d4f0,6,9e95ed21d5a9d7cb896552848b527eede85c4d099c0926d0ff82b27f7973783c
2024:4031220241884730724,p0004,c_c0e269b9ba20b2de8232,badda3c8f9c8cd6cf6879c2ab30ae8ec164bf9440476e01e0ce22f79a109be69,r_948475ee1ff681d1e65b,11,27b1911f83e7f6152a20a0041e51011afb2e9ad1cb885be26543906ee642aaaf
2024:4031320241884767982,p0017,c_57986ce665c3a8e7a556,eced75389b253994169f3f782fda8ab2c35c99d7cdc37d8f252f9e05b668bf06,r_ae41956a00997222c064,6,f29a8069f036de21720077326f8806500a95792f477b9f26e0c53eb3ebb5b4e9
2024:4031320241884769260,p0010,c_3fdba6477347f59d07e7,64d30ee4562c68c5c9056a8119549e38560426f4511a2c28799d43da86077bc0,r_36381ff366645780c532,11,aae33bc963a30bd1536b10834ed6f80806e8990021acd020d7bae0c104ed85ec
2024:4031520231734431181,p0020,c_25346886cb66823b3264,0945f03f0352d1c5d3a7660728a08b1e1fab4c26158d3b4bdf59d2f8b7b32780,r_e1bc9fb32f1f0e4aaac5,6,5e0ffc28ab351d85327359d169f8f4beca1b11ad5553a762d6b8f23ae75ccbac
2024:4031820241885179290,p0003,c_5c674a62aa12b11745d8,94381caf207a7e594a4cc33b0c69ebc7ea5fc71f82b0d43ce7898f83ba1f0762,r_e539c4db14c890028fc2,9,4ca381839bd88f09b6497e6b28b0e9fd49dab0305cc331b586fdd5be9c32099b
2024:4031820251180302042,p0002,c_43263d10d8d42de66ef1,77382c2febd2f5590b9145d545ec62de1fa754849bc029f91f60f65be33003a6,r_153f6f4b0d25713d8371,11,e78dcd2ea9088c453f153dac7ceaa97df3ea12520b49aac6b5e652420267f0bb
2024:4031820251180302075,p0003,c_dcb61ff9a92a3152957c,d9154e4055b7f287906943b23e096793c4123551304c2f3dc98c9a784638cc1f,r_e539c4db14c890028fc2,9,4acb74a94e107976dd432d93e00ce54a9dc041ddc3de81dbcf9284d201005511
2024:4031920241885264684,p0004,c_95618629f10022c60464,860064df745e78265706356ebe04d9d021877d7b9108680900e517d7de812eea,r_948475ee1ff681d1e65b,11,b03350f054c821261247214afcaca579d29dac4d6e6455039d69db6ce7ac676c
2024:4032020241885328305,p0010,c_3fdba6477347f59d07e7,fbd342614a102c5685e18ab225dd4708c0209c65ec7c57fdaa0265f2cf081602,r_36381ff366645780c532,11,aae33bc963a30bd1536b10834ed6f80806e8990021acd020d7bae0c104ed85ec
2024:4032020241885328306,p0010,c_3fdba6477347f59d07e7,c0fd6bb0048a68ff8c1afb465ffaafc7907d64387abdb70ba70e425e26f9027b,r_36381ff366645780c532,11,aae33bc963a30bd1536b10834ed6f80806e8990021acd020d7bae0c104ed85ec
2024:4032020241885328389,p0015,c_ebae3f8d13725897bf1b,b477ec83ee943e6da2674a8dd9b16fe11435488f4bbde1258a85c8d5b270bf2f,r_f7a1a92ebd7a39e06876,9,1bbe97dc85afadbb33e1257847ce3d2d28c699e47e33f81ea0613671865bdb12
2024:4032020241885341854,p0015,c_be55d6a77f7c207d3129,14688ab85bba61be3d74386e83dc37a65c46fe924b8072962d63d9831289dce8,r_f7a1a92ebd7a39e06876,4,c757f945e71bd4a741f66319d2db6672c87c49aefb8afc0fd496b46fccbaddb3
2024:4032120241885402828,p0012,c_127816033aeca7a4cf79,5fa3c8967b8e9a7f6f544f08713345bb7bf70dcfa6acb605bdc9d87d214ba077,r_75b5cf0824e38d63503f,4,753fb78ca36419228c58f6febcc585b3ca23151af6c178bbda69e3100412f949
2024:4032120241885403248,p0013,c_57ff1d4160daea60fc87,85d72727a6cd4b6994e3e2e071433742ffe442082c38ff6257f65f62530ab1ec,r_2e07349418abdd1528c5,5,2c8685b443015c375bf3eb4c13d25ca9160387dd75be7d414189742b48366e2a
2024:4032120241885414087,p0010,c_3fdba6477347f59d07e7,c7f07bc9ee152dfcf535765182aaf60199576fcf915dba75c9b6ba9c653455da,r_36381ff366645780c532,11,aae33bc963a30bd1536b10834ed6f80806e8990021acd020d7bae0c104ed85ec
2024:4032220241885484003,p0017,c_1f6b411c141ee055c02b,46890bf4ddfb76348b4ade9a1e4ff14b3927eead7d177385cd05a60b56a16241,r_ae41956a00997222c064,9,8b800fe4282eef468603efa8c22ab0ff8f0714f54a544eef60593bf5539692f0
2024:4032420231738154560,p0015,c_57d8e01958a38820d7b3,9118cefe87aeae0358e95b3d24ce47706826c87e9e7e864231c3a19657ce12bf,r_f7a1a92ebd7a39e06876,9,e1eeb1a02cf0c5e8880dcde66101d22100d9d3cc549caee3ae648fbe1c2a9692
2024:4032420231738169037,p0004,c_c99e4c1e04a65f2743c2,06c0d174ceb88caa81f0f0df8804d3c3b906e01829b0dc57be9b09c48856f25c,r_948475ee1ff681d1e65b,11,fa78e4ce8a403cc42a8258d033736cebf7575cd2d5196a97f8b946453fd73714
2024:4032520241887491104,p0004,c_c5b7995bf680414a0436,52c186b86867500eade197eaa930f6ba84188b5b49a00fd38c9c05c919996034,r_948475ee1ff681d1e65b,11,c34d288aa28210b6c2263fe274a7cab983f2c5feedd5885c5e03a71af74627dd
2024:4032520241887491105,p0004,c_c5b7995bf680414a0436,67f8a075922f4023cede6c72b22713c1a1cba24288eef669a4e74f5f68fd0948,r_948475ee1ff681d1e65b,11,c34d288aa28210b6c2263fe274a7cab983f2c5feedd5885c5e03a71af74627dd
2024:4032520241887491106,p0004,c_c5b7995bf680414a0436,768fc4342ee7de1def5329d0711185ca3bbbbf113a6a088cb10945f3f22893ec,r_948475ee1ff681d1e65b,11,c34d288aa28210b6c2263fe274a7cab983f2c5feedd5885c5e03a71af74627dd
2024:4032520241887491107,p0004,c_c5b7995bf680414a0436,45bc816010f47a7df8ffdca5f80a142a20b0915a431a9018604797f8b992fe72,r_948475ee1ff681d1e65b,11,c34d288aa28210b6c2263fe274a7cab983f2c5feedd5885c5e03a71af74627dd
2024:4032520241887491108,p0004,c_c5b7995bf680414a0436,fa6b9c3bf797c12627bcdcc9460ce8b75e637517fba12a319334367ffa07928c,r_948475ee1ff681d1e65b,11,c34d288aa28210b6c2263fe274a7cab983f2c5feedd5885c5e03a71af74627dd
2024:4032520241887491109,p0004,c_c5b7995bf680414a0436,55883680a49470924b64bcd0f9e0a0272430a3d1d8d318e0a4dba28151564184,r_948475ee1ff681d1e65b,11,c34d288aa28210b6c2263fe274a7cab983f2c5feedd5885c5e03a71af74627dd
2024:4032520241887491110,p0004,c_c5b7995bf680414a0436,b2142c62253302fa56fe3384996cab73ea88c6b9f6575f8e54c8a3cff3e74ce4,r_948475ee1ff681d1e65b,11,c34d288aa28210b6c2263fe274a7cab983f2c5feedd5885c5e03a71af74627dd
2024:4032520241887491111,p0004,c_c5b7995bf680414a0436,c67c78954a84a2ca21a7dec954974f65c8cb906dc819f676c16ca94b8fa60653,r_948475ee1ff681d1e65b,11,c34d288aa28210b6c2263fe274a7cab983f2c5feedd5885c5e03a71af74627dd
2024:4032520241887491112,p0004,c_c5b7995bf680414a0436,3bb88d7aafd3980fc1236dc0a0d4425bd4b0deca8544b45596a1a750fe7fb2f8,r_948475ee1ff681d1e65b,11,c34d288aa28210b6c2263fe274a7cab983f2c5feedd5885c5e03a71af74627dd
2024:4032520241887491113,p0004,c_c5b7995bf680414a0436,b6b1301afaf5444591b00ec59db347c1e7b44d60d3987dc28faa9e68d27998c5,r_948475ee1ff681d1e65b,11,c34d288aa28210b6c2263fe274a7cab983f2c5feedd5885c5e03a71af74627dd
2024:4032520241887491114,p0004,c_c5b7995bf680414a0436,9c2587b2c9d59a22a43c2560f53626c00e15b0bf764ac5789a6bfba7def24612,r_948475ee1ff681d1e65b,11,c34d288aa28210b6c2263fe274a7cab983f2c5feedd5885c5e03a71af74627dd
2024:4032520241887491115,p0004,c_c5b7995bf680414a0436,d80f0425d9dbe365dfc9db18c13451aa9e2892116cbb76532ca246c8fdf5d322,r_948475ee1ff681d1e65b,11,c34d288aa28210b6c2263fe274a7cab983f2c5feedd5885c5e03a71af74627dd
2024:4032520241887491116,p0004,c_c5b7995bf680414a0436,5447afd0b5d842195d7cbed4abd7fc88bf9a9a0af7ef968e439232faee98245b,r_948475ee1ff681d1e65b,11,c34d288aa28210b6c2263fe274a7cab983f2c5feedd5885c5e03a71af74627dd
2024:4032520241887491117,p0004,c_c5b7995bf680414a0436,c84b08a746a256ffe36d15c5102d130829453dd50b2bfd77c7e203da060a1142,r_948475ee1ff681d1e65b,11,c34d288aa28210b6c2263fe274a7cab983f2c5feedd5885c5e03a71af74627dd
2024:4032520241887491118,p0004,c_c5b7995bf680414a0436,c1343d7e5536eb19f7dc4d99e4c6d4dd60071b123ead5b2227f01511d80d44e8,r_948475ee1ff681d1e65b,11,c34d288aa28210b6c2263fe274a7cab983f2c5feedd5885c5e03a71af74627dd
2024:4032520241887491119,p0004,c_c5b7995bf680414a0436,7c83d746422d55b19514f18ccd2f179fd747d24a6daf8a4bccf54353dd2ec637,r_948475ee1ff681d1e65b,11,c34d288aa28210b6c2263fe274a7cab983f2c5feedd5885c5e03a71af74627dd
2024:4032520241887491120,p0004,c_c5b7995bf680414a0436,635ce1aa14a3bdd31b7af175d057349a3c7673633e8a3d6043c588fda22741a2,r_948475ee1ff681d1e65b,11,c34d288aa28210b6c2263fe274a7cab983f2c5feedd5885c5e03a71af74627dd
2024:4032520241887491121,p0004,c_c5b7995bf680414a0436,4ece5d3e5da08c1404111aafe9f85bb3a1d1aa3512993d2a4c6039afeb65c877,r_948475ee1ff681d1e65b,11,c34d288aa28210b6c2263fe274a7cab983f2c5feedd5885c5e03a71af74627dd
2024:4032520241887491122,p0004,c_c5b7995bf680414a0436,44295ae3cd058548f9b491817ef6f8685709a8de9c17f534327a2db6915c0ad1,r_948475ee1ff681d1e65b,11,c34d288aa28210b6c2263fe274a7cab983f2c5feedd5885c5e03a71af74627dd
2024:4032520241887491123,p0004,c_c5b7995bf680414a0436,a9514c6fcb26d3c87268413a2543366f84de9ff538ace417acb27e6921a60de2,r_948475ee1ff681d1e65b,11,c34d288aa28210b6c2263fe274a7cab983f2c5feedd5885c5e03a71af74627dd
2024:4032520241887491124,p0004,c_c5b7995bf680414a0436,a32d9c3feaa826383311f9d01c697691372fc0f5b543a511a4e5d891c6d40e4e,r_948475ee1ff681d1e65b,11,c34d288aa28210b6c2263fe274a7cab983f2c5feedd5885c5e03a71af74627dd
2024:4032520241887491125,p0004,c_c5b7995bf680414a0436,400a5b2b761f43f936b1777392531c7981b9402841aa4fcf792a6a4aac7e068f,r_948475ee1ff681d1e65b,11,c34d288aa28210b6c2263fe274a7cab983f2c5feedd5885c5e03a71af74627dd
2024:4032520241887491126,p0004,c_c5b7995bf680414a0436,1d77b622ac8d22b5e36451d3718dfa134c21e3c40c574205a19739647f98845d,r_948475ee1ff681d1e65b,11,c34d288aa28210b6c2263fe274a7cab983f2c5feedd5885c5e03a71af74627dd
2024:4032520241887491127,p0004,c_c5b7995bf680414a0436,75f6c926ed2674303d2b4cdf543a3cf38390efc3176963823f5f14d170512696,r_948475ee1ff681d1e65b,11,c34d288aa28210b6c2263fe274a7cab983f2c5feedd5885c5e03a71af74627dd
2024:4032520241887491128,p0004,c_c5b7995bf680414a0436,afc0c6fe9f11919f3a86a3e3020301f7cfec5a3556558103cccbdfee00ac4a9b,r_948475ee1ff681d1e65b,11,c34d288aa28210b6c2263fe274a7cab983f2c5feedd5885c5e03a71af74627dd
2024:4032520241887491129,p0004,c_c5b7995bf680414a0436,7bd0e7222a83327f07db413fd533df6483125519adf8e887a942f608a87fd6a7,r_948475ee1ff681d1e65b,11,c34d288aa28210b6c2263fe274a7cab983f2c5feedd5885c5e03a71af74627dd
2024:4032520241887491130,p0004,c_c5b7995bf680414a0436,e6ab8084aafb36a3d43157f198bbf3421191a57d69604cc70c870565a9207257,r_948475ee1ff681d1e65b,11,c34d288aa28210b6c2263fe274a7cab983f2c5feedd5885c5e03a71af74627dd
2024:4032520241887491131,p0004,c_c5b7995bf680414a0436,eb2b12888dd1f7d7487ace4fc548336a0c7c0995a6e54c770c01732f997062e1,r_948475ee1ff681d1e65b,11,c34d288aa28210b6c2263fe274a7cab983f2c5feedd5885c5e03a71af74627dd
2024:4032520241887491132,p0004,c_c5b7995bf680414a0436,c621e5130c5d5a42c5e34d75285da6638c4e62a37b6edb264b08d41a8a453e46,r_948475ee1ff681d1e65b,11,c34d288aa28210b6c2263fe274a7cab983f2c5feedd5885c5e03a71af74627dd
2024:4032520241887491133,p0004,c_c5b7995bf680414a0436,f7b20ab125dd6cbe9759e45311205e859b109bc3db86a116a36d167d6e491296,r_948475ee1ff681d1e65b,11,c34d288aa28210b6c2263fe274a7cab983f2c5feedd5885c5e03a71af74627dd
2024:4032520241887491134,p0004,c_c5b7995bf680414a0436,21ffaa8c763118e280115817b3973bae34abd79c8395efa0be94f458a1a4fa00,r_948475ee1ff681d1e65b,11,c34d288aa28210b6c2263fe274a7cab983f2c5feedd5885c5e03a71af74627dd
2024:4032520241887491135,p0004,c_c5b7995bf680414a0436,6a3cf3a04930d8cd78208712e5d9f845434657111566ef4bd0ab9e60cfb77064,r_948475ee1ff681d1e65b,11,c34d288aa28210b6c2263fe274a7cab983f2c5feedd5885c5e03a71af74627dd
2024:4032520241887491136,p0004,c_c5b7995bf680414a0436,f906d08a011e8364e44c88ca5d5e47394d2f555931257bb31db1ec689e3e9a02,r_948475ee1ff681d1e65b,11,c34d288aa28210b6c2263fe274a7cab983f2c5feedd5885c5e03a71af74627dd
2024:4032520241887491137,p0004,c_c5b7995bf680414a0436,e0199e039376c66a3013f8ea76c3d6bc4046a421dc0e081e7c67b68eda22bf75,r_948475ee1ff681d1e65b,11,c34d288aa28210b6c2263fe274a7cab983f2c5feedd5885c5e03a71af74627dd
2024:4032520241887491138,p0004,c_c5b7995bf680414a0436,67cc70b82af7cc17bfb8eb27be6bc78de1e584bae957ab19264461d0b2307183,r_948475ee1ff681d1e65b,11,c34d288aa28210b6c2263fe274a7cab983f2c5feedd5885c5e03a71af74627dd
2024:4032520241887491139,p0004,c_c5b7995bf680414a0436,80ef55485d0dbc01f3c3191d292505d3fdf1dd089855b934e77571f2150cc7f2,r_948475ee1ff681d1e65b,11,c34d288aa28210b6c2263fe274a7cab983f2c5feedd5885c5e03a71af74627dd
2024:4032520241887491140,p0004,c_c5b7995bf680414a0436,8361300bad674551f96d1d76f100da9d8e07d4aabee25d6af7318fc23903d781,r_948475ee1ff681d1e65b,11,c34d288aa28210b6c2263fe274a7cab983f2c5feedd5885c5e03a71af74627dd
2024:4032520241887491141,p0004,c_c5b7995bf680414a0436,b010f99b9c8fd4a374c17892953af72c2af14762f0b75f0ba3ad0c8a758efa39,r_948475ee1ff681d1e65b,11,c34d288aa28210b6c2263fe274a7cab983f2c5feedd5885c5e03a71af74627dd
2024:4032520241887491142,p0004,c_c5b7995bf680414a0436,78eaacf7f6b566645efef5ba776ba2018334325ac70d1c3daca1b97f82bfa020,r_948475ee1ff681d1e65b,11,c34d288aa28210b6c2263fe274a7cab983f2c5feedd5885c5e03a71af74627dd
2024:4032520241887491143,p0004,c_c5b7995bf680414a0436,ff44f769180d1bc07721d7b734c9b676bd443994c6b658694fc021e2027cbb5e,r_948475ee1ff681d1e65b,11,c34d288aa28210b6c2263fe274a7cab983f2c5feedd5885c5e03a71af74627dd
2024:4032520241887491144,p0004,c_c5b7995bf680414a0436,33d30fb7e8e90267dee2fabbba58dd313b08846d3157e45b1b696824edd59149,r_948475ee1ff681d1e65b,11,c34d288aa28210b6c2263fe274a7cab983f2c5feedd5885c5e03a71af74627dd
2024:4032520241887491145,p0004,c_c5b7995bf680414a0436,bc5a63af981c903bdb6fb570256e3128249b50f723f4691271f6908389a6f73f,r_948475ee1ff681d1e65b,11,c34d288aa28210b6c2263fe274a7cab983f2c5feedd5885c5e03a71af74627dd
2024:4032520241887491146,p0004,c_c5b7995bf680414a0436,160c4bddf1a8c18cbb64f0d0289cfb9cb3d7bf85fea902b887afb5af7b6c47e1,r_948475ee1ff681d1e65b,11,c34d288aa28210b6c2263fe274a7cab983f2c5feedd5885c5e03a71af74627dd
2024:4032520241887491147,p0004,c_c5b7995bf680414a0436,e37b02880465feb098e5a07a5fecab04123b9b2b8bde5bd7be266f20822c2a9d,r_948475ee1ff681d1e65b,11,c34d288aa28210b6c2263fe274a7cab983f2c5feedd5885c5e03a71af74627dd
2024:4032520241887491148,p0004,c_c5b7995bf680414a0436,f58260a2c234f8acbc47bf04dd241cb40ad4d9310906d05aed5af50099fc008d,r_948475ee1ff681d1e65b,11,c34d288aa28210b6c2263fe274a7cab983f2c5feedd5885c5e03a71af74627dd
2024:4032520241887491149,p0004,c_c5b7995bf680414a0436,5e19d139f946dc1402d36ddf2e5149182f7f37e3c0e1b8cbc773de9cbcf38c56,r_948475ee1ff681d1e65b,11,c34d288aa28210b6c2263fe274a7cab983f2c5feedd5885c5e03a71af74627dd
2024:4032520241887491150,p0004,c_c5b7995bf680414a0436,a8363e6911604c5aef3f0a065c9264aabe1ccb355ca5682d4b09b1c9cf5c0e1a,r_948475ee1ff681d1e65b,11,c34d288aa28210b6c2263fe274a7cab983f2c5feedd5885c5e03a71af74627dd
2024:4032520241887491151,p0004,c_c5b7995bf680414a0436,d32a96392f3e35096f58e8b310484271337fa6ef7591036618bd11094c88fd29,r_948475ee1ff681d1e65b,11,c34d288aa28210b6c2263fe274a7cab983f2c5feedd5885c5e03a71af74627dd
2024:4032520241887491152,p0004,c_c5b7995bf680414a0436,978c8eb693573ba409dae327f0117aac944b1fc8231a37cb214d27ef666ec4b4,r_948475ee1ff681d1e65b,11,c34d288aa28210b6c2263fe274a7cab983f2c5feedd5885c5e03a71af74627dd
2024:4032520241887491153,p0004,c_c5b7995bf680414a0436,321251dc5c6a5b6d2b38a4dceae3b3fd27b30341c44925ed2def6efe5ee4324e,r_948475ee1ff681d1e65b,11,c34d288aa28210b6c2263fe274a7cab983f2c5feedd5885c5e03a71af74627dd
2024:4032520241887491154,p0004,c_c5b7995bf680414a0436,e48e283ecfc0541f8e3380e74cd47a6bd4a28bb03d4b03648b4b23d5b3c85bba,r_948475ee1ff681d1e65b,11,c34d288aa28210b6c2263fe274a7cab983f2c5feedd5885c5e03a71af74627dd
2024:4032520241887491155,p0004,c_c5b7995bf680414a0436,fb8ee847352f4e58886c9015206c6c3f16f8b14f7c6906c1d17d4cafda84a088,r_948475ee1ff681d1e65b,11,c34d288aa28210b6c2263fe274a7cab983f2c5feedd5885c5e03a71af74627dd
2024:4032520241887491156,p0004,c_c5b7995bf680414a0436,e80bf385c614cdcf9bdf603307f06edb0afb240543a5dc3e4a4aea51160b82fc,r_948475ee1ff681d1e65b,11,c34d288aa28210b6c2263fe274a7cab983f2c5feedd5885c5e03a71af74627dd
2024:4032520241887491157,p0004,c_c5b7995bf680414a0436,8541d9b05529de6e84ca870a553db442dc52148101d73136eb2f42ecb9a96a2f,r_948475ee1ff681d1e65b,11,c34d288aa28210b6c2263fe274a7cab983f2c5feedd5885c5e03a71af74627dd
2024:4032520241887491158,p0004,c_c5b7995bf680414a0436,b0f6b8c343c18a56edfdbe376a0d80c18a6faf3b6ed3cfb50028923be9ba4922,r_948475ee1ff681d1e65b,11,c34d288aa28210b6c2263fe274a7cab983f2c5feedd5885c5e03a71af74627dd
2024:4032520241887491159,p0004,c_c5b7995bf680414a0436,b1d6a66be6203bc3cf13ec3d56c0982e3c5dc877985d2aba96362edd21123ab2,r_948475ee1ff681d1e65b,11,c34d288aa28210b6c2263fe274a7cab983f2c5feedd5885c5e03a71af74627dd
2024:4032520241887491160,p0004,c_c5b7995bf680414a0436,4108109f13453d2eea44dd65e9100af6ebdc9ac9fdb85dfbd64156099198bd2b,r_948475ee1ff681d1e65b,11,c34d288aa28210b6c2263fe274a7cab983f2c5feedd5885c5e03a71af74627dd
2024:4032520241887491161,p0004,c_c5b7995bf680414a0436,731af1866cdeaffb9608ee5a79d4cff5db60e599706cc4682a9c15f45af90471,r_948475ee1ff681d1e65b,11,c34d288aa28210b6c2263fe274a7cab983f2c5feedd5885c5e03a71af74627dd
2024:4032520241887491162,p0004,c_c5b7995bf680414a0436,276dfce01e03c629cafb601a50a10b6ffebca311a208d5b2b0e5fa34f9bac5fa,r_948475ee1ff681d1e65b,11,c34d288aa28210b6c2263fe274a7cab983f2c5feedd5885c5e03a71af74627dd
2024:4032520241887491163,p0004,c_c5b7995bf680414a0436,528d089e80c21b46d0324133152c94bb4752633c3e13e2a35e2b03c8aa1bcabc,r_948475ee1ff681d1e65b,11,c34d288aa28210b6c2263fe274a7cab983f2c5feedd5885c5e03a71af74627dd
2024:4032520241887491164,p0004,c_c5b7995bf680414a0436,7fe60bd4265606cb991be2f3a59344b9c63504b67b6c62b5a16ee0a1a2db74e7,r_948475ee1ff681d1e65b,11,c34d288aa28210b6c2263fe274a7cab983f2c5feedd5885c5e03a71af74627dd
2024:4032520241887491165,p0004,c_c5b7995bf680414a0436,7bc6a5e01491d3383e39fad658aa608862ee2d98a74384bf7b6e081f4e34883d,r_948475ee1ff681d1e65b,11,c34d288aa28210b6c2263fe274a7cab983f2c5feedd5885c5e03a71af74627dd
2024:4032520241887491166,p0004,c_c5b7995bf680414a0436,ec1c82b0dd6acdb7a14af1e09f39b15f7baf2823424989282ef1e30060bee245,r_948475ee1ff681d1e65b,11,c34d288aa28210b6c2263fe274a7cab983f2c5feedd5885c5e03a71af74627dd
2024:4032520241887491167,p0004,c_c5b7995bf680414a0436,2946cbc4e5e85872ec4f06a41c4d19964b482ec628a6aae9a7a66fb2258b8f05,r_948475ee1ff681d1e65b,11,c34d288aa28210b6c2263fe274a7cab983f2c5feedd5885c5e03a71af74627dd
2024:4032520241887491168,p0004,c_c5b7995bf680414a0436,5a9a52d2fda88dcf569cec7243378dea249c8b927844ee7ddfc681256d6a1bdf,r_948475ee1ff681d1e65b,11,c34d288aa28210b6c2263fe274a7cab983f2c5feedd5885c5e03a71af74627dd
2024:4032520241887491169,p0004,c_c5b7995bf680414a0436,bde2fcfd5dadb390d1de4afd858762cd4ddc804eb37542919e01ce6df721f23e,r_948475ee1ff681d1e65b,11,c34d288aa28210b6c2263fe274a7cab983f2c5feedd5885c5e03a71af74627dd
2024:4032520241887491170,p0004,c_c5b7995bf680414a0436,74ee6c4233f193a839cb5057f868b8736baadf7cbe7d63b8fbde378f38fbc81f,r_948475ee1ff681d1e65b,11,c34d288aa28210b6c2263fe274a7cab983f2c5feedd5885c5e03a71af74627dd
2024:4032520241887491171,p0004,c_c5b7995bf680414a0436,ca4b72ae4d3313d3ff86ac583e6affcef0b0027c2f9fa109bf236a04fb50a303,r_948475ee1ff681d1e65b,11,c34d288aa28210b6c2263fe274a7cab983f2c5feedd5885c5e03a71af74627dd
2024:4032520241887491307,p0004,c_c5b7995bf680414a0436,63c81efc5f59037040b6faf5c57443ec0ae0d6dea7e2fab15a6b46051f830d83,r_948475ee1ff681d1e65b,11,c34d288aa28210b6c2263fe274a7cab983f2c5feedd5885c5e03a71af74627dd
2024:4032520251181294195,p0013,c_f403b4b143a23ffe823d,cd802be1f6ba3d88127c44833b47f4995d11479ae925922dc62398c6b83b0578,r_2e07349418abdd1528c5,9,938f5e5e31027a82502cc4f45931241a0dc1daa6c6b2e16061ada9c64d9ded82
2024:4032520251181298640,p0013,c_f403b4b143a23ffe823d,6ab6ccb14801144ac4828a0ddd01f7cf0df659ab49539fb1c91fdd2f6a8cc4f5,r_2e07349418abdd1528c5,9,938f5e5e31027a82502cc4f45931241a0dc1daa6c6b2e16061ada9c64d9ded82
2024:4032620241887526755,p0003,c_dcb61ff9a92a3152957c,1a57809893bf4ce9c292fb9b3d750d3a268e19233776e1280d222891d73404d0,r_e539c4db14c890028fc2,9,4acb74a94e107976dd432d93e00ce54a9dc041ddc3de81dbcf9284d201005511
2024:4032620241887581283,p0004,c_c99e4c1e04a65f2743c2,775c568e33d391dcc80190830ce571e77ab636d952dc8020d520e57b08932d7d,r_948475ee1ff681d1e65b,11,fa78e4ce8a403cc42a8258d033736cebf7575cd2d5196a97f8b946453fd73714
2024:4032620241887747297,p0004,c_c0e269b9ba20b2de8232,078cf5af3fab2cead66331ef6bd9aacb2d1c8fb4801f470940c628e26737c90e,r_948475ee1ff681d1e65b,11,27b1911f83e7f6152a20a0041e51011afb2e9ad1cb885be26543906ee642aaaf
2024:4032620241887768551,p0004,c_c0e269b9ba20b2de8232,e70816b9cd498934d12cc1f2184477df1eccaca990291a0254fce1cb42d52579,r_948475ee1ff681d1e65b,11,27b1911f83e7f6152a20a0041e51011afb2e9ad1cb885be26543906ee642aaaf
2024:4032720241887808217,p0004,c_c99e4c1e04a65f2743c2,6e4be3b674be82e2bfc9b273c4ec7cfc52c3255115c02e8fd2c05f859c4369f7,r_948475ee1ff681d1e65b,11,fa78e4ce8a403cc42a8258d033736cebf7575cd2d5196a97f8b946453fd73714
2024:4032720241887811573,p0004,c_c0e269b9ba20b2de8232,f137b11cda83f060c9101cbb865f52003e487584636a7d351ec3a4f345ac4c53,r_948475ee1ff681d1e65b,11,27b1911f83e7f6152a20a0041e51011afb2e9ad1cb885be26543906ee642aaaf
2024:4032720251181485263,p0003,c_5c674a62aa12b11745d8,86c66cab70b882d0f4bc65a3c1e3d4bfe99f1105f4b13666ca7595d8c651f68a,r_e539c4db14c890028fc2,9,4ca381839bd88f09b6497e6b28b0e9fd49dab0305cc331b586fdd5be9c32099b
2024:4032720251181485264,p0003,c_5c674a62aa12b11745d8,65a37c517e920b7441c42c0b01f7bf800675d519cad323650eea6f83127ef1b3,r_e539c4db14c890028fc2,9,4ca381839bd88f09b6497e6b28b0e9fd49dab0305cc331b586fdd5be9c32099b
2024:4032720251181489226,p0002,c_43263d10d8d42de66ef1,3e768e9336b319b8f6258628716cbe65ae87e1b2b47386d11b136df1bda06664,r_153f6f4b0d25713d8371,11,e78dcd2ea9088c453f153dac7ceaa97df3ea12520b49aac6b5e652420267f0bb
2024:4032720251181489227,p0002,c_43263d10d8d42de66ef1,b5bb0a653a5d912ce5f4fd1ad3fa11166b8f0ed23fbe47394d7d5ac61a285593,r_153f6f4b0d25713d8371,11,e78dcd2ea9088c453f153dac7ceaa97df3ea12520b49aac6b5e652420267f0bb
2024:4032820241888160358,p0004,c_c99e4c1e04a65f2743c2,178fff3843979ba849656c9b66fb894031e64e2e6b7d28f7572ba9acbbbd27c0,r_948475ee1ff681d1e65b,11,fa78e4ce8a403cc42a8258d033736cebf7575cd2d5196a97f8b946453fd73714
2024:4032920241888291250,p0017,c_842a9f30aa221c42aed0,eb63295f923c1925118e8c60b1ccdb2e9e3c22e81415f69354569fae83d969b1,r_ae41956a00997222c064,9,34500497f9529e14fdfdbc794a7ff7a3c0d5d05923d326b6e0039b303de1ba7b
2024:4032920241888294663,p0017,c_842a9f30aa221c42aed0,38a5eadcc98cdc2bfad8a2894c2eb8b185e4cad0c4f0bccf6a3afb4e96637833,r_ae41956a00997222c064,9,34500497f9529e14fdfdbc794a7ff7a3c0d5d05923d326b6e0039b303de1ba7b
2024:4033020241888418033,p0004,c_c5b7995bf680414a0436,f6217ba9cc525e13813ec2fb35a8a617fa92814ad2f470a144a622c728d7c0ff,r_948475ee1ff681d1e65b,11,c34d288aa28210b6c2263fe274a7cab983f2c5feedd5885c5e03a71af74627dd
2024:4033120251181742467,p0020,c_ff6993ba2f374406ac24,fc2a2f25e3d56e481d1f52d547b5a99dd29b974b8406378e9d3a6ceec8627904,r_e1bc9fb32f1f0e4aaac5,7,db60179b015bf6296ba5f0e627bba435743a932a8d1521afa568986e50abee3d
2024:4033120251181742469,p0020,c_ff6993ba2f374406ac24,b746e6bc21c35e3b54e84e4f61779de7fe4bb3e1e23c58558f8e3175bf6b2d5d,r_e1bc9fb32f1f0e4aaac5,7,db60179b015bf6296ba5f0e627bba435743a932a8d1521afa568986e50abee3d
2024:4033120251181746524,p0002,c_43263d10d8d42de66ef1,6fb03380d322b389b852e0eeb5cfd9474ddbfaeccd0dacafb47f17e4c0a9382e,r_153f6f4b0d25713d8371,11,e78dcd2ea9088c453f153dac7ceaa97df3ea12520b49aac6b5e652420267f0bb
2024:4033120251181748027,p0003,c_dcb61ff9a92a3152957c,993e2c0dc1d28380c87cc6aba86945c31f006702c327b2d588a601c7ff90d363,r_e539c4db14c890028fc2,9,4acb74a94e107976dd432d93e00ce54a9dc041ddc3de81dbcf9284d201005511
2024:4033120251181752359,p0002,c_43263d10d8d42de66ef1,f64ac1ddfc3426aa31a21360038bce55bf4dbc2e54b52f3ae39c138d5a983838,r_153f6f4b0d25713d8371,11,e78dcd2ea9088c453f153dac7ceaa97df3ea12520b49aac6b5e652420267f0bb
2024:4033120251181752360,p0002,c_43263d10d8d42de66ef1,dc9b408b330f0079f9a7b395052f27ddb762db6a7295a8b352663fb23fea7f47,r_153f6f4b0d25713d8371,11,e78dcd2ea9088c453f153dac7ceaa97df3ea12520b49aac6b5e652420267f0bb
2024:4033120251181752361,p0002,c_43263d10d8d42de66ef1,f494ffd6342b39194b25cb10b33fa05ceb4bfe8daac1e1d3eeae46689c0b7fec,r_153f6f4b0d25713d8371,11,e78dcd2ea9088c453f153dac7ceaa97df3ea12520b49aac6b5e652420267f0bb
2024:4033120251181754411,p0003,c_dcb61ff9a92a3152957c,8128366bbd3a633bf734128c2d0879b69eb6b57f89e2c2f4876f00fb6f0ec6e5,r_e539c4db14c890028fc2,9,4acb74a94e107976dd432d93e00ce54a9dc041ddc3de81dbcf9284d201005511
2024:4033120251181754413,p0003,c_dcb61ff9a92a3152957c,3b1d34f4f8e90033160a45ec4535f78225a7b78285e34c9ec5c29e1dfd4e17d6,r_e539c4db14c890028fc2,9,4acb74a94e107976dd432d93e00ce54a9dc041ddc3de81dbcf9284d201005511
2024:4033120251181754414,p0003,c_dcb61ff9a92a3152957c,3b971677a1c413489ec87119a175bfdbe6501dc66608a0232e15a5e051afdd0c,r_e539c4db14c890028fc2,9,4acb74a94e107976dd432d93e00ce54a9dc041ddc3de81dbcf9284d201005511
2024:4033120251182160217,p0012,c_127816033aeca7a4cf79,4f1e9cd6d0896460553b6bc94aa7316cdb6471ee9a2de602c1862379648f70a9,r_75b5cf0824e38d63503f,4,753fb78ca36419228c58f6febcc585b3ca23151af6c178bbda69e3100412f949
2024:4040120241888451435,p0004,c_c99e4c1e04a65f2743c2,4205cff97c0982ddd9fd1c6e87ed47c9fc4d291ccf76bce801eaf18cf1d207e1,r_948475ee1ff681d1e65b,11,fa78e4ce8a403cc42a8258d033736cebf7575cd2d5196a97f8b946453fd73714
2024:4040120241888451935,p0004,c_c99e4c1e04a65f2743c2,6cb4edc00a5a5ea5c786018d8f29d2686911ba28dcf2968f74b3b3abc6d92544,r_948475ee1ff681d1e65b,11,fa78e4ce8a403cc42a8258d033736cebf7575cd2d5196a97f8b946453fd73714
2024:4040120241888451937,p0004,c_c99e4c1e04a65f2743c2,11442630f1e2dc39485829a336e14443bfe9ec2b5e0539bb88d30b1abe8d2313,r_948475ee1ff681d1e65b,11,fa78e4ce8a403cc42a8258d033736cebf7575cd2d5196a97f8b946453fd73714
2024:4041020241888882837,p0017,c_4cace8d09b215d03173e,be038f4718ec0e682a2721a66c38abf05ef7e7387ea3285bd347e9fe3f568989,r_ae41956a00997222c064,6,90f62b5b771c01fb191ca2514dc72eb2cda7ad285fbc8ec3210017f7e00a0214
2024:4041120231738728676,p0009,c_b9c6825d43fd2209aee5,0d5703d5881e8c61c3b0d0407def3cab6c7d87c5bfc8499f58f471d584144ab2,r_dab5970845ebb9ffcf35,11,2f2727cdaad6c09f75103af92a1fbd8fabec12c1839c6a7bb33048d7f54c8e9f
2024:4041120241889022852,p0004,c_c99e4c1e04a65f2743c2,1f8dbb1bbd33dde25e4cb87e38479608ab94c2bb596071eef368d57963851bef,r_948475ee1ff681d1e65b,11,fa78e4ce8a403cc42a8258d033736cebf7575cd2d5196a97f8b946453fd73714
2024:4041120241891206617,p0004,c_c99e4c1e04a65f2743c2,535e696e9bc3695e1c9971c01c8cd65f6435516251ee7b5bbc44727b7fb7e209,r_948475ee1ff681d1e65b,11,fa78e4ce8a403cc42a8258d033736cebf7575cd2d5196a97f8b946453fd73714
2024:4041120241892962320,p0013,c_8a1a5855130904f79704,a7443ef0e589a9dd08de897b4e43e79b2497b87d29af40ce4e085ee5fbc30d58,r_2e07349418abdd1528c5,5,449a1e87a9396841a143ae967583c35980120855d99a43f31b774666b5bf82f6
2024:4041120241893643726,p0012,c_127816033aeca7a4cf79,8c810c84e11957c59e91a7cb5dcf9c7ba69b571b023b17597c5af3182ddd7783,r_75b5cf0824e38d63503f,4,753fb78ca36419228c58f6febcc585b3ca23151af6c178bbda69e3100412f949
2024:4041120241893643733,p0012,c_127816033aeca7a4cf79,0241d305af4b9752cc7b29a5b8a75f50c8238199f6f8056a410523ff30067496,r_75b5cf0824e38d63503f,4,753fb78ca36419228c58f6febcc585b3ca23151af6c178bbda69e3100412f949
2024:4041120241893643734,p0012,c_127816033aeca7a4cf79,7c801d2dce89936e446429b2d1e18ae50d528c25d698f37ead29381637a2bd65,r_75b5cf0824e38d63503f,4,753fb78ca36419228c58f6febcc585b3ca23151af6c178bbda69e3100412f949
2024:4041120241893643735,p0012,c_127816033aeca7a4cf79,adedf3d6b7e4aae8c81843be0da9812a7b62473daa2e12673315c04b08708c95,r_75b5cf0824e38d63503f,4,753fb78ca36419228c58f6febcc585b3ca23151af6c178bbda69e3100412f949
2024:4041120241894958459,p0004,c_c99e4c1e04a65f2743c2,97d94b7fd309a5a887fa1db91a12cb785c5f6e62fcc19f7735fac129757aa706,r_948475ee1ff681d1e65b,11,fa78e4ce8a403cc42a8258d033736cebf7575cd2d5196a97f8b946453fd73714
2024:4041120251183636038,p0015,c_57d8e01958a38820d7b3,7f8c7e864c423ed7eaa53ba491ad4b7e00fb9ed819cb2ece0f2e740f235acd3b,r_f7a1a92ebd7a39e06876,9,e1eeb1a02cf0c5e8880dcde66101d22100d9d3cc549caee3ae648fbe1c2a9692
2024:4041120251183636058,p0012,c_58afacf4d83e61067246,31f1227e7314d21f9fa2f2ccf2390215058ca981ea6b4ef37c326a9cad67ee41,r_75b5cf0824e38d63503f,9,c9787ea95db4e54aed9d4800cc5f89ebb67059567fa987043201f5670929f1a2
2024:4041120251183639033,p0017,c_ff59c0ef8d551ff6dcf0,4134a00dae31bda89603077cb78852de3668bd9c3e9cfc58cb2a21535ce0baf5,r_ae41956a00997222c064,10,7aedc3fda33625433e0a39eaa79d585bcbe2fac6c4db161cd2ed893af121e78a
2024:4041120251183643920,p0015,c_dd05fcb5866322438262,eb7180ecff7d7dc9724fb4d90c3a5d176e3956bb7e8c1c17d0d57c09c0b78eb6,r_f7a1a92ebd7a39e06876,9,7c69c8ee5b184648674e1743a4d66931e8d0beb2c3d7b3bd790f1ab8a76ae1cc
2024:4041120251183645261,p0012,c_58afacf4d83e61067246,f70afbddd01395eb5b20865b4f9902567b84399b62302a3a9a242c81f2601568,r_75b5cf0824e38d63503f,9,c9787ea95db4e54aed9d4800cc5f89ebb67059567fa987043201f5670929f1a2
2024:4041120251183678359,p0014,c_1822128dbb0e70f13b7d,9600eb97981fd70952617e36aa0d3db7f16675ab358903b889f98c52bf57c5e4,r_380f28d77df7a5db30a0,11,3730ea3adfe22f4ebbb2880a519ad669705118c89e210f07f7a9c1662d83b5e7
2024:4041120251183683087,p0012,c_6f9ce1910d5bc217008c,481aa2be1bdc049cc0e95c635331d51707a67a5f89708ef8ca809f0fd0c35b5b,r_75b5cf0824e38d63503f,9,a399e7a0f105264dad48216f375d4983a628857fd57a06e158cb5ad2188be28f
2024:4041120251183684853,p0012,c_4d2b759b329bb58cbcfa,3755c54c62b5be912727f1379866fe7a017a360ef20c166733c8d936803c19ca,r_75b5cf0824e38d63503f,9,13b6ed919d9e0620186271caf124d06fdef6c7b124d695ab1d76aaf312d87425
2024:4041220241895658082,p0020,c_ff6993ba2f374406ac24,d2f01857df3337bc7fd92337bdb3dd438d260a3f843fbece75f7b4f9861a963e,r_e1bc9fb32f1f0e4aaac5,7,db60179b015bf6296ba5f0e627bba435743a932a8d1521afa568986e50abee3d
2024:4041320231738892293,p0015,c_57d8e01958a38820d7b3,d23c5949f2af53cb692bfa23963c5a1436f5baa60567fc4b5f57b58ec6696691,r_f7a1a92ebd7a39e06876,9,e1eeb1a02cf0c5e8880dcde66101d22100d9d3cc549caee3ae648fbe1c2a9692
2024:4041320231738892294,p0015,c_57d8e01958a38820d7b3,81d61f6f8c6d85af7ce4ac083bc8400d7cfa563f17fcbcc53849aa2a33e69e1e,r_f7a1a92ebd7a39e06876,9,e1eeb1a02cf0c5e8880dcde66101d22100d9d3cc549caee3ae648fbe1c2a9692
2024:4041320231738892381,p0012,c_6f9ce1910d5bc217008c,e1a0afb51ddf78ad569661425752c0eb1eacae859f3c4a4ae6e9a6f4b2bfeb76,r_75b5cf0824e38d63503f,9,a399e7a0f105264dad48216f375d4983a628857fd57a06e158cb5ad2188be28f
2024:4041320231739462241,p0004,c_c99e4c1e04a65f2743c2,4400cbbbecd6de7b88953e54a4e86c138dadf8fcb4834e1f771cd8c45ce638be,r_948475ee1ff681d1e65b,11,fa78e4ce8a403cc42a8258d033736cebf7575cd2d5196a97f8b946453fd73714
2024:4041320231739462243,p0004,c_c99e4c1e04a65f2743c2,6ead6d0a4b9526cef06f5a0c8420cc6e004c19405cf37baebd619d3776a4cf1b,r_948475ee1ff681d1e65b,11,fa78e4ce8a403cc42a8258d033736cebf7575cd2d5196a97f8b946453fd73714
2024:4041420251184131514,p0003,c_dcb61ff9a92a3152957c,e9860b9e31107f27bd8ab95c68b9b50c8d4ddaa7aaf164420bfff9d8bee67bd8,r_e539c4db14c890028fc2,9,4acb74a94e107976dd432d93e00ce54a9dc041ddc3de81dbcf9284d201005511
2024:4041420251184131567,p0002,c_43263d10d8d42de66ef1,9ea0dedb271c6707ba6ee57ab6b559a0c6b6b6865cfd77af2fd433501e2bc0db,r_153f6f4b0d25713d8371,11,e78dcd2ea9088c453f153dac7ceaa97df3ea12520b49aac6b5e652420267f0bb
2024:4041520251184184703,p0004,c_c99e4c1e04a65f2743c2,3232792754bd839fe014291378ce58df4e9ed7c32ba5086bd5110d498b3bf1d1,r_948475ee1ff681d1e65b,11,fa78e4ce8a403cc42a8258d033736cebf7575cd2d5196a97f8b946453fd73714
2024:4041520251184184704,p0004,c_c99e4c1e04a65f2743c2,0ba4dca77d99e6e377eaae54ea977ed42dea98c3ee7a8234cea8ec5ae00db41c,r_948475ee1ff681d1e65b,11,fa78e4ce8a403cc42a8258d033736cebf7575cd2d5196a97f8b946453fd73714
2024:4041620241895817088,p0017,c_7d161046ac9781475228,eb11e95bbcfff41ad9d03cd99be4849585bd9cf62cb82f9f3202892c5b767935,r_ae41956a00997222c064,10,838fb7f80c64209f783d607b38f606c711239002822a1aca7c4be1d22568f75f
2024:4041620241895894475,p0011,c_79d82a83c0673ddaf64b,1c4f4133a9cf38c1475aadd216b57ad36b500eb29d64db88f94f602d60fb1c68,r_993179b21d5761402e8e,8,ab04c3dcc8637110443818adb8887d2ed340163a2438a311e937146d8dab6c2e
2024:4041620241895895117,p0007,c_83254365b3783483270d,e139ef57fa647cb753930e6a9dc1e1a1ec0ad34f25497a2fbb0cf0d028020e4c,r_d781d1e025b21b40484f,4,8ccb3df9046e042ed9e0e474f502bc28a04946cdffe617ed5704f9d037fadbfd
2024:4041620251184328439,p0012,c_127816033aeca7a4cf79,39bd52b0940f8b5137a0ffe84521f4735b24a36781b6fe10b6dc2f7ba4b7650e,r_75b5cf0824e38d63503f,4,753fb78ca36419228c58f6febcc585b3ca23151af6c178bbda69e3100412f949
2024:4041720231742683152,p0009,c_b9c6825d43fd2209aee5,48abe5771aa931541219c4428d5292b827e9b1c3e14f5b6de9d0fe3a171c0e40,r_dab5970845ebb9ffcf35,11,2f2727cdaad6c09f75103af92a1fbd8fabec12c1839c6a7bb33048d7f54c8e9f
2024:4041720231742692383,p0009,c_b9c6825d43fd2209aee5,6b2fa4e42120a8396298632b15d0e6c848bd4ea5f34ae536e00f202e16f62a94,r_dab5970845ebb9ffcf35,11,2f2727cdaad6c09f75103af92a1fbd8fabec12c1839c6a7bb33048d7f54c8e9f
2024:4041720231742702346,p0009,c_b9c6825d43fd2209aee5,300c644373fd876e0d9cdff6f1e4dd87a63cd2ef7dbbf1b64634b19a33b3e524,r_dab5970845ebb9ffcf35,11,2f2727cdaad6c09f75103af92a1fbd8fabec12c1839c6a7bb33048d7f54c8e9f
2024:4041720241895940139,p0009,c_b9c6825d43fd2209aee5,5a9c9b48411801007c130a1b831f1ccd631a5d079fe51668005855d4b6566bba,r_dab5970845ebb9ffcf35,11,2f2727cdaad6c09f75103af92a1fbd8fabec12c1839c6a7bb33048d7f54c8e9f
2024:4041720241895940140,p0009,c_b9c6825d43fd2209aee5,67b5f6a316c307f2434d6015c30c6c092f6df21652c1502655fb0e0eb0392d43,r_dab5970845ebb9ffcf35,11,2f2727cdaad6c09f75103af92a1fbd8fabec12c1839c6a7bb33048d7f54c8e9f
2024:4041720241895940141,p0009,c_b9c6825d43fd2209aee5,52912f3f734dfd682a1a3f02d77d03bd6c1f8389b5e6a2141991337abe3eecb8,r_dab5970845ebb9ffcf35,11,2f2727cdaad6c09f75103af92a1fbd8fabec12c1839c6a7bb33048d7f54c8e9f
2024:4041720241896077259,p0009,c_b9c6825d43fd2209aee5,e487aece024ce20c2a11b935859235a4d5966839acdb7cf154f3a406c35f4773,r_dab5970845ebb9ffcf35,11,2f2727cdaad6c09f75103af92a1fbd8fabec12c1839c6a7bb33048d7f54c8e9f
2024:4041720241896079539,p0013,c_f403b4b143a23ffe823d,872ee15c1ba2c37047fc1fa6fdc9e11c236dbffe83a328eaf43782381614ca96,r_2e07349418abdd1528c5,9,938f5e5e31027a82502cc4f45931241a0dc1daa6c6b2e16061ada9c64d9ded82
2024:4041720241896079540,p0013,c_f403b4b143a23ffe823d,7f39cbd18381ff5820204b58b4b1a1d04f403ad31ad260b3c1afe5ff1aaebb8f,r_2e07349418abdd1528c5,9,938f5e5e31027a82502cc4f45931241a0dc1daa6c6b2e16061ada9c64d9ded82
2024:4041720251185290013,p0004,c_c99e4c1e04a65f2743c2,5ef6039742a5c8d6d5fc88c791f420d04d5d08d82ec00954a4ef1e3bfe1682a8,r_948475ee1ff681d1e65b,11,fa78e4ce8a403cc42a8258d033736cebf7575cd2d5196a97f8b946453fd73714
2024:4041820231743037950,p0009,c_b9c6825d43fd2209aee5,6e474d89f83556b3e4514f9584343fa7cf52fd28bbff4dc999bc8d100a9b3c2d,r_dab5970845ebb9ffcf35,11,2f2727cdaad6c09f75103af92a1fbd8fabec12c1839c6a7bb33048d7f54c8e9f
2024:4041820231743039744,p0011,c_df6d3f34e1cf6fceac5b,8b7215d40562c5b4635c9d36ad351c973c378ac696305207da28365e71c200f9,r_993179b21d5761402e8e,12,a07da6a7e1e235ea981b04c34b09ac134152c9994ae76d10e1cf3ef6f2a064f9
2024:4041820231743042543,p0010,c_433597abc27c16d5e313,ee28e3bc8e955233f7ff5b2618871733be29837b11c7a0d34e483d38e1d11a81,r_36381ff366645780c532,11,b26bdd1cce1031dd2c4f3810d9406c3fb9da4a10fd115591a3ab3bffd587c5a9
2024:4041820231743042544,p0010,c_433597abc27c16d5e313,460af474f3bacb6feddb150d3c71f630034d541e9c2ffff2ab35884a529db5de,r_36381ff366645780c532,11,b26bdd1cce1031dd2c4f3810d9406c3fb9da4a10fd115591a3ab3bffd587c5a9
2024:4041820241896720031,p0004,c_c99e4c1e04a65f2743c2,99c4dc04e042485b07a7c1c94f9233b7536b3131c4fa86ce13e1b1fdc2166d74,r_948475ee1ff681d1e65b,11,fa78e4ce8a403cc42a8258d033736cebf7575cd2d5196a97f8b946453fd73714
2024:4041820241896769031,p0009,c_b9c6825d43fd2209aee5,6c652794c6edfe302a337670c34789cb098321ecb4e6aa82b88bd2e7383af2e4,r_dab5970845ebb9ffcf35,11,2f2727cdaad6c09f75103af92a1fbd8fabec12c1839c6a7bb33048d7f54c8e9f
2024:4041820241896781921,p0015,c_140f009e028a29449a1e,28c53e47e1c4fc7ddbb6597dd804c8fc4e6219ad046b829dd0b5cab29f1fac39,r_f7a1a92ebd7a39e06876,5,33c32739a7c221d65956399988a013b86881c5776e3714ff55816581a14a38a7
2024:4041820241896781922,p0015,c_140f009e028a29449a1e,16cc72cb8e0f53623cdaa3a75523a629a777bf17092d19fb054cab8510b2b80b,r_f7a1a92ebd7a39e06876,5,33c32739a7c221d65956399988a013b86881c5776e3714ff55816581a14a38a7
2024:4041820241896781923,p0015,c_140f009e028a29449a1e,607d3156ae582d1233cba16006e0bbf907cd41eb76b079157b98b1429fa875ce,r_f7a1a92ebd7a39e06876,5,33c32739a7c221d65956399988a013b86881c5776e3714ff55816581a14a38a7
2024:4041820241896781925,p0015,c_140f009e028a29449a1e,1628b8de208b5863ba1517252c01e980f6578a09cc94ea4171ddd1a19335f961,r_f7a1a92ebd7a39e06876,5,33c32739a7c221d65956399988a013b86881c5776e3714ff55816581a14a38a7
2024:4041820241896797623,p0004,c_c99e4c1e04a65f2743c2,9a5285b21bf2362e135ff1f7e7ab4195b09c908f367d21b7e509899989add7f2,r_948475ee1ff681d1e65b,11,fa78e4ce8a403cc42a8258d033736cebf7575cd2d5196a97f8b946453fd73714
2024:4041820241896797625,p0004,c_c99e4c1e04a65f2743c2,75a74f05818f65fe2613e4b9140e7dfccfc5c56b42934668aa35bea27df3520b,r_948475ee1ff681d1e65b,11,fa78e4ce8a403cc42a8258d033736cebf7575cd2d5196a97f8b946453fd73714
2024:4041920231743261824,p0010,c_433597abc27c16d5e313,dd5b12e658d47740d9bdfb31f1f3d4535a912295f9a07e206b31ab75a4edf8e3,r_36381ff366645780c532,11,b26bdd1cce1031dd2c4f3810d9406c3fb9da4a10fd115591a3ab3bffd587c5a9
2024:4041920231743263440,p0015,c_57d8e01958a38820d7b3,7c563ca14562938016ee9378e5124dfb0e67a77744a6626e062ee3ba67ff856d,r_f7a1a92ebd7a39e06876,9,e1eeb1a02cf0c5e8880dcde66101d22100d9d3cc549caee3ae648fbe1c2a9692
2024:4041920231743264553,p0015,c_dd05fcb5866322438262,1b82c635ff4cc9747246deaffb11c98a18d7f7cccc63d53c60168a9442e8a263,r_f7a1a92ebd7a39e06876,9,7c69c8ee5b184648674e1743a4d66931e8d0beb2c3d7b3bd790f1ab8a76ae1cc
2024:4041920231743264588,p0012,c_6f9ce1910d5bc217008c,b9473b7c9e7d9cbd4ced530db6ea80c6557fd2986b10deb72028913204a5cd51,r_75b5cf0824e38d63503f,9,a399e7a0f105264dad48216f375d4983a628857fd57a06e158cb5ad2188be28f
2024:4041920231743272373,p0009,c_b9c6825d43fd2209aee5,1570ba83720128e747f8ca6db7e753abb20afb47afbfc17834123760f03b87c2,r_dab5970845ebb9ffcf35,11,2f2727cdaad6c09f75103af92a1fbd8fabec12c1839c6a7bb33048d7f54c8e9f
2024:4041920231743284746,p0015,c_57d8e01958a38820d7b3,a822dd97fc205ee45d6b388a778a5b138f9081a91a3baf6a763cfb0db6ecdf0c,r_f7a1a92ebd7a39e06876,9,e1eeb1a02cf0c5e8880dcde66101d22100d9d3cc549caee3ae648fbe1c2a9692
2024:4041920231743292263,p0009,c_b9c6825d43fd2209aee5,048b8b308070d960b7cb58e232dfa4473defafa7596498f622483b1ee98aba96,r_dab5970845ebb9ffcf35,11,2f2727cdaad6c09f75103af92a1fbd8fabec12c1839c6a7bb33048d7f54c8e9f
2024:4041920231743312278,p0015,c_be55d6a77f7c207d3129,ff4e76082b84c79d139df0835077cb86e55dd4dca158b8854d332934b783cde2,r_f7a1a92ebd7a39e06876,4,c757f945e71bd4a741f66319d2db6672c87c49aefb8afc0fd496b46fccbaddb3
2024:4041920241896958446,p0010,c_433597abc27c16d5e313,b20b28ecb716a9e16534ffb5bb1f40cc58ecc73807c2ebe1d2755ebd6ae74fee,r_36381ff366645780c532,11,b26bdd1cce1031dd2c4f3810d9406c3fb9da4a10fd115591a3ab3bffd587c5a9
2024:4041920241896958452,p0002,c_43263d10d8d42de66ef1,da2da49fa29d32cf4daf921906d9642e8e6718e74ce658880cf170a83bafb81e,r_153f6f4b0d25713d8371,11,e78dcd2ea9088c453f153dac7ceaa97df3ea12520b49aac6b5e652420267f0bb
2024:4041920241896958456,p0003,c_5c674a62aa12b11745d8,70d5acf9abaaf307078ab9c55e6a5e28e11e1c517d802c31c036a5b3caefffca,r_e539c4db14c890028fc2,9,4ca381839bd88f09b6497e6b28b0e9fd49dab0305cc331b586fdd5be9c32099b
2024:4041920241897227064,p0017,c_f77092959014ce25e554,4f65e622e3738c0585ad7be8e63a2fcec052a81c72b641813236f2c189918d10,r_ae41956a00997222c064,6,ce21a105f8ec801dd8ccd1cd8f7d05b3a1a4338d3ffe018d4f713c52e289ed09
2024:4041920241897326886,p0002,c_ba6b8c476a6afc66cf9a,9624df1f26cb3622446a3ee20fd6300d9e453e7d4832665d38f2b95fc166bc31,r_153f6f4b0d25713d8371,6,e1f8a1e4be0d9312232043b549a9911c3ec94550311a4e1ffe2fb085e062a972
2024:4041920241897326912,p0003,c_b8336e8bdd029d667e50,61c99af7540dbb81b53d55cd99d3b5185307bbd9c4fbe3f9a20ef3bdaa4249a7,r_e539c4db14c890028fc2,4,f06949ba2e4e1b168f343184068ef08b934b7af08a189ad7e1a024a29509180c
2024:4042020231743348384,p0009,c_b9c6825d43fd2209aee5,653fb24b69dd5ae4ce34d452f0f1458bbb77e6adfafb350617502935a0a3c7e3,r_dab5970845ebb9ffcf35,11,2f2727cdaad6c09f75103af92a1fbd8fabec12c1839c6a7bb33048d7f54c8e9f
2024:4042020231743348385,p0009,c_b9c6825d43fd2209aee5,e540b068678fb773faedb197ba6044a6b1e39fc2e6270f67ee91911e1f0286b1,r_dab5970845ebb9ffcf35,11,2f2727cdaad6c09f75103af92a1fbd8fabec12c1839c6a7bb33048d7f54c8e9f
2024:4042020231743348386,p0009,c_b9c6825d43fd2209aee5,7330aaf5ca704a2b52f116f103593bce2a4d8314ecba1467218dbba5ac3caafd,r_dab5970845ebb9ffcf35,11,2f2727cdaad6c09f75103af92a1fbd8fabec12c1839c6a7bb33048d7f54c8e9f
2024:4042020231743348826,p0009,c_b9c6825d43fd2209aee5,4708f329a0c06c4cfb513ad5c2d2b2b8940554866dbb57844b3c3c807dabb73b,r_dab5970845ebb9ffcf35,11,2f2727cdaad6c09f75103af92a1fbd8fabec12c1839c6a7bb33048d7f54c8e9f
2024:4042020231743404975,p0009,c_b9c6825d43fd2209aee5,4a34e38af78db86aeb8e37a604a121bd640af4174090b44d4277c93e7a1735c2,r_dab5970845ebb9ffcf35,11,2f2727cdaad6c09f75103af92a1fbd8fabec12c1839c6a7bb33048d7f54c8e9f
2024:4042020231743431057,p0015,c_dd05fcb5866322438262,6d449d1ff58ebfccf7a2604525729aa3f16fc726adc9962a13b884e1c43e7f22,r_f7a1a92ebd7a39e06876,9,7c69c8ee5b184648674e1743a4d66931e8d0beb2c3d7b3bd790f1ab8a76ae1cc
2024:4042020231743431059,p0015,c_dd05fcb5866322438262,4b0b73feef7e511007660ba572a35d135b330c2bccbeec51d2415d05ba438703,r_f7a1a92ebd7a39e06876,9,7c69c8ee5b184648674e1743a4d66931e8d0beb2c3d7b3bd790f1ab8a76ae1cc
2024:4042020231743432493,p0020,c_25346886cb66823b3264,fa42d7e34832cb017d540df27ca3ece5b1d87507b4add98b460c7998a8905b4f,r_e1bc9fb32f1f0e4aaac5,6,5e0ffc28ab351d85327359d169f8f4beca1b11ad5553a762d6b8f23ae75ccbac
2024:4042020231743432495,p0020,c_25346886cb66823b3264,f6b2a7d3a40993aa6bfe1ba2f82e4985a7740d991c2bf2466ecc6daeeb68cca7,r_e1bc9fb32f1f0e4aaac5,6,5e0ffc28ab351d85327359d169f8f4beca1b11ad5553a762d6b8f23ae75ccbac
2024:4042020231743443803,p0009,c_b9c6825d43fd2209aee5,9d8c8cde202575b8a0a40cb7d4215933451cb3c4910ec5908d4340ccfdf149b2,r_dab5970845ebb9ffcf35,11,2f2727cdaad6c09f75103af92a1fbd8fabec12c1839c6a7bb33048d7f54c8e9f
2024:4042020231743497513,p0009,c_41645df146712ff21625,40c050b89459845e9ac86a2046aafddd0c738badfccbc421cf8772529056af7b,r_dab5970845ebb9ffcf35,6,05c6fce4b5e5b82838b059110431587339ab40c1ac1cf501f4606878da9311d0
2024:4042120231743532464,p0004,c_c99e4c1e04a65f2743c2,84b06cde6abac78a6fcdbf2ac0a15ebc0ffaa038e096dba4393978a6207277db,r_948475ee1ff681d1e65b,11,fa78e4ce8a403cc42a8258d033736cebf7575cd2d5196a97f8b946453fd73714
2024:4042120231743532465,p0004,c_c99e4c1e04a65f2743c2,340de7159e8128d2d2b939ab9ac5e4fd7756b44bfb7dbd8801e628c280759cc2,r_948475ee1ff681d1e65b,11,fa78e4ce8a403cc42a8258d033736cebf7575cd2d5196a97f8b946453fd73714
2024:4042120231743532466,p0004,c_c99e4c1e04a65f2743c2,e3a13771f9969f3bb95298b4792cda897a35da44457142702b61c4fe72ac4655,r_948475ee1ff681d1e65b,11,fa78e4ce8a403cc42a8258d033736cebf7575cd2d5196a97f8b946453fd73714
2024:4042120251185522495,p0017,c_ff59c0ef8d551ff6dcf0,010687c39a08a70f1d6c78a01183e9a93327beea71d35e4292fb4f15e52189a5,r_ae41956a00997222c064,10,7aedc3fda33625433e0a39eaa79d585bcbe2fac6c4db161cd2ed893af121e78a
2024:4042120251185522497,p0017,c_ff59c0ef8d551ff6dcf0,cdc69f852b2cdc55fd7a0a2a9bcf915f6f57a60e723680c2ca62f2df47bf7a88,r_ae41956a00997222c064,10,7aedc3fda33625433e0a39eaa79d585bcbe2fac6c4db161cd2ed893af121e78a
2024:4042220231743647602,p0007,c_9c859fb024183d8954a6,6f22f9d8c5b9db216ecda71a734e17f97bb0d5b533a84a48f12e13c4152fefcb,r_d781d1e025b21b40484f,9,d2cbf8c001b7c6c6c5c99a6e795d669e85cd83b561f4980de9fb8c0e3702cedd
2024:4042220231743647653,p0012,c_3bf74b2cda2b9ec1dfdc,d56f175ed7a59d29b0c9e9c89f9d97002edd814bfbe48f26c5ea05f8352a3c42,r_75b5cf0824e38d63503f,9,36d89b28eddb6ffe88b05c91b6e236725e293d107ee8732cc94762bfd920569a
2024:4042220231743647866,p0015,c_dd05fcb5866322438262,e80d1dbc7d3071d231e1313f6e403c0169610105dd19d946961c04e2e7a864cc,r_f7a1a92ebd7a39e06876,9,7c69c8ee5b184648674e1743a4d66931e8d0beb2c3d7b3bd790f1ab8a76ae1cc
2024:4042220231743647987,p0012,c_3bf74b2cda2b9ec1dfdc,69f53486cc8b0dd519088563d5c4b09b4676c491ea32e4d7d14060cc9981e08f,r_75b5cf0824e38d63503f,9,36d89b28eddb6ffe88b05c91b6e236725e293d107ee8732cc94762bfd920569a
2024:4042220231743648015,p0007,c_9c859fb024183d8954a6,227a71d9f27ca7b4ed049cf2d919369fe82bf0345804af1e41009fdcaa803ac5,r_d781d1e025b21b40484f,9,d2cbf8c001b7c6c6c5c99a6e795d669e85cd83b561f4980de9fb8c0e3702cedd
2024:4042220231743648081,p0015,c_dd05fcb5866322438262,c349a2cf8451903fe06c31b6dd890a2dfd2d96dc8fb4e26ab1f789fa535b6b63,r_f7a1a92ebd7a39e06876,9,7c69c8ee5b184648674e1743a4d66931e8d0beb2c3d7b3bd790f1ab8a76ae1cc
2024:4042220231743648480,p0007,c_9c859fb024183d8954a6,e0970810c1a94c834015b61fda89b1618e5fc696620c963c743a957868f39edb,r_d781d1e025b21b40484f,9,d2cbf8c001b7c6c6c5c99a6e795d669e85cd83b561f4980de9fb8c0e3702cedd
2024:4042220231743651502,p0009,c_b9c6825d43fd2209aee5,cc5511338c965fa60212b8318588b2125daae79ff2278c300efe55248d9e7def,r_dab5970845ebb9ffcf35,11,2f2727cdaad6c09f75103af92a1fbd8fabec12c1839c6a7bb33048d7f54c8e9f
2024:4042220231743651503,p0009,c_b9c6825d43fd2209aee5,0185381acf77ce5356cf623c7d396d67fc75ffc0921bc27de9e882320d6c6ec5,r_dab5970845ebb9ffcf35,11,2f2727cdaad6c09f75103af92a1fbd8fabec12c1839c6a7bb33048d7f54c8e9f
2024:4042220241897437106,p0013,c_f403b4b143a23ffe823d,d04af168e2d3fdbeea076487fe475df11721d646ecf74b2cec16012331f94c01,r_2e07349418abdd1528c5,9,938f5e5e31027a82502cc4f45931241a0dc1daa6c6b2e16061ada9c64d9ded82
2024:4042220241897437107,p0013,c_f403b4b143a23ffe823d,d18a138d8ebc6508e3b8f2d2a90106d98f5785c7c23783ee7ac22b8fe56f0c55,r_2e07349418abdd1528c5,9,938f5e5e31027a82502cc4f45931241a0dc1daa6c6b2e16061ada9c64d9ded82
2024:4042320231743698058,p0010,c_433597abc27c16d5e313,5e28b79403d2a2d0f5b4a1ef7a641ac5741d24ef49b2ea90af263c5dd554b42e,r_36381ff366645780c532,11,b26bdd1cce1031dd2c4f3810d9406c3fb9da4a10fd115591a3ab3bffd587c5a9
2024:4042320231743698059,p0010,c_433597abc27c16d5e313,5867ead5024c900f94d5fb866490fb4369671bf89284c51692194f229da3108e,r_36381ff366645780c532,11,b26bdd1cce1031dd2c4f3810d9406c3fb9da4a10fd115591a3ab3bffd587c5a9
2024:4042320231743698060,p0010,c_433597abc27c16d5e313,99102c38812c6cd5a471473bbef9e9bbc821b46922b91c6bb46efb8a8e5b9ed2,r_36381ff366645780c532,11,b26bdd1cce1031dd2c4f3810d9406c3fb9da4a10fd115591a3ab3bffd587c5a9
2024:4042320241897575646,p0002,c_43263d10d8d42de66ef1,5583a1da3561b28d4056d17c455019ff5d38c8e9f570ee8a06487bf0bb019ac6,r_153f6f4b0d25713d8371,11,e78dcd2ea9088c453f153dac7ceaa97df3ea12520b49aac6b5e652420267f0bb
2024:4042320241897575652,p0003,c_3ca089090d1c726fec8b,a54ea193edf85bc032a3056bad7bb985b86fef52055a352c6898112d5cf54b0f,r_e539c4db14c890028fc2,9,07b0c91c747dd0d8a99c76119f0e2e4fe29e43f63140aff75f25a520f58f3013
2024:4042320241897877793,p0011,c_6d78c941e832e66bc5f5,b828deeff35d1bd9c2b97eea4887649f8ebc2b38bec7d8cf22e07018ba63c074,r_993179b21d5761402e8e,13,136e23c2659e614f7daf19e0e365c8a536cafb725e086191dc5d2f4ac7fabb57
2024:4042320241898089924,p0011,c_6d78c941e832e66bc5f5,03e3a42991e551b3fe761ab389b9f6506fd89b28a4bebee4249044e77bfac729,r_993179b21d5761402e8e,13,136e23c2659e614f7daf19e0e365c8a536cafb725e086191dc5d2f4ac7fabb57
2024:4042320241898347920,p0009,c_d2add8e8e44618bef589,004e8a5e8d5930fa6babc711909edf3553f0e88fdac1a74412bf5003cb6f2706,r_dab5970845ebb9ffcf35,6,6daa303f6e8ca730285dd7124ca1a4bb585eac0859f35f1aea8ad7bece917ec8
2024:4042320241900874996,p0009,c_b9c6825d43fd2209aee5,bbe3db8d2af68cc4c74f0124c7a5f2d7a72638ce2c3ba546a9e8e6dff9be09c4,r_dab5970845ebb9ffcf35,11,2f2727cdaad6c09f75103af92a1fbd8fabec12c1839c6a7bb33048d7f54c8e9f
2024:4042320241901889288,p0003,c_5c674a62aa12b11745d8,ae37621da2d0426f70bafe315ac5f0c8ba4350aa4f606acceb69901a93768e1b,r_e539c4db14c890028fc2,9,4ca381839bd88f09b6497e6b28b0e9fd49dab0305cc331b586fdd5be9c32099b
2024:4042320241902352126,p0009,c_b9c6825d43fd2209aee5,e82ceb2a9327a1739d790ee994f7e11da281c3d0c0caaaec38765b15a67499df,r_dab5970845ebb9ffcf35,11,2f2727cdaad6c09f75103af92a1fbd8fabec12c1839c6a7bb33048d7f54c8e9f
2024:4042320241902487802,p0009,c_b9c6825d43fd2209aee5,3058a0666b3e2cb3688f9c2302fbb2d80f657fb5cf549152dcffbf4b08edb27e,r_dab5970845ebb9ffcf35,11,2f2727cdaad6c09f75103af92a1fbd8fabec12c1839c6a7bb33048d7f54c8e9f
2024:4042320241902526004,p0009,c_b9c6825d43fd2209aee5,33b8028eabe1422115a6a4f6675b6d2e2cd7985cfbd21f85a54454a52db9e522,r_dab5970845ebb9ffcf35,11,2f2727cdaad6c09f75103af92a1fbd8fabec12c1839c6a7bb33048d7f54c8e9f
2024:4042320241902539125,p0009,c_b9c6825d43fd2209aee5,5b6b62a7900b047c98d0647ae23ad72f0b723f43b79de079efd9c84233689655,r_dab5970845ebb9ffcf35,11,2f2727cdaad6c09f75103af92a1fbd8fabec12c1839c6a7bb33048d7f54c8e9f
2024:4042320241902563367,p0009,c_b9c6825d43fd2209aee5,5d61a39c20325daea2429a6ca8c923dec50a81ffad04d8c34382429011bb1ded,r_dab5970845ebb9ffcf35,11,2f2727cdaad6c09f75103af92a1fbd8fabec12c1839c6a7bb33048d7f54c8e9f
2024:4042320241902573105,p0009,c_b9c6825d43fd2209aee5,bbf70390406a68e99d89cac96f5bbabbfb6bcf057bf9751875d18af839da0592,r_dab5970845ebb9ffcf35,11,2f2727cdaad6c09f75103af92a1fbd8fabec12c1839c6a7bb33048d7f54c8e9f
2024:4042320241902608118,p0009,c_b9c6825d43fd2209aee5,89d61ca96c00fdb0bbe89711391403fbb9c3c65c1ff006ed1755a079128a8af0,r_dab5970845ebb9ffcf35,11,2f2727cdaad6c09f75103af92a1fbd8fabec12c1839c6a7bb33048d7f54c8e9f
2024:4042320241902673302,p0009,c_b9c6825d43fd2209aee5,271940d16f6d84e0ff6e620ff8d5069b35cc1c1efafbb2761b80f1ffc4f7d5e6,r_dab5970845ebb9ffcf35,11,2f2727cdaad6c09f75103af92a1fbd8fabec12c1839c6a7bb33048d7f54c8e9f
2024:4042320241902752391,p0009,c_b9c6825d43fd2209aee5,4e461050febfebe4a4d82a7f309aad0b32e831f190eaecb8e6743cd2389c59ae,r_dab5970845ebb9ffcf35,11,2f2727cdaad6c09f75103af92a1fbd8fabec12c1839c6a7bb33048d7f54c8e9f
2024:4042320241902792450,p0009,c_b9c6825d43fd2209aee5,bb908166c0b7a02925de2ba4a7fe466992e4ad3b46227a6c2be3587e4e280e67,r_dab5970845ebb9ffcf35,11,2f2727cdaad6c09f75103af92a1fbd8fabec12c1839c6a7bb33048d7f54c8e9f
2024:4042320241904540020,p0009,c_b9c6825d43fd2209aee5,ad4ae5bc8bb94bfb01eb1eb18e01319303f3b0d906859f71aed6adf29fd13574,r_dab5970845ebb9ffcf35,11,2f2727cdaad6c09f75103af92a1fbd8fabec12c1839c6a7bb33048d7f54c8e9f
2024:4042320241904542441,p0009,c_b9c6825d43fd2209aee5,a19a7141fe0ae9c740e38aa0f7fb9ced475b71921c6422700c2f86963c153640,r_dab5970845ebb9ffcf35,11,2f2727cdaad6c09f75103af92a1fbd8fabec12c1839c6a7bb33048d7f54c8e9f
2024:4042320241904574528,p0009,c_b9c6825d43fd2209aee5,43df0087c61ed2b2d1a5677fdc965de66f0f722c1bbcdc94833e38e3092e0866,r_dab5970845ebb9ffcf35,11,2f2727cdaad6c09f75103af92a1fbd8fabec12c1839c6a7bb33048d7f54c8e9f
2024:4042320241904655147,p0009,c_b9c6825d43fd2209aee5,5e1a7d16ef0376cc75c1d9f6ca8eda3c71cdea68b94d2ed2a4357c1a85f68b8a,r_dab5970845ebb9ffcf35,11,2f2727cdaad6c09f75103af92a1fbd8fabec12c1839c6a7bb33048d7f54c8e9f
2024:4042320241904669709,p0009,c_b9c6825d43fd2209aee5,567661c330f238bb8ed49f426e424260a01d8729ef47e75be477ed2da942fa26,r_dab5970845ebb9ffcf35,11,2f2727cdaad6c09f75103af92a1fbd8fabec12c1839c6a7bb33048d7f54c8e9f
2024:4042320241904748084,p0009,c_b9c6825d43fd2209aee5,b2a7c694ec18818310778e4dff80192525aa975766b5d90bc6fa933c880d6dff,r_dab5970845ebb9ffcf35,11,2f2727cdaad6c09f75103af92a1fbd8fabec12c1839c6a7bb33048d7f54c8e9f
2024:4042320241904764977,p0009,c_b9c6825d43fd2209aee5,46fe094a665bf3a8144f048275f08e9dfdf7165df05b0cc3522d250ef0ddf3ea,r_dab5970845ebb9ffcf35,11,2f2727cdaad6c09f75103af92a1fbd8fabec12c1839c6a7bb33048d7f54c8e9f
2024:4042320241904765740,p0009,c_b9c6825d43fd2209aee5,d51b944660ef8ebc79fae759628fcebbdf6db2e35a18ddb295ca9dbd529eb4c3,r_dab5970845ebb9ffcf35,11,2f2727cdaad6c09f75103af92a1fbd8fabec12c1839c6a7bb33048d7f54c8e9f
2024:4042320241904813420,p0009,c_b9c6825d43fd2209aee5,e7bfe6f94118ed078b41dc312f1c1212f283a76e143c3a0e27bdb7e891890cc0,r_dab5970845ebb9ffcf35,11,2f2727cdaad6c09f75103af92a1fbd8fabec12c1839c6a7bb33048d7f54c8e9f
2024:4042320241904833617,p0009,c_b9c6825d43fd2209aee5,682c808c08b3a790f44f8cad8a2a19b65740bf136789e24c0949b19a32713ea4,r_dab5970845ebb9ffcf35,11,2f2727cdaad6c09f75103af92a1fbd8fabec12c1839c6a7bb33048d7f54c8e9f
2024:4042320241904848158,p0009,c_b9c6825d43fd2209aee5,3558e63b0f933dd17956fc7d32496b0ec08722b324ae1dd659d9b3202f587a81,r_dab5970845ebb9ffcf35,11,2f2727cdaad6c09f75103af92a1fbd8fabec12c1839c6a7bb33048d7f54c8e9f
2024:4042320241904874369,p0009,c_b9c6825d43fd2209aee5,6302201c88fb733b6465347dd49b8f71231af143367ccb9ea936655fd4a3bfe0,r_dab5970845ebb9ffcf35,11,2f2727cdaad6c09f75103af92a1fbd8fabec12c1839c6a7bb33048d7f54c8e9f
2024:4042320241904895575,p0009,c_b9c6825d43fd2209aee5,dabedf483d2c4274cbe2ad6fee60fe6223fdf2a26f933ecf43c503a9fa22edc6,r_dab5970845ebb9ffcf35,11,2f2727cdaad6c09f75103af92a1fbd8fabec12c1839c6a7bb33048d7f54c8e9f
2024:4042320241905041045,p0009,c_b9c6825d43fd2209aee5,3d335147ec85cdd5c09488660e4a3218bb1a2bbc77560585d0c653fc86198fe5,r_dab5970845ebb9ffcf35,11,2f2727cdaad6c09f75103af92a1fbd8fabec12c1839c6a7bb33048d7f54c8e9f
2024:4042320241905093683,p0009,c_b9c6825d43fd2209aee5,ca77192808c07c2a6bb3200d6a4df5ce07417a522555e7ffcff8726358bdc340,r_dab5970845ebb9ffcf35,11,2f2727cdaad6c09f75103af92a1fbd8fabec12c1839c6a7bb33048d7f54c8e9f
2024:4042320251186198706,p0003,c_be2d0f7b4e204fa1a06d,7d0c0bdfe8d97094ad855549db4e14c1ca57d9147ee13927be27c1e6245270a3,r_e539c4db14c890028fc2,5,bb94e9501d7fb92574539e846ed579a0d5c27b4d53cc35a8077252311958c904
2024:4042320251186310844,p0004,c_c5b7995bf680414a0436,cbadb0b7da3ae1e27ed084ec465931437dbb4147756f3f553b2f40703de3ec24,r_948475ee1ff681d1e65b,11,c34d288aa28210b6c2263fe274a7cab983f2c5feedd5885c5e03a71af74627dd
2024:4042320251186311251,p0012,c_6f9ce1910d5bc217008c,513282bd5b76ea1b20fabd55c399f05e501b5666138fa0d95f04ea49ccb7b8f7,r_75b5cf0824e38d63503f,9,a399e7a0f105264dad48216f375d4983a628857fd57a06e158cb5ad2188be28f
2024:4042420231743901626,p0010,c_4171e57686c28c65303e,079d93221b17b9ab2ccb958ded5390998a0897af4a113f79e84f38c70efad033,r_36381ff366645780c532,9,81d46d84804055ef0ff0a7545fd3f5059f5894acdb6185a90468d2e1af026a66
2024:4042420241911277706,p0013,c_f403b4b143a23ffe823d,f5928ff1abebfa8e9b2115830f31041551a380efc62a76b48c36891dbe70ad8d,r_2e07349418abdd1528c5,9,938f5e5e31027a82502cc4f45931241a0dc1daa6c6b2e16061ada9c64d9ded82
2024:4042420241911283119,p0013,c_f403b4b143a23ffe823d,04cca2ff9d22c639e5a9ad2c2d95eef21e026cdee559b4183a1e831f13dbbb35,r_2e07349418abdd1528c5,9,938f5e5e31027a82502cc4f45931241a0dc1daa6c6b2e16061ada9c64d9ded82
2024:4042420241911283120,p0013,c_f403b4b143a23ffe823d,d06455ea720541adce0d6d9b6847a2aaa99b74565ad0b9260bdeb7a82a6aff89,r_2e07349418abdd1528c5,9,938f5e5e31027a82502cc4f45931241a0dc1daa6c6b2e16061ada9c64d9ded82
2024:4042520231743964563,p0009,c_b9c6825d43fd2209aee5,6f91a612ca43ab3ce45c8007b7766c0a02e377afcf70fecd7094eb0e3f94fff4,r_dab5970845ebb9ffcf35,11,2f2727cdaad6c09f75103af92a1fbd8fabec12c1839c6a7bb33048d7f54c8e9f
2024:4042520231744006402,p0010,c_c44f40f0bdc0c2ae50c9,45038fa7473d91501e8fe4ce0baf59f96eea50155e5e17c72e5d6561c4c0104b,r_36381ff366645780c532,7,4c7fc3661d31640c0e464fe60a23c80d644aa2104f6c38c97222d6e41dbd8fc1
2024:4042520231744006403,p0010,c_c44f40f0bdc0c2ae50c9,d7df51079a7069aec2a877170f6f472c6facf1c7c04c41fbbb9f82729ffb9843,r_36381ff366645780c532,7,4c7fc3661d31640c0e464fe60a23c80d644aa2104f6c38c97222d6e41dbd8fc1
2024:4042520231744008710,p0009,c_b9c6825d43fd2209aee5,e10fd70a528cf2b66af14e54b2e238611b9f046a5ba46b3baaf11dce3b8e70f0,r_dab5970845ebb9ffcf35,11,2f2727cdaad6c09f75103af92a1fbd8fabec12c1839c6a7bb33048d7f54c8e9f
2024:4042520231744011865,p0009,c_b9c6825d43fd2209aee5,d8fbcab381df8446561df49706b27cc776dae739fca9c8d578931b62fea97a65,r_dab5970845ebb9ffcf35,11,2f2727cdaad6c09f75103af92a1fbd8fabec12c1839c6a7bb33048d7f54c8e9f
2024:4042520231744050368,p0009,c_b9c6825d43fd2209aee5,a59da6a13c628494a6a58dd855169c4336f8b35d1ce00b8d674a147bfb72005f,r_dab5970845ebb9ffcf35,11,2f2727cdaad6c09f75103af92a1fbd8fabec12c1839c6a7bb33048d7f54c8e9f
2024:4042520241911408412,p0013,c_f403b4b143a23ffe823d,8e4cc8fa41592a6225679f47389eb18e2c2fa4facdff2712aefc220f60d13492,r_2e07349418abdd1528c5,9,938f5e5e31027a82502cc4f45931241a0dc1daa6c6b2e16061ada9c64d9ded82
2024:4042520241911423767,p0013,c_f403b4b143a23ffe823d,b4f993f9822c725308c5182e99023a05e03978aeb07b68acebe40029b1408d60,r_2e07349418abdd1528c5,9,938f5e5e31027a82502cc4f45931241a0dc1daa6c6b2e16061ada9c64d9ded82
2024:4042520241911480318,p0011,c_e33e4241ffae021efe44,50e3d5ad03a63a8d7d42cbc747a2f18c8cd997426d0b5563297615fee80b194b,r_993179b21d5761402e8e,13,f759e3e78284d686fe105b8c5024b31812841e62142513d312812f0fc0b5b163
2024:4042520241911488203,p0010,c_3fdba6477347f59d07e7,3c8bbad6ec63e8717f9918cc320f349bd7b3bba26b009c2630d007d96017a17a,r_36381ff366645780c532,11,aae33bc963a30bd1536b10834ed6f80806e8990021acd020d7bae0c104ed85ec
2024:4042520241911488204,p0010,c_3fdba6477347f59d07e7,26f7c83f3e1703f31b9e69df3be09bfab7b5296f4569e3cb59ea70b2c1e00455,r_36381ff366645780c532,11,aae33bc963a30bd1536b10834ed6f80806e8990021acd020d7bae0c104ed85ec
2024:4042520241915111982,p0004,c_c99e4c1e04a65f2743c2,8c20f95b34d642ad503c6396a81342a9adf92fd523e06f73c11c767dae8f5a63,r_948475ee1ff681d1e65b,11,fa78e4ce8a403cc42a8258d033736cebf7575cd2d5196a97f8b946453fd73714
2024:4042520241915111983,p0004,c_c99e4c1e04a65f2743c2,0d9fd5088bdb114f3cb28bcd7e9327b3d75fb72d577dd6c61ad280d9f5e8e33c,r_948475ee1ff681d1e65b,11,fa78e4ce8a403cc42a8258d033736cebf7575cd2d5196a97f8b946453fd73714
2024:4042520241916247010,p0009,c_b9c6825d43fd2209aee5,38dd18f9d91cfcece8a37a5599c8b18498a14a98a7898c041273c93186d3e157,r_dab5970845ebb9ffcf35,11,2f2727cdaad6c09f75103af92a1fbd8fabec12c1839c6a7bb33048d7f54c8e9f
2024:4042520241916247011,p0009,c_b9c6825d43fd2209aee5,2ba6c088a1cbf0ec076a616529395acaa0e5d3dd926906c52ed8bfedaf7f949b,r_dab5970845ebb9ffcf35,11,2f2727cdaad6c09f75103af92a1fbd8fabec12c1839c6a7bb33048d7f54c8e9f
2024:4042520241918429557,p0012,c_127816033aeca7a4cf79,061c10908e2fa15cc4960c34ec9bef4525d52f2deba7269a206131a36e5d76f5,r_75b5cf0824e38d63503f,4,753fb78ca36419228c58f6febcc585b3ca23151af6c178bbda69e3100412f949
2024:4042620231744121336,p0010,c_4171e57686c28c65303e,6a24c0684f015700af13c7733f490affe24dd0ff0caf1ff417e3b821caebb68f,r_36381ff366645780c532,9,81d46d84804055ef0ff0a7545fd3f5059f5894acdb6185a90468d2e1af026a66
2024:4042620231744121337,p0010,c_4171e57686c28c65303e,17f7f6c54f64ea89bdb89043aad28258e6afd388d7b88a5b9ba0dca046f41870,r_36381ff366645780c532,9,81d46d84804055ef0ff0a7545fd3f5059f5894acdb6185a90468d2e1af026a66
2024:4042620231744122634,p0010,c_433597abc27c16d5e313,73b9ac02c9c0b5b2bea539477ea604d1ca5260f821ff4c711896ca288b41a8c7,r_36381ff366645780c532,11,b26bdd1cce1031dd2c4f3810d9406c3fb9da4a10fd115591a3ab3bffd587c5a9
2024:4042620231744122635,p0010,c_433597abc27c16d5e313,67602d84f809080637af4aa52d93aa450ecdd03f17b5fdd74f867b5567f2b79f,r_36381ff366645780c532,11,b26bdd1cce1031dd2c4f3810d9406c3fb9da4a10fd115591a3ab3bffd587c5a9
2024:4042620231744122764,p0009,c_b9c6825d43fd2209aee5,00dc83925a148035d10910307dc89e95f0e4a19059e9a9aaab9e749167990c81,r_dab5970845ebb9ffcf35,11,2f2727cdaad6c09f75103af92a1fbd8fabec12c1839c6a7bb33048d7f54c8e9f
2024:4042620231744750445,p0009,c_b9c6825d43fd2209aee5,8b88bd23f10fe78585cb94dc085c9f7a705dde09fd289f2668c80ca171cd8fb8,r_dab5970845ebb9ffcf35,11,2f2727cdaad6c09f75103af92a1fbd8fabec12c1839c6a7bb33048d7f54c8e9f
2024:4042620231744750660,p0009,c_b9c6825d43fd2209aee5,1a12eea7b965fbb483fe26d12a54a9ff424665c65168caaa93d8ba7d5866e852,r_dab5970845ebb9ffcf35,11,2f2727cdaad6c09f75103af92a1fbd8fabec12c1839c6a7bb33048d7f54c8e9f
2024:4042620241920788639,p0010,c_433597abc27c16d5e313,5a5a2b51eabb5304a0068f5487249308cf4d6e727dad47006c1c71297addbf71,r_36381ff366645780c532,11,b26bdd1cce1031dd2c4f3810d9406c3fb9da4a10fd115591a3ab3bffd587c5a9
2024:4042620241920789445,p0004,c_c5b7995bf680414a0436,35fb3d759b212932a981d367265e49176c09ed4f247e93ae8b5a4ae27bc78d90,r_948475ee1ff681d1e65b,11,c34d288aa28210b6c2263fe274a7cab983f2c5feedd5885c5e03a71af74627dd
2024:4042620241920820355,p0015,c_dd05fcb5866322438262,d73f6f136edf3bffc8357642ec3a5dfa3210f8fb269004c19cc5a6d7e5902d4c,r_f7a1a92ebd7a39e06876,9,7c69c8ee5b184648674e1743a4d66931e8d0beb2c3d7b3bd790f1ab8a76ae1cc
2024:4042620241920820453,p0015,c_dd05fcb5866322438262,098b604422ac7d324a3cb75571bbfc1e03ed5d64fbe69c5297fc482e02c89bec,r_f7a1a92ebd7a39e06876,9,7c69c8ee5b184648674e1743a4d66931e8d0beb2c3d7b3bd790f1ab8a76ae1cc
2024:4042620241920821466,p0007,c_9c859fb024183d8954a6,2c905fe65a67e8870cf6814ea9bedd6f35642ac513808c78a8ed1f4e59c292db,r_d781d1e025b21b40484f,9,d2cbf8c001b7c6c6c5c99a6e795d669e85cd83b561f4980de9fb8c0e3702cedd
2024:4042620241920827325,p0010,c_3fdba6477347f59d07e7,2a12e92df377282a9e7922f3d5898808ba1f8595162c753d3338693843fe45b1,r_36381ff366645780c532,11,aae33bc963a30bd1536b10834ed6f80806e8990021acd020d7bae0c104ed85ec
2024:4042620241920834817,p0013,c_f403b4b143a23ffe823d,7a297fa7fe51ba6550d5d1f7972baf11e89e6e18055c999211aa25e3ba32e94b,r_2e07349418abdd1528c5,9,938f5e5e31027a82502cc4f45931241a0dc1daa6c6b2e16061ada9c64d9ded82
2024:4042720231744827401,p0009,c_b9c6825d43fd2209aee5,2e35e2590c483eeb9aab619fa39b54e1bb055bddb21b77a9f600f8cd20dacbe5,r_dab5970845ebb9ffcf35,11,2f2727cdaad6c09f75103af92a1fbd8fabec12c1839c6a7bb33048d7f54c8e9f
2024:4042720231744827506,p0009,c_b9c6825d43fd2209aee5,642a116aaa427bbe606aaa85a2922cebca737a73c84e06d74cbe36bac5709804,r_dab5970845ebb9ffcf35,11,2f2727cdaad6c09f75103af92a1fbd8fabec12c1839c6a7bb33048d7f54c8e9f
2024:4042720231744862267,p0009,c_b9c6825d43fd2209aee5,a3f93ef4a36c1689d0dfe95fbccc37dd45b0486e682012dba7ffcfb7f72da628,r_dab5970845ebb9ffcf35,11,2f2727cdaad6c09f75103af92a1fbd8fabec12c1839c6a7bb33048d7f54c8e9f
2024:4042720231744864267,p0009,c_b9c6825d43fd2209aee5,b3e97c9c4719c255299600d8c1719cd2894cf18dcb76df21925a0459d4a11613,r_dab5970845ebb9ffcf35,11,2f2727cdaad6c09f75103af92a1fbd8fabec12c1839c6a7bb33048d7f54c8e9f
2024:4042720231744871755,p0009,c_b9c6825d43fd2209aee5,5e0009570d36b1031794d68ea5792b0a8242777fa8c9047fff7a18099c0616e2,r_dab5970845ebb9ffcf35,11,2f2727cdaad6c09f75103af92a1fbd8fabec12c1839c6a7bb33048d7f54c8e9f
2024:4042720231744881784,p0009,c_b9c6825d43fd2209aee5,6a0a13098415c23bf70c5a7a88e03c24322f4bd100354df750e2218f9633e9e3,r_dab5970845ebb9ffcf35,11,2f2727cdaad6c09f75103af92a1fbd8fabec12c1839c6a7bb33048d7f54c8e9f
2024:4042720231744885684,p0009,c_b9c6825d43fd2209aee5,742336c6326e85cb699ee4504f7c4272256ec0f02f9e195eb9f2f93fb250138f,r_dab5970845ebb9ffcf35,11,2f2727cdaad6c09f75103af92a1fbd8fabec12c1839c6a7bb33048d7f54c8e9f
2024:4042720231744887841,p0009,c_b9c6825d43fd2209aee5,f9e296ac6d63b031539d750b3ffd8735601ccfb5fb966e00ec9298dca0bc9e4a,r_dab5970845ebb9ffcf35,11,2f2727cdaad6c09f75103af92a1fbd8fabec12c1839c6a7bb33048d7f54c8e9f
2024:4042720231744888618,p0009,c_b9c6825d43fd2209aee5,d6df746de5fdba7b4b37a3df0f557bce9fbf0864dadd72ae850fbf63a147e62d,r_dab5970845ebb9ffcf35,11,2f2727cdaad6c09f75103af92a1fbd8fabec12c1839c6a7bb33048d7f54c8e9f
2024:4042720231744917449,p0009,c_b9c6825d43fd2209aee5,59ee1e7ed47d05e44b27368650a22aff487e134cfe083463a4a4f3f4cb885995,r_dab5970845ebb9ffcf35,11,2f2727cdaad6c09f75103af92a1fbd8fabec12c1839c6a7bb33048d7f54c8e9f
2024:4042820231745772398,p0009,c_b9c6825d43fd2209aee5,6a6d996caacda0544f3cb10278f7f0a2079343b6f759d826aa3e4501169f361a,r_dab5970845ebb9ffcf35,11,2f2727cdaad6c09f75103af92a1fbd8fabec12c1839c6a7bb33048d7f54c8e9f
2024:4042820231745774346,p0009,c_b9c6825d43fd2209aee5,745f031891fb640aa56729e971293d630d28aeb09b147d35abbf5da879075713,r_dab5970845ebb9ffcf35,11,2f2727cdaad6c09f75103af92a1fbd8fabec12c1839c6a7bb33048d7f54c8e9f
2024:4043020241920912488,p0010,c_433597abc27c16d5e313,cd0d05268468163beb0dbb7e5f3cfc7b9b491be7c76ffcf41e2df7de7d7cc16a,r_36381ff366645780c532,11,b26bdd1cce1031dd2c4f3810d9406c3fb9da4a10fd115591a3ab3bffd587c5a9
2024:4043020241920912995,p0010,c_433597abc27c16d5e313,5747970241f74f049ac8837da4af59a2fc96a40416085d360720cd37215eec02,r_36381ff366645780c532,11,b26bdd1cce1031dd2c4f3810d9406c3fb9da4a10fd115591a3ab3bffd587c5a9
2024:4043020241920918741,p0011,c_e33e4241ffae021efe44,b5ca5ff67f8ff7a16528058771d8f6a705189d2788d7492f121a625ea0bfa852,r_993179b21d5761402e8e,13,f759e3e78284d686fe105b8c5024b31812841e62142513d312812f0fc0b5b163
2024:4043020241920927266,p0009,c_b9c6825d43fd2209aee5,04b8f53448a2647770eb19269708a5cca11320949a39cdefeffcc55045ddcf02,r_dab5970845ebb9ffcf35,11,2f2727cdaad6c09f75103af92a1fbd8fabec12c1839c6a7bb33048d7f54c8e9f
2024:4043020241920928558,p0009,c_b9c6825d43fd2209aee5,f918c9764ff8204d7bcec5f7e05b65941e361b6042499f8ed9303814963db4c5,r_dab5970845ebb9ffcf35,11,2f2727cdaad6c09f75103af92a1fbd8fabec12c1839c6a7bb33048d7f54c8e9f
2024:4043020241920952422,p0016,c_631863f4ecb7637974c4,7d0c310aa98e89c01af4c8d260bcf5d8e673ee18509528c6f1437f4a6a43b0b7,r_240cc1843c0b56b2e338,6,cfdd4442a4751e46c7023e3008081a9fff0401b8a52aa6302d7f1d38ddb6aea4
2024:4043020241920975996,p0012,c_1d973e01b564fccf8f8e,72fd6363debfce99f01409db6c501f1c29856e441f3b6499e464da274dba0424,r_75b5cf0824e38d63503f,9,2b73cb619bf6a1e8c2f2b54767456fd289951794ed01c304f1892a9d53458a59
2024:4043020241921030081,p0013,c_f403b4b143a23ffe823d,96d028455b815bd436506befd05a1034008d8a6d97377ef3cc8e66acf787b8b8,r_2e07349418abdd1528c5,9,938f5e5e31027a82502cc4f45931241a0dc1daa6c6b2e16061ada9c64d9ded82
2024:4043020241921030082,p0013,c_f403b4b143a23ffe823d,ed045adb09399c74e71215f142ca8851cd86c5461eb9d1497d72eca3e48e8388,r_2e07349418abdd1528c5,9,938f5e5e31027a82502cc4f45931241a0dc1daa6c6b2e16061ada9c64d9ded82
2024:4050120231746084621,p0009,c_b9c6825d43fd2209aee5,70d9460c36e9e82da84182db212269eb1f289006e2caad422fad45ca65ab3cf2,r_dab5970845ebb9ffcf35,11,2f2727cdaad6c09f75103af92a1fbd8fabec12c1839c6a7bb33048d7f54c8e9f
2024:4050120231746084622,p0009,c_b9c6825d43fd2209aee5,9d64a8db86e66b9485255f96f106f34ed7f44316c745d04fee3950b8a13b4347,r_dab5970845ebb9ffcf35,11,2f2727cdaad6c09f75103af92a1fbd8fabec12c1839c6a7bb33048d7f54c8e9f
2024:4050120241921088185,p0010,c_433597abc27c16d5e313,4a03d5f916b6502e01fcfb4a298878235fa371097bbdc1db31f47e13577d3eb3,r_36381ff366645780c532,11,b26bdd1cce1031dd2c4f3810d9406c3fb9da4a10fd115591a3ab3bffd587c5a9
2024:4050120241921143728,p0015,c_dd05fcb5866322438262,0dee3c9ab0e3361322a1f36c650f7dfff4c4a1598dcacda45ec21141cd103239,r_f7a1a92ebd7a39e06876,9,7c69c8ee5b184648674e1743a4d66931e8d0beb2c3d7b3bd790f1ab8a76ae1cc
2024:4050120241921232902,p0009,c_b9c6825d43fd2209aee5,4af722e4f0c80890e5c166cd4997b4cea5de135d984a521e9a2c42209b78b34b,r_dab5970845ebb9ffcf35,11,2f2727cdaad6c09f75103af92a1fbd8fabec12c1839c6a7bb33048d7f54c8e9f
2024:4050120241921232903,p0009,c_b9c6825d43fd2209aee5,5ae3b35b6e2efd24c8762318e2f7913ab8852be84bd6b684fba8cd3781fe3410,r_dab5970845ebb9ffcf35,11,2f2727cdaad6c09f75103af92a1fbd8fabec12c1839c6a7bb33048d7f54c8e9f
2024:4050120241921232904,p0009,c_b9c6825d43fd2209aee5,a36d25d87989759bfbce10b8bfb36feabd13d63ee0a376a0ee1ecf3280fabe83,r_dab5970845ebb9ffcf35,11,2f2727cdaad6c09f75103af92a1fbd8fabec12c1839c6a7bb33048d7f54c8e9f
2024:4050120241921265013,p0002,c_43263d10d8d42de66ef1,709051622b31cf7eb439594bddfab44e3f5539d46b2a47b7468f7402f8f7cce2,r_153f6f4b0d25713d8371,11,e78dcd2ea9088c453f153dac7ceaa97df3ea12520b49aac6b5e652420267f0bb
2024:4050120241921265022,p0003,c_dcb61ff9a92a3152957c,483c94f39a39af6ca19f6248b55301de65ee86fabbf37796bde309e092f6c81c,r_e539c4db14c890028fc2,9,4acb74a94e107976dd432d93e00ce54a9dc041ddc3de81dbcf9284d201005511
2024:4050220241921312511,p0004,c_c99e4c1e04a65f2743c2,65281ad54f35b2d0a889e46048375cbef4fb2e309e91e0871f9113a872dd0419,r_948475ee1ff681d1e65b,11,fa78e4ce8a403cc42a8258d033736cebf7575cd2d5196a97f8b946453fd73714
2024:4050220241921313131,p0013,c_f403b4b143a23ffe823d,73a1ae5908394b19b6a5a4943b86ddfe876a1e67733b532f0473ef29006c6da6,r_2e07349418abdd1528c5,9,938f5e5e31027a82502cc4f45931241a0dc1daa6c6b2e16061ada9c64d9ded82
2024:4050220241921313132,p0013,c_f403b4b143a23ffe823d,159abf6857ed00579a77f40fa8d2ab3a2196b0b41eabdb27fe48043c79ddcf9c,r_2e07349418abdd1528c5,9,938f5e5e31027a82502cc4f45931241a0dc1daa6c6b2e16061ada9c64d9ded82
2024:4050220241921347354,p0010,c_433597abc27c16d5e313,0531d25209af07ddd6ae394f26df58922ad3da79e47199cc64bcc87ee19923e6,r_36381ff366645780c532,11,b26bdd1cce1031dd2c4f3810d9406c3fb9da4a10fd115591a3ab3bffd587c5a9
2024:4050220241921347412,p0010,c_433597abc27c16d5e313,4b49124868b443e96f2000e0b7d52706ae14c73847cf28bde304f7ca5d9d2b53,r_36381ff366645780c532,11,b26bdd1cce1031dd2c4f3810d9406c3fb9da4a10fd115591a3ab3bffd587c5a9
2024:4050220241921370805,p0009,c_b9c6825d43fd2209aee5,c3d64d795ee5a5fbf5a73d674e365850aef2f28afb06dda2fcac746210dd9979,r_dab5970845ebb9ffcf35,11,2f2727cdaad6c09f75103af92a1fbd8fabec12c1839c6a7bb33048d7f54c8e9f
2024:4050220241921371491,p0017,c_472247b8d827b7b530d4,f396cc8e047e0493a271e3a5ffd7052aba6fb315a2a8319a8c8f10c48e156265,r_ae41956a00997222c064,5,f4894d61eb3ec4f974af6054881b0c34fdf19b4077a177fea51eed3211a44e75
2024:4050220241921371492,p0017,c_472247b8d827b7b530d4,3b68db9fcff90781e19b279c76ece2631291df3a8e8f0c25b9ecaf687402f480,r_ae41956a00997222c064,5,f4894d61eb3ec4f974af6054881b0c34fdf19b4077a177fea51eed3211a44e75
2024:4050320241921478645,p0009,c_b9c6825d43fd2209aee5,fc25f011b708446cc921104f2cc371c495812ec85060a138bfd3a5e159dc9f3f,r_dab5970845ebb9ffcf35,11,2f2727cdaad6c09f75103af92a1fbd8fabec12c1839c6a7bb33048d7f54c8e9f
2024:4050320241921481100,p0004,c_c99e4c1e04a65f2743c2,0ff99d620767819044a6c976141ed2edf89050144d33635eb63c84d871a98dc1,r_948475ee1ff681d1e65b,11,fa78e4ce8a403cc42a8258d033736cebf7575cd2d5196a97f8b946453fd73714
2024:4050320241921484903,p0011,c_6d78c941e832e66bc5f5,6b75789d2123079ebc7b4824a5914666c1aeedffadf1951d448b148f06809bf8,r_993179b21d5761402e8e,13,136e23c2659e614f7daf19e0e365c8a536cafb725e086191dc5d2f4ac7fabb57
2024:4050320241921484904,p0011,c_6d78c941e832e66bc5f5,3ccc72138c9744b4eaa74ac0ea68c00fa396ad3b724c6cae55b9ac08c69abe73,r_993179b21d5761402e8e,13,136e23c2659e614f7daf19e0e365c8a536cafb725e086191dc5d2f4ac7fabb57
2024:4050320241921484905,p0011,c_6d78c941e832e66bc5f5,880f4352d4f58767949d0172d0f622e0c2f6617c7feccbf2c0ca1c52b713162b,r_993179b21d5761402e8e,13,136e23c2659e614f7daf19e0e365c8a536cafb725e086191dc5d2f4ac7fabb57
2024:4050320241921505526,p0015,c_dd05fcb5866322438262,3c1733ae774a333b48c598adb1582f08af757f2691aff45dd459fe0397d937ee,r_f7a1a92ebd7a39e06876,9,7c69c8ee5b184648674e1743a4d66931e8d0beb2c3d7b3bd790f1ab8a76ae1cc
2024:4050320241921505532,p0015,c_dd05fcb5866322438262,a0f5837525954c591aae91aef74f074dd3d53dc4dfb208c7d01dc6e2627009f1,r_f7a1a92ebd7a39e06876,9,7c69c8ee5b184648674e1743a4d66931e8d0beb2c3d7b3bd790f1ab8a76ae1cc
2024:4050320241921505533,p0015,c_dd05fcb5866322438262,833d5c841968e4db4d330cea70e325faa73c3e2be8b7bfe46406b598c3b27ddb,r_f7a1a92ebd7a39e06876,9,7c69c8ee5b184648674e1743a4d66931e8d0beb2c3d7b3bd790f1ab8a76ae1cc
2024:4050320241921543039,p0013,c_f403b4b143a23ffe823d,7a57c38a7ed6f4e12eb25befaf551036db5f1fccfb28e13dd87371b3df5c225e,r_2e07349418abdd1528c5,9,938f5e5e31027a82502cc4f45931241a0dc1daa6c6b2e16061ada9c64d9ded82
2024:4050320241921543040,p0013,c_f403b4b143a23ffe823d,5472c060d398829952c6ed4abf9488506a7164217c3db9876663377733bc0080,r_2e07349418abdd1528c5,9,938f5e5e31027a82502cc4f45931241a0dc1daa6c6b2e16061ada9c64d9ded82
2024:4050620241921713118,p0002,c_43263d10d8d42de66ef1,3bd810e448354cfad769204573ed2506a43dacb05f47ad921f386ebcbaad33f0,r_153f6f4b0d25713d8371,11,e78dcd2ea9088c453f153dac7ceaa97df3ea12520b49aac6b5e652420267f0bb
2024:4050620241921714732,p0013,c_f403b4b143a23ffe823d,9421c25d76b2c92f80facbc48561b30a71b8f08c9b7c59c814ce640e93c2dee5,r_2e07349418abdd1528c5,9,938f5e5e31027a82502cc4f45931241a0dc1daa6c6b2e16061ada9c64d9ded82
2024:4050620241921714733,p0013,c_f403b4b143a23ffe823d,b2e536382a3c29f00c67551585f26e2e2c256cbaa2c06fce6e9a419a0024f096,r_2e07349418abdd1528c5,9,938f5e5e31027a82502cc4f45931241a0dc1daa6c6b2e16061ada9c64d9ded82
2024:4050620241921726720,p0013,c_f403b4b143a23ffe823d,2e93e74cb5051985a7fa072d4bf59903b379c12cf078bfb3573768c8d34e52e5,r_2e07349418abdd1528c5,9,938f5e5e31027a82502cc4f45931241a0dc1daa6c6b2e16061ada9c64d9ded82
2024:4050620241921726721,p0013,c_f403b4b143a23ffe823d,aa742bcaf878c4f4676f4a1f4d412b516ddbd5ba49c73c254acb9004645feded,r_2e07349418abdd1528c5,9,938f5e5e31027a82502cc4f45931241a0dc1daa6c6b2e16061ada9c64d9ded82
2024:4050620241921727323,p0013,c_ee89dd14fae503ac540a,3e1c31bef7a65e2c2380fd414d35e95be972a4bd803d6abc42badf2a0999e165,r_2e07349418abdd1528c5,5,7ebc5c16df70b873ff1825cf3f807d3eedb5fcb0fd3caadfeabccb3d630f2213
2024:4050620241921727333,p0013,c_ee89dd14fae503ac540a,2ba6910c8265cb9c825aef38910a0ff816cbf8446ed32092d91c00d8a8a8293f,r_2e07349418abdd1528c5,5,7ebc5c16df70b873ff1825cf3f807d3eedb5fcb0fd3caadfeabccb3d630f2213
2024:4050620241921728169,p0004,c_c99e4c1e04a65f2743c2,3feaa78b5d6537b8c2c62e0b73bb2fc4cf8fdf06d7d387611976c4de0911f906,r_948475ee1ff681d1e65b,11,fa78e4ce8a403cc42a8258d033736cebf7575cd2d5196a97f8b946453fd73714
2024:4050620241921730125,p0004,c_c99e4c1e04a65f2743c2,5a4823d8d665172b32a2cd7c85438142034be6f04370233aac6bf202ce7f851e,r_948475ee1ff681d1e65b,11,fa78e4ce8a403cc42a8258d033736cebf7575cd2d5196a97f8b946453fd73714
2024:4050620241921730127,p0004,c_c99e4c1e04a65f2743c2,ece14c1125e920b21cc7b1a906175b9196100af2ef4d5c74d1fbd7b32e29a156,r_948475ee1ff681d1e65b,11,fa78e4ce8a403cc42a8258d033736cebf7575cd2d5196a97f8b946453fd73714
2024:4050620241921746211,p0004,c_c5b7995bf680414a0436,b13367d9b9c7140e2820aab09c637967addec11b108b741b0caa7629e05ad04a,r_948475ee1ff681d1e65b,11,c34d288aa28210b6c2263fe274a7cab983f2c5feedd5885c5e03a71af74627dd
2024:4050620241921753125,p0004,c_c5b7995bf680414a0436,bedfcd0fe6e5532e26604df22882747f40527428444470d16f00a36f49d144bd,r_948475ee1ff681d1e65b,11,c34d288aa28210b6c2263fe274a7cab983f2c5feedd5885c5e03a71af74627dd
2024:4050620241921776027,p0010,c_9092d251bee82feafeb0,eb172ce488161505766def8179dc74eaf1a7bda5a97c86d01554103e8e27d3bc,r_36381ff366645780c532,6,9c02ca8f2474b44342f256cfb54c94cd7ad08d8efb1ad3545d1ad7d7bf05d37d
2024:4050720241921801238,p0009,c_b9c6825d43fd2209aee5,ff2bba387692e7321934c8f0bb5465b30e130ed1cc1694af0f5f235fc4b56dd4,r_dab5970845ebb9ffcf35,11,2f2727cdaad6c09f75103af92a1fbd8fabec12c1839c6a7bb33048d7f54c8e9f
2024:4050720241921801723,p0009,c_b9c6825d43fd2209aee5,432d09009eeccf18009e60dc126ac0d397a4a6d0c3fa505cec6a662cb7822309,r_dab5970845ebb9ffcf35,11,2f2727cdaad6c09f75103af92a1fbd8fabec12c1839c6a7bb33048d7f54c8e9f
2024:4050720241921804158,p0009,c_b9c6825d43fd2209aee5,257abd12bd8cca52f98a55f19e6794328a3afa84f3f8061dbad85a4494bd3ff3,r_dab5970845ebb9ffcf35,11,2f2727cdaad6c09f75103af92a1fbd8fabec12c1839c6a7bb33048d7f54c8e9f
2024:4050720241921804159,p0009,c_b9c6825d43fd2209aee5,c1b81a10404bf57845be481e4044bcd85157d2ddd038ae70deac5db033e73432,r_dab5970845ebb9ffcf35,11,2f2727cdaad6c09f75103af92a1fbd8fabec12c1839c6a7bb33048d7f54c8e9f
2024:4050720241921889763,p0020,c_b20c0f97b2ee20bd113a,b8bfb48beefcc133f9b1c35dc33d17bafc5669f821725ce108c46ce71bf1f3d6,r_e1bc9fb32f1f0e4aaac5,7,e437a8a9bb5a7ac74a243b6908be26ab139d4389b13021965561a5a9f12c4213
2024:4050720241921889773,p0015,c_dd05fcb5866322438262,21d45fd09e2776e72a3c3c1216512b1e47d56c1b590e576b420217a83eaeaea0,r_f7a1a92ebd7a39e06876,9,7c69c8ee5b184648674e1743a4d66931e8d0beb2c3d7b3bd790f1ab8a76ae1cc
2024:4050720241921889776,p0015,c_dd05fcb5866322438262,fd44e8c777ae945b7ffb7ceebbd72fe5a195e5f9841d185235f866496dfd168c,r_f7a1a92ebd7a39e06876,9,7c69c8ee5b184648674e1743a4d66931e8d0beb2c3d7b3bd790f1ab8a76ae1cc
2024:4050720241921889808,p0007,c_abf35d9c28f3a0f3c606,bb5175ec8fedbd7ee725f52281241177c05b7d7bb27aba354dd724beda064f21,r_d781d1e025b21b40484f,9,64cf955fc1434b5ee319310f41aafef5420c58c28474c6a7c5880095a888f47c
2024:4050720241921889810,p0007,c_abf35d9c28f3a0f3c606,00fc0cec77cb8e3c38637e27e45df16f6815e4d0917e728fbc8d1a95dd7a7cc4,r_d781d1e025b21b40484f,9,64cf955fc1434b5ee319310f41aafef5420c58c28474c6a7c5880095a888f47c
2024:4050720241921895668,p0020,c_b20c0f97b2ee20bd113a,10f3c0a5ac0b913bfe32bf68a20bff5402764d0f306e4d02f8780c68da129ba3,r_e1bc9fb32f1f0e4aaac5,7,e437a8a9bb5a7ac74a243b6908be26ab139d4389b13021965561a5a9f12c4213
2024:4050720251189002251,p0009,c_b9c6825d43fd2209aee5,7a83ea7c41ad3a3456322107c634acbb2b5a7b7c58d2a087b8edf030cafd23da,r_dab5970845ebb9ffcf35,11,2f2727cdaad6c09f75103af92a1fbd8fabec12c1839c6a7bb33048d7f54c8e9f
2024:4050720251189002544,p0007,c_3134628a5065ffaa067c,acae0137174b3c2de90d22c9c21c7d8103c26797d734062284274e25b6f9b1f2,r_d781d1e025b21b40484f,9,b51001c0114b7d06ed8d9558ab480b72b4c25890c5c204265186e0d2812a988a
2024:4050820241922051147,p0013,c_7f6679e9b620822a4285,3701cbcc7f1d79d385c2731716aad36824e3a439b142f5208815f98ab9f211c7,r_2e07349418abdd1528c5,4,5972bbd9c4a10915f75a0ad9f99499c7f4dfded7f8938648af6415cfe7699ce8
2024:4050820241922051148,p0013,c_7f6679e9b620822a4285,3f37883a41e69d9b0a2cdcec376ec972d621028fdd2ae9fd5f3d71eea687e6dc,r_2e07349418abdd1528c5,4,5972bbd9c4a10915f75a0ad9f99499c7f4dfded7f8938648af6415cfe7699ce8
2024:4050820241922052449,p0013,c_f403b4b143a23ffe823d,5e5656d36923676a943f9fdd0cc5ade42aacb6940b018c20a5ab71674969fd22,r_2e07349418abdd1528c5,9,938f5e5e31027a82502cc4f45931241a0dc1daa6c6b2e16061ada9c64d9ded82
2024:4050820241922052450,p0013,c_f403b4b143a23ffe823d,6f51ad8c615e1b358b98f0616485abf7e04c90d01a3e53ffb30df88fd2a94ab3,r_2e07349418abdd1528c5,9,938f5e5e31027a82502cc4f45931241a0dc1daa6c6b2e16061ada9c64d9ded82
2024:4050820241922059799,p0013,c_57ff1d4160daea60fc87,da06c273785a84b4e2eeffb51b5ff90e9d28e8e70632870bfbce1573f4106f47,r_2e07349418abdd1528c5,5,2c8685b443015c375bf3eb4c13d25ca9160387dd75be7d414189742b48366e2a
2024:4050820241922059871,p0014,c_1822128dbb0e70f13b7d,a7f534fb97f46dc2d87e1f4b456688e9a929ef107120a7288745a8baf27405bf,r_380f28d77df7a5db30a0,11,3730ea3adfe22f4ebbb2880a519ad669705118c89e210f07f7a9c1662d83b5e7
2024:4050820241922059962,p0014,c_1822128dbb0e70f13b7d,9cf1e302155ca137c90a35928a59d7010b3c88a849e5ad6d19e26ec161460fa2,r_380f28d77df7a5db30a0,11,3730ea3adfe22f4ebbb2880a519ad669705118c89e210f07f7a9c1662d83b5e7
2024:4050820241922060391,p0013,c_57ff1d4160daea60fc87,6d627c16b300b1c77983c68fd866bb98ad6e1b444b4f032c2c9bc373ae1ea4aa,r_2e07349418abdd1528c5,5,2c8685b443015c375bf3eb4c13d25ca9160387dd75be7d414189742b48366e2a
2024:4050820241922067962,p0013,c_f403b4b143a23ffe823d,04e82781ee9afe5b587f1108edb184edc37d2436afe2d22baaaac1e62a98fe27,r_2e07349418abdd1528c5,9,938f5e5e31027a82502cc4f45931241a0dc1daa6c6b2e16061ada9c64d9ded82
2024:4050820241922067963,p0013,c_f403b4b143a23ffe823d,5c9b92b53faa69133be9d154d4f27fb640904da703c9a6f2b8315a469c6e7c84,r_2e07349418abdd1528c5,9,938f5e5e31027a82502cc4f45931241a0dc1daa6c6b2e16061ada9c64d9ded82
2024:4050820241922135998,p0020,c_b20c0f97b2ee20bd113a,dcd5f3da03511cf1267a0bb30b2e493b85e17d976b10a628367dfe07e41e461e,r_e1bc9fb32f1f0e4aaac5,7,e437a8a9bb5a7ac74a243b6908be26ab139d4389b13021965561a5a9f12c4213
2024:4050820241922165376,p0013,c_f403b4b143a23ffe823d,ef6c0b873564cbb110bf919455473c50e7d7c13fd4d86953d8e1b249da465c8a,r_2e07349418abdd1528c5,9,938f5e5e31027a82502cc4f45931241a0dc1daa6c6b2e16061ada9c64d9ded82
2024:4050820241922165377,p0013,c_f403b4b143a23ffe823d,5135c60968fa1f4079ebd8914d2572c5389aba7cc763414085813e47d2dd7231,r_2e07349418abdd1528c5,9,938f5e5e31027a82502cc4f45931241a0dc1daa6c6b2e16061ada9c64d9ded82
2024:4050820241922166450,p0013,c_f403b4b143a23ffe823d,8b68f92a9b8eed63e78c931325b7d343bc36562f9336c21b6dfd5c60d8f6bd7c,r_2e07349418abdd1528c5,9,938f5e5e31027a82502cc4f45931241a0dc1daa6c6b2e16061ada9c64d9ded82
2024:4050820241922166451,p0013,c_f403b4b143a23ffe823d,06ccbf26752d8bdf1eb18bd9b742024da0c41d545ab90b1cfd52954543a1ba7c,r_2e07349418abdd1528c5,9,938f5e5e31027a82502cc4f45931241a0dc1daa6c6b2e16061ada9c64d9ded82
2024:4050820241922167638,p0009,c_b9c6825d43fd2209aee5,faede5ff1bf14860c58b99c8544a67d9d78ef266775bc90b1fa1fc9e14e584bb,r_dab5970845ebb9ffcf35,11,2f2727cdaad6c09f75103af92a1fbd8fabec12c1839c6a7bb33048d7f54c8e9f
2024:4050820251189219567,p0011,c_e33e4241ffae021efe44,0ed34a87850ee9f563fa6c1890fa437edbb2c4082888ef8d84d57fb2020eaf70,r_993179b21d5761402e8e,13,f759e3e78284d686fe105b8c5024b31812841e62142513d312812f0fc0b5b163
2024:4050820251189251923,p0011,c_e33e4241ffae021efe44,7392c9c419456b8a8bcd4f1f903f6f1d07dcbde85aa92809cc008622f88743bc,r_993179b21d5761402e8e,13,f759e3e78284d686fe105b8c5024b31812841e62142513d312812f0fc0b5b163
2024:4050820251189312349,p0009,c_651f7ed35a1ac790deb7,9dce94f96d9eab5ed6dc0111ed229d3616795cab938de7ff57b4d6095c258412,r_dab5970845ebb9ffcf35,6,3be22a7f7e54e6d6cb87e97518423397b0c5f2ab526966693e93a25fd58891b5
2024:4050920241922392035,p0017,c_4cace8d09b215d03173e,d6403e9a6a8591ff87941d86f2ba0fbbf527b76dde154aa37a9d56db6e4dbcc3,r_ae41956a00997222c064,6,90f62b5b771c01fb191ca2514dc72eb2cda7ad285fbc8ec3210017f7e00a0214
2024:4050920241922401082,p0013,c_f403b4b143a23ffe823d,97c9e19895e8ab3a0e461e6cc7a0d462cd09e77693e86b9df7c4f065c452dfe1,r_2e07349418abdd1528c5,9,938f5e5e31027a82502cc4f45931241a0dc1daa6c6b2e16061ada9c64d9ded82
2024:4050920241922401085,p0013,c_f403b4b143a23ffe823d,604f975f4b6be020fce7e04070609defbeafa88a09b2e7e0719bbed4c40bafdb,r_2e07349418abdd1528c5,9,938f5e5e31027a82502cc4f45931241a0dc1daa6c6b2e16061ada9c64d9ded82
2024:4050920241922417700,p0013,c_f403b4b143a23ffe823d,e65af045b17aa1d19cd2e6ef8c0eabb928efcfb0e56d0d47ad192d53c87f2609,r_2e07349418abdd1528c5,9,938f5e5e31027a82502cc4f45931241a0dc1daa6c6b2e16061ada9c64d9ded82
2024:4050920241922417701,p0013,c_f403b4b143a23ffe823d,a0e57a6249e712f14b12eb69906fc02b03bfbaa19594fb2416e8f854c27f6494,r_2e07349418abdd1528c5,9,938f5e5e31027a82502cc4f45931241a0dc1daa6c6b2e16061ada9c64d9ded82
2024:4050920241922454927,p0013,c_57ff1d4160daea60fc87,10ccc9717bc0f9031a5d15f555cd2ebfcfe0297fa9e3e9c6be576749270b5f87,r_2e07349418abdd1528c5,5,2c8685b443015c375bf3eb4c13d25ca9160387dd75be7d414189742b48366e2a
2024:4050920241922454928,p0013,c_57ff1d4160daea60fc87,742306f6d30be35d06a9d85dc75cb232d78df74cfdcd63826e152d8e9bcff5e9,r_2e07349418abdd1528c5,5,2c8685b443015c375bf3eb4c13d25ca9160387dd75be7d414189742b48366e2a
2024:4050920241922515571,p0009,c_03c7c6670557a4a9a5fc,3c2b0dd8db83cacf0d946336ea29095271f88cfa4e320f438d72ddae2f37e32c,r_dab5970845ebb9ffcf35,11,f61a269b438925d79cead079b9b1469a1d7f449907dca134dac2f7a18b3c007f
2024:4050920241922523434,p0009,c_b9c6825d43fd2209aee5,0fc81529ca1232fa23f42d93dc51a50d3ce82601f49494beb437f03bb6a6a5a3,r_dab5970845ebb9ffcf35,11,2f2727cdaad6c09f75103af92a1fbd8fabec12c1839c6a7bb33048d7f54c8e9f
2024:4050920241922610959,p0004,c_c99e4c1e04a65f2743c2,c18276e95998ac527fc8a61b8d621c749932ef330523f154377e659ab848c704,r_948475ee1ff681d1e65b,11,fa78e4ce8a403cc42a8258d033736cebf7575cd2d5196a97f8b946453fd73714
2024:4050920241922683145,p0009,c_b9c6825d43fd2209aee5,b495adcc5eda0df7444de5ad79a4e718a14bc25e12caf86626660fdff41a8ca4,r_dab5970845ebb9ffcf35,11,2f2727cdaad6c09f75103af92a1fbd8fabec12c1839c6a7bb33048d7f54c8e9f
2024:4050920241922684367,p0004,c_c99e4c1e04a65f2743c2,4bfef6f037ec66edbfeb2ef4b9e143ec18699136c165f799f3121547c897f356,r_948475ee1ff681d1e65b,11,fa78e4ce8a403cc42a8258d033736cebf7575cd2d5196a97f8b946453fd73714
2024:4050920241922691850,p0004,c_c0e269b9ba20b2de8232,a31c560c9c1c51db761513644ac418a0be2b5c4c5239e586173d25069a1c3343,r_948475ee1ff681d1e65b,11,27b1911f83e7f6152a20a0041e51011afb2e9ad1cb885be26543906ee642aaaf
2024:4050920241922708371,p0015,c_23595521738d763cf25c,85968bd04bdb35fe4963ce1f63fbc74c563679c055eb1b69a46663188d2d4232,r_f7a1a92ebd7a39e06876,4,ae651b2f15ed03992dd207e57b5e8e7f5296144346ad6e2e17153d329ba27e21
2024:4050920251189341215,p0009,c_b9c6825d43fd2209aee5,433983e0d7aa293334d9950b69191370697539f2f8df7204e742932b0b656241,r_dab5970845ebb9ffcf35,11,2f2727cdaad6c09f75103af92a1fbd8fabec12c1839c6a7bb33048d7f54c8e9f
2024:4050920251189341216,p0009,c_b9c6825d43fd2209aee5,ebe26fe18b9e32d95a68780064c7ada0e8a3db59d15ea991a42e5d693f47f2c0,r_dab5970845ebb9ffcf35,11,2f2727cdaad6c09f75103af92a1fbd8fabec12c1839c6a7bb33048d7f54c8e9f
2024:4050920251189363797,p0019,c_8f805b8c99894bf05c9e,3badf99a0179e1ce9f483bb5f6b955f997feb6f7dae6eb425c882d125a147cc1,r_f842f8012b64a37416bc,9,fbb7dea7528c1e2682734e4ad5f21d9c72c7c901ef02b28eeda6fe36552ce896
2024:4050920251189755129,p0004,c_1189dd78c15d1d5856ad,f37fa4aaf89f150433ff62dae11475010218df8d3fdc33fee51a2c19d5d815f5,r_948475ee1ff681d1e65b,6,a31630114ca07569041f790e9331bca27289dfb3bc27d95c56fc523e85c06cb8
2024:4051020241922821566,p0009,c_03c7c6670557a4a9a5fc,b57c9282c4e659621fe734156d366e6e5c6a6d813c43f6b12eb157e8044ada5e,r_dab5970845ebb9ffcf35,11,f61a269b438925d79cead079b9b1469a1d7f449907dca134dac2f7a18b3c007f
2024:4051020241922824682,p0009,c_b9c6825d43fd2209aee5,b79849afea7e9726e57483ba9e79dd136c7cb124f4fc7bb3d16ec61e47a37ba7,r_dab5970845ebb9ffcf35,11,2f2727cdaad6c09f75103af92a1fbd8fabec12c1839c6a7bb33048d7f54c8e9f
2024:4051020241922824683,p0009,c_b9c6825d43fd2209aee5,9a8e23b58ef4399a2cca570dc0c62e4a7df254b5453f24a13ba4a7bfdbedfbd4,r_dab5970845ebb9ffcf35,11,2f2727cdaad6c09f75103af92a1fbd8fabec12c1839c6a7bb33048d7f54c8e9f
2024:4051020241922824684,p0009,c_b9c6825d43fd2209aee5,5ff40cf88bf96264ca607eaec127dc69b4583cadd9ec289867ab0a3113e989c1,r_dab5970845ebb9ffcf35,11,2f2727cdaad6c09f75103af92a1fbd8fabec12c1839c6a7bb33048d7f54c8e9f
2024:4051020241922866392,p0004,c_c99e4c1e04a65f2743c2,705b4baa2c32cffb4e45fca45e7a2ff6aca27c64683b0e6c3fad182e6b2b7a08,r_948475ee1ff681d1e65b,11,fa78e4ce8a403cc42a8258d033736cebf7575cd2d5196a97f8b946453fd73714
2024:4051020241922869166,p0013,c_7f6679e9b620822a4285,3e549626a66e49a28c25e5b4bc3333e6373246b8b5cf216f8a52355bd22da519,r_2e07349418abdd1528c5,4,5972bbd9c4a10915f75a0ad9f99499c7f4dfded7f8938648af6415cfe7699ce8
2024:4051020241922869167,p0013,c_7f6679e9b620822a4285,5d7f55dfdbe8009e84e38c0f77f0ebdf62f1fe0e4038775da9f190f732e7f339,r_2e07349418abdd1528c5,4,5972bbd9c4a10915f75a0ad9f99499c7f4dfded7f8938648af6415cfe7699ce8
2024:4051020241922870601,p0004,c_c99e4c1e04a65f2743c2,88a8a10c77d29c0db5fd01702802104e1ea17ec086f76c39dc90633b6d31ca40,r_948475ee1ff681d1e65b,11,fa78e4ce8a403cc42a8258d033736cebf7575cd2d5196a97f8b946453fd73714
2024:4051020241922883297,p0013,c_8d4c3b19852bcbeca364,902ca201df7f4da5d39127056406e32e97085ab896ce9f19211f6ab09393ab99,r_2e07349418abdd1528c5,9,8d29943236d18b20ab31241bf147a539810beb5fb5df37006e6fd346c4898daf
2024:4051020241922883298,p0013,c_8d4c3b19852bcbeca364,c886ab72cdb4e5126a82598044a1a9e393525768040ef43ab15135ec6bc60cb5,r_2e07349418abdd1528c5,9,8d29943236d18b20ab31241bf147a539810beb5fb5df37006e6fd346c4898daf
2024:4051020241922883299,p0013,c_8d4c3b19852bcbeca364,9d08f4100a39b6db9a50ccdd0c7cf5b5b31e3248b05a5be6f4f8415c7cf8aaee,r_2e07349418abdd1528c5,9,8d29943236d18b20ab31241bf147a539810beb5fb5df37006e6fd346c4898daf
2024:4051020241922887905,p0013,c_f403b4b143a23ffe823d,db940fe42c07f80db594a4f3aa3634772724ea86ec5918140ddb2a6c577f156b,r_2e07349418abdd1528c5,9,938f5e5e31027a82502cc4f45931241a0dc1daa6c6b2e16061ada9c64d9ded82
2024:4051020241922887906,p0013,c_f403b4b143a23ffe823d,f8f8f53aa28eef86d226c614c98b2ae665129b4c9640cbf389f9bbd03e5b616c,r_2e07349418abdd1528c5,9,938f5e5e31027a82502cc4f45931241a0dc1daa6c6b2e16061ada9c64d9ded82
2024:4051020241922887968,p0009,c_b9c6825d43fd2209aee5,0670bd433471f8d6c00da2585f60b190c5baa9b87d2f3bb62518469d04d2fc66,r_dab5970845ebb9ffcf35,11,2f2727cdaad6c09f75103af92a1fbd8fabec12c1839c6a7bb33048d7f54c8e9f
2024:4051020241922889956,p0009,c_b9c6825d43fd2209aee5,34a2eda06f507e4fcd7dff2e8eb648f59103c0704e04812d8628c43acd16ee4c,r_dab5970845ebb9ffcf35,11,2f2727cdaad6c09f75103af92a1fbd8fabec12c1839c6a7bb33048d7f54c8e9f
2024:4051020241922892823,p0007,c_9c859fb024183d8954a6,47a5239e6330d4527d98a4da06c9ac8da8134f316af93377bca79e3d2f6308b9,r_d781d1e025b21b40484f,9,d2cbf8c001b7c6c6c5c99a6e795d669e85cd83b561f4980de9fb8c0e3702cedd
2024:4051020241922892824,p0007,c_9c859fb024183d8954a6,44c34bd25348495789aa58edd107d8ec1db4a7e66d8d1100a5e4b0a233009a4b,r_d781d1e025b21b40484f,9,d2cbf8c001b7c6c6c5c99a6e795d669e85cd83b561f4980de9fb8c0e3702cedd
2024:4051020241922892825,p0007,c_9c859fb024183d8954a6,c5aedaedb49bcea57d1ce9878277b2864b00c8bcece94e53af456ea886842d58,r_d781d1e025b21b40484f,9,d2cbf8c001b7c6c6c5c99a6e795d669e85cd83b561f4980de9fb8c0e3702cedd
2024:4051020251190062526,p0015,c_57d8e01958a38820d7b3,0b0b32f9b7eee1949dee30f812d5405b413b7a27a017c01109cb51618029ecf8,r_f7a1a92ebd7a39e06876,9,e1eeb1a02cf0c5e8880dcde66101d22100d9d3cc549caee3ae648fbe1c2a9692
2024:4051020251190644565,p0015,c_57d8e01958a38820d7b3,e83ca12161a3237b78ac92909242fe9a3d9c3b89916f966f19100a03a5a83143,r_f7a1a92ebd7a39e06876,9,e1eeb1a02cf0c5e8880dcde66101d22100d9d3cc549caee3ae648fbe1c2a9692
2024:4051020251191723081,p0015,c_57d8e01958a38820d7b3,ef16afdc02d7363f6588d0d79471dc39d6c5d2f8e1db7e2525514a06a66fe51a,r_f7a1a92ebd7a39e06876,9,e1eeb1a02cf0c5e8880dcde66101d22100d9d3cc549caee3ae648fbe1c2a9692
2024:4051020251191938877,p0015,c_57d8e01958a38820d7b3,9c9ba20b91a1d3118b010e954fbaafba47e14aedcc48c2283908b5aafc3ab113,r_f7a1a92ebd7a39e06876,9,e1eeb1a02cf0c5e8880dcde66101d22100d9d3cc549caee3ae648fbe1c2a9692
2024:4051020251192270384,p0015,c_57d8e01958a38820d7b3,57093cfaa66009c9749143f47fe1eaada6a6c45a6f326f41f32d52aa682d47a4,r_f7a1a92ebd7a39e06876,9,e1eeb1a02cf0c5e8880dcde66101d22100d9d3cc549caee3ae648fbe1c2a9692
2024:4051020251192922450,p0015,c_57d8e01958a38820d7b3,6b276cd27e00b837c7b980611cf316e3a5c3469447b0d7d30e3f490896159f9f,r_f7a1a92ebd7a39e06876,9,e1eeb1a02cf0c5e8880dcde66101d22100d9d3cc549caee3ae648fbe1c2a9692
2024:4051020251192974363,p0015,c_57d8e01958a38820d7b3,eb649ef14c67b26b8539e6dca4f63d220cbf235e84128e872acf179490a1fa6e,r_f7a1a92ebd7a39e06876,9,e1eeb1a02cf0c5e8880dcde66101d22100d9d3cc549caee3ae648fbe1c2a9692
2024:4051020251193155402,p0015,c_57d8e01958a38820d7b3,7fc218c5453b62b35c3c47eeb033375995cb0027943898328ce2ad5c92b84557,r_f7a1a92ebd7a39e06876,9,e1eeb1a02cf0c5e8880dcde66101d22100d9d3cc549caee3ae648fbe1c2a9692
2024:4051120241922942597,p0004,c_c0e269b9ba20b2de8232,512da0958d7c5e5dcae8f7e532a2dd91393466cec59a451b357e60b391e500cf,r_948475ee1ff681d1e65b,11,27b1911f83e7f6152a20a0041e51011afb2e9ad1cb885be26543906ee642aaaf
2024:4051220251193609350,p0002,c_4b64baaa01dc4eca3d70,7a5f7ca770fc460d8379d922308a71eeb81da703890fe23f0f1d577f72265ea6,r_153f6f4b0d25713d8371,11,ef446f70a3583fce1f4ac47f95eea9a1d202a1764f613d71fa79944220b4464e
2024:4051220251193610181,p0011,c_79d82a83c0673ddaf64b,51ecd0611b281390406a9d0afa78d1355d7221ebeceeef9bbb112ab1ee61fc78,r_993179b21d5761402e8e,8,ab04c3dcc8637110443818adb8887d2ed340163a2438a311e937146d8dab6c2e
2024:4051220251193610584,p0007,c_7a94289962f1de5171ed,3e8adf29ded4eac4a32b84c3ddf7388db09d557bc49c66ed7251704c47c044e2,r_d781d1e025b21b40484f,4,53519ccb1445b3a089fd957d857e1233f3bbbdf2a6383df7bb07ae5482e85153
2024:4051320241923162985,p0009,c_b9c6825d43fd2209aee5,7ab8bdc06444832847493be710ea1a457d0cc34d9c948ceaddb0626abf2b9a03,r_dab5970845ebb9ffcf35,11,2f2727cdaad6c09f75103af92a1fbd8fabec12c1839c6a7bb33048d7f54c8e9f
2024:4051320241923171607,p0013,c_f403b4b143a23ffe823d,2be09c04060d19411c67b539bd377716b4111c0cdce8ae2a9db3359049806858,r_2e07349418abdd1528c5,9,938f5e5e31027a82502cc4f45931241a0dc1daa6c6b2e16061ada9c64d9ded82
2024:4051320241923171608,p0013,c_f403b4b143a23ffe823d,b8332c1564f396772e4356f132126f0c554910b52eada4e89a614214a5897c7a,r_2e07349418abdd1528c5,9,938f5e5e31027a82502cc4f45931241a0dc1daa6c6b2e16061ada9c64d9ded82
2024:4051320241923171609,p0013,c_f403b4b143a23ffe823d,1cefcb820b553a7e7485f642e8b001442b40b234c7eab75762e66473012b1f0c,r_2e07349418abdd1528c5,9,938f5e5e31027a82502cc4f45931241a0dc1daa6c6b2e16061ada9c64d9ded82
2024:4051320241923171610,p0013,c_f403b4b143a23ffe823d,919ff4b08e244a00af1eaaa35588a4b17b878cc172c2a2940a66b9e1c8ec05e7,r_2e07349418abdd1528c5,9,938f5e5e31027a82502cc4f45931241a0dc1daa6c6b2e16061ada9c64d9ded82
2024:4051320241923171611,p0013,c_f403b4b143a23ffe823d,da30a57e8416268a3e26a9f91d0eacdb683039044e573ad38be76c1d92c390fd,r_2e07349418abdd1528c5,9,938f5e5e31027a82502cc4f45931241a0dc1daa6c6b2e16061ada9c64d9ded82
2024:4051320241923171979,p0010,c_433597abc27c16d5e313,489c1200a48e42d50ae3354c58b2e913634b1169ba0df06c9e005d30c2f53ae3,r_36381ff366645780c532,11,b26bdd1cce1031dd2c4f3810d9406c3fb9da4a10fd115591a3ab3bffd587c5a9
2024:4051320241923171980,p0010,c_433597abc27c16d5e313,48ac29bf2075d64b2b495b53b711c9e249089ee3f093dd8865aba617fd4e424a,r_36381ff366645780c532,11,b26bdd1cce1031dd2c4f3810d9406c3fb9da4a10fd115591a3ab3bffd587c5a9
2024:4051320241923175061,p0013,c_6102391f2e5229fb88b4,bc5a72d7a7c104ee81be0471142c70e6fe2ee2873ae5d97bfa85fd2fb815b57d,r_2e07349418abdd1528c5,7,3321014de07b6f86723d64199fa3eaedbb1c9948f5e440617052ba30335e0777
2024:4051320241923175067,p0013,c_6102391f2e5229fb88b4,916c85f8748b8a314e0236746b99d44b2544e929211629b5bfd7ae7796683f38,r_2e07349418abdd1528c5,7,3321014de07b6f86723d64199fa3eaedbb1c9948f5e440617052ba30335e0777
2024:4051320241923175069,p0010,c_433597abc27c16d5e313,71d09989c24319dffbb3378f1b84d6b237a32312dca655f10d17a4eaac384f13,r_36381ff366645780c532,11,b26bdd1cce1031dd2c4f3810d9406c3fb9da4a10fd115591a3ab3bffd587c5a9
2024:4051320241923175150,p0010,c_433597abc27c16d5e313,c87da2059f915d98c5813e807e1a1eaf3bb9b5c346c38dde75439f5e1536c2ac,r_36381ff366645780c532,11,b26bdd1cce1031dd2c4f3810d9406c3fb9da4a10fd115591a3ab3bffd587c5a9
2024:4051320241923183222,p0004,c_c99e4c1e04a65f2743c2,63f824ca96f481806898c8122ad4c59fc01c78c0504d29cf62751c070363a91f,r_948475ee1ff681d1e65b,11,fa78e4ce8a403cc42a8258d033736cebf7575cd2d5196a97f8b946453fd73714
2024:4051320241923183764,p0004,c_c99e4c1e04a65f2743c2,e48e13bbfff9bc43de4d533b3600ab46b81221a1ae4602a7636989bbdddf4d30,r_948475ee1ff681d1e65b,11,fa78e4ce8a403cc42a8258d033736cebf7575cd2d5196a97f8b946453fd73714
2024:4051420241923228895,p0013,c_8a1a5855130904f79704,6d7fe77f7b26c6eb6010ab4c18c64303cb62762fc91e0aaa99cbd38ec66516cf,r_2e07349418abdd1528c5,5,449a1e87a9396841a143ae967583c35980120855d99a43f31b774666b5bf82f6
2024:4051420241923229085,p0013,c_8a1a5855130904f79704,6273899d8b1fc2bbc0c35de71c2bd75a7fa8a3db0ac6e3da9ffc8468e45f11a5,r_2e07349418abdd1528c5,5,449a1e87a9396841a143ae967583c35980120855d99a43f31b774666b5bf82f6
2024:4051420241923230456,p0004,c_c99e4c1e04a65f2743c2,2c0c72fcf90703dac6215a6f58a999210b5efd90020786139dfc853d54b43fb1,r_948475ee1ff681d1e65b,11,fa78e4ce8a403cc42a8258d033736cebf7575cd2d5196a97f8b946453fd73714
2024:4051420241923232865,p0004,c_c99e4c1e04a65f2743c2,69eea04ae67e5803464beb59cf739971701013b5c109569853c205787df100eb,r_948475ee1ff681d1e65b,11,fa78e4ce8a403cc42a8258d033736cebf7575cd2d5196a97f8b946453fd73714
2024:4051420241923233289,p0013,c_f403b4b143a23ffe823d,7563d885770d5b0c9854eef4a8e6e2502a8f769cc42fafbcb60a3c4f20c540bf,r_2e07349418abdd1528c5,9,938f5e5e31027a82502cc4f45931241a0dc1daa6c6b2e16061ada9c64d9ded82
2024:4051420241923233357,p0013,c_f403b4b143a23ffe823d,8409d45669a249a3b68a28b1e3b7677d96097d782916ef9dc376b55d223c6026,r_2e07349418abdd1528c5,9,938f5e5e31027a82502cc4f45931241a0dc1daa6c6b2e16061ada9c64d9ded82
2024:4051420241923234507,p0004,c_c99e4c1e04a65f2743c2,b672d652c8b564b08b87bee8758a988b62a25936510a9dbd6d14a6b9ffb04598,r_948475ee1ff681d1e65b,11,fa78e4ce8a403cc42a8258d033736cebf7575cd2d5196a97f8b946453fd73714
2024:4051420241923238938,p0013,c_f403b4b143a23ffe823d,a80b8d51c6d63cee3b75ac6c4688d8782021de2162f7bb98d8d4191754738b39,r_2e07349418abdd1528c5,9,938f5e5e31027a82502cc4f45931241a0dc1daa6c6b2e16061ada9c64d9ded82
2024:4051420241923239057,p0013,c_f403b4b143a23ffe823d,d39bcf39ce4c110ddc57b918787efd86a6165bf54041247b85dc105d99fa6e64,r_2e07349418abdd1528c5,9,938f5e5e31027a82502cc4f45931241a0dc1daa6c6b2e16061ada9c64d9ded82
2024:4051420241923335496,p0002,c_4b64baaa01dc4eca3d70,82cf631946416ecf05d15433d5b75ffd20b19a39fd1cfe3127737695d4c06f82,r_153f6f4b0d25713d8371,11,ef446f70a3583fce1f4ac47f95eea9a1d202a1764f613d71fa79944220b4464e
2024:4051420241923462071,p0013,c_f403b4b143a23ffe823d,e187f34b87062f5ed649e65c4d471897afc0c4f3da10981f1221385788d53d28,r_2e07349418abdd1528c5,9,938f5e5e31027a82502cc4f45931241a0dc1daa6c6b2e16061ada9c64d9ded82
2024:4051420241923519782,p0010,c_3fdba6477347f59d07e7,b00963a014f63b3fe095e32a64538355206c6318c7493ac932f710ddccb0e4b9,r_36381ff366645780c532,11,aae33bc963a30bd1536b10834ed6f80806e8990021acd020d7bae0c104ed85ec
2024:4051420241923519783,p0010,c_3fdba6477347f59d07e7,78c3076ae1e882dc829a5c0943385ca0221d268442c58462fc69401a79c665dc,r_36381ff366645780c532,11,aae33bc963a30bd1536b10834ed6f80806e8990021acd020d7bae0c104ed85ec
2024:4051420241923519784,p0010,c_3fdba6477347f59d07e7,e4ee911accb771cba85c8c51435ccf80110b77809c91052c98902217311d3727,r_36381ff366645780c532,11,aae33bc963a30bd1536b10834ed6f80806e8990021acd020d7bae0c104ed85ec
2024:4051420241923553786,p0012,c_6f9ce1910d5bc217008c,a283c3951e1ba9a1784663ea22a063f9b1328ebdffa785ef7eb30c55944cad98,r_75b5cf0824e38d63503f,9,a399e7a0f105264dad48216f375d4983a628857fd57a06e158cb5ad2188be28f
2024:4051420241923553788,p0012,c_6f9ce1910d5bc217008c,ea84eaf4188499cdc1a6c341be0a21b927b86212e4ae7029d5f59ad96fa81d95,r_75b5cf0824e38d63503f,9,a399e7a0f105264dad48216f375d4983a628857fd57a06e158cb5ad2188be28f
2024:4051620241949461061,p0017,c_4cace8d09b215d03173e,89393f37db7c95496330eabc0ce9abae2978d0f82d5b4e35204be3b41aecb99c,r_ae41956a00997222c064,6,90f62b5b771c01fb191ca2514dc72eb2cda7ad285fbc8ec3210017f7e00a0214
2024:4051620241949465684,p0002,c_4b64baaa01dc4eca3d70,b73ae01643b2f6f64579d16d1376a24ce0c6f3435ba71310db8732076b734da4,r_153f6f4b0d25713d8371,11,ef446f70a3583fce1f4ac47f95eea9a1d202a1764f613d71fa79944220b4464e
2024:4051620241949475664,p0011,c_6d78c941e832e66bc5f5,d02a11c8504db0342e1fc4f2a7fcb4ee5a293541e0657a0106c0fdb8559dfbd3,r_993179b21d5761402e8e,13,136e23c2659e614f7daf19e0e365c8a536cafb725e086191dc5d2f4ac7fabb57
2024:4051620241949475666,p0011,c_6d78c941e832e66bc5f5,0804b2b5128325cb9a121bc33db50d144ed562ce765642112345519b10083232,r_993179b21d5761402e8e,13,136e23c2659e614f7daf19e0e365c8a536cafb725e086191dc5d2f4ac7fabb57
2024:4051620241949482616,p0002,c_4b64baaa01dc4eca3d70,aed650e116da2a4b2c61f11eeeceafb5b9c68442f9889d0b473e19508d73e35f,r_153f6f4b0d25713d8371,11,ef446f70a3583fce1f4ac47f95eea9a1d202a1764f613d71fa79944220b4464e
2024:4051620241949482617,p0002,c_4b64baaa01dc4eca3d70,8a1c6d715d7697b64e2d1c514e1aa3a2939864dbdbd25d8751aac380d9a3f050,r_153f6f4b0d25713d8371,11,ef446f70a3583fce1f4ac47f95eea9a1d202a1764f613d71fa79944220b4464e
2024:4051620241949482618,p0002,c_4b64baaa01dc4eca3d70,972ef2921e0256b74ffc9ff98acc26ccce46e2bf443749215ad9a8e317f0ce30,r_153f6f4b0d25713d8371,11,ef446f70a3583fce1f4ac47f95eea9a1d202a1764f613d71fa79944220b4464e
2024:4051620241949500474,p0002,c_43263d10d8d42de66ef1,2f3bf2053f5e3f7d0025db132aea2d50ad4ad4c134fcda556a30911171da52e0,r_153f6f4b0d25713d8371,11,e78dcd2ea9088c453f153dac7ceaa97df3ea12520b49aac6b5e652420267f0bb
2024:4051620251202927031,p0011,c_e33e4241ffae021efe44,2ea454e0e71015b111fee1157504cef34b818b3ffc215794edc31d6f8267259a,r_993179b21d5761402e8e,13,f759e3e78284d686fe105b8c5024b31812841e62142513d312812f0fc0b5b163
2024:4051720241949557195,p0012,c_6f9ce1910d5bc217008c,0108a860b9875627416caa53aa23218b73bd827aca1334c7f70e5b78090d19fa,r_75b5cf0824e38d63503f,9,a399e7a0f105264dad48216f375d4983a628857fd57a06e158cb5ad2188be28f
2024:4051720241949557532,p0004,c_c5b7995bf680414a0436,6a75fa8d0dc2671c7f11d0a475a6f8960fb720ca812f366b68273af7fbae0f50,r_948475ee1ff681d1e65b,11,c34d288aa28210b6c2263fe274a7cab983f2c5feedd5885c5e03a71af74627dd
2024:4051720241949567889,p0011,c_6d78c941e832e66bc5f5,5a3bb3bf2552b2fdee35afd92844b957f384c53b954123b6ba1165749b396fe3,r_993179b21d5761402e8e,13,136e23c2659e614f7daf19e0e365c8a536cafb725e086191dc5d2f4ac7fabb57
2024:4051720241949581185,p0010,c_433597abc27c16d5e313,7ca75641385828dc6a2cbfbd584765b721c45b2d33af597833e481a45400fbc1,r_36381ff366645780c532,11,b26bdd1cce1031dd2c4f3810d9406c3fb9da4a10fd115591a3ab3bffd587c5a9
2024:4051820231747788427,p0009,c_b9c6825d43fd2209aee5,b5e9406b306cabd36d5becfe1326de321981ca4e6e2d366bb732d276ec7041b0,r_dab5970845ebb9ffcf35,11,2f2727cdaad6c09f75103af92a1fbd8fabec12c1839c6a7bb33048d7f54c8e9f
2024:4051920231747834942,p0019,c_8f805b8c99894bf05c9e,5ba754db94b06bc55f1653b6b25592170be3b7154d7a930313b799fcfb84f693,r_f842f8012b64a37416bc,9,fbb7dea7528c1e2682734e4ad5f21d9c72c7c901ef02b28eeda6fe36552ce896
2024:4052020231747925841,p0015,c_dd05fcb5866322438262,1dd0ec1b082220e521f168d56c6175b8f25189053d291974562e884d08220a9a,r_f7a1a92ebd7a39e06876,9,7c69c8ee5b184648674e1743a4d66931e8d0beb2c3d7b3bd790f1ab8a76ae1cc
2024:4052020231747930715,p0010,c_3fdba6477347f59d07e7,0d8a4f0ce35aaa387bd0008947f38e6165067b40756ed5eeb051dcb29deb3c68,r_36381ff366645780c532,11,aae33bc963a30bd1536b10834ed6f80806e8990021acd020d7bae0c104ed85ec
2024:4052020231747940103,p0015,c_dd05fcb5866322438262,dd6c98a4e2d4c0f06317131d6d2697c4df6bbb2c4080c47d9f218037f8449c04,r_f7a1a92ebd7a39e06876,9,7c69c8ee5b184648674e1743a4d66931e8d0beb2c3d7b3bd790f1ab8a76ae1cc
2024:4052020241949707280,p0015,c_dd05fcb5866322438262,ca857eddab2c77f112af15721d3635bccffdc155533fc11e6ff81b130732fb77,r_f7a1a92ebd7a39e06876,9,7c69c8ee5b184648674e1743a4d66931e8d0beb2c3d7b3bd790f1ab8a76ae1cc
2024:4052020241949707281,p0004,c_c99e4c1e04a65f2743c2,7894b4c07c79dda43e89b167f3d7fe1366426c34c2cfcb0049cb626e7b835c4b,r_948475ee1ff681d1e65b,11,fa78e4ce8a403cc42a8258d033736cebf7575cd2d5196a97f8b946453fd73714
2024:4052020241949727269,p0015,c_dd05fcb5866322438262,e01af615732abac3e91f571b126120ad100cabca20cb92346bc27a92694ab872,r_f7a1a92ebd7a39e06876,9,7c69c8ee5b184648674e1743a4d66931e8d0beb2c3d7b3bd790f1ab8a76ae1cc
2024:4052120241949862850,p0003,c_5c674a62aa12b11745d8,94a3efee7eae98ec9b07766513fac5a9fceaa37a97f41a82658ab3a2081e9914,r_e539c4db14c890028fc2,9,4ca381839bd88f09b6497e6b28b0e9fd49dab0305cc331b586fdd5be9c32099b
2024:4052120241949862852,p0002,c_4b64baaa01dc4eca3d70,d8634a1f739e81a29d6f229b6ef1320987e80bcd77e3f0fb41996a93d1d85098,r_153f6f4b0d25713d8371,11,ef446f70a3583fce1f4ac47f95eea9a1d202a1764f613d71fa79944220b4464e
2024:4052120241949996392,p0002,c_4b64baaa01dc4eca3d70,337c64a31609895ad62013fa3be8185f599db534428149d3407238e814c6e4b9,r_153f6f4b0d25713d8371,11,ef446f70a3583fce1f4ac47f95eea9a1d202a1764f613d71fa79944220b4464e
2024:4052120241949996394,p0003,c_5c674a62aa12b11745d8,b4b31d7cfdb92aeace3aee61e3b79ef6ddeb700faef117b9d02bf91e8dab6f2c,r_e539c4db14c890028fc2,9,4ca381839bd88f09b6497e6b28b0e9fd49dab0305cc331b586fdd5be9c32099b
2024:4052220251203713558,p0014,c_1822128dbb0e70f13b7d,e61b2df4551ba3f7a25c228c482a8d94d473dd59e94a6906d80d52663fb38ac7,r_380f28d77df7a5db30a0,11,3730ea3adfe22f4ebbb2880a519ad669705118c89e210f07f7a9c1662d83b5e7
2024:4052220251203713619,p0008,c_eb5f4b964135272e086d,3a2d21c5e6140924afb2d985acd69efdba72c3cfa64b36af81441d0d6a8de807,r_ea71451d245b6218d4f0,10,4104a539a5e79b0ac055d000d70e89d27ac78b43271d1b875a01d4f10bc71c93
2024:4052220251203713742,p0015,c_57d8e01958a38820d7b3,608f24c1ed17232dec7f95e030d37440b3bfe64a3e0cb981cb35fb7f81235880,r_f7a1a92ebd7a39e06876,9,e1eeb1a02cf0c5e8880dcde66101d22100d9d3cc549caee3ae648fbe1c2a9692
2024:4052320241950415904,p0004,c_c5b7995bf680414a0436,7856e2f2de53e7ce86116f2f0352e92279c74a011bef827996b89f3cf09c3ee4,r_948475ee1ff681d1e65b,11,c34d288aa28210b6c2263fe274a7cab983f2c5feedd5885c5e03a71af74627dd
2024:4052320241950460951,p0009,c_b9c6825d43fd2209aee5,4f4a36a945494207eb158349b956c35f77e07e7b5487bc84a33f3ac0cf29c113,r_dab5970845ebb9ffcf35,11,2f2727cdaad6c09f75103af92a1fbd8fabec12c1839c6a7bb33048d7f54c8e9f
2024:4052320241950600142,p0013,c_f403b4b143a23ffe823d,f68c717f8404b6821aba5cbb0ed3aeb1d30bad77b17d6a118e1fcee67f7fa52f,r_2e07349418abdd1528c5,9,938f5e5e31027a82502cc4f45931241a0dc1daa6c6b2e16061ada9c64d9ded82
2024:4052320241950600143,p0013,c_f403b4b143a23ffe823d,1cb7cad019ccc75cddab7d67945df1cb249fcdbc1d1dcac09212602cb86fcf94,r_2e07349418abdd1528c5,9,938f5e5e31027a82502cc4f45931241a0dc1daa6c6b2e16061ada9c64d9ded82
2024:4052320251204077495,p0005,c_b29ca74e8840c8e11343,8797b465f30bd4ec187eac5006c2b508a3546be95cf6a63a86716fa6f6e0374c,r_25813b8c2ee5224fc535,11,517032391b625b60e6c1d0d0af23d40f72591772ba3813911a1a9211691e7cf2
2024:4052420241950723208,p0008,c_b1822eb2c012b8949fc3,909a34b16fa31a3d9ef814d88132ee1ba34b40c1aec0bc6077c0c11850081ee8,r_ea71451d245b6218d4f0,6,6e5e056cd598ab5f45e2824142ae45b070f73322ebde3adefc5eb563cb15c07b
2024:4052420241950723210,p0008,c_b1822eb2c012b8949fc3,08dbd7ada679c522eb2ec009ff15a0361aa8072e02b605ce18a6151121a6a98f,r_ea71451d245b6218d4f0,6,6e5e056cd598ab5f45e2824142ae45b070f73322ebde3adefc5eb563cb15c07b
2024:4052420241950723761,p0015,c_b05fb31d3b8cc52fa1e0,afaccc905e0ac101fa41f48620b534984df9c02b60d22d4d3fae48f9572127a5,r_f7a1a92ebd7a39e06876,5,e30d138022b5e79139f8cccf6625c0488f7cfceab1f8146c9fe1da2924ad2f2d
2024:4052420241950723763,p0015,c_b05fb31d3b8cc52fa1e0,9771618f949d44678457387d955b200acf7e9f212e6d3acef5c11337e02533cf,r_f7a1a92ebd7a39e06876,5,e30d138022b5e79139f8cccf6625c0488f7cfceab1f8146c9fe1da2924ad2f2d
2024:4052820251204279420,p0002,c_43263d10d8d42de66ef1,4b6b5f13f8e27f97e6714fb9b36e0ce0f2c286225d25fc4ec9ef12f6dae0c578,r_153f6f4b0d25713d8371,11,e78dcd2ea9088c453f153dac7ceaa97df3ea12520b49aac6b5e652420267f0bb
2024:4052820251204284833,p0003,c_3f565dc57a11191b929b,669366f6cf174eca24e7294824a38637fcc4683258dd482474fde87e34e91e79,r_e539c4db14c890028fc2,9,557ac4b2fcbc29dfbacdd67738e4da912cc55b77fd84a2d86e6dea25f46a662a
2024:4052920241951101005,p0015,c_dd05fcb5866322438262,e78850a63bc1e8de6312b462407dccd77e0ed9d3a750f66c8082af34966f4dc1,r_f7a1a92ebd7a39e06876,9,7c69c8ee5b184648674e1743a4d66931e8d0beb2c3d7b3bd790f1ab8a76ae1cc
2024:4052920241951140924,p0015,c_dd05fcb5866322438262,cc7a63957ce691d9029a46a382b382eff65948737b9a9a7930cdc51ff5765bb7,r_f7a1a92ebd7a39e06876,9,7c69c8ee5b184648674e1743a4d66931e8d0beb2c3d7b3bd790f1ab8a76ae1cc
2024:4052920241951140928,p0015,c_dd05fcb5866322438262,2102278dc00d201c67653c0f7f07ea282267f9227570b7f892625ae460e213fb,r_f7a1a92ebd7a39e06876,9,7c69c8ee5b184648674e1743a4d66931e8d0beb2c3d7b3bd790f1ab8a76ae1cc
2024:4052920241951165423,p0002,c_28276834972bc20b7eea,4cff47318829d766efe80e029befe3941b961870e16c76a7e3d29bbcc6819b68,r_153f6f4b0d25713d8371,11,90b9b2680efc5d8f943ab540286e8b0a4d0ab891f9e6ec8485eba968aa455310
2024:4052920241951166162,p0003,c_dcb61ff9a92a3152957c,07acf5a296bac9a0daedfc22bb100e744ab931c5d8d975778b820a204fbd4aff,r_e539c4db14c890028fc2,9,4acb74a94e107976dd432d93e00ce54a9dc041ddc3de81dbcf9284d201005511
2024:4052920241951202246,p0004,c_c0e269b9ba20b2de8232,a8523538156c6b205333a6c08c788127d4316235b62cab8b77babccb761d59d5,r_948475ee1ff681d1e65b,11,27b1911f83e7f6152a20a0041e51011afb2e9ad1cb885be26543906ee642aaaf
2024:4053020241951345425,p0020,c_ff6993ba2f374406ac24,3331d27544471679c9860bf00db96a1105ac20146ea54c33d5433771ad3ad33a,r_e1bc9fb32f1f0e4aaac5,7,db60179b015bf6296ba5f0e627bba435743a932a8d1521afa568986e50abee3d
2024:4053020241951401887,p0015,c_dd05fcb5866322438262,e77b201d6a9e076861890de90e54b1d58504221cff9daf30aab6d603d3991759,r_f7a1a92ebd7a39e06876,9,7c69c8ee5b184648674e1743a4d66931e8d0beb2c3d7b3bd790f1ab8a76ae1cc
2024:4053020241951401888,p0015,c_dd05fcb5866322438262,e22bdacac08a417b1043f464d5dfdc6537d048cc313f24ab9568bc2f1da1108b,r_f7a1a92ebd7a39e06876,9,7c69c8ee5b184648674e1743a4d66931e8d0beb2c3d7b3bd790f1ab8a76ae1cc
2024:4053020241951450295,p0020,c_58a4e001d26f1ec0d876,295e2b116e197473ae879a78e8b79613f5144e90ef36e4e7d9138a7b753f1349,r_e1bc9fb32f1f0e4aaac5,11,eaa4b2a5c4bead17462439122693cd796e5414b26c96268e05373dea63bf5a78
2024:4053020241951454836,p0020,c_58a4e001d26f1ec0d876,0af27852529a7660943bf4a2fccdbc8d08e66dbd8f3be903094ad7a67d90e4f6,r_e1bc9fb32f1f0e4aaac5,11,eaa4b2a5c4bead17462439122693cd796e5414b26c96268e05373dea63bf5a78
2024:4053020241951570416,p0020,c_ff6993ba2f374406ac24,0487d6194fbd5e688c57a9180cb5b27934554a808e7da8a346510d58db8ffba2,r_e1bc9fb32f1f0e4aaac5,7,db60179b015bf6296ba5f0e627bba435743a932a8d1521afa568986e50abee3d
2024:4053020241951583540,p0017,c_d863815e2b55ef872f21,cf5a57a322dcc0840364c11bb56a6cf62add1308c1082d62087138312ec144da,r_ae41956a00997222c064,5,889b4c835e4b03fa3b05e2a9b2535dac4ccad3a384c38d22f95c551c9ca0c6a5
2024:4053020241951583658,p0017,c_d863815e2b55ef872f21,f41f3e09f634b46295398efb9e00cbebaba4711b80d41e7d53046f4473fa7b30,r_ae41956a00997222c064,5,889b4c835e4b03fa3b05e2a9b2535dac4ccad3a384c38d22f95c551c9ca0c6a5
2024:4053020241951589324,p0013,c_6b0a1d881dc2efb46c31,e11c61666dff340cc864d23209be964e1834f1cc94607272c3aec038dc4096ed,r_2e07349418abdd1528c5,8,e27f707009c3bd193f5fb6b9eee3af03178f31f192ed2a7b370b787dc5b382ab
2024:4053020241951589325,p0013,c_6b0a1d881dc2efb46c31,95382914942b9b76afd8099fbe0a8167aff7da072685e558c5fc7b2c39cdd864,r_2e07349418abdd1528c5,8,e27f707009c3bd193f5fb6b9eee3af03178f31f192ed2a7b370b787dc5b382ab
2024:4053020241951592577,p0003,c_5c674a62aa12b11745d8,ba54905a3102da44817e58cb03d8425d99a0c96a2c9a54efe5a5acea15416e37,r_e539c4db14c890028fc2,9,4ca381839bd88f09b6497e6b28b0e9fd49dab0305cc331b586fdd5be9c32099b
2024:4053020241951635263,p0015,c_dd05fcb5866322438262,9d25f2345cc8459e6d7b541d78c3d78d0a233bc1c94ace51d3b0bc5b387e5df4,r_f7a1a92ebd7a39e06876,9,7c69c8ee5b184648674e1743a4d66931e8d0beb2c3d7b3bd790f1ab8a76ae1cc
2024:4053020241951652001,p0020,c_25346886cb66823b3264,a5c7624cc9d1659ea3c88994f29307765d8c336101eab6d70b7939467469f112,r_e1bc9fb32f1f0e4aaac5,6,5e0ffc28ab351d85327359d169f8f4beca1b11ad5553a762d6b8f23ae75ccbac
2024:4053020241951652010,p0020,c_25346886cb66823b3264,3be7a5cb7da3131c1774361324b01a48059a4690d3dc2b5d8ad785e107da5e9d,r_e1bc9fb32f1f0e4aaac5,6,5e0ffc28ab351d85327359d169f8f4beca1b11ad5553a762d6b8f23ae75ccbac
2024:4053120241951743958,p0020,c_6457c46c7c83053cb979,a4415efb4a607e537251234b83c397bf4078a123eceaa0cf51959459ce77cf7f,r_e1bc9fb32f1f0e4aaac5,7,92a85862f12a981f20140b149f14110f819252533c4d51304e20ce63c4e57338
2024:4060220231748659029,p0009,c_b9c6825d43fd2209aee5,215e0b1e428557297c1f942ab98abaf27daf60df6391e01107874803a7f0057a,r_dab5970845ebb9ffcf35,11,2f2727cdaad6c09f75103af92a1fbd8fabec12c1839c6a7bb33048d7f54c8e9f
2024:4060220251204382146,p0005,c_b29ca74e8840c8e11343,496c5523b643e438c30f7890086ef1796b328f98eace1241340db91ca53f7d7c,r_25813b8c2ee5224fc535,11,517032391b625b60e6c1d0d0af23d40f72591772ba3813911a1a9211691e7cf2
2024:4060220251204382163,p0005,c_b29ca74e8840c8e11343,2352d77cba94977e56cd2541dab87631fb56a4074644cf7177044389a2ad72de,r_25813b8c2ee5224fc535,11,517032391b625b60e6c1d0d0af23d40f72591772ba3813911a1a9211691e7cf2
2024:4060220251204382194,p0005,c_b29ca74e8840c8e11343,87a6c3efc5b5d0352ff667940d978f08e68148f3debdbad63dad0a4fffdd1f25,r_25813b8c2ee5224fc535,11,517032391b625b60e6c1d0d0af23d40f72591772ba3813911a1a9211691e7cf2
2024:4060220251204382209,p0005,c_b29ca74e8840c8e11343,088f721758cf294dc66010dc10a5669019ad226dcaa4450fa113cf1758d77863,r_25813b8c2ee5224fc535,11,517032391b625b60e6c1d0d0af23d40f72591772ba3813911a1a9211691e7cf2
2024:4060220251204382328,p0005,c_b29ca74e8840c8e11343,23eae31b160fae08e8c154794671f276a6573bed815f20832e206fbebb7a754f,r_25813b8c2ee5224fc535,11,517032391b625b60e6c1d0d0af23d40f72591772ba3813911a1a9211691e7cf2
2024:4060220251204382334,p0004,c_c99e4c1e04a65f2743c2,634b861e3475f315f3ee1545e907fb2042a7f681a63561de90a0f1d48359242d,r_948475ee1ff681d1e65b,11,fa78e4ce8a403cc42a8258d033736cebf7575cd2d5196a97f8b946453fd73714
2024:4060220251204382371,p0005,c_b29ca74e8840c8e11343,fd9db6e4925d6a9a874284127c888ec4bb2e102dd05b1ef288f39b400fc86d90,r_25813b8c2ee5224fc535,11,517032391b625b60e6c1d0d0af23d40f72591772ba3813911a1a9211691e7cf2
2024:4060220251204382378,p0005,c_b29ca74e8840c8e11343,ccae6d3a2baabed21d8229805449812f729bbc958bd3a005c19aa2a660d91e59,r_25813b8c2ee5224fc535,11,517032391b625b60e6c1d0d0af23d40f72591772ba3813911a1a9211691e7cf2
2024:4060220251204382380,p0014,c_1822128dbb0e70f13b7d,fc5286206d65b72719eeff4f0a1ba749cdefb12d715ab32a115fcdb3c78f7e60,r_380f28d77df7a5db30a0,11,3730ea3adfe22f4ebbb2880a519ad669705118c89e210f07f7a9c1662d83b5e7
2024:4060320241951921425,p0011,c_6d78c941e832e66bc5f5,b6221933d5ed90133ead291a5bca14502c244b5d3fe96cd61b2e44fb780eaff5,r_993179b21d5761402e8e,13,136e23c2659e614f7daf19e0e365c8a536cafb725e086191dc5d2f4ac7fabb57
2024:4060320241951925879,p0011,c_6d78c941e832e66bc5f5,63ad5eb52fe6ebc0c43927ce0f4b1f4b4207d0202fc49c0ff4335b2551836617,r_993179b21d5761402e8e,13,136e23c2659e614f7daf19e0e365c8a536cafb725e086191dc5d2f4ac7fabb57
2024:4060320241951925880,p0011,c_6d78c941e832e66bc5f5,3b8e972b5159888ba5c6e39112f3aa146c57432586198482af299397e7fefd8e,r_993179b21d5761402e8e,13,136e23c2659e614f7daf19e0e365c8a536cafb725e086191dc5d2f4ac7fabb57
2024:4060320241951934024,p0004,c_c99e4c1e04a65f2743c2,0336b51723f9546e4e4298da4093c0324fdf9135a5d54f46cd376814520ade37,r_948475ee1ff681d1e65b,11,fa78e4ce8a403cc42a8258d033736cebf7575cd2d5196a97f8b946453fd73714
2024:4060320241952177121,p0020,c_ff6993ba2f374406ac24,242a614bfaf6b6d47e9a3be9b98d8adab3533ba1ab31a1c009d268672f842ac5,r_e1bc9fb32f1f0e4aaac5,7,db60179b015bf6296ba5f0e627bba435743a932a8d1521afa568986e50abee3d
2024:4060320241952181306,p0004,c_c99e4c1e04a65f2743c2,264b9480b4984ca8c58717f4bff63dbddba1296cf0c01e3c33b300a1bd06fcf1,r_948475ee1ff681d1e65b,11,fa78e4ce8a403cc42a8258d033736cebf7575cd2d5196a97f8b946453fd73714
2024:4060320241953355809,p0013,c_f403b4b143a23ffe823d,579a6a8da56fc12f48c9d2e1413703487aa12a318d75c8802deb60434b940548,r_2e07349418abdd1528c5,9,938f5e5e31027a82502cc4f45931241a0dc1daa6c6b2e16061ada9c64d9ded82
2024:4060320241953355810,p0013,c_f403b4b143a23ffe823d,73a6b69d26b35254310a6f0837202f994ef766461b7f00be57a40d5342cd0a5c,r_2e07349418abdd1528c5,9,938f5e5e31027a82502cc4f45931241a0dc1daa6c6b2e16061ada9c64d9ded82
2024:4060320241953355811,p0013,c_f403b4b143a23ffe823d,f993122ed87bc0fa542fcc73eb774d5558b7b5d86f5c5b0f156fecabe21c6eb3,r_2e07349418abdd1528c5,9,938f5e5e31027a82502cc4f45931241a0dc1daa6c6b2e16061ada9c64d9ded82
2024:4060320241953355812,p0013,c_f403b4b143a23ffe823d,a3c08c036293ec19382370744312557c21f3eb0c2bf567db6cf8239a73edeb18,r_2e07349418abdd1528c5,9,938f5e5e31027a82502cc4f45931241a0dc1daa6c6b2e16061ada9c64d9ded82
2024:4060320241953355813,p0013,c_f403b4b143a23ffe823d,60e1c6122b12eb356ac08dc312b8c0d773e8f65cf1afb7f7a3b83ebdc54b6df8,r_2e07349418abdd1528c5,9,938f5e5e31027a82502cc4f45931241a0dc1daa6c6b2e16061ada9c64d9ded82
2024:4060420241953506184,p0008,c_b1822eb2c012b8949fc3,bc20ce53864fc30797d47385c78a1e360e0d4dde1b46d2f6484b6475ccf97c12,r_ea71451d245b6218d4f0,6,6e5e056cd598ab5f45e2824142ae45b070f73322ebde3adefc5eb563cb15c07b
2024:4060420241954117861,p0015,c_18afbae2dc222f7bf657,45370f55edcab06d633632fbd8a52a0bccadac7b672d297ecab57914f9afd017,r_f7a1a92ebd7a39e06876,5,aeb5f6750ae531478e35ec026acbe66998378ef64fd17d605c54df9a34bca1fe
2024:4060420241955695965,p0004,c_c99e4c1e04a65f2743c2,fd1735aaf91a0c333494994fb9bc38f5de84b29ea25eca804f75c7a40f2bf4b8,r_948475ee1ff681d1e65b,11,fa78e4ce8a403cc42a8258d033736cebf7575cd2d5196a97f8b946453fd73714
2024:4060420241956542740,p0011,c_6d78c941e832e66bc5f5,55d198cd2ed58a705424d54543f3d54dde73eb48d0324e33240d37ca258fffd0,r_993179b21d5761402e8e,13,136e23c2659e614f7daf19e0e365c8a536cafb725e086191dc5d2f4ac7fabb57
2024:4060420241956542741,p0011,c_6d78c941e832e66bc5f5,82699d238350409b1c8a75d98d056a686fac37999aa0af09693985c880189330,r_993179b21d5761402e8e,13,136e23c2659e614f7daf19e0e365c8a536cafb725e086191dc5d2f4ac7fabb57
2024:4060420241958219323,p0012,c_127816033aeca7a4cf79,cab7f6f23627222fbc9241f8cee5a611f7056a1067de06482dc2317f98a9bd18,r_75b5cf0824e38d63503f,4,753fb78ca36419228c58f6febcc585b3ca23151af6c178bbda69e3100412f949
2024:4060420241958219324,p0012,c_127816033aeca7a4cf79,cd48ec84475dd78530400b9b2d2bb83029fac22f0ecd4cd7b2ac892973368fbc,r_75b5cf0824e38d63503f,4,753fb78ca36419228c58f6febcc585b3ca23151af6c178bbda69e3100412f949
2024:4060420241958219325,p0012,c_127816033aeca7a4cf79,2f20ed5ef7015b823d1348bb42d4c3a7f9528a93200f90fa708a8d6c539a8a85,r_75b5cf0824e38d63503f,4,753fb78ca36419228c58f6febcc585b3ca23151af6c178bbda69e3100412f949
2024:4060420241958219326,p0012,c_127816033aeca7a4cf79,5ef27f1a20365c7e903ecd9ce24490d45933d3fd49977db0e0891194cca7bc0d,r_75b5cf0824e38d63503f,4,753fb78ca36419228c58f6febcc585b3ca23151af6c178bbda69e3100412f949
2024:4060420241958219327,p0012,c_127816033aeca7a4cf79,47bbf943d189f21f8704a109a5059e1976f72fadac7475163bbbb54a14c1e02c,r_75b5cf0824e38d63503f,4,753fb78ca36419228c58f6febcc585b3ca23151af6c178bbda69e3100412f949
2024:4060620241960271459,p0004,c_c99e4c1e04a65f2743c2,6d5ca8d11d7c55b6d1f1eeaa45f136139f86478dcf7944bc231f80ad394c0c14,r_948475ee1ff681d1e65b,11,fa78e4ce8a403cc42a8258d033736cebf7575cd2d5196a97f8b946453fd73714
2024:4060620241960271477,p0004,c_c99e4c1e04a65f2743c2,ea952e853fdcb1c6c7bf6fb967e795d71c55863a5bc9cdeeb4b67c38a5591d62,r_948475ee1ff681d1e65b,11,fa78e4ce8a403cc42a8258d033736cebf7575cd2d5196a97f8b946453fd73714
2024:4060620241960280280,p0004,c_c99e4c1e04a65f2743c2,d6f5b6ce64522e56baa3961fd1e713d78984770e88317f33a3800e44ff7db517,r_948475ee1ff681d1e65b,11,fa78e4ce8a403cc42a8258d033736cebf7575cd2d5196a97f8b946453fd73714
2024:4060620241960280466,p0004,c_c99e4c1e04a65f2743c2,c1490c7d074b4ef6d6070e9cc2bebee2221b6388d5262f110da8b565f1117d4b,r_948475ee1ff681d1e65b,11,fa78e4ce8a403cc42a8258d033736cebf7575cd2d5196a97f8b946453fd73714
2024:4060720241960309863,p0009,c_b9c6825d43fd2209aee5,b7338f68235e0a053dbf06c187ac37c3113f481e99cbbb480b5da1a8e811ca2c,r_dab5970845ebb9ffcf35,11,2f2727cdaad6c09f75103af92a1fbd8fabec12c1839c6a7bb33048d7f54c8e9f
2024:4060720241960321131,p0009,c_b9c6825d43fd2209aee5,bf6e18aebd367d6bb477be0de6d18ed08a5a5d7c43e7df6333c26b0cef652071,r_dab5970845ebb9ffcf35,11,2f2727cdaad6c09f75103af92a1fbd8fabec12c1839c6a7bb33048d7f54c8e9f
2024:4060720241960321132,p0009,c_b9c6825d43fd2209aee5,f13c55653dccba1bc1e3e69395f008ad5ca69538c4f81d1530c262b0b99227b0,r_dab5970845ebb9ffcf35,11,2f2727cdaad6c09f75103af92a1fbd8fabec12c1839c6a7bb33048d7f54c8e9f
2024:4060720241960321133,p0009,c_b9c6825d43fd2209aee5,69cc370497072674058c8cbc1c054736937b7f7042088889f8b7346b4a5ad675,r_dab5970845ebb9ffcf35,11,2f2727cdaad6c09f75103af92a1fbd8fabec12c1839c6a7bb33048d7f54c8e9f
2024:4060720241960327754,p0009,c_b9c6825d43fd2209aee5,86cf000c7a4ca01aade39710125aad7bbbd6429414ebcf0b14a5fd48cb610184,r_dab5970845ebb9ffcf35,11,2f2727cdaad6c09f75103af92a1fbd8fabec12c1839c6a7bb33048d7f54c8e9f
2024:4060720241960327755,p0009,c_b9c6825d43fd2209aee5,0b58fef3a810b0b788a30ef954ba7a9de2e925788513a215b8535f1bd109d8a5,r_dab5970845ebb9ffcf35,11,2f2727cdaad6c09f75103af92a1fbd8fabec12c1839c6a7bb33048d7f54c8e9f
2024:4060720241960327756,p0009,c_b9c6825d43fd2209aee5,2f161994ef1fbb23c10d397fd803343810b8a90707af55eaa73f32ed2ae32bb6,r_dab5970845ebb9ffcf35,11,2f2727cdaad6c09f75103af92a1fbd8fabec12c1839c6a7bb33048d7f54c8e9f
2024:4060920231749118053,p0009,c_03c7c6670557a4a9a5fc,d560062a02ea70dc395a6df7a7859472d239338b919c2f4ca3755657abe73d04,r_dab5970845ebb9ffcf35,11,f61a269b438925d79cead079b9b1469a1d7f449907dca134dac2f7a18b3c007f
2024:4061020241960403010,p0009,c_af6a1c95dba4762390b9,2c570a68d12c39a2073b0098f5fb4ce3134befd063caa32e62bd153ce6fbb5ab,r_dab5970845ebb9ffcf35,11,566ed0b3565f406dc8d870309bb36cb9b81dafb63d0f26e376161455b9ac9db9
2024:4061020241960415830,p0011,c_6d78c941e832e66bc5f5,fcb7d173b5810839ef92bf114542f7c84ce3b927292cda2c1855c843b4642973,r_993179b21d5761402e8e,13,136e23c2659e614f7daf19e0e365c8a536cafb725e086191dc5d2f4ac7fabb57
2024:4061120241960461942,p0004,c_c99e4c1e04a65f2743c2,517af216222c0ab6963228216cae2bebf849bbd3ab43114ac51ec6b5cf153fab,r_948475ee1ff681d1e65b,11,fa78e4ce8a403cc42a8258d033736cebf7575cd2d5196a97f8b946453fd73714
2024:4061120241960465590,p0004,c_c99e4c1e04a65f2743c2,ae35e8f919c1e08cc898be89405da71db37953c3e6e912cb401017ae998a8072,r_948475ee1ff681d1e65b,11,fa78e4ce8a403cc42a8258d033736cebf7575cd2d5196a97f8b946453fd73714
2024:4061120241960482219,p0015,c_dd05fcb5866322438262,ec91c8bb26a3ca5c24383cd15f9b742cdac5c7e8cb55866e7cced0ccbca26cca,r_f7a1a92ebd7a39e06876,9,7c69c8ee5b184648674e1743a4d66931e8d0beb2c3d7b3bd790f1ab8a76ae1cc
2024:4061120241960491627,p0012,c_127816033aeca7a4cf79,ae7aa2a73d9a4ffacae7e5541017ad1c253cc3bbe5162bc1c947dd655dab86b1,r_75b5cf0824e38d63503f,4,753fb78ca36419228c58f6febcc585b3ca23151af6c178bbda69e3100412f949
2024:4061120241960514241,p0005,c_6b1ea6868fb8f457dd95,176cc9aae7187c0a88b70236614b1966fabb44a8360b9bc97f2c41a2d919191c,r_25813b8c2ee5224fc535,11,0465efd051961a7f32f36f0c803ad94b12c691cd835517cc8488819b392b7e4f
2024:4061120241960580220,p0003,c_3ca089090d1c726fec8b,549e0b1de7a0a37e727a823359e92b2a6e0d9a324e05168e2ce62a0362e9b374,r_e539c4db14c890028fc2,9,07b0c91c747dd0d8a99c76119f0e2e4fe29e43f63140aff75f25a520f58f3013
2024:4061220231749171546,p0015,c_57d8e01958a38820d7b3,410e7cd561cfd228a46bb3f670dccb13eef64f822f2fa877ab7bf37c2ba44479,r_f7a1a92ebd7a39e06876,9,e1eeb1a02cf0c5e8880dcde66101d22100d9d3cc549caee3ae648fbe1c2a9692
2024:4061220231749184685,p0013,c_f403b4b143a23ffe823d,27da4bddf0e034c86655fdda93ca114089253081b21e2741e57a916f8bdfd2e5,r_2e07349418abdd1528c5,9,938f5e5e31027a82502cc4f45931241a0dc1daa6c6b2e16061ada9c64d9ded82
2024:4061220231749187524,p0012,c_3bf74b2cda2b9ec1dfdc,de2b2379c791e56e1fa629c3194413f1dbd56a51ac9221f819b208f2455f8392,r_75b5cf0824e38d63503f,9,36d89b28eddb6ffe88b05c91b6e236725e293d107ee8732cc94762bfd920569a
2024:4061220231749192499,p0015,c_57d8e01958a38820d7b3,b440f2a3b841b05abef964034b17e993010e6ea5dc715c4fb59150a16f3e4480,r_f7a1a92ebd7a39e06876,9,e1eeb1a02cf0c5e8880dcde66101d22100d9d3cc549caee3ae648fbe1c2a9692
2024:4061220241960622807,p0013,c_f403b4b143a23ffe823d,cbc5719c6e8644d04a81d526d90805da40895d7666a044c529cead06ac7bfd03,r_2e07349418abdd1528c5,9,938f5e5e31027a82502cc4f45931241a0dc1daa6c6b2e16061ada9c64d9ded82
2024:4061220241960622808,p0013,c_f403b4b143a23ffe823d,d4c972a3d735966365fe4187df68631dbffa217f2b3dc2503bf780807db55c9a,r_2e07349418abdd1528c5,9,938f5e5e31027a82502cc4f45931241a0dc1daa6c6b2e16061ada9c64d9ded82
2024:4061320241960670234,p0013,c_7dfdf2ad62a7df923319,ea0daad2a566904f8218353857aade7d66c41600663be0ef9c29079ead27f2f4,r_2e07349418abdd1528c5,4,766fd825c737dfa2944ff08b05d5fddd9eb44786351b5e2ac2f3cc4cf763c1d5
2024:4061320241960670322,p0013,c_7dfdf2ad62a7df923319,9091cb8899217be9e68773037035f3e6da2d67e570363e9553cd00da410aa49f,r_2e07349418abdd1528c5,4,766fd825c737dfa2944ff08b05d5fddd9eb44786351b5e2ac2f3cc4cf763c1d5
2024:4061320241960684704,p0002,c_43263d10d8d42de66ef1,6b065f87fd1834b1c511b0586af73fb11994717449df64021f460492f10d72fc,r_153f6f4b0d25713d8371,11,e78dcd2ea9088c453f153dac7ceaa97df3ea12520b49aac6b5e652420267f0bb
2024:4061320241960684760,p0003,c_5c674a62aa12b11745d8,9b1623f32c196b244364b428b67cbd15571ca4b5ac271e089a260352478fa81d,r_e539c4db14c890028fc2,9,4ca381839bd88f09b6497e6b28b0e9fd49dab0305cc331b586fdd5be9c32099b
2024:4061420241960798785,p0004,c_c99e4c1e04a65f2743c2,3f8e9243ee78cf6595ee95fe870eac635e473617762ca20e6d8b75de4615fdda,r_948475ee1ff681d1e65b,11,fa78e4ce8a403cc42a8258d033736cebf7575cd2d5196a97f8b946453fd73714
2024:4061420241960800866,p0004,c_c99e4c1e04a65f2743c2,cda3a92a2d0bbdf3308713fa0bdecf7b7ce6b07b10849dbe5ded7815436d894c,r_948475ee1ff681d1e65b,11,fa78e4ce8a403cc42a8258d033736cebf7575cd2d5196a97f8b946453fd73714
2024:4061720231750585099,p0009,c_b9c6825d43fd2209aee5,0549ff8f20267f486ba6530e7d49f8f0f2c5181b1e7ee7a7dc054b482caa1bcb,r_dab5970845ebb9ffcf35,11,2f2727cdaad6c09f75103af92a1fbd8fabec12c1839c6a7bb33048d7f54c8e9f
2024:4061720241960929966,p0003,c_3ca089090d1c726fec8b,cba664a7b364b022ffa7d25d5c1f984bff2b58ab1e25021fc78461ff70d9296a,r_e539c4db14c890028fc2,9,07b0c91c747dd0d8a99c76119f0e2e4fe29e43f63140aff75f25a520f58f3013
2024:4061720241960929968,p0003,c_3ca089090d1c726fec8b,265681cfed71bcedd670ee6cfaa42fc0307c6239e35169274b791895154529fd,r_e539c4db14c890028fc2,9,07b0c91c747dd0d8a99c76119f0e2e4fe29e43f63140aff75f25a520f58f3013
2024:4061820241961064826,p0004,c_c99e4c1e04a65f2743c2,14a61713ebe330c8ee9c683df326a631a90e8bdbb06d39278522d19d3803d0c4,r_948475ee1ff681d1e65b,11,fa78e4ce8a403cc42a8258d033736cebf7575cd2d5196a97f8b946453fd73714
2024:4061820241961065399,p0011,c_6d78c941e832e66bc5f5,c8574d93533a30ca116b0da020f2d1bb751a3a8704c4db8bb84f767d5e784166,r_993179b21d5761402e8e,13,136e23c2659e614f7daf19e0e365c8a536cafb725e086191dc5d2f4ac7fabb57
2024:4061820241961065562,p0004,c_c99e4c1e04a65f2743c2,985c45036ea8566d35c0976c7b4ece04b27151417c2387d229f34700f7e90ae2,r_948475ee1ff681d1e65b,11,fa78e4ce8a403cc42a8258d033736cebf7575cd2d5196a97f8b946453fd73714
2024:4061820241961071567,p0015,c_e985b2b60bfec40b9aab,da0f7c11674b0c281b1cd1d2196ef56bc8613a6830571d942a61e300d87c7ee7,r_f7a1a92ebd7a39e06876,5,21e89079cb55d7f33166aa20219cc132d19877728063437aa941d32b88091ef3
2024:4061820241961075730,p0015,c_e985b2b60bfec40b9aab,d166aba68ea2168bafe8342d3a1a440fd34a324ec6e67a08c518855a49dfbb65,r_f7a1a92ebd7a39e06876,5,21e89079cb55d7f33166aa20219cc132d19877728063437aa941d32b88091ef3
2024:4061820241961076260,p0015,c_e985b2b60bfec40b9aab,3164eba9c267b3a305e4eca4c83414344f2505a9dadccc528c470feabedd425c,r_f7a1a92ebd7a39e06876,5,21e89079cb55d7f33166aa20219cc132d19877728063437aa941d32b88091ef3
2024:4061820241961077110,p0012,c_6f9ce1910d5bc217008c,0b12dc974b80abe1eea82cfb7d45edf6c1f6dc53394d7bca70308c5e5ba182bf,r_75b5cf0824e38d63503f,9,a399e7a0f105264dad48216f375d4983a628857fd57a06e158cb5ad2188be28f
2024:4061820241961077536,p0012,c_6f9ce1910d5bc217008c,e2ba84b97c8ec1f88db874e1ad47efbd8933535855ceaf57cf60020d727c4b19,r_75b5cf0824e38d63503f,9,a399e7a0f105264dad48216f375d4983a628857fd57a06e158cb5ad2188be28f
2024:4061820241961077898,p0012,c_6f9ce1910d5bc217008c,e48fc2837f0aea05b14abfac214d512768d802421fe54d3c5166f0e0ea4fe6c0,r_75b5cf0824e38d63503f,9,a399e7a0f105264dad48216f375d4983a628857fd57a06e158cb5ad2188be28f
2024:4061820241961107971,p0013,c_f403b4b143a23ffe823d,6119846bbf2a54e01ef524447496f7396fd24e574ac4ff1f85a8b192e089a75b,r_2e07349418abdd1528c5,9,938f5e5e31027a82502cc4f45931241a0dc1daa6c6b2e16061ada9c64d9ded82
2024:4061820241961107972,p0013,c_f403b4b143a23ffe823d,ac76ca11e2d9101a40c08a94d98e8609871cf72a99e4f16238ed5d0a73bf18a6,r_2e07349418abdd1528c5,9,938f5e5e31027a82502cc4f45931241a0dc1daa6c6b2e16061ada9c64d9ded82
2024:4061820241961569222,p0004,c_c99e4c1e04a65f2743c2,4b8c093b26b66ae155c7f5fc485e9d8659771d690bf2884cf98ae8944a3262d8,r_948475ee1ff681d1e65b,11,fa78e4ce8a403cc42a8258d033736cebf7575cd2d5196a97f8b946453fd73714
2024:4062020241961665617,p0004,c_c99e4c1e04a65f2743c2,2adaeb7157745812e1778716be2036bf42f6e17bee063994497d695195d8931a,r_948475ee1ff681d1e65b,11,fa78e4ce8a403cc42a8258d033736cebf7575cd2d5196a97f8b946453fd73714
2024:4062120241961847456,p0003,c_3ca089090d1c726fec8b,e7b0ff9d55fcfc01f3dc68108d16c7330cf754dfc9bc3840f81c2b47db9ce1dd,r_e539c4db14c890028fc2,9,07b0c91c747dd0d8a99c76119f0e2e4fe29e43f63140aff75f25a520f58f3013
2024:4062120241961881873,p0012,c_3bf74b2cda2b9ec1dfdc,755377107804522dbedaf70ab91a4021f19ca1a23294128243479bed19688da4,r_75b5cf0824e38d63503f,9,36d89b28eddb6ffe88b05c91b6e236725e293d107ee8732cc94762bfd920569a
2024:4062320251206907603,p0013,c_f403b4b143a23ffe823d,e7da2ea75bb747ba1668fe32a5133afaa41c4d61bd8c432386dab867fcc8d80f,r_2e07349418abdd1528c5,9,938f5e5e31027a82502cc4f45931241a0dc1daa6c6b2e16061ada9c64d9ded82
2024:4062320251206907604,p0013,c_f403b4b143a23ffe823d,6b2e4b96d14bdadf2d72d9440be12c4656c6b209776d48e4d617a184e9e29f78,r_2e07349418abdd1528c5,9,938f5e5e31027a82502cc4f45931241a0dc1daa6c6b2e16061ada9c64d9ded82
2024:4062320251206913847,p0012,c_e7481bdb5a5200e8a09e,0c5cf52457aa6411a1fcd4702bc5e97ac9c10b4a11d494bf482fcd4f99271ae7,r_75b5cf0824e38d63503f,5,f4f343e8d16875481fd639dbd980f9e7d05cdc3a8829801c9f0629d3edf87a2e
2024:4062420241962035225,p0020,c_6457c46c7c83053cb979,8fe6bfd27505652f9701bc384fb611f8cbfc3189dbeda7edd589206ed81c34ff,r_e1bc9fb32f1f0e4aaac5,7,92a85862f12a981f20140b149f14110f819252533c4d51304e20ce63c4e57338
2024:4062520241962662874,p0015,c_dd05fcb5866322438262,71f90e0386fcd1c8e79d9503eade0a45ee03daa45e14e93e4e8f4671c47d0ec5,r_f7a1a92ebd7a39e06876,9,7c69c8ee5b184648674e1743a4d66931e8d0beb2c3d7b3bd790f1ab8a76ae1cc
2024:4062520241962666677,p0003,c_5c674a62aa12b11745d8,8552ceee527de28cab46d917e2ef06f10389313e83e2628dcf2d66d5aac8cb04,r_e539c4db14c890028fc2,9,4ca381839bd88f09b6497e6b28b0e9fd49dab0305cc331b586fdd5be9c32099b
2024:4062520241962726251,p0009,c_b9c6825d43fd2209aee5,b7cd76a14aefac589f2a4af6edd05ff87af02dbd5773f14e7c5b82e3bf4a8a55,r_dab5970845ebb9ffcf35,11,2f2727cdaad6c09f75103af92a1fbd8fabec12c1839c6a7bb33048d7f54c8e9f
2024:4062520241962726252,p0009,c_b9c6825d43fd2209aee5,b74ca3bd96ccd8969c6a522fa0e2120479259c4101d69cee39763c0bded90383,r_dab5970845ebb9ffcf35,11,2f2727cdaad6c09f75103af92a1fbd8fabec12c1839c6a7bb33048d7f54c8e9f
2024:4062620241962811709,p0009,c_b9c6825d43fd2209aee5,24375fb4ad20eb3ae9c5f9d6d6cf56e2a1cb1a4a89f04365543a5c2ff157534d,r_dab5970845ebb9ffcf35,11,2f2727cdaad6c09f75103af92a1fbd8fabec12c1839c6a7bb33048d7f54c8e9f
2024:4062620241962812107,p0017,c_ff59c0ef8d551ff6dcf0,8514806caac892d37a4c32d7b57156ec82448669e7eb7163de3f765c47c21480,r_ae41956a00997222c064,10,7aedc3fda33625433e0a39eaa79d585bcbe2fac6c4db161cd2ed893af121e78a
2024:4062620241962815764,p0013,c_ca260149d52b63d2d9a4,07c425acfc77c5a313153a014f8f42acbd84eea65155760272bc66ae77508619,r_2e07349418abdd1528c5,5,16d89d126eac4e7ebcc90247f45e03aa5a422cb26e98da0335109a9e66fad881
2024:4062620241962815765,p0013,c_ca260149d52b63d2d9a4,dfc985535e998c51a072ba0e3094b326d74d44b53a9a3b6f7ca9037691586e94,r_2e07349418abdd1528c5,5,16d89d126eac4e7ebcc90247f45e03aa5a422cb26e98da0335109a9e66fad881
2024:4062620241962823145,p0002,c_43263d10d8d42de66ef1,8c39226875816d70f6b236da6ae7b837e75b731619317a2d0f3b8b285bfc4a70,r_153f6f4b0d25713d8371,11,e78dcd2ea9088c453f153dac7ceaa97df3ea12520b49aac6b5e652420267f0bb
2024:4062620241962823146,p0003,c_5c674a62aa12b11745d8,0ce558e14c0b5da416e34a83e5b19387706aaa1f18dc36859a6d1fa1d52fdcf0,r_e539c4db14c890028fc2,9,4ca381839bd88f09b6497e6b28b0e9fd49dab0305cc331b586fdd5be9c32099b
2024:4062620241962828449,p0004,c_c99e4c1e04a65f2743c2,714c619e4d9cd1cecfaf4647dceae55fae097a4a956eb52fbda301fc2ee50742,r_948475ee1ff681d1e65b,11,fa78e4ce8a403cc42a8258d033736cebf7575cd2d5196a97f8b946453fd73714
2024:4062720241962932448,p0015,c_140f009e028a29449a1e,842d0b588dbf4695a59d2c1b0bbd27889a71c01a505975163e33f17e9a3f0827,r_f7a1a92ebd7a39e06876,5,33c32739a7c221d65956399988a013b86881c5776e3714ff55816581a14a38a7
2024:4062720241962964959,p0014,c_1822128dbb0e70f13b7d,e1ca7f55af2335b523ad21666def651a4b27f061cdbf2f20bac689024d499284,r_380f28d77df7a5db30a0,11,3730ea3adfe22f4ebbb2880a519ad669705118c89e210f07f7a9c1662d83b5e7
2024:4062720241962964960,p0014,c_1822128dbb0e70f13b7d,76b17ae661570fbdc254aebfb0622ab2dd048a616c3a677436d7e45ac1864687,r_380f28d77df7a5db30a0,11,3730ea3adfe22f4ebbb2880a519ad669705118c89e210f07f7a9c1662d83b5e7
2024:4062720241962978463,p0014,c_1822128dbb0e70f13b7d,5db8abe6f79806a93e33287cab66cf3ecbec0eec5a02eba91f3ca7abd9a0ccfb,r_380f28d77df7a5db30a0,11,3730ea3adfe22f4ebbb2880a519ad669705118c89e210f07f7a9c1662d83b5e7
2024:4062720241962989731,p0004,c_1189dd78c15d1d5856ad,f6f1f57db827ce103409cb199a251ca94b14a294b75858588dc8f71aef2370f4,r_948475ee1ff681d1e65b,6,a31630114ca07569041f790e9331bca27289dfb3bc27d95c56fc523e85c06cb8
2024:4062820241963046997,p0012,c_6f9ce1910d5bc217008c,ca00e8ccea8322f7c45219a07e66c05ca15afbf8e88693317c531d4635fb68d4,r_75b5cf0824e38d63503f,9,a399e7a0f105264dad48216f375d4983a628857fd57a06e158cb5ad2188be28f
2024:4070120241963121658,p0010,c_3fdba6477347f59d07e7,af449a6b09cb1dad301cda89a9f6dabe57f6e430057b910c381127887de5ed86,r_36381ff366645780c532,11,aae33bc963a30bd1536b10834ed6f80806e8990021acd020d7bae0c104ed85ec
2024:4070120241963127242,p0012,c_4d2b759b329bb58cbcfa,4425fdde4970435cd08c401a71b6767f42253f0273193a015f1a1e8f38ab05e9,r_75b5cf0824e38d63503f,9,13b6ed919d9e0620186271caf124d06fdef6c7b124d695ab1d76aaf312d87425
2024:4070120241963127243,p0012,c_4d2b759b329bb58cbcfa,946f92de01692eb00bb80dd74c785ddb4093dd892d4b56ad1f6af2b4eec9d4ad,r_75b5cf0824e38d63503f,9,13b6ed919d9e0620186271caf124d06fdef6c7b124d695ab1d76aaf312d87425
2024:4070120241963131278,p0012,c_4d2b759b329bb58cbcfa,ae2ee9f29d1c0c5bce40b3837522300c9d548d863c836bc51ba3786b52c7f2bf,r_75b5cf0824e38d63503f,9,13b6ed919d9e0620186271caf124d06fdef6c7b124d695ab1d76aaf312d87425
2024:4070120241963131279,p0012,c_4d2b759b329bb58cbcfa,31a40f3837f91d54973d6670f92216e3226b0d23665aa3aadea36f15bee99c84,r_75b5cf0824e38d63503f,9,13b6ed919d9e0620186271caf124d06fdef6c7b124d695ab1d76aaf312d87425
2024:4070120241963131583,p0012,c_14ce77846e433d31b76b,3e43494f174c173c8741de1f21734945e6dae0312dffa1884144e9a7a6833f15,r_75b5cf0824e38d63503f,9,4dc4050d97cf59ca3c2949ea4aca6f096c8e80f9013c395f51c03b58f5bbaeac
2024:4070120241963142663,p0004,c_c0e269b9ba20b2de8232,048986d6a6193a47693a14f4056363188b2dc3d4b55cae401327fa77232f2dec,r_948475ee1ff681d1e65b,11,27b1911f83e7f6152a20a0041e51011afb2e9ad1cb885be26543906ee642aaaf
2024:4070220241964668335,p0008,c_b1822eb2c012b8949fc3,cd901ad3c43b4a4d59eed739822a808d05e4fde4e7f2e56d25c620b9b00115fa,r_ea71451d245b6218d4f0,6,6e5e056cd598ab5f45e2824142ae45b070f73322ebde3adefc5eb563cb15c07b
2024:4070220241967569822,p0004,c_c99e4c1e04a65f2743c2,6371ed03f4adfcf3786e3a5e9d223597d37b1fb94cc4f7323c11c957514654f0,r_948475ee1ff681d1e65b,11,fa78e4ce8a403cc42a8258d033736cebf7575cd2d5196a97f8b946453fd73714
2024:4070220241967625897,p0003,c_5c674a62aa12b11745d8,4bd36123219b422224a3494677678cca311c340859831546488bf2bb71828050,r_e539c4db14c890028fc2,9,4ca381839bd88f09b6497e6b28b0e9fd49dab0305cc331b586fdd5be9c32099b
2024:4070220241967625898,p0003,c_5c674a62aa12b11745d8,dcbc734c6120b083a1da1608a53a38bce994a6c813353c532d10d979a1bcb8f6,r_e539c4db14c890028fc2,9,4ca381839bd88f09b6497e6b28b0e9fd49dab0305cc331b586fdd5be9c32099b
2024:4070220241967625899,p0003,c_5c674a62aa12b11745d8,5dfe4c69426cd80e1500c62371e95852cc6ab6c8c94eaf2f6c30308215029487,r_e539c4db14c890028fc2,9,4ca381839bd88f09b6497e6b28b0e9fd49dab0305cc331b586fdd5be9c32099b
2024:4070220241967625900,p0003,c_5c674a62aa12b11745d8,ebd2bf7e4cc4475bf2e482b2829a968f3016ac5b1d544115500572417cbba933,r_e539c4db14c890028fc2,9,4ca381839bd88f09b6497e6b28b0e9fd49dab0305cc331b586fdd5be9c32099b
2024:4070220241967625901,p0003,c_5c674a62aa12b11745d8,aafe5f162a954357b6a334667ddd5dba0eecc9a4bc58414e6e25d6c5d4ebe43f,r_e539c4db14c890028fc2,9,4ca381839bd88f09b6497e6b28b0e9fd49dab0305cc331b586fdd5be9c32099b
2024:4070220241967625902,p0003,c_5c674a62aa12b11745d8,a455d6efe3e9a181a950c84dcd166ca377766cd78a199547255990752e346d26,r_e539c4db14c890028fc2,9,4ca381839bd88f09b6497e6b28b0e9fd49dab0305cc331b586fdd5be9c32099b
2024:4070220241967625903,p0003,c_5c674a62aa12b11745d8,e6c2c8cda03afdba7860e743387ac0f29d860c25816ebbcfe9ed17fcc3fdd660,r_e539c4db14c890028fc2,9,4ca381839bd88f09b6497e6b28b0e9fd49dab0305cc331b586fdd5be9c32099b
2024:4070220241967625904,p0003,c_5c674a62aa12b11745d8,ab2176ba78d956a7874c3b9cb1d1c7115acfb176e160fec4371057b635368f07,r_e539c4db14c890028fc2,9,4ca381839bd88f09b6497e6b28b0e9fd49dab0305cc331b586fdd5be9c32099b
2024:4070220241967625905,p0003,c_5c674a62aa12b11745d8,ddb3e9159da0b5910d0df834ea0d51eb02b9fdfd3bae84649e6e42940ab9e0b8,r_e539c4db14c890028fc2,9,4ca381839bd88f09b6497e6b28b0e9fd49dab0305cc331b586fdd5be9c32099b
2024:4070220241967625906,p0003,c_5c674a62aa12b11745d8,de5b7ec6d3daae1edca7bf94fcd8c0eb5d86a44d6091628caa25a73ac58c28e8,r_e539c4db14c890028fc2,9,4ca381839bd88f09b6497e6b28b0e9fd49dab0305cc331b586fdd5be9c32099b
2024:4070220241967625907,p0003,c_5c674a62aa12b11745d8,183c58af6e9f91bf49184c2aa8f1759f1ff733d952fc9f5ef536c23c0ef37abe,r_e539c4db14c890028fc2,9,4ca381839bd88f09b6497e6b28b0e9fd49dab0305cc331b586fdd5be9c32099b
2024:4070220241967625908,p0003,c_5c674a62aa12b11745d8,7307cb0b0daf1480ad9e162193f8604a6f03c27ecac23f1bc61ebf59d2fd69cc,r_e539c4db14c890028fc2,9,4ca381839bd88f09b6497e6b28b0e9fd49dab0305cc331b586fdd5be9c32099b
2024:4070220241968091237,p0014,c_1822128dbb0e70f13b7d,59fd146c9b75ed1ec4d02aa8d0de4863b461d561cd071da46c2839a40dcc66ca,r_380f28d77df7a5db30a0,11,3730ea3adfe22f4ebbb2880a519ad669705118c89e210f07f7a9c1662d83b5e7
2024:4070220241968091238,p0014,c_1822128dbb0e70f13b7d,f233dbdd8421ef7cc177453b60af6ab244afccf32d6c137d2f65885d531276e7,r_380f28d77df7a5db30a0,11,3730ea3adfe22f4ebbb2880a519ad669705118c89e210f07f7a9c1662d83b5e7
2024:4070220241970339520,p0020,c_ff6993ba2f374406ac24,f5ff9fba78bcfd22143f9a09302c738139733d8b259536657dcd7276bc95c5a0,r_e1bc9fb32f1f0e4aaac5,7,db60179b015bf6296ba5f0e627bba435743a932a8d1521afa568986e50abee3d
2024:4070220241970339521,p0020,c_ff6993ba2f374406ac24,d33b2d3cfeda82b175e73998b43ccf34543088e1f6b5ff26c847a5fda62b9acc,r_e1bc9fb32f1f0e4aaac5,7,db60179b015bf6296ba5f0e627bba435743a932a8d1521afa568986e50abee3d
2024:4070220241970339522,p0020,c_ff6993ba2f374406ac24,ef5894e2b2b7eb58d0b444af79ff2ca4b7118f4173c93a297605781555f81137,r_e1bc9fb32f1f0e4aaac5,7,db60179b015bf6296ba5f0e627bba435743a932a8d1521afa568986e50abee3d
2024:4070220251207418551,p0012,c_127816033aeca7a4cf79,9e7a4a9f472875b372d12c8a4c0c8ec2cf370273329c6058b244f64826f55375,r_75b5cf0824e38d63503f,4,753fb78ca36419228c58f6febcc585b3ca23151af6c178bbda69e3100412f949
2024:4070720241972065073,p0002,c_43263d10d8d42de66ef1,2fc78a148b000138795ca0d4f9f340abc82e834b1a85616e27251a25cd19a072,r_153f6f4b0d25713d8371,11,e78dcd2ea9088c453f153dac7ceaa97df3ea12520b49aac6b5e652420267f0bb
2024:4070720241972065076,p0003,c_5c674a62aa12b11745d8,f6e4119dbe16277a81e2bd37837ee345dc8bb43891c2ea031b6beaa56333cb35,r_e539c4db14c890028fc2,9,4ca381839bd88f09b6497e6b28b0e9fd49dab0305cc331b586fdd5be9c32099b
2024:4070720251207701598,p0008,c_fa36c342df32d6568701,b1f51baa692183ea623a3edf8fafd92f4f1d48d4c2a51b68bae6a55d8a2d0403,r_ea71451d245b6218d4f0,6,9e95ed21d5a9d7cb896552848b527eede85c4d099c0926d0ff82b27f7973783c
2024:4070820241972159768,p0012,c_127816033aeca7a4cf79,149415df656975f5892e43bd86e0ac5a5c25a86114e8d2e347cc7199d9b48042,r_75b5cf0824e38d63503f,4,753fb78ca36419228c58f6febcc585b3ca23151af6c178bbda69e3100412f949
2024:4070820241972245355,p0002,c_43263d10d8d42de66ef1,7ee2688215881042edbd909302f280c98f28016656b32e4b7a0d24767b555e56,r_153f6f4b0d25713d8371,11,e78dcd2ea9088c453f153dac7ceaa97df3ea12520b49aac6b5e652420267f0bb
2024:4070820241972245396,p0003,c_3ca089090d1c726fec8b,7bda0b148f4fa0c1043a7e566f23e090d28e0877b2a83c6251f6791815d97147,r_e539c4db14c890028fc2,9,07b0c91c747dd0d8a99c76119f0e2e4fe29e43f63140aff75f25a520f58f3013
2024:4070820241972245423,p0003,c_3ca089090d1c726fec8b,cc0e0addcebe5e168761878166c8ff507914e94beded740515f0e8f74f7a8931,r_e539c4db14c890028fc2,9,07b0c91c747dd0d8a99c76119f0e2e4fe29e43f63140aff75f25a520f58f3013
2024:4070820241972245437,p0002,c_43263d10d8d42de66ef1,985c111f0f6d889373ad3a39b09070328967e5a622b98100c3ce8e94896763a2,r_153f6f4b0d25713d8371,11,e78dcd2ea9088c453f153dac7ceaa97df3ea12520b49aac6b5e652420267f0bb
2024:4070920241972639147,p0009,c_b9c6825d43fd2209aee5,80083235032b9efa1a1030678d1237b990dcd1835d4dec66a98b2985f84b7669,r_dab5970845ebb9ffcf35,11,2f2727cdaad6c09f75103af92a1fbd8fabec12c1839c6a7bb33048d7f54c8e9f
2024:4071020241972688253,p0020,c_ff6993ba2f374406ac24,91086fe9ef814c3132c6ab7dade1d89409cf20bbef89ea153109c502ee7d3079,r_e1bc9fb32f1f0e4aaac5,7,db60179b015bf6296ba5f0e627bba435743a932a8d1521afa568986e50abee3d
2024:4071020241972695265,p0017,c_7d161046ac9781475228,da1071e6bbacff1ed053781ef1369f5889748f8ebc5da34bf299932ea6d9bc7a,r_ae41956a00997222c064,10,838fb7f80c64209f783d607b38f606c711239002822a1aca7c4be1d22568f75f
2024:4071020241972704173,p0011,c_f5767e7ace14a94f10cc,73acf7d2aeda88d1f2fb3aa9224b4ebee33692425849f0d2b7c54d0a87aad4c0,r_993179b21d5761402e8e,13,6dc3462407f7bd879ae928c3d3ce92d295886f855c90e9e02e1f42549ef32fe0
2024:4071120241972765551,p0013,c_f403b4b143a23ffe823d,9cd77be9fe1ee168517dfd7128c636a69b4d429186f42b1a1997ca1db2913533,r_2e07349418abdd1528c5,9,938f5e5e31027a82502cc4f45931241a0dc1daa6c6b2e16061ada9c64d9ded82
2024:4071120241972765552,p0013,c_f403b4b143a23ffe823d,9e0c2bcef3a746dfe2dc5966f06b1f6997f5f0ad7c858f172ffc8be2f9923124,r_2e07349418abdd1528c5,9,938f5e5e31027a82502cc4f45931241a0dc1daa6c6b2e16061ada9c64d9ded82
2024:4071120241972766874,p0009,c_b9c6825d43fd2209aee5,2212efac8cab025ff566ae6aa3663a11683b3df708bcb77b03cbd56e8ad5d615,r_dab5970845ebb9ffcf35,11,2f2727cdaad6c09f75103af92a1fbd8fabec12c1839c6a7bb33048d7f54c8e9f
2024:4071320231753184379,p0009,c_b9c6825d43fd2209aee5,38ffc39dad4807fa6ca284fa15f1ac53c8e472e422d551d4a409cd6fecdb5c30,r_dab5970845ebb9ffcf35,11,2f2727cdaad6c09f75103af92a1fbd8fabec12c1839c6a7bb33048d7f54c8e9f
2024:4071420231753451301,p0015,c_dd05fcb5866322438262,37e66496f89091532aa5eb5fefce91f4311dc93fad1340b211f63cc8cd11a108,r_f7a1a92ebd7a39e06876,9,7c69c8ee5b184648674e1743a4d66931e8d0beb2c3d7b3bd790f1ab8a76ae1cc
2024:4071520241973094151,p0004,c_c99e4c1e04a65f2743c2,ca4fe8f43b8dfa994ac1fad8ded2028ada5752ad4691d30256d217fc48830fbe,r_948475ee1ff681d1e65b,11,fa78e4ce8a403cc42a8258d033736cebf7575cd2d5196a97f8b946453fd73714
2024:4071520241973167253,p0003,c_5c674a62aa12b11745d8,23595ce4683b6e75f641b9cc30d43aa5d750864d6d08b6f154c8e9a3b5de055f,r_e539c4db14c890028fc2,9,4ca381839bd88f09b6497e6b28b0e9fd49dab0305cc331b586fdd5be9c32099b
2024:4071520241973167290,p0003,c_5c674a62aa12b11745d8,57f1df4a884ab53ba8c76e7e970d255ee10092873be17c142d41b0fc9a4cbe92,r_e539c4db14c890028fc2,9,4ca381839bd88f09b6497e6b28b0e9fd49dab0305cc331b586fdd5be9c32099b
2024:4071520241973167553,p0011,c_6d78c941e832e66bc5f5,283c85e370d7ec40d4d5ca4edc42abb27579f3c4b1058270a96d30ebea282534,r_993179b21d5761402e8e,13,136e23c2659e614f7daf19e0e365c8a536cafb725e086191dc5d2f4ac7fabb57
2024:4071520241973167721,p0002,c_5b68075da3761a46c1e4,2a49cecff17b10a48b5ab45956dcd89f8544f561652950c833cd42bb4a834113,r_153f6f4b0d25713d8371,8,cd7f6594823a6e42b5d5c9247c13e2c9280018da2cfd6985e1a0377e44555f66
2024:4071520241973167722,p0002,c_5b68075da3761a46c1e4,57ace79226a7caa6c1b82c93e466ba940c4985e4605bbfb5c3658cff9ebf7c60,r_153f6f4b0d25713d8371,8,cd7f6594823a6e42b5d5c9247c13e2c9280018da2cfd6985e1a0377e44555f66
2024:4071520241973169441,p0017,c_b39e6edd22efee3ff6ff,5314590865e01ae55f25aea70d7d7ed7797a5405bbac03db54d8ed92a7bd24d4,r_ae41956a00997222c064,6,0b1333bcad3777e77a2105975de356662c621628f673c5cb3f1973576eb1716c
2024:4071520241973281864,p0009,c_41645df146712ff21625,0c564a19b627c1135f865e507db442247e22a370bbdba828bdded5ace38ce394,r_dab5970845ebb9ffcf35,6,05c6fce4b5e5b82838b059110431587339ab40c1ac1cf501f4606878da9311d0
2024:4071520241973471542,p0015,c_edff13caa61075e2d07b,ccc5ceabfe8446838dbdc469962e383360149f220a00639846b7a9e2160cf56d,r_f7a1a92ebd7a39e06876,4,ace35e9722d1b28c4bb681e240965a7841d0394089aa337279f0a555db53f082
2024:4071520241973471811,p0003,c_db61a635c25714580e1f,1ac66fdceceadc425f35aa664644d1e32615fb2074f5c68a86f5e28e6b61fb2c,r_e539c4db14c890028fc2,4,4675436e895804dae4d29ebc2f96a6b1761a2c029e22a6d380d15507e8967821
2024:4071520241973471858,p0010,c_9092d251bee82feafeb0,1b95b789330875b3ad460c3378db194e2b7a648933c95109ebdc356cb85733a4,r_36381ff366645780c532,6,9c02ca8f2474b44342f256cfb54c94cd7ad08d8efb1ad3545d1ad7d7bf05d37d
2024:4071520241973472303,p0007,c_e49a9ca92cbe99ff85a0,6223d15c15bbe20e5d718ca32256efcba4783b02cfca4c168c0a54bca52d2489,r_d781d1e025b21b40484f,4,dd9f62f40ebd1bbb3579ba9be9e4f7b28dd973a4f8712e1e5f707a0b48a43c8f
2024:4071520241973472311,p0020,c_25346886cb66823b3264,a741f0edc0ca54a7428e5daae8bbb0824e862e5308b9b5f0eed4fb3266d8d923,r_e1bc9fb32f1f0e4aaac5,6,5e0ffc28ab351d85327359d169f8f4beca1b11ad5553a762d6b8f23ae75ccbac
2024:4071620241973651365,p0013,c_f403b4b143a23ffe823d,9787309e20b04c40efcc05a42778e859003bcc7d797fb4eac924aaf930aecb17,r_2e07349418abdd1528c5,9,938f5e5e31027a82502cc4f45931241a0dc1daa6c6b2e16061ada9c64d9ded82
2024:4071620241973651366,p0013,c_f403b4b143a23ffe823d,acaee38fbbbc5aa0677623f6e0075c0b5a5364102a1e49d876db715cad78e9af,r_2e07349418abdd1528c5,9,938f5e5e31027a82502cc4f45931241a0dc1daa6c6b2e16061ada9c64d9ded82
2024:4071620241975073781,p0002,c_43263d10d8d42de66ef1,626824b1d50ea34309596f24f00396d1c3e53af621af56c702c7ddaf021b76a2,r_153f6f4b0d25713d8371,11,e78dcd2ea9088c453f153dac7ceaa97df3ea12520b49aac6b5e652420267f0bb
2024:4071620241975073793,p0003,c_5c674a62aa12b11745d8,b846ab7d745ceb7b6b8573a232f4b002e4d7df0b2dbae32dd149ce788347facf,r_e539c4db14c890028fc2,9,4ca381839bd88f09b6497e6b28b0e9fd49dab0305cc331b586fdd5be9c32099b
2024:4071620241975074179,p0002,c_43263d10d8d42de66ef1,7d0b2d34f16cc38385ac67606383748066399ff67cc38e0f09a3ba65800bc4dd,r_153f6f4b0d25713d8371,11,e78dcd2ea9088c453f153dac7ceaa97df3ea12520b49aac6b5e652420267f0bb
2024:4071620241975074180,p0003,c_5c674a62aa12b11745d8,641f503e355caea6b8b55cd424e7320b8f417e7c104fbafd7e3e2dd2cfa9fc29,r_e539c4db14c890028fc2,9,4ca381839bd88f09b6497e6b28b0e9fd49dab0305cc331b586fdd5be9c32099b
2024:4071620241975362305,p0015,c_dd05fcb5866322438262,8c283c7135c0732f0902cc72db3c1b5c06fd1eda288cd64901d15b44573ee5d1,r_f7a1a92ebd7a39e06876,9,7c69c8ee5b184648674e1743a4d66931e8d0beb2c3d7b3bd790f1ab8a76ae1cc
2024:4071620241975461201,p0012,c_127816033aeca7a4cf79,acafd60f87582dad5f47fc7c3f0b38d9bad7f74e46cd6376de063aa82143e9ed,r_75b5cf0824e38d63503f,4,753fb78ca36419228c58f6febcc585b3ca23151af6c178bbda69e3100412f949
2024:4071620241975834964,p0019,c_901624a705dc2b59b73c,63259a580acd5bd2ba09c75a49d257fa7f1da29f029d4e79dbd00df20f5b2985,r_f842f8012b64a37416bc,9,22315f151d3c106b680bf59e70e44546b0587d68c3b5fe4af7756cb447e67b7d
2024:4071720231753656365,p0002,c_43263d10d8d42de66ef1,6035a0500375ca3ea22afabd80b548b1766d285b18d28d4d06d54da597827d1d,r_153f6f4b0d25713d8371,11,e78dcd2ea9088c453f153dac7ceaa97df3ea12520b49aac6b5e652420267f0bb
2024:4071720231753656412,p0003,c_5c674a62aa12b11745d8,3e8b04a8d15002635907cfb756fb0313b93cdec5509ec9ed99339ead92a3f9ca,r_e539c4db14c890028fc2,9,4ca381839bd88f09b6497e6b28b0e9fd49dab0305cc331b586fdd5be9c32099b
2024:4071720241975938608,p0015,c_57d8e01958a38820d7b3,34b854db7e68202951bcceea4ab804f8edf9dbcb9bd04770ab408830b3e0b190,r_f7a1a92ebd7a39e06876,9,e1eeb1a02cf0c5e8880dcde66101d22100d9d3cc549caee3ae648fbe1c2a9692
2024:4071720241975939977,p0014,c_1822128dbb0e70f13b7d,2606720923b35424cd2f3fb430ab819bd6c0bf84c05414053e91986328d78c78,r_380f28d77df7a5db30a0,11,3730ea3adfe22f4ebbb2880a519ad669705118c89e210f07f7a9c1662d83b5e7
2024:4071720241975953893,p0002,c_43263d10d8d42de66ef1,81ee702c99d638c40150716f731b3b830e7014d5feb7b0585b189d36b4315a7b,r_153f6f4b0d25713d8371,11,e78dcd2ea9088c453f153dac7ceaa97df3ea12520b49aac6b5e652420267f0bb
2024:4071720241975953894,p0003,c_5c674a62aa12b11745d8,7b0779cde56af0970be0295b4d084780c5f08b30599bded37c2b13e0af64c8e9,r_e539c4db14c890028fc2,9,4ca381839bd88f09b6497e6b28b0e9fd49dab0305cc331b586fdd5be9c32099b
2024:4071720241976156518,p0012,c_127816033aeca7a4cf79,09ff1697776a9c8c9dbc2bea316961f3604746525ac91aaa7e9112f4cc6340f1,r_75b5cf0824e38d63503f,4,753fb78ca36419228c58f6febcc585b3ca23151af6c178bbda69e3100412f949
2024:4071720241976156520,p0012,c_127816033aeca7a4cf79,11243fee886564548c47f0cc5e72c09c5437df3d4ff80b2527c01f3b5250c6da,r_75b5cf0824e38d63503f,4,753fb78ca36419228c58f6febcc585b3ca23151af6c178bbda69e3100412f949
2024:4071720241977352200,p0002,c_4b64baaa01dc4eca3d70,5de9cc60f82fbb8fa062832d38b7ac292de7913774aaf0c0f6fe375a657bd14f,r_153f6f4b0d25713d8371,11,ef446f70a3583fce1f4ac47f95eea9a1d202a1764f613d71fa79944220b4464e
2024:4071720241977352201,p0002,c_4b64baaa01dc4eca3d70,af46f34e3a16ca4048b393c6abcb7229eb30fcc3f8c840e13e31bf905f41d979,r_153f6f4b0d25713d8371,11,ef446f70a3583fce1f4ac47f95eea9a1d202a1764f613d71fa79944220b4464e
2024:4071720241977352215,p0003,c_5c674a62aa12b11745d8,ea74868258b0e2991977a9908410dc94721c76bf440a825a7028b1c490263366,r_e539c4db14c890028fc2,9,4ca381839bd88f09b6497e6b28b0e9fd49dab0305cc331b586fdd5be9c32099b
2024:4071720241977353359,p0002,c_4b64baaa01dc4eca3d70,021a6f8553d1815f311509d6a39d7825c1c0a43cb0ec7599ce9c734fc421e50a,r_153f6f4b0d25713d8371,11,ef446f70a3583fce1f4ac47f95eea9a1d202a1764f613d71fa79944220b4464e
2024:4071720241977353367,p0003,c_5c674a62aa12b11745d8,9f5ebb0ad412cd64444435eb5842d3cecbb8fe330bc1801bd9553b7359503e2f,r_e539c4db14c890028fc2,9,4ca381839bd88f09b6497e6b28b0e9fd49dab0305cc331b586fdd5be9c32099b
2024:4071720241977610579,p0009,c_b9c6825d43fd2209aee5,7f0714f88b4201bbd3d5e9d6d4bb9a172ed999d3584e9ca94f87a51d8fc61cbc,r_dab5970845ebb9ffcf35,11,2f2727cdaad6c09f75103af92a1fbd8fabec12c1839c6a7bb33048d7f54c8e9f
2024:4071720241977734888,p0013,c_8d4c3b19852bcbeca364,069c195c1536f3dc697b485ed42b01166da59e8f607acea5f034e99b3bd57133,r_2e07349418abdd1528c5,9,8d29943236d18b20ab31241bf147a539810beb5fb5df37006e6fd346c4898daf
2024:4071820231753707532,p0009,c_af6a1c95dba4762390b9,88d641f8cf2709264b3a7214ef2e479a0ec1f80ea4aeda28a5e230dbcfcad2fe,r_dab5970845ebb9ffcf35,11,566ed0b3565f406dc8d870309bb36cb9b81dafb63d0f26e376161455b9ac9db9
2024:4071820231753719359,p0009,c_03c7c6670557a4a9a5fc,9414d2114fdd3bd12460d4f82041b1c9f8a7b33de2c81537f445ffb1b10c5791,r_dab5970845ebb9ffcf35,11,f61a269b438925d79cead079b9b1469a1d7f449907dca134dac2f7a18b3c007f
2024:4071820231753772663,p0020,c_25346886cb66823b3264,f826464b2a57f70a1ea0459881c570949d6ada92b38c33fd3301a7513313a6ee,r_e1bc9fb32f1f0e4aaac5,6,5e0ffc28ab351d85327359d169f8f4beca1b11ad5553a762d6b8f23ae75ccbac
2024:4071820231753772758,p0020,c_25346886cb66823b3264,8cda7c94c45c14a973e024f3ac5f99ef10975d3e43099b55091d6febe072e1aa,r_e1bc9fb32f1f0e4aaac5,6,5e0ffc28ab351d85327359d169f8f4beca1b11ad5553a762d6b8f23ae75ccbac
2024:4071820231753774817,p0011,c_6d78c941e832e66bc5f5,7302d275671bc71038dd12256c9456b4d11677fc1bb45c5a16c6f6db415b6cb5,r_993179b21d5761402e8e,13,136e23c2659e614f7daf19e0e365c8a536cafb725e086191dc5d2f4ac7fabb57
2024:4071820231753774818,p0011,c_6d78c941e832e66bc5f5,579ab3ceca33ee4af7b13004fab95602f042a3afe7b35bd9c16a7c594bfa32b1,r_993179b21d5761402e8e,13,136e23c2659e614f7daf19e0e365c8a536cafb725e086191dc5d2f4ac7fabb57
2024:4071820231753774819,p0011,c_6d78c941e832e66bc5f5,b6e36b81e52d3252f9d33da1fb319d7eede2a340224007f5a58e9eb5526105f4,r_993179b21d5761402e8e,13,136e23c2659e614f7daf19e0e365c8a536cafb725e086191dc5d2f4ac7fabb57
2024:4071820231753788853,p0007,c_9c859fb024183d8954a6,9d83774c72d4d6fe85537b91a2909a60edd61a36dd267468ac440931a563462f,r_d781d1e025b21b40484f,9,d2cbf8c001b7c6c6c5c99a6e795d669e85cd83b561f4980de9fb8c0e3702cedd
2024:4071820231753847435,p0011,c_6d78c941e832e66bc5f5,25ea5d49727f3b0eaae2a94b9cad8d9d38576473a74fa957f6a1e33ad7724ea8,r_993179b21d5761402e8e,13,136e23c2659e614f7daf19e0e365c8a536cafb725e086191dc5d2f4ac7fabb57
2024:4071820241977850474,p0015,c_577be7b058a187137f42,769af9ee872efa13c16550ccc47bbe0e9df4a2c8c7a112a79921823f7d454449,r_f7a1a92ebd7a39e06876,8,9f3d237aa5fe4d2550542543385054b24bae9ced5e4e64591b2e2b4cd7e88c74
2024:4071820241977850519,p0015,c_dd05fcb5866322438262,e5a9f55f21e64d9833c3460f06f5c7082f64e7e7214423b183b545cf4ce30813,r_f7a1a92ebd7a39e06876,9,7c69c8ee5b184648674e1743a4d66931e8d0beb2c3d7b3bd790f1ab8a76ae1cc
2024:4071820241977850520,p0015,c_dd05fcb5866322438262,2bcf9990edb1d2816c0cf5318a252723da1ec1690b523eff33e397810ff6afd0,r_f7a1a92ebd7a39e06876,9,7c69c8ee5b184648674e1743a4d66931e8d0beb2c3d7b3bd790f1ab8a76ae1cc
2024:4071820241977936350,p0011,c_6d78c941e832e66bc5f5,1cc33693e73e3244a69f0bff7829b12a33ab226c57175a31fc979bfddb5b5ee1,r_993179b21d5761402e8e,13,136e23c2659e614f7daf19e0e365c8a536cafb725e086191dc5d2f4ac7fabb57
2024:4071820241977997315,p0015,c_57d8e01958a38820d7b3,e886b05bfca894c80c1c058b6e51e7714ef79db8551fc7eed8adf1d888afbbc8,r_f7a1a92ebd7a39e06876,9,e1eeb1a02cf0c5e8880dcde66101d22100d9d3cc549caee3ae648fbe1c2a9692
2024:4071820241978015996,p0002,c_43263d10d8d42de66ef1,4b837d5c29531a97536ee864696711139289e0e1bfebd7fb673acd2241243e77,r_153f6f4b0d25713d8371,11,e78dcd2ea9088c453f153dac7ceaa97df3ea12520b49aac6b5e652420267f0bb
2024:4071820241978058493,p0004,c_1189dd78c15d1d5856ad,34a3601e813cc3642a0ebc9644df50000dadd61481df59c944d1803c4dfa601a,r_948475ee1ff681d1e65b,6,a31630114ca07569041f790e9331bca27289dfb3bc27d95c56fc523e85c06cb8
2024:4071820241978058537,p0012,c_127816033aeca7a4cf79,aef5fbedc0925ab467a38894643dcf7d5f3bf138f9f338a4b7dbf696e16b03a8,r_75b5cf0824e38d63503f,4,753fb78ca36419228c58f6febcc585b3ca23151af6c178bbda69e3100412f949
2024:4071820241978062253,p0015,c_edff13caa61075e2d07b,f54f05a302e2c5fe12f610aaf2a733835c68d908aa5acff8bf6644d643b65c8a,r_f7a1a92ebd7a39e06876,4,ace35e9722d1b28c4bb681e240965a7841d0394089aa337279f0a555db53f082
2024:4071820241978067171,p0015,c_5e8d3553242db6442190,6fa1531073d7d0c321a718475b66a09fa402fc85bd0902a64f5f532688092394,r_f7a1a92ebd7a39e06876,4,b947cf617c77d800732835bc48e49dea664596749e14e28911a4801145235387
2024:4071820241978067172,p0015,c_5e8d3553242db6442190,79b454cfeeb8615b9dc2fbf5b692cda705121cfd4486dcc90fa259d3011de07b,r_f7a1a92ebd7a39e06876,4,b947cf617c77d800732835bc48e49dea664596749e14e28911a4801145235387
2024:4071920231753983086,p0010,c_ed564e46613f1c64de1d,40aa46f024272fa0832e53c681416ba73970f3981aa5b71dadf47f439b8d47a6,r_36381ff366645780c532,9,35bc05d4c5ed0f7d81d9dbb7257d076ed9d3f64d0094f753ff130f28a701640a
2024:4071920231753983087,p0010,c_ed564e46613f1c64de1d,93756938dc39942360beabb05c904aecf39d5367d27fd953ed82bff2d5bffa29,r_36381ff366645780c532,9,35bc05d4c5ed0f7d81d9dbb7257d076ed9d3f64d0094f753ff130f28a701640a
2024:4071920231754002690,p0015,c_dd05fcb5866322438262,5fc722d532e5af0bb75f4d248f58121783d7f0bfbfc8d124c5be477ace385568,r_f7a1a92ebd7a39e06876,9,7c69c8ee5b184648674e1743a4d66931e8d0beb2c3d7b3bd790f1ab8a76ae1cc
2024:4071920231754003230,p0007,c_9c859fb024183d8954a6,2a18186013eadccaf9972784e36296f3a6daf9f6cd8e7b5f393721980959c3ac,r_d781d1e025b21b40484f,9,d2cbf8c001b7c6c6c5c99a6e795d669e85cd83b561f4980de9fb8c0e3702cedd
2024:4071920231754011484,p0002,c_43263d10d8d42de66ef1,0d82a09b80136222b866b23cb8f0415e6c6b93ec1997689f52b6d71c895433d6,r_153f6f4b0d25713d8371,11,e78dcd2ea9088c453f153dac7ceaa97df3ea12520b49aac6b5e652420267f0bb
2024:4071920231754011490,p0003,c_3f565dc57a11191b929b,d9133208b3af0d15e566f5183c8ccaea7353f52802e8411eee7476c6c5b252f7,r_e539c4db14c890028fc2,9,557ac4b2fcbc29dfbacdd67738e4da912cc55b77fd84a2d86e6dea25f46a662a
2024:4071920231754053907,p0009,c_b9c6825d43fd2209aee5,5e4a3d96ddd355b7ebccee1e44e8903345f7a255408cc43db1531cdd3c7a1dbc,r_dab5970845ebb9ffcf35,11,2f2727cdaad6c09f75103af92a1fbd8fabec12c1839c6a7bb33048d7f54c8e9f
2024:4071920231754064038,p0004,c_c99e4c1e04a65f2743c2,280ec8eb13debea2f23b9a986040cb6878f8e39bf84113dfbc935a721ce5d544,r_948475ee1ff681d1e65b,11,fa78e4ce8a403cc42a8258d033736cebf7575cd2d5196a97f8b946453fd73714
2024:4071920231754064040,p0004,c_c99e4c1e04a65f2743c2,dc80e69905597a203cef9f7b909e3cd85af4f3c7685f2c0880e3688427c25658,r_948475ee1ff681d1e65b,11,fa78e4ce8a403cc42a8258d033736cebf7575cd2d5196a97f8b946453fd73714
2024:4071920231754588218,p0014,c_1822128dbb0e70f13b7d,c58169278b15f144fbd446ba170ef134d60ac6d09feba5db6a998b333c695a70,r_380f28d77df7a5db30a0,11,3730ea3adfe22f4ebbb2880a519ad669705118c89e210f07f7a9c1662d83b5e7
2024:4071920231754588917,p0008,c_eb5f4b964135272e086d,a03527b551fd213e39f7c41bc847fd944fb75a6576c9ca2e8e6bb8697dd0e784,r_ea71451d245b6218d4f0,10,4104a539a5e79b0ac055d000d70e89d27ac78b43271d1b875a01d4f10bc71c93
2024:4071920231754589842,p0004,c_c99e4c1e04a65f2743c2,0aa27b0f4820811eceaab9904d81f4b2794d9771adb4d53ca611fddefc44ed2b,r_948475ee1ff681d1e65b,11,fa78e4ce8a403cc42a8258d033736cebf7575cd2d5196a97f8b946453fd73714
2024:4071920231754590069,p0008,c_eb5f4b964135272e086d,32cb5d587c19a3f08aaec25ac15b31b3dfb535d4eb3a1d2746da416d55f0048d,r_ea71451d245b6218d4f0,10,4104a539a5e79b0ac055d000d70e89d27ac78b43271d1b875a01d4f10bc71c93
2024:4071920231754597223,p0015,c_dd05fcb5866322438262,895fea902c248bb4bb26225d0c7e1fe551a6a2b8a5963372e58c8a08056a79e0,r_f7a1a92ebd7a39e06876,9,7c69c8ee5b184648674e1743a4d66931e8d0beb2c3d7b3bd790f1ab8a76ae1cc
2024:4071920231754627356,p0008,c_c94ffb84405cb8bdcb63,58aa404dc636ddd17f88b3be526da1c83f9a7cc5a25f2ec4edaaefc233d4e2aa,r_ea71451d245b6218d4f0,5,c63171213bea2a591acf28435d2d268ce88d61ef7a5aef1c60de6716d0f12d68
2024:4071920241978176041,p0002,c_43263d10d8d42de66ef1,b8d245f89a6c8b01bad186b0cbbcb048952d30b197ae988b3226ce624fec4566,r_153f6f4b0d25713d8371,11,e78dcd2ea9088c453f153dac7ceaa97df3ea12520b49aac6b5e652420267f0bb
2024:4071920241978178381,p0003,c_5c674a62aa12b11745d8,156a02341ff86f0154edc0a7beb2cf1d08636ad9f9d3c990cbcbf73e1621ae39,r_e539c4db14c890028fc2,9,4ca381839bd88f09b6497e6b28b0e9fd49dab0305cc331b586fdd5be9c32099b
2024:4071920241978218294,p0002,c_4b64baaa01dc4eca3d70,b21eaec8abbb568b1f79befee46e72a0bcb0fd3673fd23bd129fa7f65927df62,r_153f6f4b0d25713d8371,11,ef446f70a3583fce1f4ac47f95eea9a1d202a1764f613d71fa79944220b4464e
2024:4072120231756293470,p0012,c_6f9ce1910d5bc217008c,26d7a4cec464d79db8d5d472609d701234c2165f752543145b69902d413c6f2c,r_75b5cf0824e38d63503f,9,a399e7a0f105264dad48216f375d4983a628857fd57a06e158cb5ad2188be28f
2024:4072120231756293725,p0012,c_6f9ce1910d5bc217008c,f49e88bfaee14d1f2def6ad851fd117123e3067c91c7bb282aeff072202f2161,r_75b5cf0824e38d63503f,9,a399e7a0f105264dad48216f375d4983a628857fd57a06e158cb5ad2188be28f
2024:4072120231756336510,p0015,c_57d8e01958a38820d7b3,785304e7e4a58b5c71f7a6c58af8d7f4e28c2a8ddb98a7a64bb22b827840c8c0,r_f7a1a92ebd7a39e06876,9,e1eeb1a02cf0c5e8880dcde66101d22100d9d3cc549caee3ae648fbe1c2a9692
2024:4072120231756336511,p0015,c_57d8e01958a38820d7b3,57e220b8833cc5b5e64d80072b0adf1948e646cb78e0098039d2a2f72003ef55,r_f7a1a92ebd7a39e06876,9,e1eeb1a02cf0c5e8880dcde66101d22100d9d3cc549caee3ae648fbe1c2a9692
2024:4072120231756477654,p0009,c_b9c6825d43fd2209aee5,812e5dbfd95780e072423e693d274c98cc31c1c77deccf2adc30f9eee0c916bb,r_dab5970845ebb9ffcf35,11,2f2727cdaad6c09f75103af92a1fbd8fabec12c1839c6a7bb33048d7f54c8e9f
2024:4072120231756478518,p0015,c_2029254363df9fc2c376,775fc7698e95f30c5b681de5175c5bea9748c7885a9480a48d5ccf7374886214,r_f7a1a92ebd7a39e06876,5,08ef740823ad64130f5cf52a555eb1721a938a04a119a7e0924725760bf75ef9
2024:4072120231756478519,p0015,c_2029254363df9fc2c376,9e7a954288f0198110807bb47d39b0f47178508a9ce65ac97e886034dc6d0087,r_f7a1a92ebd7a39e06876,5,08ef740823ad64130f5cf52a555eb1721a938a04a119a7e0924725760bf75ef9
2024:4072220231756581316,p0004,c_c99e4c1e04a65f2743c2,66c23de836f39052e676efcf66a36e5472888ad119bc00821b94c31104ec0e19,r_948475ee1ff681d1e65b,11,fa78e4ce8a403cc42a8258d033736cebf7575cd2d5196a97f8b946453fd73714
2024:4072220231756583571,p0004,c_c99e4c1e04a65f2743c2,9ce5c84e0a057f5291203b34452153c61b07dd2c48eea24460dbf1a38b2cf935,r_948475ee1ff681d1e65b,11,fa78e4ce8a403cc42a8258d033736cebf7575cd2d5196a97f8b946453fd73714
2024:4072220241978328316,p0003,c_dcb61ff9a92a3152957c,6be469e75c17b4cec0f3ac9aada0fcaa56ebab072d5836d07fe1c06f045b3f7a,r_e539c4db14c890028fc2,9,4acb74a94e107976dd432d93e00ce54a9dc041ddc3de81dbcf9284d201005511
2024:4072220241978328337,p0002,c_43263d10d8d42de66ef1,0742542ea92d7fbca6b4041dde5d53ac2e54a7dbd11b090e478539d9c2b98c3b,r_153f6f4b0d25713d8371,11,e78dcd2ea9088c453f153dac7ceaa97df3ea12520b49aac6b5e652420267f0bb
2024:4072220241978334876,p0003,c_5c674a62aa12b11745d8,0c32a66ee7304d1d67d89ebee374d04be82e110bcce2da8d23f0dc9d335ba470,r_e539c4db14c890028fc2,9,4ca381839bd88f09b6497e6b28b0e9fd49dab0305cc331b586fdd5be9c32099b
2024:4072220241978334902,p0002,c_43263d10d8d42de66ef1,77186988033c2740a0def65988f64085a7cc872321ada263a3b76c9e58cf4715,r_153f6f4b0d25713d8371,11,e78dcd2ea9088c453f153dac7ceaa97df3ea12520b49aac6b5e652420267f0bb
2024:4072320241978428484,p0002,c_43263d10d8d42de66ef1,06f1d2f23312606dfbbbe70f92e94b06b1664255c548c71d71a40b2718b1ef18,r_153f6f4b0d25713d8371,11,e78dcd2ea9088c453f153dac7ceaa97df3ea12520b49aac6b5e652420267f0bb
2024:4072320241978428485,p0003,c_5c674a62aa12b11745d8,a00aa2a0255201f39766f4720baf2cfbfe279706e73383783f862b669e06be17,r_e539c4db14c890028fc2,9,4ca381839bd88f09b6497e6b28b0e9fd49dab0305cc331b586fdd5be9c32099b
2024:4072320241978428607,p0004,c_c99e4c1e04a65f2743c2,05f66b9a84a9d76bc042dd191d389ce832be1210395e655b7561772cfbe2c57e,r_948475ee1ff681d1e65b,11,fa78e4ce8a403cc42a8258d033736cebf7575cd2d5196a97f8b946453fd73714
2024:4072320241978616648,p0012,c_6f9ce1910d5bc217008c,5764a4000d2e24ba955b3ed0d8165128091b032e96661d8c3ffc6aaba17018bf,r_75b5cf0824e38d63503f,9,a399e7a0f105264dad48216f375d4983a628857fd57a06e158cb5ad2188be28f
2024:4072420241978659431,p0002,c_43263d10d8d42de66ef1,930f5f70b9e280bde754f3b39645cd7b9966c3742a353929715ffa471b68f389,r_153f6f4b0d25713d8371,11,e78dcd2ea9088c453f153dac7ceaa97df3ea12520b49aac6b5e652420267f0bb
2024:4072420241978688856,p0012,c_127816033aeca7a4cf79,8be20a59ae2bb8189855e1952acb71bc935f4e421af6de43b2f09af72b7216da,r_75b5cf0824e38d63503f,4,753fb78ca36419228c58f6febcc585b3ca23151af6c178bbda69e3100412f949
2024:4072420241978689188,p0004,c_c99e4c1e04a65f2743c2,e8c414a64e9f7d315f2514e02f1c478d1576cf0a5b0c86cec5808035642d4c1a,r_948475ee1ff681d1e65b,11,fa78e4ce8a403cc42a8258d033736cebf7575cd2d5196a97f8b946453fd73714
2024:4072420241978689230,p0004,c_c99e4c1e04a65f2743c2,cba375612fa0257469dc1def164d0f0b465de352a59872752ee7ec9100600d72,r_948475ee1ff681d1e65b,11,fa78e4ce8a403cc42a8258d033736cebf7575cd2d5196a97f8b946453fd73714
2024:4072420241978689575,p0012,c_127816033aeca7a4cf79,8988a4069ca5ab59fb15a7becf1ca832dd8fa63d95e289c1ddb6485dc0da2c63,r_75b5cf0824e38d63503f,4,753fb78ca36419228c58f6febcc585b3ca23151af6c178bbda69e3100412f949
2024:4072420241978812399,p0014,c_1822128dbb0e70f13b7d,36e45df321e867c5b7de0bdfff5e2576af3ea0849273e58dd4bf8ecc74f73c2d,r_380f28d77df7a5db30a0,11,3730ea3adfe22f4ebbb2880a519ad669705118c89e210f07f7a9c1662d83b5e7
2024:4072420241978828138,p0002,c_43263d10d8d42de66ef1,65c7c6e19767a247bf7917df836989728f0c7dc91e47ea1bc0090365767dc1d4,r_153f6f4b0d25713d8371,11,e78dcd2ea9088c453f153dac7ceaa97df3ea12520b49aac6b5e652420267f0bb
2024:4072420241978828139,p0002,c_43263d10d8d42de66ef1,221db3a96ffdadf81a9036effa57ddb59bd289c4efd13f899f2d056cc6a1bcde,r_153f6f4b0d25713d8371,11,e78dcd2ea9088c453f153dac7ceaa97df3ea12520b49aac6b5e652420267f0bb
2024:4072420241978828162,p0003,c_dcb61ff9a92a3152957c,d101a98b691139b253e7f5cd6f379216d9d49c8442d21c7f094ad5d73e854ad3,r_e539c4db14c890028fc2,9,4acb74a94e107976dd432d93e00ce54a9dc041ddc3de81dbcf9284d201005511
2024:4072420241978828164,p0003,c_dcb61ff9a92a3152957c,070c69e27295f51487919b8f5adb82c5525e453a97fac33f7c4176a5c73fe611,r_e539c4db14c890028fc2,9,4acb74a94e107976dd432d93e00ce54a9dc041ddc3de81dbcf9284d201005511
2024:4072420241978836083,p0004,c_c99e4c1e04a65f2743c2,ebd0b93445dfbe4f538ad9f9dce62bbf311f23d0ca405beaeb1248312b5f2dae,r_948475ee1ff681d1e65b,11,fa78e4ce8a403cc42a8258d033736cebf7575cd2d5196a97f8b946453fd73714
2024:4072420241978841586,p0015,c_dd05fcb5866322438262,790ad10a634081f32383139b3f3bb46293d0357bd640eb0cfda5c276503f378d,r_f7a1a92ebd7a39e06876,9,7c69c8ee5b184648674e1743a4d66931e8d0beb2c3d7b3bd790f1ab8a76ae1cc
2024:4072420241978841671,p0003,c_5c674a62aa12b11745d8,bcdf370abd4ace450c82445a6af3f7ed4acb74036e75b31e5c9a48e0ad3d8c75,r_e539c4db14c890028fc2,9,4ca381839bd88f09b6497e6b28b0e9fd49dab0305cc331b586fdd5be9c32099b
2024:4072420241978841693,p0002,c_93074feb823a261ff6ac,0c986a96cb082a660133a51befa1e45a477ecae4d8bfcdbfc667fb943fe4d800,r_153f6f4b0d25713d8371,7,5207af2c56148a69ed2f53dd2387dbf36d1a49703b139ae816eddde8b6bee046
2024:4072420241978841803,p0003,c_5c674a62aa12b11745d8,0362b2021f20d26c44da91ed2d0f67f287d8d3676118288532f2419450c95f83,r_e539c4db14c890028fc2,9,4ca381839bd88f09b6497e6b28b0e9fd49dab0305cc331b586fdd5be9c32099b
2024:4072420241978841811,p0002,c_93074feb823a261ff6ac,edf4c6d817b76d7319972d132ce5c5133764c3c479040beb904a18aa86780cea,r_153f6f4b0d25713d8371,7,5207af2c56148a69ed2f53dd2387dbf36d1a49703b139ae816eddde8b6bee046
2024:4072420241978841919,p0020,c_dbd5295397123723f4bc,1f218f02f164f3d648ea8576c5e9c0948b43b22cb68d71f8526850737437fda8,r_e1bc9fb32f1f0e4aaac5,11,76561a01f1b0f31920d781046bb4dd012ae718475c2aa195fd1027eda11a77ea
2024:4072420241978898578,p0004,c_c99e4c1e04a65f2743c2,f014b47a35fb5d6d3fe76b82cd3622102f223c04340fe0d830848ee07aa15385,r_948475ee1ff681d1e65b,11,fa78e4ce8a403cc42a8258d033736cebf7575cd2d5196a97f8b946453fd73714
2024:4072420241978903928,p0007,c_9c859fb024183d8954a6,569087c127ca9d414bca9d18d4cedfab1f9a5a114339cdc0bebc641b1c398db4,r_d781d1e025b21b40484f,9,d2cbf8c001b7c6c6c5c99a6e795d669e85cd83b561f4980de9fb8c0e3702cedd
2024:4072420241978914651,p0011,c_6d78c941e832e66bc5f5,8d6c1bfb30f10287b48fba43d9c2d0cb526ac7d304fc73e48a9de5f3a16beccc,r_993179b21d5761402e8e,13,136e23c2659e614f7daf19e0e365c8a536cafb725e086191dc5d2f4ac7fabb57
2024:4072420241978955586,p0013,c_7f6679e9b620822a4285,88c748ce6737943a362485a7a4c37369cb42b489d93c015603c21b7a1f64e49e,r_2e07349418abdd1528c5,4,5972bbd9c4a10915f75a0ad9f99499c7f4dfded7f8938648af6415cfe7699ce8
2024:4072520231756916001,p0009,c_b9c6825d43fd2209aee5,0ffd59575e7955c0e782cb94fc8f2d82296229996160ebe20a86737d817ae7c9,r_dab5970845ebb9ffcf35,11,2f2727cdaad6c09f75103af92a1fbd8fabec12c1839c6a7bb33048d7f54c8e9f
2024:4072520231756946765,p0009,c_b9c6825d43fd2209aee5,feb8887a2f764b63ca96eab866fb84f7b2369071edce274ac2be913c3acd58bf,r_dab5970845ebb9ffcf35,11,2f2727cdaad6c09f75103af92a1fbd8fabec12c1839c6a7bb33048d7f54c8e9f
2024:4072520231757138608,p0015,c_dd05fcb5866322438262,b0be3b453a58ac69717aada9621eb9d2cbbf72968bbf8faeb8d24d884e4a3f90,r_f7a1a92ebd7a39e06876,9,7c69c8ee5b184648674e1743a4d66931e8d0beb2c3d7b3bd790f1ab8a76ae1cc
2024:4072520231757138609,p0015,c_dd05fcb5866322438262,3bcf001426409b62feadfe280c5133c2c6291899e46e76f4b2d68df21aff9b14,r_f7a1a92ebd7a39e06876,9,7c69c8ee5b184648674e1743a4d66931e8d0beb2c3d7b3bd790f1ab8a76ae1cc
2024:4072520241978987385,p0004,c_c99e4c1e04a65f2743c2,a3d9900138783d35acaade28dda430cac5f32e3a271ce3535cfea0d5e5c27109,r_948475ee1ff681d1e65b,11,fa78e4ce8a403cc42a8258d033736cebf7575cd2d5196a97f8b946453fd73714
2024:4072520241979079034,p0013,c_6b0a1d881dc2efb46c31,059692ada390ef7f7463c1ce3e617aa587518502b2d20650219ea9e7694d3f65,r_2e07349418abdd1528c5,8,e27f707009c3bd193f5fb6b9eee3af03178f31f192ed2a7b370b787dc5b382ab
2024:4072520241979079035,p0013,c_6b0a1d881dc2efb46c31,644d5f6732cf9161201e2a50349fee2169bd2652e1cf0bc6b5e822b37c9f9825,r_2e07349418abdd1528c5,8,e27f707009c3bd193f5fb6b9eee3af03178f31f192ed2a7b370b787dc5b382ab
2024:4072620231757191970,p0009,c_03c7c6670557a4a9a5fc,3e263eceb49abc6880e3a74437db1cc9e4aa6e42e5d9ea91baf0e5cfbcb33e34,r_dab5970845ebb9ffcf35,11,f61a269b438925d79cead079b9b1469a1d7f449907dca134dac2f7a18b3c007f
2024:4072620231757217877,p0004,c_c99e4c1e04a65f2743c2,8296ff46ce8e903ca3c9700f66029767db01a6af2905380d60b2d2cc77dca025,r_948475ee1ff681d1e65b,11,fa78e4ce8a403cc42a8258d033736cebf7575cd2d5196a97f8b946453fd73714
2024:4072620231757254975,p0004,c_c99e4c1e04a65f2743c2,6c1ff35e08e52564696b6844e9c99020a99d5e2e6ae268d4e8d2e460a6dd5140,r_948475ee1ff681d1e65b,11,fa78e4ce8a403cc42a8258d033736cebf7575cd2d5196a97f8b946453fd73714
2024:4072620231757254976,p0004,c_c99e4c1e04a65f2743c2,f7f49848c31a3d281a7833e66551e5f9ded7c55d2372f43673f83a36dfb4a543,r_948475ee1ff681d1e65b,11,fa78e4ce8a403cc42a8258d033736cebf7575cd2d5196a97f8b946453fd73714
2024:4072620241979765481,p0004,c_c99e4c1e04a65f2743c2,5e574aff07148e709e54fe2dd96de273c680ad94c820154a32aa9aece29841a9,r_948475ee1ff681d1e65b,11,fa78e4ce8a403cc42a8258d033736cebf7575cd2d5196a97f8b946453fd73714
2024:4072620241979807482,p0002,c_4b64baaa01dc4eca3d70,b0aec658acfa29364bd721b0006e8e3fe1a19d6f9f27ce2eb8a10cfd447ab964,r_153f6f4b0d25713d8371,11,ef446f70a3583fce1f4ac47f95eea9a1d202a1764f613d71fa79944220b4464e
2024:4072620241979808486,p0003,c_3f565dc57a11191b929b,3af36551fbf5e0209501df7c739383a436bb5a666389bbd0de00c618d5372a24,r_e539c4db14c890028fc2,9,557ac4b2fcbc29dfbacdd67738e4da912cc55b77fd84a2d86e6dea25f46a662a
2024:4072620241979853404,p0009,c_b9c6825d43fd2209aee5,84e5ee3af6517663f3fde95d628bce348bc6b1d636b4f8c3c7537d3980661f5f,r_dab5970845ebb9ffcf35,11,2f2727cdaad6c09f75103af92a1fbd8fabec12c1839c6a7bb33048d7f54c8e9f
2024:4072620241979867618,p0011,c_f20555fd7fcbfd000e4f,5535581f96c19f7e54b939f9b4d64dcf78300db4c4ee143891e66adfd59d2f79,r_993179b21d5761402e8e,13,f23f5f233c03f9154f58a21889380af4b43adf1fc1576ca8a3792486d10d325a
2024:4072620241979872854,p0012,c_6f9ce1910d5bc217008c,5a31a9be6ca0c952a32fdace37a5c0eb513920e6392fcd770b257657f1ec84b7,r_75b5cf0824e38d63503f,9,a399e7a0f105264dad48216f375d4983a628857fd57a06e158cb5ad2188be28f
2024:4072620241979887617,p0010,c_3fdba6477347f59d07e7,88555a265e2dfed3026eb4d3cdcc938c528857f255cc181956e1cc3e8d5c7743,r_36381ff366645780c532,11,aae33bc963a30bd1536b10834ed6f80806e8990021acd020d7bae0c104ed85ec
2024:4072720231757584946,p0012,c_6f9ce1910d5bc217008c,f30d53dd33de60f0d1c498901e71344393a42da5a17e5be516143565c39f338d,r_75b5cf0824e38d63503f,9,a399e7a0f105264dad48216f375d4983a628857fd57a06e158cb5ad2188be28f
2024:4072720231757584948,p0012,c_6f9ce1910d5bc217008c,38f85dad20313bc30a82460549ec4adc97f549568f3850ba478c41e97e4ab6ed,r_75b5cf0824e38d63503f,9,a399e7a0f105264dad48216f375d4983a628857fd57a06e158cb5ad2188be28f
2024:4072720231757612411,p0004,c_c99e4c1e04a65f2743c2,cddb6901c8cdfaaa2fc2c3fb0ec3cb7a238bd61b8659ae3018847837e8ab25d1,r_948475ee1ff681d1e65b,11,fa78e4ce8a403cc42a8258d033736cebf7575cd2d5196a97f8b946453fd73714
2024:4072720231757612882,p0012,c_6f9ce1910d5bc217008c,214c4b42e73ba36360a7cd3363d9e02bcb8c586f4b165e395972d416d7f35701,r_75b5cf0824e38d63503f,9,a399e7a0f105264dad48216f375d4983a628857fd57a06e158cb5ad2188be28f
2024:4072720231757612884,p0012,c_6f9ce1910d5bc217008c,ee989d3ea53ac7109ecd3523a8af6813853316ab55c61a9f5a735154edc493d1,r_75b5cf0824e38d63503f,9,a399e7a0f105264dad48216f375d4983a628857fd57a06e158cb5ad2188be28f
2024:4072720231757612885,p0012,c_6f9ce1910d5bc217008c,af467135e520adc4a57f5f039c0268043d507285bd4c8808f3e061abcd43fc84,r_75b5cf0824e38d63503f,9,a399e7a0f105264dad48216f375d4983a628857fd57a06e158cb5ad2188be28f
2024:4072720231757614158,p0011,c_6d78c941e832e66bc5f5,e557c02af3f30761dfd6cc33d7ad5752ee6eeb7b078075341822e9e5f1213d82,r_993179b21d5761402e8e,13,136e23c2659e614f7daf19e0e365c8a536cafb725e086191dc5d2f4ac7fabb57
2024:4072720231757614617,p0020,c_53e6984d50179a4e1068,763e21970b72e6e3ea45d7208c125ed54c5645562977001ef1358b292024b658,r_e1bc9fb32f1f0e4aaac5,7,2e3d271a9b4dba6b2ae21577a86bf2e0c9b059d66b28e8c3df7eeec1ac1843e2
2024:4072720231757614619,p0020,c_53e6984d50179a4e1068,b233b71d9d070b5ccd50b031c3ea09e69ec492c215b1ea6082d911ccec084f8d,r_e1bc9fb32f1f0e4aaac5,7,2e3d271a9b4dba6b2ae21577a86bf2e0c9b059d66b28e8c3df7eeec1ac1843e2
2024:4072820231758259379,p0009,c_b9c6825d43fd2209aee5,3515c67747b00f0e61eed4a24c600d00d5eb4957a7afc5e03958d78b924f4f9d,r_dab5970845ebb9ffcf35,11,2f2727cdaad6c09f75103af92a1fbd8fabec12c1839c6a7bb33048d7f54c8e9f
2024:4072820231758259467,p0009,c_b9c6825d43fd2209aee5,1f8847ca23ee4e48c1510c557a2406754a07a205fd510b5fb1c64a76f91f9aef,r_dab5970845ebb9ffcf35,11,2f2727cdaad6c09f75103af92a1fbd8fabec12c1839c6a7bb33048d7f54c8e9f
2024:4072920241979975255,p0002,c_43263d10d8d42de66ef1,64cab80c901b6f7f2439c481a5c921e6925f2d3b5c373449d881b2888b1552ee,r_153f6f4b0d25713d8371,11,e78dcd2ea9088c453f153dac7ceaa97df3ea12520b49aac6b5e652420267f0bb
2024:4072920241979975256,p0002,c_43263d10d8d42de66ef1,208eac9cf60d2e320a03d14ff8608c480a01f9c829c44e3058ceef5d55fc4cad,r_153f6f4b0d25713d8371,11,e78dcd2ea9088c453f153dac7ceaa97df3ea12520b49aac6b5e652420267f0bb
2024:4072920241979975627,p0003,c_dcb61ff9a92a3152957c,75e2abae0eb7f083db1c4a402257b41efde7988f8b1d0db3f0b08d8eb0817b52,r_e539c4db14c890028fc2,9,4acb74a94e107976dd432d93e00ce54a9dc041ddc3de81dbcf9284d201005511
2024:4072920241980349355,p0019,c_8f805b8c99894bf05c9e,ce13faea6631e87d16fed21cd50ba1d1e2ab515f5b63fb5986bb5564f6b8c237,r_f842f8012b64a37416bc,9,fbb7dea7528c1e2682734e4ad5f21d9c72c7c901ef02b28eeda6fe36552ce896
2024:4072920241980403685,p0020,c_698cfb3eb5f805c9cff3,aa90b06c8c12265b86e7f1d89f45722dd7c56e929e7d78288a1f0a9b6fa31c43,r_e1bc9fb32f1f0e4aaac5,11,42c28af4764b12ce204df51498807e68300a32d5c67e17316500c431a86cda1f
2024:4072920241980423560,p0014,c_1822128dbb0e70f13b7d,b9b683a7330231cade368fa33bd56189ca719fd7c59b92863d6ca56e7e8570bf,r_380f28d77df7a5db30a0,11,3730ea3adfe22f4ebbb2880a519ad669705118c89e210f07f7a9c1662d83b5e7
2024:4073020231758330541,p0015,c_57d8e01958a38820d7b3,9ace0505b6cc8549641b1236c005a0c62d4c21fb3030c067d88175f1c1ec0ca6,r_f7a1a92ebd7a39e06876,9,e1eeb1a02cf0c5e8880dcde66101d22100d9d3cc549caee3ae648fbe1c2a9692
2024:4073020231758330644,p0004,c_c99e4c1e04a65f2743c2,9513d79d1bbb834ee85045200d5d73855e0331faaa69e566a4f17735d2b2f46d,r_948475ee1ff681d1e65b,11,fa78e4ce8a403cc42a8258d033736cebf7575cd2d5196a97f8b946453fd73714
2024:4073020231758330646,p0004,c_c99e4c1e04a65f2743c2,2fc15061ed8fcd44f51d8f41e2dc1bd778defbe378c7fa17d907e5658ebf247d,r_948475ee1ff681d1e65b,11,fa78e4ce8a403cc42a8258d033736cebf7575cd2d5196a97f8b946453fd73714
2024:4073020241980464569,p0004,c_c99e4c1e04a65f2743c2,0fc0c024bb5998720ac15c38551c6a0b241a05ddca70359153e26c71b4ff9cd5,r_948475ee1ff681d1e65b,11,fa78e4ce8a403cc42a8258d033736cebf7575cd2d5196a97f8b946453fd73714
2024:4073020241980467278,p0019,c_8f805b8c99894bf05c9e,9f58bd01bf6a1113452635f11afdd15a231fcea22229e120ed8a6e67184e70f3,r_f842f8012b64a37416bc,9,fbb7dea7528c1e2682734e4ad5f21d9c72c7c901ef02b28eeda6fe36552ce896
2024:4073020241980467465,p0002,c_43263d10d8d42de66ef1,5b189fb682256fe5d694ab884f12c4f9b0097393fe229dbee596e263b7334f15,r_153f6f4b0d25713d8371,11,e78dcd2ea9088c453f153dac7ceaa97df3ea12520b49aac6b5e652420267f0bb
2024:4073020241980467469,p0003,c_dcb61ff9a92a3152957c,55b5ed15f95a7debe46a4e851e449fb80a2bd60a59c0919a4cf730e094b6c4d1,r_e539c4db14c890028fc2,9,4acb74a94e107976dd432d93e00ce54a9dc041ddc3de81dbcf9284d201005511
2024:4073020241980470667,p0011,c_6d78c941e832e66bc5f5,89a7756f6221bdcb1d55ec196e44a03fed38e5470820a7fb086b456c5490fd63,r_993179b21d5761402e8e,13,136e23c2659e614f7daf19e0e365c8a536cafb725e086191dc5d2f4ac7fabb57
2024:4073020241980484582,p0003,c_dcb61ff9a92a3152957c,4cb2e46edc86e59d682f346be6eca65051b1f9e91fe75c77c6f91da9edc725f5,r_e539c4db14c890028fc2,9,4acb74a94e107976dd432d93e00ce54a9dc041ddc3de81dbcf9284d201005511
2024:4073020241980484606,p0011,c_6d78c941e832e66bc5f5,74f664763732ebc5eb06f365130e102130104bb11779cc101b00793a071478e4,r_993179b21d5761402e8e,13,136e23c2659e614f7daf19e0e365c8a536cafb725e086191dc5d2f4ac7fabb57
2024:4073020241980484650,p0002,c_4b64baaa01dc4eca3d70,94164362d44a975f802f8bbc0b0b217805429092f5ee815454653b17a5801159,r_153f6f4b0d25713d8371,11,ef446f70a3583fce1f4ac47f95eea9a1d202a1764f613d71fa79944220b4464e
2024:4073020241980485481,p0019,c_ba311ac8533b0668af49,03f494c669c8be916359665e12229105066b9a675ffa78956510b89377c37ebc,r_f842f8012b64a37416bc,5,cd6f60c18d724e3892609613ba74d3643a22aaacdf38104e6b26b64dbd41f8c7
2024:4073020241980577711,p0011,c_6d78c941e832e66bc5f5,fb9f7989e67396646eea4c347d8ba9d4bf2ba2909bd09da2cdeb2dedcf487e59,r_993179b21d5761402e8e,13,136e23c2659e614f7daf19e0e365c8a536cafb725e086191dc5d2f4ac7fabb57
2024:4073020241980579390,p0002,c_20265d113088167dcd72,02b3e2aba2886adaac2985c74bbfa268b922d1f4654a97d6414b390a0667ded2,r_153f6f4b0d25713d8371,9,47f246ba8491b018045a2ff9e6cf888736fad2c28e8ffd2e34d24fd3d765a12f
2024:4073020241980579535,p0003,c_5c674a62aa12b11745d8,34b54fb7f2e6f92c36423bc130506a52e7c4c1e6e1902bb15d83c881c7593a5a,r_e539c4db14c890028fc2,9,4ca381839bd88f09b6497e6b28b0e9fd49dab0305cc331b586fdd5be9c32099b
2024:4073020241980580824,p0002,c_43263d10d8d42de66ef1,30acc6548b8f4f652a6c2a8162f81e4801ef094439aca2f0135c53b653365ff7,r_153f6f4b0d25713d8371,11,e78dcd2ea9088c453f153dac7ceaa97df3ea12520b49aac6b5e652420267f0bb
2024:4073020241980580828,p0003,c_dcb61ff9a92a3152957c,eeffb44b369c17fcd9a18261cace9eca69fde808160dfc8fabdcd092060bbe24,r_e539c4db14c890028fc2,9,4acb74a94e107976dd432d93e00ce54a9dc041ddc3de81dbcf9284d201005511
2024:4073020241981082809,p0009,c_b9c6825d43fd2209aee5,79a93dd17b25a985bb2473743ec1fc0ee5c4f9b05e22615cff4e67158a4893a7,r_dab5970845ebb9ffcf35,11,2f2727cdaad6c09f75103af92a1fbd8fabec12c1839c6a7bb33048d7f54c8e9f
2024:4073020241981084447,p0015,c_dd05fcb5866322438262,34f1357ae5a7f6937b03f947d34cf814f8bbf20974c39afecffaf0f1264be881,r_f7a1a92ebd7a39e06876,9,7c69c8ee5b184648674e1743a4d66931e8d0beb2c3d7b3bd790f1ab8a76ae1cc
2024:4073020241981084448,p0015,c_0fd42dcea3bc783c9277,8d6ade16b3bad33909e84c6ed7df84020c8e0edd05146aacc2fc1eb27ba577f1,r_f7a1a92ebd7a39e06876,4,39f66eee0401d4f2e100c218775664800fdf49ebc7126a8765362bfa2f0631b2
2024:4073020241981095337,p0004,c_ccbaf12b11578a6d6a41,718423b6aff238a68773922b2a2e2fd64deeb4af514940466ac16db70c4bf106,r_948475ee1ff681d1e65b,6,bc2465593d2d2d49bfda4edcfa16b2386af4c9c9d26f9db3b0c649c869d5bbd3
2024:4073120231758471005,p0015,c_412f3c1badf7f1a2b55b,254d850c6ebff6f814ee3eabf26a1f380c7d38073185ac202d752d17f8ae46c1,r_f7a1a92ebd7a39e06876,5,8525e8a1f98797a7450e8923786549f6488eec95a961b4c829c355e66ab0b89b
2024:4073120231758476126,p0020,c_698cfb3eb5f805c9cff3,dec2f0ea5eb921d8112f72fc528159b8826deffbb6dbad20669cd96f2c50fb65,r_e1bc9fb32f1f0e4aaac5,11,42c28af4764b12ce204df51498807e68300a32d5c67e17316500c431a86cda1f
2024:4073120241981133587,p0015,c_b05fb31d3b8cc52fa1e0,e0ee7a0d1bcd05cc69c8197907d35c8843bac450eb876e97278b4a990bc3487c,r_f7a1a92ebd7a39e06876,5,e30d138022b5e79139f8cccf6625c0488f7cfceab1f8146c9fe1da2924ad2f2d
2024:4073120241981187854,p0002,c_43263d10d8d42de66ef1,d7c3c40347a95b54483e7d953b37413abca9b599cf5e773db4ffa47ba3bab339,r_153f6f4b0d25713d8371,11,e78dcd2ea9088c453f153dac7ceaa97df3ea12520b49aac6b5e652420267f0bb
2024:4073120241981187855,p0002,c_43263d10d8d42de66ef1,5899caf11ea525f978ac418492b2360ecfab880e05aa26737a4bdfa770ee97c6,r_153f6f4b0d25713d8371,11,e78dcd2ea9088c453f153dac7ceaa97df3ea12520b49aac6b5e652420267f0bb
2024:4073120241981187856,p0002,c_43263d10d8d42de66ef1,0c260eecea0de17432f508932da57f3c418eafefa8442c29aef29feee1d010a0,r_153f6f4b0d25713d8371,11,e78dcd2ea9088c453f153dac7ceaa97df3ea12520b49aac6b5e652420267f0bb
2024:4073120241981188305,p0003,c_dcb61ff9a92a3152957c,539b16380730fe40386c3a4ea183ae75aeff3bb77142e62c8801489243871f7f,r_e539c4db14c890028fc2,9,4acb74a94e107976dd432d93e00ce54a9dc041ddc3de81dbcf9284d201005511
2024:4073120241981188306,p0003,c_dcb61ff9a92a3152957c,6339a829489d49332a9c8bd1a2005b114d4363336ccd7efddaccbfdcc1c0418b,r_e539c4db14c890028fc2,9,4acb74a94e107976dd432d93e00ce54a9dc041ddc3de81dbcf9284d201005511
2024:4073120241981188307,p0003,c_dcb61ff9a92a3152957c,e8e0cbf8517118338b119ac555095c118026bedd6beb9e3cca403603eeb249b1,r_e539c4db14c890028fc2,9,4acb74a94e107976dd432d93e00ce54a9dc041ddc3de81dbcf9284d201005511
2024:4073120241981196396,p0002,c_43263d10d8d42de66ef1,670e8d51a375a732ccfc84c260df1238d24ffed2e85a57f32249733d90300101,r_153f6f4b0d25713d8371,11,e78dcd2ea9088c453f153dac7ceaa97df3ea12520b49aac6b5e652420267f0bb
2024:4073120241981196825,p0012,c_4403e73f71b7bb0ddeb6,6c17eeca1d0a69cb727a34b81f31c2134496290f84b71ef09d468854fbf1566c,r_75b5cf0824e38d63503f,5,eff61dfdf842eaf6827bb492c7ff1e175b5e4b45364e5d4376df83f05b0d7995
2024:4073120241981582361,p0009,c_b9c6825d43fd2209aee5,a9120afe909081a86c4d6a3509807da4dd087b32837e96ef6b268baf99db4efd,r_dab5970845ebb9ffcf35,11,2f2727cdaad6c09f75103af92a1fbd8fabec12c1839c6a7bb33048d7f54c8e9f
2024:4073120241981760912,p0003,c_5c674a62aa12b11745d8,d294ba4701c3534fd27c4503a34e6f5e699a8b4341a47f49e7b1cea08a93b9a8,r_e539c4db14c890028fc2,9,4ca381839bd88f09b6497e6b28b0e9fd49dab0305cc331b586fdd5be9c32099b
2024:4073120241981907574,p0003,c_5c674a62aa12b11745d8,bf8e233589cac822e9b36b5026ce2afe0e7a2ec3f42e69f43d2d6595eb218748,r_e539c4db14c890028fc2,9,4ca381839bd88f09b6497e6b28b0e9fd49dab0305cc331b586fdd5be9c32099b
2024:4073120241981983302,p0003,c_5c674a62aa12b11745d8,b38922f40c2bd42bdc4a94f55914d0f10d50d78972428afae8780311ad3b2ccf,r_e539c4db14c890028fc2,9,4ca381839bd88f09b6497e6b28b0e9fd49dab0305cc331b586fdd5be9c32099b
2024:4073120241981995479,p0003,c_5c674a62aa12b11745d8,7735a97a78ea12efaaf7ebcf01b38e6e3bf9f3ac0f2718e3e4864c4135669519,r_e539c4db14c890028fc2,9,4ca381839bd88f09b6497e6b28b0e9fd49dab0305cc331b586fdd5be9c32099b
2024:4073120241982010369,p0003,c_5c674a62aa12b11745d8,4773f4dd7ca36eeed60c599d32a9f235e432648207d5661a660bd24bb4bfb60b,r_e539c4db14c890028fc2,9,4ca381839bd88f09b6497e6b28b0e9fd49dab0305cc331b586fdd5be9c32099b
2024:4073120241982040571,p0003,c_5c674a62aa12b11745d8,4bf4de315ab7b8d91e4ab4a71a7fd1262d9a6376d3858865a5781c85ac3e54bb,r_e539c4db14c890028fc2,9,4ca381839bd88f09b6497e6b28b0e9fd49dab0305cc331b586fdd5be9c32099b
2024:4073120241982055885,p0003,c_5c674a62aa12b11745d8,826f3dca0d2bd250e27f83b71bf803517df58241cfe188b3ddf607bc20c123b8,r_e539c4db14c890028fc2,9,4ca381839bd88f09b6497e6b28b0e9fd49dab0305cc331b586fdd5be9c32099b
2024:4073120241982146784,p0003,c_5c674a62aa12b11745d8,eadd303f5823be9185b26bed9c58dd905949a6269a2b3fe28b252d6faa169e0d,r_e539c4db14c890028fc2,9,4ca381839bd88f09b6497e6b28b0e9fd49dab0305cc331b586fdd5be9c32099b
2024:4073120241982334301,p0003,c_5c674a62aa12b11745d8,0d4038db35e69c5e6ecf270c794e53acb6706302789f2a071a3d1d9255844154,r_e539c4db14c890028fc2,9,4ca381839bd88f09b6497e6b28b0e9fd49dab0305cc331b586fdd5be9c32099b
2024:4073120241982361405,p0003,c_5c674a62aa12b11745d8,2b02a3426359582ecb8342a0844188f523944bf7f221294eb8d4578b6f1553e2,r_e539c4db14c890028fc2,9,4ca381839bd88f09b6497e6b28b0e9fd49dab0305cc331b586fdd5be9c32099b
2024:4073120241983130394,p0011,c_6d78c941e832e66bc5f5,1ed7a3cb99274fe94f5c838680944f8823da1efdb0b95a6c3577f5db2b3fb88d,r_993179b21d5761402e8e,13,136e23c2659e614f7daf19e0e365c8a536cafb725e086191dc5d2f4ac7fabb57
2024:4073120241983221724,p0011,c_6d78c941e832e66bc5f5,ee904ff4c54c69b94967b5fa9a99c2344813b1d44d101310667d1de29e6a6b82,r_993179b21d5761402e8e,13,136e23c2659e614f7daf19e0e365c8a536cafb725e086191dc5d2f4ac7fabb57
2024:4073120241983267004,p0011,c_6d78c941e832e66bc5f5,600be26d415d8e4f8102d655eb11442eff5714265f384274661a8a7f86efc9e4,r_993179b21d5761402e8e,13,136e23c2659e614f7daf19e0e365c8a536cafb725e086191dc5d2f4ac7fabb57
2024:4073120241983498693,p0011,c_6d78c941e832e66bc5f5,51ec9a5c54f51ff54248eb23707ddd7cd795dd1e8c969028d6737383ae592306,r_993179b21d5761402e8e,13,136e23c2659e614f7daf19e0e365c8a536cafb725e086191dc5d2f4ac7fabb57
2024:4073120241983504739,p0011,c_6d78c941e832e66bc5f5,4ae7a1d59b568d42f8eec0477afcbba1c4569dff3afc0065e6610f2d69606419,r_993179b21d5761402e8e,13,136e23c2659e614f7daf19e0e365c8a536cafb725e086191dc5d2f4ac7fabb57
2024:4073120241984167267,p0003,c_5c674a62aa12b11745d8,8d70865db7d63de715f95cf34a2960f33238785a1849bc3c3e18249b1c7787cb,r_e539c4db14c890028fc2,9,4ca381839bd88f09b6497e6b28b0e9fd49dab0305cc331b586fdd5be9c32099b
2024:4073120241984388842,p0003,c_5c674a62aa12b11745d8,aae67ce3772728845d961ab6de1b420c9759e58e403dc6175dcfafb39135f022,r_e539c4db14c890028fc2,9,4ca381839bd88f09b6497e6b28b0e9fd49dab0305cc331b586fdd5be9c32099b
2024:4073120241986202449,p0011,c_6d78c941e832e66bc5f5,e430033965d6b001397f9445e15f3176096e32eef4599fee9a973984644a39c2,r_993179b21d5761402e8e,13,136e23c2659e614f7daf19e0e365c8a536cafb725e086191dc5d2f4ac7fabb57
2024:4073120241986359823,p0003,c_5c674a62aa12b11745d8,9e745b2628e6d5848844de495563dc94bc9371a60ee3d7d7ab575a19441b306f,r_e539c4db14c890028fc2,9,4ca381839bd88f09b6497e6b28b0e9fd49dab0305cc331b586fdd5be9c32099b
2024:4073120241986638330,p0011,c_6d78c941e832e66bc5f5,1b756cbc45992c8821479810b666bc995aedf9f163dd067d93828a493727630d,r_993179b21d5761402e8e,13,136e23c2659e614f7daf19e0e365c8a536cafb725e086191dc5d2f4ac7fabb57
2024:4073120241986678121,p0011,c_6d78c941e832e66bc5f5,40332366338ae646da38105882b57093c3ede16cc08982b42eabffd53ca3c622,r_993179b21d5761402e8e,13,136e23c2659e614f7daf19e0e365c8a536cafb725e086191dc5d2f4ac7fabb57
2024:4073120241989154258,p0017,c_b39e6edd22efee3ff6ff,d0a26ccdca62002d82a60869c5ba13870396f96f897c079c366212530f2bfdac,r_ae41956a00997222c064,6,0b1333bcad3777e77a2105975de356662c621628f673c5cb3f1973576eb1716c
2024:4073120241989385404,p0003,c_5c674a62aa12b11745d8,a694c746ef82ad4c860ae65183be1dba5ad0560b9a5ccc49def33488b07c2e98,r_e539c4db14c890028fc2,9,4ca381839bd88f09b6497e6b28b0e9fd49dab0305cc331b586fdd5be9c32099b
2024:4073120241989734956,p0003,c_5c674a62aa12b11745d8,918f5f7ba9f551a735ecf5bfd70c089a5e1d7510d286f56d112177dcf7849a48,r_e539c4db14c890028fc2,9,4ca381839bd88f09b6497e6b28b0e9fd49dab0305cc331b586fdd5be9c32099b
2024:4073120241989756340,p0003,c_5c674a62aa12b11745d8,0dd4b051d25a1b59a4d921ff4dbe7546c5920cc9ab0fb190968850b90c8cc379,r_e539c4db14c890028fc2,9,4ca381839bd88f09b6497e6b28b0e9fd49dab0305cc331b586fdd5be9c32099b
2024:4073120241989797465,p0003,c_5c674a62aa12b11745d8,d6c1badc87a485ab2f1f049d1f0fcb92482450c436f25bd4eeb240f2f9d102d2,r_e539c4db14c890028fc2,9,4ca381839bd88f09b6497e6b28b0e9fd49dab0305cc331b586fdd5be9c32099b
2024:4073120241989944746,p0003,c_5c674a62aa12b11745d8,372debec846901af82ecfb78a1f88917ff4cf6b95ecac8b0433145dac5ca3c5b,r_e539c4db14c890028fc2,9,4ca381839bd88f09b6497e6b28b0e9fd49dab0305cc331b586fdd5be9c32099b
2024:4073120241990302395,p0007,c_9c859fb024183d8954a6,a0cfd0cb424aa3100e12510b688da52bba7ec2507f20d99d8a1a040cc0717185,r_d781d1e025b21b40484f,9,d2cbf8c001b7c6c6c5c99a6e795d669e85cd83b561f4980de9fb8c0e3702cedd
2024:4073120241990938607,p0012,c_4916ea98506339ce4912,01051e8f12002e7bd91cbb3f1a18b89d0a8161b627a022ba9c606935ee421adc,r_75b5cf0824e38d63503f,4,5c0fa1b299ea28f09fc13a47b973dbf0015236821142990c8cde1e8fd8c4bc58
2024:4073120241990966488,p0009,c_b9c6825d43fd2209aee5,a8663b582df6025cbfbd215add2c6cf67cbf796d8d3dccb90201994e439ea529,r_dab5970845ebb9ffcf35,11,2f2727cdaad6c09f75103af92a1fbd8fabec12c1839c6a7bb33048d7f54c8e9f
2024:4073120241999159910,p0009,c_41645df146712ff21625,b2adccfb6604def0f57a3c850c1b62098edfd7b25f9733ffcd7ba28566dca13c,r_dab5970845ebb9ffcf35,6,05c6fce4b5e5b82838b059110431587339ab40c1ac1cf501f4606878da9311d0
2024:4080120231758600602,p0011,c_6d78c941e832e66bc5f5,2594c80b7e4e2c9c09604496f0f0659af44be0d43cb86165332590b451584141,r_993179b21d5761402e8e,13,136e23c2659e614f7daf19e0e365c8a536cafb725e086191dc5d2f4ac7fabb57
2024:4080120241999342775,p0019,c_8f805b8c99894bf05c9e,db8841d8dd7e60091de79bfb00f19bdfa33eee0bb2cc8c2ac2cd6bbae858cdfc,r_f842f8012b64a37416bc,9,fbb7dea7528c1e2682734e4ad5f21d9c72c7c901ef02b28eeda6fe36552ce896
2024:4080120241999342836,p0002,c_4b64baaa01dc4eca3d70,4d222f603b375b34a118d7bdab8e47d5c1e3a9dfb2ad322681819cac8719251e,r_153f6f4b0d25713d8371,11,ef446f70a3583fce1f4ac47f95eea9a1d202a1764f613d71fa79944220b4464e
2024:4080120241999342839,p0003,c_dcb61ff9a92a3152957c,83ee76b0eafa26f354b2437c3a2e93636a91a7d19005a1fa25992cc9f40a2dac,r_e539c4db14c890028fc2,9,4acb74a94e107976dd432d93e00ce54a9dc041ddc3de81dbcf9284d201005511
2024:4080120241999348189,p0010,c_3fdba6477347f59d07e7,83a90f9a6dfe21488d3ea3f184beea40b1d13bba7058de32cca53d265de77149,r_36381ff366645780c532,11,aae33bc963a30bd1536b10834ed6f80806e8990021acd020d7bae0c104ed85ec
2024:4080120241999368637,p0012,c_3bf74b2cda2b9ec1dfdc,0909608d50625f9eac5bcad29eecefc4a919ee200dd916abb12c70824f5ee6f3,r_75b5cf0824e38d63503f,9,36d89b28eddb6ffe88b05c91b6e236725e293d107ee8732cc94762bfd920569a
2024:4080120241999369285,p0012,c_4d2b759b329bb58cbcfa,41c286a49b1f4c4b805bdabfe624098e4f0e302dbd74381bdd6bc91c4edea011,r_75b5cf0824e38d63503f,9,13b6ed919d9e0620186271caf124d06fdef6c7b124d695ab1d76aaf312d87425
2024:4080120241999375208,p0002,c_43263d10d8d42de66ef1,8188005c8c6cb75fbcbf6f68db2997d447a516f6abe653d553b04eb851601284,r_153f6f4b0d25713d8371,11,e78dcd2ea9088c453f153dac7ceaa97df3ea12520b49aac6b5e652420267f0bb
2024:4080120241999375457,p0003,c_5c674a62aa12b11745d8,2023a0bf1031e1df04a8e3f3b5be8493e00d8a689c3bf598ee58fadc32f9882d,r_e539c4db14c890028fc2,9,4ca381839bd88f09b6497e6b28b0e9fd49dab0305cc331b586fdd5be9c32099b
2024:4080120241999380278,p0012,c_127816033aeca7a4cf79,8868debc4cca7d32f0d9edc8d07edcf2582c283429d0424c7e897fb708e1d5e3,r_75b5cf0824e38d63503f,4,753fb78ca36419228c58f6febcc585b3ca23151af6c178bbda69e3100412f949
2024:4080120241999381907,p0012,c_4d2b759b329bb58cbcfa,a4efc05f4dc916a04642a5085e29755fb98b56249d90984cc52afc47e59fe5ce,r_75b5cf0824e38d63503f,9,13b6ed919d9e0620186271caf124d06fdef6c7b124d695ab1d76aaf312d87425
2024:4080120241999384188,p0012,c_a5d445a0d05ac18650cb,dbbee2f2e4aa7c0c83dba5730ca9e717fa1f1596ad5a846fc34ff721431fda3e,r_75b5cf0824e38d63503f,5,7c436629d30709dde5a2843dde96f19875a27d47703412c3f94fc6de28ab7614
2024:4080120241999398115,p0012,c_127816033aeca7a4cf79,5fcda0c0e702045b7bf42a4d4c7a02003acd488cb842d080c6fb36c9ca473dba,r_75b5cf0824e38d63503f,4,753fb78ca36419228c58f6febcc585b3ca23151af6c178bbda69e3100412f949
2024:4080120241999423130,p0012,c_6f9ce1910d5bc217008c,7949b909a04b3eb9dc2ff0b429942a0acb8837e293368d3b2b8645538f27f921,r_75b5cf0824e38d63503f,9,a399e7a0f105264dad48216f375d4983a628857fd57a06e158cb5ad2188be28f
2024:4080120241999424379,p0012,c_127816033aeca7a4cf79,ce3e93c19a4a930ab7808d9e7e970969cc209048093d5bb5c3f650c9ae4bec13,r_75b5cf0824e38d63503f,4,753fb78ca36419228c58f6febcc585b3ca23151af6c178bbda69e3100412f949
2024:4080120241999424531,p0015,c_d5accca598a03ce825f2,dd28ed78ab6aa8430f2d8ce21bb69b59ac0e5aa2d1d01954fe7a96bb3632cf83,r_f7a1a92ebd7a39e06876,9,68baaa6c757f7369da9c0525839bd81cba410935c81a5033af1428e23261d42e
2024:4080120241999428121,p0003,c_5c674a62aa12b11745d8,218a5b48e5fa500feeb8bd9b517ee7ac3bcd71e87d5657fc6842d47544801585,r_e539c4db14c890028fc2,9,4ca381839bd88f09b6497e6b28b0e9fd49dab0305cc331b586fdd5be9c32099b
2024:4080120241999428129,p0002,c_43263d10d8d42de66ef1,561b3ecae0bf59b951827d09cee8362ef044e5a6af1eae12ad92b9f0c125c7c7,r_153f6f4b0d25713d8371,11,e78dcd2ea9088c453f153dac7ceaa97df3ea12520b49aac6b5e652420267f0bb
2024:4080120241999430200,p0002,c_4b64baaa01dc4eca3d70,7d1e83bc30b1703a8427b682ad0838555d3832426feb277906b8e2f261bc07a8,r_153f6f4b0d25713d8371,11,ef446f70a3583fce1f4ac47f95eea9a1d202a1764f613d71fa79944220b4464e
2024:4080120241999430222,p0003,c_5c674a62aa12b11745d8,14bb966d427127723e45ae12c26fef72ebd96709994d243f012d4cf5432be5ec,r_e539c4db14c890028fc2,9,4ca381839bd88f09b6497e6b28b0e9fd49dab0305cc331b586fdd5be9c32099b
2024:4080120241999430283,p0003,c_dcb61ff9a92a3152957c,6af8242d7526b566df7f37b7bdd990024143f4db9f7fe0788e88cf412797b845,r_e539c4db14c890028fc2,9,4acb74a94e107976dd432d93e00ce54a9dc041ddc3de81dbcf9284d201005511
2024:4080120241999430323,p0002,c_d403cd0fb2ff974799ef,d8c242056b20ccdf41dd3bbe93c54971c21918163aafd87cfb204b3d5934b13f,r_153f6f4b0d25713d8371,8,9a43cca324b3aa3cfcb6957e413e779ef38361477ff527f6f83302c28483194d
2024:4080120251213053431,p0011,c_6d78c941e832e66bc5f5,ac8c0a5f206cff2e319d60270b36a520a725c1bc7f4f21e522ece94cc204f347,r_993179b21d5761402e8e,13,136e23c2659e614f7daf19e0e365c8a536cafb725e086191dc5d2f4ac7fabb57
2024:4080220231759273222,p0015,c_57d8e01958a38820d7b3,a536b798b7ba61707614bd46cda63ab4facbc665a780ee16cb5eb7783222ec19,r_f7a1a92ebd7a39e06876,9,e1eeb1a02cf0c5e8880dcde66101d22100d9d3cc549caee3ae648fbe1c2a9692
2024:4080220231759275002,p0015,c_57d8e01958a38820d7b3,b849efff2145ccdb0bc87642b31c349385af4af7cd1745dbd0df517a93c8be53,r_f7a1a92ebd7a39e06876,9,e1eeb1a02cf0c5e8880dcde66101d22100d9d3cc549caee3ae648fbe1c2a9692
2024:4080220231760651619,p0012,c_6f9ce1910d5bc217008c,d907a79dace1c416d3a3416ae240d4e3f74e47709ab1c87db57930d5d9f7d320,r_75b5cf0824e38d63503f,9,a399e7a0f105264dad48216f375d4983a628857fd57a06e158cb5ad2188be28f
2024:4080220231760653279,p0015,c_dd05fcb5866322438262,eaf7732431b56b63c52d0e182d7024654693749a0053a2ef5ebc8c47a6594ed7,r_f7a1a92ebd7a39e06876,9,7c69c8ee5b184648674e1743a4d66931e8d0beb2c3d7b3bd790f1ab8a76ae1cc
2024:4080220231760654084,p0015,c_dd05fcb5866322438262,7c65b7b2403a7e2f023ff3f755cb98a440a414719e356562fb740186ba1d9fcf,r_f7a1a92ebd7a39e06876,9,7c69c8ee5b184648674e1743a4d66931e8d0beb2c3d7b3bd790f1ab8a76ae1cc
2024:4080220231760656559,p0004,c_c99e4c1e04a65f2743c2,1f7f0ab860b00c68e99aa9d762f1f06c5dd55e4315ab03b38f0888d3aca2271c,r_948475ee1ff681d1e65b,11,fa78e4ce8a403cc42a8258d033736cebf7575cd2d5196a97f8b946453fd73714
2024:4080220231760659387,p0012,c_6f9ce1910d5bc217008c,d34702b0c7fc84fc8b183eb9840abdb076aa67a00df60097a0c55dee7e14f5df,r_75b5cf0824e38d63503f,9,a399e7a0f105264dad48216f375d4983a628857fd57a06e158cb5ad2188be28f
2024:4080220231760659749,p0004,c_c99e4c1e04a65f2743c2,93274b1c722fe39c2f8adb5b213351a15c0b7ffcb9f04ce7588a608bed70af22,r_948475ee1ff681d1e65b,11,fa78e4ce8a403cc42a8258d033736cebf7575cd2d5196a97f8b946453fd73714
2024:4080220231762712599,p0010,c_3fdba6477347f59d07e7,1681131a9f016fc2d09e7f7916ea9c8d8c0efb13b81c747a7c70444d44f2dc29,r_36381ff366645780c532,11,aae33bc963a30bd1536b10834ed6f80806e8990021acd020d7bae0c104ed85ec
2024:4080220231762713059,p0010,c_3fdba6477347f59d07e7,9122de284d3195b08e9538dc1e9e2cfbd6da25c114701a92c1b5fd36042033d6,r_36381ff366645780c532,11,aae33bc963a30bd1536b10834ed6f80806e8990021acd020d7bae0c104ed85ec
2024:4080220241999557678,p0012,c_76e8b2ac6f7d7fb25c03,459f64875b388782c23e5539365b3190701f0fe9f25f9e40b17925a5bcbbc66d,r_75b5cf0824e38d63503f,9,85a1a3fa11cf5897b9852fa1a92662e899c1cbf37f1abfc484e5f7c5ca1e9e61
2024:4080220241999560989,p0002,c_43263d10d8d42de66ef1,4731a0de04e50361d8b2e9797904653b2af884a927663657c3de120a5d68f563,r_153f6f4b0d25713d8371,11,e78dcd2ea9088c453f153dac7ceaa97df3ea12520b49aac6b5e652420267f0bb
2024:4080220241999562331,p0003,c_dcb61ff9a92a3152957c,0d4f8b6ea96ac646be994c16fb6ac92de4d893dcd789e1aa83f770978bce17ae,r_e539c4db14c890028fc2,9,4acb74a94e107976dd432d93e00ce54a9dc041ddc3de81dbcf9284d201005511
2024:4080320231762764853,p0010,c_433597abc27c16d5e313,ee1ae76b0ba516c49dccd33f85c1c39e838b45220aeb67b9f6e362af276cbbad,r_36381ff366645780c532,11,b26bdd1cce1031dd2c4f3810d9406c3fb9da4a10fd115591a3ab3bffd587c5a9
2024:4080320231762778971,p0012,c_6f9ce1910d5bc217008c,3c3067174969d481ae85e8d1a4a385218b9325bc78e1516f210f9293ec99c1a7,r_75b5cf0824e38d63503f,9,a399e7a0f105264dad48216f375d4983a628857fd57a06e158cb5ad2188be28f
2024:4080320231762802159,p0015,c_dd05fcb5866322438262,14f1bf37acae94b4c74c36955e8d5bd1a03227b33d39c5cc377f3ba73ed57ce1,r_f7a1a92ebd7a39e06876,9,7c69c8ee5b184648674e1743a4d66931e8d0beb2c3d7b3bd790f1ab8a76ae1cc
2024:4080420231762865729,p0015,c_dd05fcb5866322438262,e24f3c2b90ec8b6f210af47c96bacace1b1ce52e6f008bc4a008849e98a88a14,r_f7a1a92ebd7a39e06876,9,7c69c8ee5b184648674e1743a4d66931e8d0beb2c3d7b3bd790f1ab8a76ae1cc
2024:4080420231762867149,p0002,c_43263d10d8d42de66ef1,5384883d8784fd930967bcd734d7fe56f2325d942304af4234bae4e7d66151aa,r_153f6f4b0d25713d8371,11,e78dcd2ea9088c453f153dac7ceaa97df3ea12520b49aac6b5e652420267f0bb
2024:4080420231762867434,p0003,c_3f565dc57a11191b929b,410311bd90ca1aa7e0a5bf1bdeb85222e6460e7ed6f8c2eef9be4547f5df56a5,r_e539c4db14c890028fc2,9,557ac4b2fcbc29dfbacdd67738e4da912cc55b77fd84a2d86e6dea25f46a662a
2024:4080420231762893184,p0020,c_58a4e001d26f1ec0d876,845803b31f350259c878a6271fdc2b11deaf1cece5ec65395656518bcbe72c8c,r_e1bc9fb32f1f0e4aaac5,11,eaa4b2a5c4bead17462439122693cd796e5414b26c96268e05373dea63bf5a78
2024:4080420231763232177,p0015,c_dd05fcb5866322438262,806dbf68c19889d25fb3487475af7817bf6bad8ca0784d77db7702acb05a22b4,r_f7a1a92ebd7a39e06876,9,7c69c8ee5b184648674e1743a4d66931e8d0beb2c3d7b3bd790f1ab8a76ae1cc
2024:4080420231763254078,p0015,c_140f009e028a29449a1e,3462a4c6f41d91aace390f9c77f4d0a322d351edca6225e0350f8bb5a8e5b4b9,r_f7a1a92ebd7a39e06876,5,33c32739a7c221d65956399988a013b86881c5776e3714ff55816581a14a38a7
2024:4080420231763254156,p0015,c_140f009e028a29449a1e,28baf94f02855df8c5ec991e8b4bea570e4ce1468ae5c60c66f485546ecbb7d3,r_f7a1a92ebd7a39e06876,5,33c32739a7c221d65956399988a013b86881c5776e3714ff55816581a14a38a7
2024:4080420231763295351,p0015,c_dd05fcb5866322438262,6611a1daad6c8bfef8e89749079af8ef93492b52a914aaa0ca60e21469fa27d8,r_f7a1a92ebd7a39e06876,9,7c69c8ee5b184648674e1743a4d66931e8d0beb2c3d7b3bd790f1ab8a76ae1cc
2024:4080420231763298679,p0015,c_0fd42dcea3bc783c9277,1ab91c94a8e1979edb0604ee7be58e91c9943d5bfcff5ce636f0ddad12b0a183,r_f7a1a92ebd7a39e06876,4,39f66eee0401d4f2e100c218775664800fdf49ebc7126a8765362bfa2f0631b2
2024:4080420251213164695,p0012,c_a958b9f528b36618c505,352698203dc95cbdc6f4674b42a249c1e2749f48189abcd1e3ee61a567b3cdf2,r_75b5cf0824e38d63503f,5,29197eb747d8aa0620b9bc447f989faf5868b3a0e041c7fe49683440194b86da
2024:4080520241999649312,p0004,c_c99e4c1e04a65f2743c2,db6fa69fb67660c2284dc21576fa3d3db64d63a8c582d2c1ac45acfafa73f65f,r_948475ee1ff681d1e65b,11,fa78e4ce8a403cc42a8258d033736cebf7575cd2d5196a97f8b946453fd73714
2024:4080520241999650850,p0004,c_c99e4c1e04a65f2743c2,5417c8b883859e78f515275715e42c62e17aaf068c3a2f1d279fe58fbc365762,r_948475ee1ff681d1e65b,11,fa78e4ce8a403cc42a8258d033736cebf7575cd2d5196a97f8b946453fd73714
2024:4080520241999663808,p0004,c_c99e4c1e04a65f2743c2,136e15c7e860fcc7a20be6118ab2f67d1bd2112df29119a4c9baf4c7ae43d677,r_948475ee1ff681d1e65b,11,fa78e4ce8a403cc42a8258d033736cebf7575cd2d5196a97f8b946453fd73714
2024:4080520241999678224,p0010,c_433597abc27c16d5e313,b184eacaff0ab529567c332050a8fea219c40c82a203f46821b797b152f2ee91,r_36381ff366645780c532,11,b26bdd1cce1031dd2c4f3810d9406c3fb9da4a10fd115591a3ab3bffd587c5a9
2024:4080520241999807707,p0008,c_eb5f4b964135272e086d,015779d9c1490b89eaf4b4e7b33174461dea603cade69bc5ebfcebe08399907a,r_ea71451d245b6218d4f0,10,4104a539a5e79b0ac055d000d70e89d27ac78b43271d1b875a01d4f10bc71c93
2024:4080520242001178535,p0015,c_18afbae2dc222f7bf657,a860060dc06e8e0f22d957dc613b6f41946c8b908d9aa6d8ddc8b3c6bcd38f2b,r_f7a1a92ebd7a39e06876,5,aeb5f6750ae531478e35ec026acbe66998378ef64fd17d605c54df9a34bca1fe
2024:4080520242003305225,p0003,c_5c674a62aa12b11745d8,41fe1efe8f1518c502035a2dcdc8095f4cc9eb4386119d90754f357278864471,r_e539c4db14c890028fc2,9,4ca381839bd88f09b6497e6b28b0e9fd49dab0305cc331b586fdd5be9c32099b
2024:4080520242003305226,p0003,c_5c674a62aa12b11745d8,a64527168c91a1da7754a28fe1455fe23865dd6acd9d1bccf5b195af6492a845,r_e539c4db14c890028fc2,9,4ca381839bd88f09b6497e6b28b0e9fd49dab0305cc331b586fdd5be9c32099b
2024:4080520242003305227,p0003,c_5c674a62aa12b11745d8,8a58fd0c712e18d57b1de45714e6472374449da0c0e61c8e881557f085093e93,r_e539c4db14c890028fc2,9,4ca381839bd88f09b6497e6b28b0e9fd49dab0305cc331b586fdd5be9c32099b
2024:4080520242003305228,p0003,c_5c674a62aa12b11745d8,b87113ae123864dc9249d1352f807622c21ecf0f556b16e9a0206daafd9ac631,r_e539c4db14c890028fc2,9,4ca381839bd88f09b6497e6b28b0e9fd49dab0305cc331b586fdd5be9c32099b
2024:4080520242003305229,p0003,c_5c674a62aa12b11745d8,653a86d7aebd13ac30e71978305d2de08d4c722d0eab1aa78b7b2cb311028b03,r_e539c4db14c890028fc2,9,4ca381839bd88f09b6497e6b28b0e9fd49dab0305cc331b586fdd5be9c32099b
2024:4080520242003305230,p0003,c_5c674a62aa12b11745d8,07744ca37eff194ea5ecac9803470c3e8e7ecc201979b59aa0e695853d4636a4,r_e539c4db14c890028fc2,9,4ca381839bd88f09b6497e6b28b0e9fd49dab0305cc331b586fdd5be9c32099b
2024:4080520242003305231,p0003,c_5c674a62aa12b11745d8,e096ccc723702027291a45ee9436f29e14226350752a39bcf2860d4086511d9c,r_e539c4db14c890028fc2,9,4ca381839bd88f09b6497e6b28b0e9fd49dab0305cc331b586fdd5be9c32099b
2024:4080520242003305232,p0003,c_5c674a62aa12b11745d8,d73db91fba78fce376cd5bfd5ee9f81e89523a5506279bc0c806cac030c87edb,r_e539c4db14c890028fc2,9,4ca381839bd88f09b6497e6b28b0e9fd49dab0305cc331b586fdd5be9c32099b
2024:4080520242003305233,p0003,c_5c674a62aa12b11745d8,b2342c9abee9e0c27f5f88c7eee1e490ab926f3eae1dabd1997aa242f48e01a9,r_e539c4db14c890028fc2,9,4ca381839bd88f09b6497e6b28b0e9fd49dab0305cc331b586fdd5be9c32099b
2024:4080520242003305234,p0003,c_5c674a62aa12b11745d8,93b18a6ced4ac22aa3bcbd3ad14d007fac3d37d022242fbd7fbda3d2f2f2f53c,r_e539c4db14c890028fc2,9,4ca381839bd88f09b6497e6b28b0e9fd49dab0305cc331b586fdd5be9c32099b
2024:4080520242003305235,p0003,c_5c674a62aa12b11745d8,2b2f200d87d25af6198dc311e8b52b3644b75b25bcd6b6ac43861a40adc8fccf,r_e539c4db14c890028fc2,9,4ca381839bd88f09b6497e6b28b0e9fd49dab0305cc331b586fdd5be9c32099b
2024:4080520242003305236,p0003,c_5c674a62aa12b11745d8,5b916148d1f13bee93978cb5cade0ded791080ba20147c1d2f15a59eba39db2f,r_e539c4db14c890028fc2,9,4ca381839bd88f09b6497e6b28b0e9fd49dab0305cc331b586fdd5be9c32099b
2024:4080520242003305237,p0003,c_5c674a62aa12b11745d8,10da8ccda910df5196341a617c1a13dc42beca4fff23223bcc0f0a5ff0281ee5,r_e539c4db14c890028fc2,9,4ca381839bd88f09b6497e6b28b0e9fd49dab0305cc331b586fdd5be9c32099b
2024:4080520242003305238,p0003,c_5c674a62aa12b11745d8,356aef7acbb7fa06576ce306028148a60f00618bdb263ca5d240f3eec3c37ed0,r_e539c4db14c890028fc2,9,4ca381839bd88f09b6497e6b28b0e9fd49dab0305cc331b586fdd5be9c32099b
2024:4080520242003305239,p0003,c_5c674a62aa12b11745d8,e4036a9fa69ed997d33c2ec8c7932aea8d4ed4247707e4ffe54ea35c9602cbaf,r_e539c4db14c890028fc2,9,4ca381839bd88f09b6497e6b28b0e9fd49dab0305cc331b586fdd5be9c32099b
2024:4080520242003305240,p0003,c_5c674a62aa12b11745d8,c4ea5f8eb1a659095ee97465c4af99e6675377986c193bda6bb3395a182c3e15,r_e539c4db14c890028fc2,9,4ca381839bd88f09b6497e6b28b0e9fd49dab0305cc331b586fdd5be9c32099b
2024:4080520242003305241,p0003,c_5c674a62aa12b11745d8,8300fa769c12cd878c9d7d832aa1e4bad9693d574c61c3961ef59ed00fc5c535,r_e539c4db14c890028fc2,9,4ca381839bd88f09b6497e6b28b0e9fd49dab0305cc331b586fdd5be9c32099b
2024:4080520242003305242,p0003,c_5c674a62aa12b11745d8,98efce465101435038779c511a183afa6673f1b0bdc768d05dbb2c3c4975e93d,r_e539c4db14c890028fc2,9,4ca381839bd88f09b6497e6b28b0e9fd49dab0305cc331b586fdd5be9c32099b
2024:4080520242003958414,p0014,c_1822128dbb0e70f13b7d,b138125a0e9b10a1a3646d4a9d7161c290879bb59e84a550bfaab9902f665141,r_380f28d77df7a5db30a0,11,3730ea3adfe22f4ebbb2880a519ad669705118c89e210f07f7a9c1662d83b5e7
2024:4080520242007235446,p0020,c_ff6993ba2f374406ac24,253b12109f03059082bc9d768de57c2b450160e1f90103afb96a10f33abe5ed2,r_e1bc9fb32f1f0e4aaac5,7,db60179b015bf6296ba5f0e627bba435743a932a8d1521afa568986e50abee3d
2024:4080520242007368700,p0012,c_127816033aeca7a4cf79,a581b451fcfae2b04406baff9e03c384737574fe1ba06315b9f6b8032636f7da,r_75b5cf0824e38d63503f,4,753fb78ca36419228c58f6febcc585b3ca23151af6c178bbda69e3100412f949
2024:4080520242007368701,p0012,c_127816033aeca7a4cf79,ff2ab12be39b0611706e822a8cfad65cf51a4d10c79232eb3e9e0bb70ab6e509,r_75b5cf0824e38d63503f,4,753fb78ca36419228c58f6febcc585b3ca23151af6c178bbda69e3100412f949
2024:4080520242007368702,p0012,c_127816033aeca7a4cf79,b82fecc86822975cbbd7f1ac54d49fbf28885842f14c87a6f89de086101a9bf8,r_75b5cf0824e38d63503f,4,753fb78ca36419228c58f6febcc585b3ca23151af6c178bbda69e3100412f949
2024:4080520242007368703,p0012,c_127816033aeca7a4cf79,c88e86c0ece781afde51f320a2e765daef02f37b0e51cd4fa22a3f61f00041d4,r_75b5cf0824e38d63503f,4,753fb78ca36419228c58f6febcc585b3ca23151af6c178bbda69e3100412f949
2024:4080520242007368704,p0012,c_127816033aeca7a4cf79,d412484fe7f15977c13caef95a4c1ac2c5c8e5228e7b262c1b811474dce2ce05,r_75b5cf0824e38d63503f,4,753fb78ca36419228c58f6febcc585b3ca23151af6c178bbda69e3100412f949
2024:4080520242007368705,p0012,c_127816033aeca7a4cf79,6f223dba917a89f621a59c23fa4841b50fc2e14c6f554dee67f7a6f8e6636a4e,r_75b5cf0824e38d63503f,4,753fb78ca36419228c58f6febcc585b3ca23151af6c178bbda69e3100412f949
2024:4080520242007368706,p0012,c_127816033aeca7a4cf79,f87aa2ea822234e3185ac9036b63f03bfae35af8eb3a545f7e4232d853136290,r_75b5cf0824e38d63503f,4,753fb78ca36419228c58f6febcc585b3ca23151af6c178bbda69e3100412f949
2024:4080620242011055504,p0004,c_c5b7995bf680414a0436,73369b122447274637851d007b36f7b9db84c63726a068aeb34d733a763e3874,r_948475ee1ff681d1e65b,11,c34d288aa28210b6c2263fe274a7cab983f2c5feedd5885c5e03a71af74627dd
2024:4080620242011055511,p0003,c_dcb61ff9a92a3152957c,a51628c9fcd7b080a052b488d7c398b53c1573aceed9d3f2991fcd92f6f8eaa1,r_e539c4db14c890028fc2,9,4acb74a94e107976dd432d93e00ce54a9dc041ddc3de81dbcf9284d201005511
2024:4080620242011055513,p0003,c_dcb61ff9a92a3152957c,a6a864049eebd324d13013ab23df31ee9a27601311dc61d8da614cd3d22481d0,r_e539c4db14c890028fc2,9,4acb74a94e107976dd432d93e00ce54a9dc041ddc3de81dbcf9284d201005511
2024:4080620242011058138,p0009,c_b9c6825d43fd2209aee5,225eee6ead7c7aa1eff80a1dba3d42bc240c36b2a92db847cb1557fa39f15271,r_dab5970845ebb9ffcf35,11,2f2727cdaad6c09f75103af92a1fbd8fabec12c1839c6a7bb33048d7f54c8e9f
2024:4080620242011091336,p0002,c_43263d10d8d42de66ef1,136039a03324f772601cfcdf5cb051a2e3d485fcfca090e122d5fee3601efd34,r_153f6f4b0d25713d8371,11,e78dcd2ea9088c453f153dac7ceaa97df3ea12520b49aac6b5e652420267f0bb
2024:4080620242011091337,p0002,c_43263d10d8d42de66ef1,df1e224b8476eafeaef449112e9f62eb93be99020d29753d4d0166482dd7ce6f,r_153f6f4b0d25713d8371,11,e78dcd2ea9088c453f153dac7ceaa97df3ea12520b49aac6b5e652420267f0bb
2024:4080620242011094209,p0011,c_e33e4241ffae021efe44,0d1009172f168199bf79646752aab0633c4fc1cc275eb0dcb2a9bd1e9237063f,r_993179b21d5761402e8e,13,f759e3e78284d686fe105b8c5024b31812841e62142513d312812f0fc0b5b163
2024:4080620242011096283,p0002,c_4b64baaa01dc4eca3d70,2f521ee5044d76ecd8d1c52e1626e25d867d257dd424cb8968a9270b46fd0d78,r_153f6f4b0d25713d8371,11,ef446f70a3583fce1f4ac47f95eea9a1d202a1764f613d71fa79944220b4464e
2024:4080620242011096401,p0003,c_3f565dc57a11191b929b,61d9627296f7cb5ded178138c0d56524c54b4e568528d7dc68356e02552204b4,r_e539c4db14c890028fc2,9,557ac4b2fcbc29dfbacdd67738e4da912cc55b77fd84a2d86e6dea25f46a662a
2024:4080620242011097954,p0011,c_6d78c941e832e66bc5f5,fd3c01483abe63a8a8442a5ca73f8b373c00c55e27040964a128e0787475d961,r_993179b21d5761402e8e,13,136e23c2659e614f7daf19e0e365c8a536cafb725e086191dc5d2f4ac7fabb57
2024:4080620242011099314,p0002,c_43263d10d8d42de66ef1,e91783e1cd2517c19787cfe140e7f3386d07b32f84bed3f9c07c3c0db50adeb9,r_153f6f4b0d25713d8371,11,e78dcd2ea9088c453f153dac7ceaa97df3ea12520b49aac6b5e652420267f0bb
2024:4080620242011099843,p0003,c_5c674a62aa12b11745d8,4ddbf1b7315b51cea0aebea9100b132822a55a71f8c192f174cbb856f4ee4a77,r_e539c4db14c890028fc2,9,4ca381839bd88f09b6497e6b28b0e9fd49dab0305cc331b586fdd5be9c32099b
2024:4080620242011100761,p0020,c_ff6993ba2f374406ac24,5bbf67caba4d53d09068a0f0ff562f3333b90f370d8f50bc6dd4a93c73402e7e,r_e1bc9fb32f1f0e4aaac5,7,db60179b015bf6296ba5f0e627bba435743a932a8d1521afa568986e50abee3d
2024:4080620251215549048,p0010,c_3fdba6477347f59d07e7,da1d082061ab8244e412ae280051800a6bfda73f983265c34e221af8efe944d0,r_36381ff366645780c532,11,aae33bc963a30bd1536b10834ed6f80806e8990021acd020d7bae0c104ed85ec
2024:4080620251215549049,p0010,c_3fdba6477347f59d07e7,e7500b4c27e757d3e5332dfd2dbd1d2bbfc2598999ebd601a1c090eb8cab64d8,r_36381ff366645780c532,11,aae33bc963a30bd1536b10834ed6f80806e8990021acd020d7bae0c104ed85ec
2024:4080720231763376311,p0015,c_57d8e01958a38820d7b3,705a51566fc22e32048ad82f992e8438e40e33d81dcfab51d1bb7c1027c9e971,r_f7a1a92ebd7a39e06876,9,e1eeb1a02cf0c5e8880dcde66101d22100d9d3cc549caee3ae648fbe1c2a9692
2024:4080720231763389827,p0012,c_6f9ce1910d5bc217008c,65413f66964866173001594a1a6bbf838f1b1ac394c5251cfcf1f2365efad581,r_75b5cf0824e38d63503f,9,a399e7a0f105264dad48216f375d4983a628857fd57a06e158cb5ad2188be28f
2024:4080720231763400013,p0015,c_2029254363df9fc2c376,217c99cf199bd5453d5c77533de69e74378048f2a20904ebbc3b6c8340308e66,r_f7a1a92ebd7a39e06876,5,08ef740823ad64130f5cf52a555eb1721a938a04a119a7e0924725760bf75ef9
2024:4080720231763407491,p0015,c_57d8e01958a38820d7b3,b86d3162422c3556a276e95c6214dfd21be366110bcb9846393dfd8376672ebe,r_f7a1a92ebd7a39e06876,9,e1eeb1a02cf0c5e8880dcde66101d22100d9d3cc549caee3ae648fbe1c2a9692
2024:4080720231763420641,p0013,c_f403b4b143a23ffe823d,177bf142e291f434094b0159d2053cafb3f5bca287968a5ce1eea1a22196fd27,r_2e07349418abdd1528c5,9,938f5e5e31027a82502cc4f45931241a0dc1daa6c6b2e16061ada9c64d9ded82
2024:4080720231763423482,p0012,c_3bf74b2cda2b9ec1dfdc,344af9bc5ffed3a4663aa6813e6f7d2508fb3d1ff778244a81eabec23ae199db,r_75b5cf0824e38d63503f,9,36d89b28eddb6ffe88b05c91b6e236725e293d107ee8732cc94762bfd920569a
2024:4080720231763428461,p0015,c_57d8e01958a38820d7b3,582c7610c52d2762972c6b46f5346ae3f7081eb36074e1f6688355064739911d,r_f7a1a92ebd7a39e06876,9,e1eeb1a02cf0c5e8880dcde66101d22100d9d3cc549caee3ae648fbe1c2a9692
2024:4080720242011173159,p0004,c_c5b7995bf680414a0436,d8e2bcc1756ef2e70b3ee213e29c6545b359cda955418bcb5c704eead7a4627b,r_948475ee1ff681d1e65b,11,c34d288aa28210b6c2263fe274a7cab983f2c5feedd5885c5e03a71af74627dd
2024:4080720242011174257,p0012,c_6f9ce1910d5bc217008c,b35c21bbe3a5fa361846a9ebb76e974ccc83f2327120a6ac70aa63138f52d383,r_75b5cf0824e38d63503f,9,a399e7a0f105264dad48216f375d4983a628857fd57a06e158cb5ad2188be28f
2024:4080720242011178025,p0004,c_c5b7995bf680414a0436,bbd0538e2aadb6747ede25d8a11ba2a7dee76a193371536a96def5037024e98a,r_948475ee1ff681d1e65b,11,c34d288aa28210b6c2263fe274a7cab983f2c5feedd5885c5e03a71af74627dd
2024:4080720242011235410,p0002,c_43263d10d8d42de66ef1,a3b0839bfc74072fed01627b050fe26754b08942d9cbc4cbb954516845a19b13,r_153f6f4b0d25713d8371,11,e78dcd2ea9088c453f153dac7ceaa97df3ea12520b49aac6b5e652420267f0bb
2024:4080720242011235544,p0003,c_5c674a62aa12b11745d8,2b51fb1150fed88c770dea9a480f14de1216e9c907e417d64ff902ee42cc537e,r_e539c4db14c890028fc2,9,4ca381839bd88f09b6497e6b28b0e9fd49dab0305cc331b586fdd5be9c32099b
2024:4080720242011249198,p0002,c_43263d10d8d42de66ef1,874d68ab43a63543c4eca2e4826de987149667d97c82d82cf6800fbf41c4976f,r_153f6f4b0d25713d8371,11,e78dcd2ea9088c453f153dac7ceaa97df3ea12520b49aac6b5e652420267f0bb
2024:4080720242011249265,p0003,c_dcb61ff9a92a3152957c,44ac12c916bdcd52073a819ed7234d0ed15e1d685139866452712b6f8ec4eac0,r_e539c4db14c890028fc2,9,4acb74a94e107976dd432d93e00ce54a9dc041ddc3de81dbcf9284d201005511
2024:4080720242011258645,p0013,c_f403b4b143a23ffe823d,7e1edef760b26479d4da65dd07122d7fb25c3cf249f6b65c88572315248c19cf,r_2e07349418abdd1528c5,9,938f5e5e31027a82502cc4f45931241a0dc1daa6c6b2e16061ada9c64d9ded82
2024:4080720242011258646,p0013,c_f403b4b143a23ffe823d,8ac4ab8843673836c34a9169c399fbd9b99f2a46e73ddb5e93f8ae71ea2fc223,r_2e07349418abdd1528c5,9,938f5e5e31027a82502cc4f45931241a0dc1daa6c6b2e16061ada9c64d9ded82
2024:4080720242011274106,p0004,c_fdab70860f3e4c99824e,44fd91385b64d235cdf38a2c3ae14097292c310113dd32c718dba2432b1a575e,r_948475ee1ff681d1e65b,6,3f991dea9fe0de5506637f29ae459d8118f0be9b7398c06fe69fd4e5a3e49b6e
2024:4080820242011315464,p0003,c_5c674a62aa12b11745d8,19d3a6f6ae43c4515eb714485d5a279107d6fd9c1b328dad1ca36889effa7476,r_e539c4db14c890028fc2,9,4ca381839bd88f09b6497e6b28b0e9fd49dab0305cc331b586fdd5be9c32099b
2024:4080820242011315604,p0002,c_4b64baaa01dc4eca3d70,ec174c5ff183c3597e6416e799dddcaf8d1c6b82c54161acbc64199d6ae43055,r_153f6f4b0d25713d8371,11,ef446f70a3583fce1f4ac47f95eea9a1d202a1764f613d71fa79944220b4464e
2024:4080820242011326323,p0002,c_4b64baaa01dc4eca3d70,6e0bcb8d063840bb409a029cec243b2c210f611190b1fc17e62653d14f82b793,r_153f6f4b0d25713d8371,11,ef446f70a3583fce1f4ac47f95eea9a1d202a1764f613d71fa79944220b4464e
2024:4080820242011326324,p0002,c_4b64baaa01dc4eca3d70,5d639e528b9b93cd47ed14f97eab825c0d4ee2ffe868cadf49949bcb70648560,r_153f6f4b0d25713d8371,11,ef446f70a3583fce1f4ac47f95eea9a1d202a1764f613d71fa79944220b4464e
2024:4080820242011326526,p0003,c_dcb61ff9a92a3152957c,fa664e5808c8825d626a232c1775d6deaa5e04df5dd54b431165a9e604f4ef6c,r_e539c4db14c890028fc2,9,4acb74a94e107976dd432d93e00ce54a9dc041ddc3de81dbcf9284d201005511
2024:4080820242011326528,p0003,c_dcb61ff9a92a3152957c,d9386ce90c2f52e8b34d40662c6010022062d7b66fab9a7e92f4e6461f30da71,r_e539c4db14c890028fc2,9,4acb74a94e107976dd432d93e00ce54a9dc041ddc3de81dbcf9284d201005511
2024:4080820242011335109,p0002,c_28276834972bc20b7eea,f155d7d29939455b374be4434bc3bc7953de6909760b2d03bcf93c73b98f632e,r_153f6f4b0d25713d8371,11,90b9b2680efc5d8f943ab540286e8b0a4d0ab891f9e6ec8485eba968aa455310
2024:4080820242011335165,p0003,c_dcb61ff9a92a3152957c,f0c855ae68ac55b0dc7761ce77b8f0a7ca820f96df40e3bc776a1e4a409cedcd,r_e539c4db14c890028fc2,9,4acb74a94e107976dd432d93e00ce54a9dc041ddc3de81dbcf9284d201005511
2024:4080820242011353740,p0002,c_43263d10d8d42de66ef1,0bedf1f5cffd33c7dd712f45b50ad2dbbc4101cd139053d16b7f73bb003d2e4c,r_153f6f4b0d25713d8371,11,e78dcd2ea9088c453f153dac7ceaa97df3ea12520b49aac6b5e652420267f0bb
2024:4080820242011353936,p0003,c_dcb61ff9a92a3152957c,dd696ddf6fcd3520fad7186ed6155ea5cafd9aae259e848cf1f1702678ae4039,r_e539c4db14c890028fc2,9,4acb74a94e107976dd432d93e00ce54a9dc041ddc3de81dbcf9284d201005511
2024:4080820242011357298,p0004,c_c99e4c1e04a65f2743c2,0a9fa51905b13f64124172d302b1d28b3ac351586c0c6fd4ab810e8515b64da6,r_948475ee1ff681d1e65b,11,fa78e4ce8a403cc42a8258d033736cebf7575cd2d5196a97f8b946453fd73714
2024:4080820242011385272,p0004,c_c99e4c1e04a65f2743c2,bbf1c7341e8d6b706b779e2a814352ab4e828e5609fb06e7a33983009e66ecb1,r_948475ee1ff681d1e65b,11,fa78e4ce8a403cc42a8258d033736cebf7575cd2d5196a97f8b946453fd73714
2024:4080820242011386561,p0002,c_43263d10d8d42de66ef1,6f22772a5fc9602ee5bd509da9bfd1b0258fed08e6be83332501cbda37829ef8,r_153f6f4b0d25713d8371,11,e78dcd2ea9088c453f153dac7ceaa97df3ea12520b49aac6b5e652420267f0bb
2024:4080820242011386890,p0003,c_dcb61ff9a92a3152957c,d48dffcc2ccf0f86d8e4edb0cf538dde7700d78686962f0869df9b0f8caf9c50,r_e539c4db14c890028fc2,9,4acb74a94e107976dd432d93e00ce54a9dc041ddc3de81dbcf9284d201005511
2024:4080820242011437740,p0010,c_433597abc27c16d5e313,6617da1fd64068b21136183a4a8c4edcf2186f83c7437e76ea9c5cd97decc226,r_36381ff366645780c532,11,b26bdd1cce1031dd2c4f3810d9406c3fb9da4a10fd115591a3ab3bffd587c5a9
2024:4080820242011437741,p0010,c_433597abc27c16d5e313,44281815a67318219b968b4d7a1ba0088d23ae661929d603067bd02e7722336a,r_36381ff366645780c532,11,b26bdd1cce1031dd2c4f3810d9406c3fb9da4a10fd115591a3ab3bffd587c5a9
2024:4080820242011437742,p0010,c_433597abc27c16d5e313,e7d3f2360ec7aae0f66ff1c61d6454ee5ea10796b9735a5e2fccf46de047a0d5,r_36381ff366645780c532,11,b26bdd1cce1031dd2c4f3810d9406c3fb9da4a10fd115591a3ab3bffd587c5a9
2024:4080820242011437743,p0010,c_433597abc27c16d5e313,cd5acaa66c99a546cd6f15dddf8bfe41224a387ad860c4d5abc51a3fd12bc91e,r_36381ff366645780c532,11,b26bdd1cce1031dd2c4f3810d9406c3fb9da4a10fd115591a3ab3bffd587c5a9
2024:4080820242011437744,p0010,c_433597abc27c16d5e313,392e7aec244a3de393ad712efb167705aa5bf248c012f4a7c1c11fc954a9bd89,r_36381ff366645780c532,11,b26bdd1cce1031dd2c4f3810d9406c3fb9da4a10fd115591a3ab3bffd587c5a9
2024:4080920231764974586,p0004,c_c99e4c1e04a65f2743c2,00b84c8fee143277503d3737d863a89ddac09366369994d81580bbba5021fcab,r_948475ee1ff681d1e65b,11,fa78e4ce8a403cc42a8258d033736cebf7575cd2d5196a97f8b946453fd73714
2024:4080920231764981705,p0019,c_901624a705dc2b59b73c,cc02ca3792cbb5d493c515edb3a16d6ce43d514ea8dfbb34b3a0dcb9b2e4723b,r_f842f8012b64a37416bc,9,22315f151d3c106b680bf59e70e44546b0587d68c3b5fe4af7756cb447e67b7d
2024:4080920242011503221,p0009,c_b9c6825d43fd2209aee5,499a7a80af9bb5f8df75fe30e464b666b6a459d600e6505c7b8cd302e858c57f,r_dab5970845ebb9ffcf35,11,2f2727cdaad6c09f75103af92a1fbd8fabec12c1839c6a7bb33048d7f54c8e9f
2024:4080920242011503395,p0019,c_8f805b8c99894bf05c9e,fbb4531b6ea34c5dc772b39f4b6c70b9fe7dab8eddf48d930b86e13c75136ee9,r_f842f8012b64a37416bc,9,fbb7dea7528c1e2682734e4ad5f21d9c72c7c901ef02b28eeda6fe36552ce896
2024:4080920242011510079,p0002,c_db11483102ea44f72255,09823c510d52606af592177b5942c59ef50d569b4b13401edd7d7516ca14d577,r_153f6f4b0d25713d8371,10,4e8e664333aad87a05ff50b714811e2914ad2bf89c126b49104faf14b36bcacb
2024:4080920242011510159,p0003,c_dcb61ff9a92a3152957c,3c11c78d2d02ec6acf89b4ca79faa8a2ac41d3f5de23ee44e5320f9715fbe63d,r_e539c4db14c890028fc2,9,4acb74a94e107976dd432d93e00ce54a9dc041ddc3de81dbcf9284d201005511
2024:4080920242011526259,p0004,c_c99e4c1e04a65f2743c2,be287ea86b59ed0be65e509d0af43950ce567fcde693e977f666f6cf1bf49d46,r_948475ee1ff681d1e65b,11,fa78e4ce8a403cc42a8258d033736cebf7575cd2d5196a97f8b946453fd73714
2024:4080920242011526261,p0004,c_c99e4c1e04a65f2743c2,e3ca50e0e0df5c72550b92352faa91fdb21e179dd555e037d529e922bb380df2,r_948475ee1ff681d1e65b,11,fa78e4ce8a403cc42a8258d033736cebf7575cd2d5196a97f8b946453fd73714
2024:4081020231765039690,p0004,c_c99e4c1e04a65f2743c2,6fcf28e5ae8d4b7cc9e2cf0e5e8605adb8da0ad39b5809fe9f3368f33d6dee68,r_948475ee1ff681d1e65b,11,fa78e4ce8a403cc42a8258d033736cebf7575cd2d5196a97f8b946453fd73714
2024:4081020231765317149,p0002,c_43263d10d8d42de66ef1,36d374b147f38b3299f22b245b9fe32d904a0edd0d8f19663017785dc307d808,r_153f6f4b0d25713d8371,11,e78dcd2ea9088c453f153dac7ceaa97df3ea12520b49aac6b5e652420267f0bb
2024:4081020231765317150,p0002,c_4b64baaa01dc4eca3d70,97fffb50b5818d38b5d29f6bc15434bca59aa8c2e196ff81143199d4c7d21e90,r_153f6f4b0d25713d8371,11,ef446f70a3583fce1f4ac47f95eea9a1d202a1764f613d71fa79944220b4464e
2024:4081020231768051191,p0015,c_dd05fcb5866322438262,a03456d0e2e32b419808f24505ddc0d2d03250d0cdd86b8bb49cf4272145a566,r_f7a1a92ebd7a39e06876,9,7c69c8ee5b184648674e1743a4d66931e8d0beb2c3d7b3bd790f1ab8a76ae1cc
2024:4081020231768051211,p0015,c_0fd42dcea3bc783c9277,293270e92e1011dbb64d0755f22840e0356ab45d2e6e253774d32b74c5516f02,r_f7a1a92ebd7a39e06876,4,39f66eee0401d4f2e100c218775664800fdf49ebc7126a8765362bfa2f0631b2
2024:4081020231772687697,p0004,c_c99e4c1e04a65f2743c2,077da9d47c111266669a8a8503293c7ac3ff45b044ad60c68e3b9274b757db37,r_948475ee1ff681d1e65b,11,fa78e4ce8a403cc42a8258d033736cebf7575cd2d5196a97f8b946453fd73714
2024:4081020231772687698,p0004,c_c99e4c1e04a65f2743c2,5635952be660dd8b9028fb58432fe7ed6eec02a22641ce1c18441f550b531736,r_948475ee1ff681d1e65b,11,fa78e4ce8a403cc42a8258d033736cebf7575cd2d5196a97f8b946453fd73714
2024:4081020231772687699,p0004,c_c99e4c1e04a65f2743c2,c19a01ef8a6768321d502fbd6450811d00fb8a6be3080b2a2b2f2a45d1151d3d,r_948475ee1ff681d1e65b,11,fa78e4ce8a403cc42a8258d033736cebf7575cd2d5196a97f8b946453fd73714
2024:4081020231772687700,p0004,c_c99e4c1e04a65f2743c2,a56a3e10d3a3cceb8f2e6b2e3ebac938cc802a533d3afb0ac13be12124193cc4,r_948475ee1ff681d1e65b,11,fa78e4ce8a403cc42a8258d033736cebf7575cd2d5196a97f8b946453fd73714
2024:4081020231772687701,p0004,c_c99e4c1e04a65f2743c2,7d145c6c7eb296cc21fa64f286a32402aae13fb9291020702981fc2cefb5fb12,r_948475ee1ff681d1e65b,11,fa78e4ce8a403cc42a8258d033736cebf7575cd2d5196a97f8b946453fd73714
2024:4081020231772687702,p0004,c_c99e4c1e04a65f2743c2,f25c0efefcbe229caa5d03d7f54f2c3e187791e9903181918e2f70649d03d79d,r_948475ee1ff681d1e65b,11,fa78e4ce8a403cc42a8258d033736cebf7575cd2d5196a97f8b946453fd73714
2024:4081020231772687703,p0004,c_c99e4c1e04a65f2743c2,49533ce10817ecbc63c27699bac8fc2615808745c81b01649cba0de732c25d7a,r_948475ee1ff681d1e65b,11,fa78e4ce8a403cc42a8258d033736cebf7575cd2d5196a97f8b946453fd73714
2024:4081020231772687704,p0004,c_c99e4c1e04a65f2743c2,e8f7fb07e9a972c7e5f012789620a093982b4576935bc092d7428795ab9bf6a8,r_948475ee1ff681d1e65b,11,fa78e4ce8a403cc42a8258d033736cebf7575cd2d5196a97f8b946453fd73714
2024:4081020231772687705,p0004,c_c99e4c1e04a65f2743c2,9412a98cb2b3a4f5be70da5fa419dfb73f88bbe52663ace4a9ce062b60133677,r_948475ee1ff681d1e65b,11,fa78e4ce8a403cc42a8258d033736cebf7575cd2d5196a97f8b946453fd73714
2024:4081020231772687706,p0004,c_c99e4c1e04a65f2743c2,9bdd33d8b298208b78e93f53b17e19fffc2ce7ecdefdf15551bfa7ae77894351,r_948475ee1ff681d1e65b,11,fa78e4ce8a403cc42a8258d033736cebf7575cd2d5196a97f8b946453fd73714
2024:4081020231772687707,p0004,c_c99e4c1e04a65f2743c2,238ef7d587273110fad6cdae417310e683f301dcc642453d41561d980588cbe5,r_948475ee1ff681d1e65b,11,fa78e4ce8a403cc42a8258d033736cebf7575cd2d5196a97f8b946453fd73714
2024:4081020231772853118,p0003,c_3f565dc57a11191b929b,4301b2cb838c321773ccc64afd5150c27d515d137faaceb0590fc9d521414f1c,r_e539c4db14c890028fc2,9,557ac4b2fcbc29dfbacdd67738e4da912cc55b77fd84a2d86e6dea25f46a662a
2024:4081020231772853119,p0003,c_3f565dc57a11191b929b,da7d9d315769684885a65a36f5389175ec06ecb1ea336bb007d599b9b5458feb,r_e539c4db14c890028fc2,9,557ac4b2fcbc29dfbacdd67738e4da912cc55b77fd84a2d86e6dea25f46a662a
2024:4081020231774240386,p0014,c_1822128dbb0e70f13b7d,2f7a89b5ae9158efff157f954dba4225f72639fbdb17a1cae694d7cf6e3f97da,r_380f28d77df7a5db30a0,11,3730ea3adfe22f4ebbb2880a519ad669705118c89e210f07f7a9c1662d83b5e7
2024:4081020231775717614,p0009,c_b9c6825d43fd2209aee5,bb179e30acbf524a6e9b7d89d45d898ee3c82b50143f72f9956385ddf2d78bf9,r_dab5970845ebb9ffcf35,11,2f2727cdaad6c09f75103af92a1fbd8fabec12c1839c6a7bb33048d7f54c8e9f
2024:4081020231780793755,p0020,c_25346886cb66823b3264,ae3e9d0fa1ca28c083a400bd92bbd8563573308705e062d633f95394721d5740,r_e1bc9fb32f1f0e4aaac5,6,5e0ffc28ab351d85327359d169f8f4beca1b11ad5553a762d6b8f23ae75ccbac
2024:4081020231780793756,p0020,c_25346886cb66823b3264,efc294bb2af8dd372626e6d42fb10c44637e8fc679c7b8888f75cba5cda9c28d,r_e1bc9fb32f1f0e4aaac5,6,5e0ffc28ab351d85327359d169f8f4beca1b11ad5553a762d6b8f23ae75ccbac
2024:4081020231780793757,p0020,c_25346886cb66823b3264,f573d4c74a33d87bb77720700f5ef970b8b4c2c98f9a82c75c8c5a118c255488,r_e1bc9fb32f1f0e4aaac5,6,5e0ffc28ab351d85327359d169f8f4beca1b11ad5553a762d6b8f23ae75ccbac
2024:4081020231780793758,p0020,c_25346886cb66823b3264,50e6ca33227249d693026e54d7391d8a9a3d8e66b7c3dcffcdf837f6659a8aac,r_e1bc9fb32f1f0e4aaac5,6,5e0ffc28ab351d85327359d169f8f4beca1b11ad5553a762d6b8f23ae75ccbac
2024:4081020231780793759,p0020,c_d462176daa66ae6f7c0c,3aed78702926992052b58ee2c0a1d95c42e73337b4a0c4bc1f4176612f342963,r_e1bc9fb32f1f0e4aaac5,6,f32c5a0acd8aa00cc290d0019ecf4b9a8edb295f1ccbf71bac58b6105eb3234d
2024:4081020231780793760,p0020,c_d462176daa66ae6f7c0c,089ded5f316b734b686ff5840300a358325a618b9227b0d43caca7706b95c527,r_e1bc9fb32f1f0e4aaac5,6,f32c5a0acd8aa00cc290d0019ecf4b9a8edb295f1ccbf71bac58b6105eb3234d
2024:4081020231781058039,p0012,c_6f9ce1910d5bc217008c,5d7afc73da623b430bcebb60d4faa9c37eb6c457d3d5bf0ca59bffb2651a7c38,r_75b5cf0824e38d63503f,9,a399e7a0f105264dad48216f375d4983a628857fd57a06e158cb5ad2188be28f
2024:4081020231781058040,p0012,c_6f9ce1910d5bc217008c,2845c95072f7fd845608b5ad6623ccf6311e1d6aa66ac58b7f0fd37b8edf6a18,r_75b5cf0824e38d63503f,9,a399e7a0f105264dad48216f375d4983a628857fd57a06e158cb5ad2188be28f
2024:4081020231781058041,p0012,c_6f9ce1910d5bc217008c,bb4a98e667219fa948b80f02a9a7bfd30de7a1dc42261c390f26256fa3129486,r_75b5cf0824e38d63503f,9,a399e7a0f105264dad48216f375d4983a628857fd57a06e158cb5ad2188be28f
2024:4081020231781058042,p0012,c_6f9ce1910d5bc217008c,f739dab89380f50c519905e5e8648fff9667a32d9d433b2db6daf1c9c1ec4470,r_75b5cf0824e38d63503f,9,a399e7a0f105264dad48216f375d4983a628857fd57a06e158cb5ad2188be28f
2024:4081020231781058047,p0012,c_6f9ce1910d5bc217008c,5731ee6db1d110a50c8664e103d5cd5b0c2d89da9499566efbeac6884650bf43,r_75b5cf0824e38d63503f,9,a399e7a0f105264dad48216f375d4983a628857fd57a06e158cb5ad2188be28f
2024:4081020231781058055,p0012,c_6f9ce1910d5bc217008c,2e287e8599bcbba4134835a090f0c558490388578e2b976f03656aef8e961dc0,r_75b5cf0824e38d63503f,9,a399e7a0f105264dad48216f375d4983a628857fd57a06e158cb5ad2188be28f
2024:4081020231781058056,p0012,c_6f9ce1910d5bc217008c,8ce294df5efa00708cdcbd7766999a54a6b8a24c3c29f5d3ac2f720ff25971d1,r_75b5cf0824e38d63503f,9,a399e7a0f105264dad48216f375d4983a628857fd57a06e158cb5ad2188be28f
2024:4081020231781058057,p0012,c_6f9ce1910d5bc217008c,3c5040e362bc785859715b62d3bfc705fdaae09f47f3800c8a7d871a7f6cf29e,r_75b5cf0824e38d63503f,9,a399e7a0f105264dad48216f375d4983a628857fd57a06e158cb5ad2188be28f
2024:4081020231785446158,p0007,c_abf35d9c28f3a0f3c606,059836b3e686e8eb772856aa2a8e9086de44a801dc36d29b616eb797957fd836,r_d781d1e025b21b40484f,9,64cf955fc1434b5ee319310f41aafef5420c58c28474c6a7c5880095a888f47c
2024:4081220242011734362,p0012,c_4916ea98506339ce4912,6411d7eca604c4bc3f0fb642d9e68e722ed8563150ca9df951208c9e96c80d1e,r_75b5cf0824e38d63503f,4,5c0fa1b299ea28f09fc13a47b973dbf0015236821142990c8cde1e8fd8c4bc58
2024:4081220242011736145,p0012,c_14ce77846e433d31b76b,f7cec78151255b341d06b846e587ddaccfe512eaf881ea766d76ad675b43feeb,r_75b5cf0824e38d63503f,9,4dc4050d97cf59ca3c2949ea4aca6f096c8e80f9013c395f51c03b58f5bbaeac
2024:4081220242011741546,p0004,c_c99e4c1e04a65f2743c2,c5928f104e35ddf1a18a7dead0647fc38bc06064f39e15889babec5de6b15472,r_948475ee1ff681d1e65b,11,fa78e4ce8a403cc42a8258d033736cebf7575cd2d5196a97f8b946453fd73714
2024:4081320242011806166,p0009,c_b9c6825d43fd2209aee5,1d1268dcd3ca0c5a581add60bd4688336f7a5a6fc6815a4e309fa36783b9c2fa,r_dab5970845ebb9ffcf35,11,2f2727cdaad6c09f75103af92a1fbd8fabec12c1839c6a7bb33048d7f54c8e9f
2024:4081320242011864027,p0012,c_2769a4150add3c0532b2,1ccc1d5ac6eb076d1dde72bcd44f98654c998f1b07eb40cc873dce77760c8048,r_75b5cf0824e38d63503f,5,dd7edaa2b081c807f843ff12529e3754653e1b63e46c67f57a987b1305a8ad35
2024:4081320242011867193,p0015,c_dd05fcb5866322438262,9f2ed616c8292d65133eaf778a74bdfdb287a85ec96b2ecab83eab39950dcec6,r_f7a1a92ebd7a39e06876,9,7c69c8ee5b184648674e1743a4d66931e8d0beb2c3d7b3bd790f1ab8a76ae1cc
2024:4081320242011883686,p0004,c_c99e4c1e04a65f2743c2,dedc12a4189d53a5a03d0ebe44cbbf3b777f1fcde26df53dd06037b31aa97e7a,r_948475ee1ff681d1e65b,11,fa78e4ce8a403cc42a8258d033736cebf7575cd2d5196a97f8b946453fd73714
2024:4081320242011886244,p0004,c_c99e4c1e04a65f2743c2,6bce22a90aa2ee8f730046edc9a17940a702aabc01d562fdb67629141e479a1a,r_948475ee1ff681d1e65b,11,fa78e4ce8a403cc42a8258d033736cebf7575cd2d5196a97f8b946453fd73714
2024:4081320242011897337,p0004,c_c99e4c1e04a65f2743c2,3f8d8519a87c5f3dcd08691fc7e227c8a5ecec935c19b60e88237cc47382c615,r_948475ee1ff681d1e65b,11,fa78e4ce8a403cc42a8258d033736cebf7575cd2d5196a97f8b946453fd73714
2024:4081320251216058078,p0012,c_6f9ce1910d5bc217008c,dd03aa1d571329491d14706c4380934b332af99ab8eda0f4cad13e7e1fcb38b3,r_75b5cf0824e38d63503f,9,a399e7a0f105264dad48216f375d4983a628857fd57a06e158cb5ad2188be28f
2024:4081320251217872564,p0020,c_6457c46c7c83053cb979,0d3cf04ac40f73f676b9738f8f6ebba523445f40ef126f4626bf7ed6d779ca7b,r_e1bc9fb32f1f0e4aaac5,7,92a85862f12a981f20140b149f14110f819252533c4d51304e20ce63c4e57338
2024:4081420231788105821,p0012,c_e7481bdb5a5200e8a09e,9914e19db4628258e8fbb7b6890b76e2ef66a80b24a7a8e77df8a6e8b6bf89a1,r_75b5cf0824e38d63503f,5,f4f343e8d16875481fd639dbd980f9e7d05cdc3a8829801c9f0629d3edf87a2e
2024:4081420242011961255,p0002,c_43263d10d8d42de66ef1,38e226f4b9e0c13f86c8820bd99d695ae51d3f8d7fb1ef6b8dabc5ccd6620622,r_153f6f4b0d25713d8371,11,e78dcd2ea9088c453f153dac7ceaa97df3ea12520b49aac6b5e652420267f0bb
2024:4081420242011961745,p0003,c_dcb61ff9a92a3152957c,b680686dbb251a4b730b47f1ee1a88f0cc2b4e8dabc2a04f9fb9b2dd0258adfb,r_e539c4db14c890028fc2,9,4acb74a94e107976dd432d93e00ce54a9dc041ddc3de81dbcf9284d201005511
2024:4081420242011975813,p0002,c_4b64baaa01dc4eca3d70,140fbf3447fe8f0332549b68bd8b747efb88f295f3cae1530def09f9f1e7643a,r_153f6f4b0d25713d8371,11,ef446f70a3583fce1f4ac47f95eea9a1d202a1764f613d71fa79944220b4464e
2024:4081420242011990643,p0003,c_5c674a62aa12b11745d8,970f2fd16bce85fbd7d3f943e3e7f9abd932d14648f1707367348156895f00a9,r_e539c4db14c890028fc2,9,4ca381839bd88f09b6497e6b28b0e9fd49dab0305cc331b586fdd5be9c32099b
2024:4081420242012017073,p0010,c_433597abc27c16d5e313,b6fe1eab86f00e621b824334de058b40339a11516f68d5c99d9914a12fc5a6aa,r_36381ff366645780c532,11,b26bdd1cce1031dd2c4f3810d9406c3fb9da4a10fd115591a3ab3bffd587c5a9
2024:4081420242012021826,p0012,c_6f9ce1910d5bc217008c,252d046fde9aa5bd8ebe011323dd8da3803a6ae1fe7f2cf33901e512897c65ea,r_75b5cf0824e38d63503f,9,a399e7a0f105264dad48216f375d4983a628857fd57a06e158cb5ad2188be28f
2024:4081420251217985882,p0009,c_b9c6825d43fd2209aee5,af2f1036a2843db886f16d4b2499957de31d94a153f4bf6cb4bf6a4a6a4b800a,r_dab5970845ebb9ffcf35,11,2f2727cdaad6c09f75103af92a1fbd8fabec12c1839c6a7bb33048d7f54c8e9f
2024:4081420251218359588,p0009,c_b9c6825d43fd2209aee5,e8cf153ea91e4d2800eeb613c95d30ba0e6453ef48bb6c3b2c86d80da854f96e,r_dab5970845ebb9ffcf35,11,2f2727cdaad6c09f75103af92a1fbd8fabec12c1839c6a7bb33048d7f54c8e9f
2024:4081520231788267056,p0015,c_6636ab0d5c666ab715b3,a5a398dde1be71e34f542361f114a0ba7b2aaaae20cf235f14f387260d4aa63b,r_f7a1a92ebd7a39e06876,5,54898229ad9494c0de30f86576ea2ffcb5bcb5c93c9f77e6e83d54aabdc97114
2024:4081520242013127301,p0002,c_4b64baaa01dc4eca3d70,72ff4bd30efc2a2944cc5753d1cbe894d45b21eaa61a5170e68e9954283734d5,r_153f6f4b0d25713d8371,11,ef446f70a3583fce1f4ac47f95eea9a1d202a1764f613d71fa79944220b4464e
2024:4081520242013127367,p0003,c_dcb61ff9a92a3152957c,a396412d00c9c377dc867050d1d529a1c0cfb1305b542e22878537a5c1c13955,r_e539c4db14c890028fc2,9,4acb74a94e107976dd432d93e00ce54a9dc041ddc3de81dbcf9284d201005511
2024:4081520242013342753,p0013,c_f403b4b143a23ffe823d,34aa705fb3977b49ade55585bd233d14e8bd8b76e623c73de5874e0ca6ab0946,r_2e07349418abdd1528c5,9,938f5e5e31027a82502cc4f45931241a0dc1daa6c6b2e16061ada9c64d9ded82
2024:4081520242013342754,p0013,c_f403b4b143a23ffe823d,755862fc3852c0bad35514b94f0a6f827433658e3cd4ebea66fbfa0979fa5a4c,r_2e07349418abdd1528c5,9,938f5e5e31027a82502cc4f45931241a0dc1daa6c6b2e16061ada9c64d9ded82
2024:4081520242013377034,p0003,c_5c674a62aa12b11745d8,a1c5aecd7a3746e94e36cbc9c6604fa6988bad70ac63aafdd1affdcee9f8c061,r_e539c4db14c890028fc2,9,4ca381839bd88f09b6497e6b28b0e9fd49dab0305cc331b586fdd5be9c32099b
2024:4081620242013978085,p0004,c_c99e4c1e04a65f2743c2,ad5d9846684324c192390539e0daae57929bf61245328ce1f8ae4ecc8bb8dbb8,r_948475ee1ff681d1e65b,11,fa78e4ce8a403cc42a8258d033736cebf7575cd2d5196a97f8b946453fd73714
2024:4081620242014027127,p0004,c_c99e4c1e04a65f2743c2,0fec97c92403f85bef1ffea12733e60c99182925283189a5bd1505b9f0ca4648,r_948475ee1ff681d1e65b,11,fa78e4ce8a403cc42a8258d033736cebf7575cd2d5196a97f8b946453fd73714
2024:4081620242014027264,p0004,c_c99e4c1e04a65f2743c2,b54a915be654d29b70767df67195984d2af30dcaf38861280dbe613f1ac78229,r_948475ee1ff681d1e65b,11,fa78e4ce8a403cc42a8258d033736cebf7575cd2d5196a97f8b946453fd73714
2024:4081620242014057515,p0018,c_bae5206bef31318ee7bd,8f41acd1bc15586480e300284232aff02adbdc88c9d9d18967870b4d4929e4b5,r_b5716ecf0788be32ef81,9,0d63b47acb5453da9ffc2a1314ef423077fd93c65bda22ef979abb13d9cbfef2
2024:4081720231789839602,p0009,c_b9c6825d43fd2209aee5,82fb4628a057fb694776096ebdc8d97d528b41638caf56a27ff1f6f0aa42cc10,r_dab5970845ebb9ffcf35,11,2f2727cdaad6c09f75103af92a1fbd8fabec12c1839c6a7bb33048d7f54c8e9f
2024:4081720231790017632,p0009,c_b9c6825d43fd2209aee5,d60c21f53a4de97b9ea3737d33548ecee2a5e98d5aa81ea9ea8e0674120d8c4c,r_dab5970845ebb9ffcf35,11,2f2727cdaad6c09f75103af92a1fbd8fabec12c1839c6a7bb33048d7f54c8e9f
2024:4081720231790018240,p0009,c_b9c6825d43fd2209aee5,f6e1c72ac23ffc3666200137684e162b40bc80d33d48d2a071873574fbdee408,r_dab5970845ebb9ffcf35,11,2f2727cdaad6c09f75103af92a1fbd8fabec12c1839c6a7bb33048d7f54c8e9f
2024:4081720231790049349,p0009,c_b9c6825d43fd2209aee5,01037c18e310821952a9925fb3287c718a9d1a32c38a404324d91861f89291bd,r_dab5970845ebb9ffcf35,11,2f2727cdaad6c09f75103af92a1fbd8fabec12c1839c6a7bb33048d7f54c8e9f
2024:4081720231790053058,p0009,c_b9c6825d43fd2209aee5,aaf0e0f2dd7e3277fee22993419eeeb2410c9361572efe047d2d65abf9491175,r_dab5970845ebb9ffcf35,11,2f2727cdaad6c09f75103af92a1fbd8fabec12c1839c6a7bb33048d7f54c8e9f
2024:4081720231790075483,p0009,c_b9c6825d43fd2209aee5,8b012774d9dbf92cd46bd78b3a023e93965d3ab00526fc9fff89f51c06058e60,r_dab5970845ebb9ffcf35,11,2f2727cdaad6c09f75103af92a1fbd8fabec12c1839c6a7bb33048d7f54c8e9f
2024:4081720231790105586,p0009,c_b9c6825d43fd2209aee5,9b693fe0bde1dd5c33776d560d97d4269037bd4217c94867e6e75d4567e375cf,r_dab5970845ebb9ffcf35,11,2f2727cdaad6c09f75103af92a1fbd8fabec12c1839c6a7bb33048d7f54c8e9f
2024:4081720231790130716,p0009,c_b9c6825d43fd2209aee5,5f89d47187fb2d2246986008b3155290ea947075d68f86c30c59389963b59132,r_dab5970845ebb9ffcf35,11,2f2727cdaad6c09f75103af92a1fbd8fabec12c1839c6a7bb33048d7f54c8e9f
2024:4081720231790132414,p0009,c_b9c6825d43fd2209aee5,bc0436027527ed086272d407ad447e1e97d7e980e9ea6ecd92469846983f2250,r_dab5970845ebb9ffcf35,11,2f2727cdaad6c09f75103af92a1fbd8fabec12c1839c6a7bb33048d7f54c8e9f
2024:4081720231790142786,p0009,c_b9c6825d43fd2209aee5,969a3ead8e855482d35fd14342a55e3a20bf2f6c5f793e6ecc97527ddfa9aa16,r_dab5970845ebb9ffcf35,11,2f2727cdaad6c09f75103af92a1fbd8fabec12c1839c6a7bb33048d7f54c8e9f
2024:4081720231790468753,p0009,c_b9c6825d43fd2209aee5,6b059f01b359d29c3846f0cc8119cf17affdf6ad3d01f15b23e919c48560943b,r_dab5970845ebb9ffcf35,11,2f2727cdaad6c09f75103af92a1fbd8fabec12c1839c6a7bb33048d7f54c8e9f
2024:4081720231790480776,p0009,c_b9c6825d43fd2209aee5,00386d90dc08d0c70aeac8bbc378dc049a86240171c05fd24b37394b56150e99,r_dab5970845ebb9ffcf35,11,2f2727cdaad6c09f75103af92a1fbd8fabec12c1839c6a7bb33048d7f54c8e9f
2024:4081720231790487559,p0009,c_b9c6825d43fd2209aee5,4235c37c5fbd5819d5045f2d2e40943102f0965d16faad932b755caabad4d376,r_dab5970845ebb9ffcf35,11,2f2727cdaad6c09f75103af92a1fbd8fabec12c1839c6a7bb33048d7f54c8e9f
2024:4081720231790497499,p0009,c_b9c6825d43fd2209aee5,a676be798b0f4adeba3b1ad11eb852a012bb9f94415347243e3526fea789b175,r_dab5970845ebb9ffcf35,11,2f2727cdaad6c09f75103af92a1fbd8fabec12c1839c6a7bb33048d7f54c8e9f
2024:4081720231790498346,p0009,c_b9c6825d43fd2209aee5,0c229e902ccc103ffc03d927990cd40de28b9b1842b2ac3f65cfe8f193e00722,r_dab5970845ebb9ffcf35,11,2f2727cdaad6c09f75103af92a1fbd8fabec12c1839c6a7bb33048d7f54c8e9f
2024:4081720231790501315,p0009,c_b9c6825d43fd2209aee5,d912c52f42bb78149a5811e5a357b707678784f23efab6b4bc38b499c3cee20a,r_dab5970845ebb9ffcf35,11,2f2727cdaad6c09f75103af92a1fbd8fabec12c1839c6a7bb33048d7f54c8e9f
2024:4081720231790505114,p0009,c_b9c6825d43fd2209aee5,f20c9e18967c0817fb17258f8e5bf2c28a5e5016dbfc95f81e50651fc473953e,r_dab5970845ebb9ffcf35,11,2f2727cdaad6c09f75103af92a1fbd8fabec12c1839c6a7bb33048d7f54c8e9f
2024:4081720231790516017,p0009,c_b9c6825d43fd2209aee5,306711761b64af2522179fe42baa16899b32264bfcb95474eec5f5a9c404f4d6,r_dab5970845ebb9ffcf35,11,2f2727cdaad6c09f75103af92a1fbd8fabec12c1839c6a7bb33048d7f54c8e9f
2024:4081720231790516249,p0009,c_b9c6825d43fd2209aee5,30357b3658a2fa6fd3afcd81e120d6519abbb2752b8ea9555650a8e9b9600b60,r_dab5970845ebb9ffcf35,11,2f2727cdaad6c09f75103af92a1fbd8fabec12c1839c6a7bb33048d7f54c8e9f
2024:4081720231790519363,p0009,c_b9c6825d43fd2209aee5,3b927e8b858b790d00622e02619d3bde5008907cd06756ba4bb8eef219536666,r_dab5970845ebb9ffcf35,11,2f2727cdaad6c09f75103af92a1fbd8fabec12c1839c6a7bb33048d7f54c8e9f
2024:4081720231790523648,p0009,c_b9c6825d43fd2209aee5,7d6a6578e045032154335c3ad22dc05c25c56104366bfefbd72e751f2c666a96,r_dab5970845ebb9ffcf35,11,2f2727cdaad6c09f75103af92a1fbd8fabec12c1839c6a7bb33048d7f54c8e9f
2024:4081720231790524116,p0009,c_b9c6825d43fd2209aee5,f46aa8b3dc1089b257df8d6da2b4e84f65af52b5a6b0a52c632719dab51b3aa8,r_dab5970845ebb9ffcf35,11,2f2727cdaad6c09f75103af92a1fbd8fabec12c1839c6a7bb33048d7f54c8e9f
2024:4081720231790543044,p0009,c_b9c6825d43fd2209aee5,862b3912a7e6dfd5993fc20104cd3b24f0e3020ca54c497f3a7bef9ad568f159,r_dab5970845ebb9ffcf35,11,2f2727cdaad6c09f75103af92a1fbd8fabec12c1839c6a7bb33048d7f54c8e9f
2024:4081720231790556205,p0009,c_b9c6825d43fd2209aee5,6dc96cb60067b8eed8eedad0342cb5fe11954dade080ce655cfa0b0ff8b41d27,r_dab5970845ebb9ffcf35,11,2f2727cdaad6c09f75103af92a1fbd8fabec12c1839c6a7bb33048d7f54c8e9f
2024:4081720231790560600,p0009,c_b9c6825d43fd2209aee5,e70e33d8bbc38d01f32fd9925d17f120b54e90f426763ea5b5ba71ba9cbd7aa8,r_dab5970845ebb9ffcf35,11,2f2727cdaad6c09f75103af92a1fbd8fabec12c1839c6a7bb33048d7f54c8e9f
2024:4081720231790565862,p0009,c_b9c6825d43fd2209aee5,a00f99cc57787dec75edf4347b2c1d273a93bd8b20a08c491049dbce8b35b78c,r_dab5970845ebb9ffcf35,11,2f2727cdaad6c09f75103af92a1fbd8fabec12c1839c6a7bb33048d7f54c8e9f
2024:4081720231790583582,p0009,c_b9c6825d43fd2209aee5,942e66c2e45d192446caa912a61fd97b09fd60d024fa7adb8314fdba5cfe0349,r_dab5970845ebb9ffcf35,11,2f2727cdaad6c09f75103af92a1fbd8fabec12c1839c6a7bb33048d7f54c8e9f
2024:4081720231790592015,p0009,c_b9c6825d43fd2209aee5,b057512bc1ef4dbfba85d5d88d5fac0003a374753e58f67327fea4d0e16a23e7,r_dab5970845ebb9ffcf35,11,2f2727cdaad6c09f75103af92a1fbd8fabec12c1839c6a7bb33048d7f54c8e9f
2024:4081720231790597798,p0009,c_b9c6825d43fd2209aee5,e79e42d36f3c4d2ddaff825680e78912c63cf417844864aacb179d2578d7f02d,r_dab5970845ebb9ffcf35,11,2f2727cdaad6c09f75103af92a1fbd8fabec12c1839c6a7bb33048d7f54c8e9f
2024:4081720231790606389,p0009,c_b9c6825d43fd2209aee5,db79e107150860d53bd9278317bf3ec808b438371554bba42d9454ca0f027e4a,r_dab5970845ebb9ffcf35,11,2f2727cdaad6c09f75103af92a1fbd8fabec12c1839c6a7bb33048d7f54c8e9f
2024:4081720231790630382,p0009,c_b9c6825d43fd2209aee5,242929de1e6629439793ab8ac20c711f34cae5dc9b06212054c0cb97f7e6b8af,r_dab5970845ebb9ffcf35,11,2f2727cdaad6c09f75103af92a1fbd8fabec12c1839c6a7bb33048d7f54c8e9f
2024:4081720231790634370,p0009,c_b9c6825d43fd2209aee5,47e01a185ae686092d91c62d9e238b581581926cbcccacbf5a7c06af4e6d412f,r_dab5970845ebb9ffcf35,11,2f2727cdaad6c09f75103af92a1fbd8fabec12c1839c6a7bb33048d7f54c8e9f
2024:4081720231790640678,p0009,c_b9c6825d43fd2209aee5,a668b9b9ffd3f34a8dfefd9e4d8be989ed2e8f0090c98cb6e1adcd47bd11c36e,r_dab5970845ebb9ffcf35,11,2f2727cdaad6c09f75103af92a1fbd8fabec12c1839c6a7bb33048d7f54c8e9f
2024:4081720231790688854,p0009,c_b9c6825d43fd2209aee5,e253496a648ebcd897d071571c62940732f7e21d64365f0dbda9fe8283043fcb,r_dab5970845ebb9ffcf35,11,2f2727cdaad6c09f75103af92a1fbd8fabec12c1839c6a7bb33048d7f54c8e9f
2024:4081720231790723551,p0009,c_b9c6825d43fd2209aee5,c860add30c477b3c30226b07244629d3ff45dad724607c61d4023a45785f56a9,r_dab5970845ebb9ffcf35,11,2f2727cdaad6c09f75103af92a1fbd8fabec12c1839c6a7bb33048d7f54c8e9f
2024:4081720231790780486,p0009,c_b9c6825d43fd2209aee5,f16085edcfb186759fd96f95a9840800a8ebf16008b907a2d505a157030eee26,r_dab5970845ebb9ffcf35,11,2f2727cdaad6c09f75103af92a1fbd8fabec12c1839c6a7bb33048d7f54c8e9f
2024:4081720231792251753,p0011,c_6d78c941e832e66bc5f5,cac949b911f110790cd78235f60edcdd7dfd5d42d155ca2b78cf8eab1a743a9b,r_993179b21d5761402e8e,13,136e23c2659e614f7daf19e0e365c8a536cafb725e086191dc5d2f4ac7fabb57
2024:4081720231792259910,p0011,c_6d78c941e832e66bc5f5,70f9d0575aaf336b246f3688cffd6456bcedf6f0e28bd80700635779dc12209b,r_993179b21d5761402e8e,13,136e23c2659e614f7daf19e0e365c8a536cafb725e086191dc5d2f4ac7fabb57
2024:4081720231792441469,p0009,c_b9c6825d43fd2209aee5,f5d8e5bf52e6f828e1f91f1c9cbfbac94e384d6489bfa69afbcdfb1d79c0cedf,r_dab5970845ebb9ffcf35,11,2f2727cdaad6c09f75103af92a1fbd8fabec12c1839c6a7bb33048d7f54c8e9f
2024:4081720231793160108,p0009,c_b9c6825d43fd2209aee5,3b593719018b5b6325b91d5e610923c28b3c911faadbfabad59eb585559c6961,r_dab5970845ebb9ffcf35,11,2f2727cdaad6c09f75103af92a1fbd8fabec12c1839c6a7bb33048d7f54c8e9f
2024:4081720231793679742,p0009,c_b9c6825d43fd2209aee5,e73b9d40631aacd70284350c7bbf6d244b3ec55ea8cae1e5b7f635fbc0d9a8e5,r_dab5970845ebb9ffcf35,11,2f2727cdaad6c09f75103af92a1fbd8fabec12c1839c6a7bb33048d7f54c8e9f
2024:4081720231799501511,p0009,c_41645df146712ff21625,9c4bb64cf1e6df1be5a596c302868d74527f9580bfe994a950dd3d3d66bf4078,r_dab5970845ebb9ffcf35,6,05c6fce4b5e5b82838b059110431587339ab40c1ac1cf501f4606878da9311d0
2024:4081920242014165095,p0012,c_127816033aeca7a4cf79,92f2b1d8701f1c14db5eb080b4d63b50016a5cd66d72fb0757854b6b016480e2,r_75b5cf0824e38d63503f,4,753fb78ca36419228c58f6febcc585b3ca23151af6c178bbda69e3100412f949
2024:4082020242014271940,p0019,c_901624a705dc2b59b73c,806534fe8036a6f7c358d1b1f71be5445ab73bd0d1574c911f0a42469a01c871,r_f842f8012b64a37416bc,9,22315f151d3c106b680bf59e70e44546b0587d68c3b5fe4af7756cb447e67b7d
2024:4082020242014345500,p0003,c_5c674a62aa12b11745d8,f0275c535d700e7213c4b80321da0e9373dcd84a1b134cc4d666d313ee2e9464,r_e539c4db14c890028fc2,9,4ca381839bd88f09b6497e6b28b0e9fd49dab0305cc331b586fdd5be9c32099b
2024:4082020242014345501,p0003,c_5c674a62aa12b11745d8,786ac96a9763a79350d6edcf2a83f44914406f545213d2277d9db39652352b63,r_e539c4db14c890028fc2,9,4ca381839bd88f09b6497e6b28b0e9fd49dab0305cc331b586fdd5be9c32099b
2024:4082020242014345502,p0003,c_5c674a62aa12b11745d8,45046ed31558617dfac373c8e72c747d4689011f3dc90313f8ba5a11d0ec80e6,r_e539c4db14c890028fc2,9,4ca381839bd88f09b6497e6b28b0e9fd49dab0305cc331b586fdd5be9c32099b
2024:4082020242014346177,p0002,c_43263d10d8d42de66ef1,b55b6f969989e678f75f43afa911157a88cb8389831b3d4a08fc7e492198417b,r_153f6f4b0d25713d8371,11,e78dcd2ea9088c453f153dac7ceaa97df3ea12520b49aac6b5e652420267f0bb
2024:4082020242014346178,p0002,c_43263d10d8d42de66ef1,defbf7cb71c7a11209a2cde3781841903666bb2413957d433671467cf458cd2f,r_153f6f4b0d25713d8371,11,e78dcd2ea9088c453f153dac7ceaa97df3ea12520b49aac6b5e652420267f0bb
2024:4082020242014346179,p0002,c_43263d10d8d42de66ef1,c435346a5f3d235265865b2d1100ad3ce39886c8cfec111b5b3d86ccf79481f8,r_153f6f4b0d25713d8371,11,e78dcd2ea9088c453f153dac7ceaa97df3ea12520b49aac6b5e652420267f0bb
2024:4082120231799878103,p0010,c_3fdba6477347f59d07e7,1d18b21d557c73410b373bf290e01c7b2bd223e3b90dd20a74ab6c95ee85e482,r_36381ff366645780c532,11,aae33bc963a30bd1536b10834ed6f80806e8990021acd020d7bae0c104ed85ec
2024:4082120231799951830,p0012,c_6f9ce1910d5bc217008c,30d32d6b5007aba1952b84cb420c6176d47159ea34d5952933d49e48eddb79e2,r_75b5cf0824e38d63503f,9,a399e7a0f105264dad48216f375d4983a628857fd57a06e158cb5ad2188be28f
2024:4082120231799953975,p0009,c_b9c6825d43fd2209aee5,e85d81c5e9f32c1b62e84ce323c828c019e504a629088358d40c545ebfc3a865,r_dab5970845ebb9ffcf35,11,2f2727cdaad6c09f75103af92a1fbd8fabec12c1839c6a7bb33048d7f54c8e9f
2024:4082120231799956273,p0015,c_dd05fcb5866322438262,d3efa8f476ea16d5137bd9a60f061e68676a0f16435ed2492f4bf093f6ca8116,r_f7a1a92ebd7a39e06876,9,7c69c8ee5b184648674e1743a4d66931e8d0beb2c3d7b3bd790f1ab8a76ae1cc
2024:4082120231799956274,p0015,c_dd05fcb5866322438262,776262034661e85e1070186b351ce2012a5460b7a4416d3ea68afb9d3b1bbbb9,r_f7a1a92ebd7a39e06876,9,7c69c8ee5b184648674e1743a4d66931e8d0beb2c3d7b3bd790f1ab8a76ae1cc
2024:4082120242014537127,p0004,c_c99e4c1e04a65f2743c2,936dd1de33eead0bce8768640b126acdcb73979b7ddcecb6c516cdb779014e59,r_948475ee1ff681d1e65b,11,fa78e4ce8a403cc42a8258d033736cebf7575cd2d5196a97f8b946453fd73714
2024:4082220231800046642,p0012,c_a5d445a0d05ac18650cb,394c6a8f490455c5ea6c0878ef1716c512efea2f1bf9dbba75b09bfe7435ba9a,r_75b5cf0824e38d63503f,5,7c436629d30709dde5a2843dde96f19875a27d47703412c3f94fc6de28ab7614
2024:4082220231800070138,p0012,c_a958b9f528b36618c505,63c4abb8ff70cb688eb8f5e8cf5b7499a3d484cad8e4e0fbd364ad1d4f231137,r_75b5cf0824e38d63503f,5,29197eb747d8aa0620b9bc447f989faf5868b3a0e041c7fe49683440194b86da
2024:4082220231800072928,p0012,c_6f9ce1910d5bc217008c,7ae57d69bd6bf5688c9366d3bf3915217aa996fd73c0f0ec6afd6e7eb9ad584a,r_75b5cf0824e38d63503f,9,a399e7a0f105264dad48216f375d4983a628857fd57a06e158cb5ad2188be28f
2024:4082220231800073710,p0012,c_6f9ce1910d5bc217008c,bef7ceba7e60d8a0be3b11bc4c707f7c8a926c2c53dc684188dfd9ace0d7872f,r_75b5cf0824e38d63503f,9,a399e7a0f105264dad48216f375d4983a628857fd57a06e158cb5ad2188be28f
2024:4082620242015034515,p0004,c_c99e4c1e04a65f2743c2,c00ca8e7837cd6d97a1e6b715b608dae0c600310d1ff0aafc93a026c1c7402c8,r_948475ee1ff681d1e65b,11,fa78e4ce8a403cc42a8258d033736cebf7575cd2d5196a97f8b946453fd73714
2024:4082620242015034528,p0012,c_4d2b759b329bb58cbcfa,dcaa9d5daf9ac3fd4751a6a458df9107029cadeeb65fbeed814424d689ea4700,r_75b5cf0824e38d63503f,9,13b6ed919d9e0620186271caf124d06fdef6c7b124d695ab1d76aaf312d87425
2024:4082620242015046976,p0012,c_034695b7315d564e73d5,634a08b0bd5d356327b26cd978a702d08150e0356032fe779480c1c2b4f6b3e9,r_75b5cf0824e38d63503f,5,72801aed556a40e1b57bb10d7970ec3d68cf7d8c46f96b106feb0c0e00c19780
2024:4082820242016963935,p0015,c_57d8e01958a38820d7b3,8f3d2b764d5f1b667a552cebf98e94e0bfacb96e1920f4397936caa742962304,r_f7a1a92ebd7a39e06876,9,e1eeb1a02cf0c5e8880dcde66101d22100d9d3cc549caee3ae648fbe1c2a9692
2024:4082820242016963936,p0015,c_57d8e01958a38820d7b3,5ffff3c0c9892b4d9801a6bc98e713235a33535dc9b3483e461927010082c41a,r_f7a1a92ebd7a39e06876,9,e1eeb1a02cf0c5e8880dcde66101d22100d9d3cc549caee3ae648fbe1c2a9692
2024:4082820242017001601,p0015,c_57d8e01958a38820d7b3,dd67fc9bd948f47ed52dfaf78cde3489c71974f4552fe24c5d911e72f36feb42,r_f7a1a92ebd7a39e06876,9,e1eeb1a02cf0c5e8880dcde66101d22100d9d3cc549caee3ae648fbe1c2a9692
2024:4082820242017001602,p0015,c_57d8e01958a38820d7b3,8170fffebbef4a8d740c9fa21f68fe7cb22c36d1c37797730c72bf84ef66ec32,r_f7a1a92ebd7a39e06876,9,e1eeb1a02cf0c5e8880dcde66101d22100d9d3cc549caee3ae648fbe1c2a9692
2024:4083020242017155017,p0004,c_c99e4c1e04a65f2743c2,a65f2b4205f0d19f31c61d46d8984633dbe262571c5f34553e553df2c1a405a9,r_948475ee1ff681d1e65b,11,fa78e4ce8a403cc42a8258d033736cebf7575cd2d5196a97f8b946453fd73714
2024:4083020242017155019,p0004,c_c99e4c1e04a65f2743c2,34ad2707b36c448804db7060a3c61e94a6114578c3dfcb5fa828295cfdabbc6b,r_948475ee1ff681d1e65b,11,fa78e4ce8a403cc42a8258d033736cebf7575cd2d5196a97f8b946453fd73714
2024:4083020242017155221,p0010,c_3fdba6477347f59d07e7,7e0412c009b966bb75190a3bcadde3272c31175349dde03f39e17b29e0cf261e,r_36381ff366645780c532,11,aae33bc963a30bd1536b10834ed6f80806e8990021acd020d7bae0c104ed85ec
2024:4083020242017155222,p0010,c_3fdba6477347f59d07e7,93ce1d31dd6c75066a4c290ecbfdd0a5d171956d5c9a21168deb1abb3f348d20,r_36381ff366645780c532,11,aae33bc963a30bd1536b10834ed6f80806e8990021acd020d7bae0c104ed85ec
2024:4090120231801002341,p0009,c_03c7c6670557a4a9a5fc,28305690419edbe3ead1a81b91644d4c904efacdbf670c869188b047cc0ec102,r_dab5970845ebb9ffcf35,11,f61a269b438925d79cead079b9b1469a1d7f449907dca134dac2f7a18b3c007f
2024:4090120231801364534,p0012,c_4d2b759b329bb58cbcfa,a66fbc904fffdb3866a40b2f3f460c75ef667b7307c65f8b73b69f1fded3bf46,r_75b5cf0824e38d63503f,9,13b6ed919d9e0620186271caf124d06fdef6c7b124d695ab1d76aaf312d87425
2024:4090320242017259286,p0012,c_6f9ce1910d5bc217008c,d199619857296f9cf59c29e31913beca33bdd8bc76317380b238e1fc0702d9dd,r_75b5cf0824e38d63503f,9,a399e7a0f105264dad48216f375d4983a628857fd57a06e158cb5ad2188be28f
2024:4090320242017276121,p0003,c_5c674a62aa12b11745d8,05c22df3a1fa5259251b2c58b5664e1740848bd346aca6aa3fb4b359d600f903,r_e539c4db14c890028fc2,9,4ca381839bd88f09b6497e6b28b0e9fd49dab0305cc331b586fdd5be9c32099b
2024:4090320242017276123,p0002,c_43263d10d8d42de66ef1,92bc5a079f9802ea57f3765c06b0d413e18700aca2c93c236dc86b1614d4f50f,r_153f6f4b0d25713d8371,11,e78dcd2ea9088c453f153dac7ceaa97df3ea12520b49aac6b5e652420267f0bb
2024:4090420242038824235,p0002,c_43263d10d8d42de66ef1,91c250c53ed1626fcc4e8c2f41338f7d577dafa92b673ec0fbb0aa574f03def5,r_153f6f4b0d25713d8371,11,e78dcd2ea9088c453f153dac7ceaa97df3ea12520b49aac6b5e652420267f0bb
2024:4090420242038842336,p0012,c_4d2b759b329bb58cbcfa,b286b7de6b26e3ae8dc50485c017d4d56071fd33014269a2cac7b1a3686f91a6,r_75b5cf0824e38d63503f,9,13b6ed919d9e0620186271caf124d06fdef6c7b124d695ab1d76aaf312d87425
2024:4090520242040183860,p0001,c_b9a5e7e193ecf8972f61,6220ea6dd503f7295da24368358fd10bf7f2fbec288e20b44dd05daa4cb03e13,r_e75b91aaab70b14a204d,8,ec2db475c4c6e46cb25a35f6f051a391a5a59817ab2a3009f1e17160d6c2ba54
2024:4090520242040183880,p0002,c_43263d10d8d42de66ef1,c82001eaa3157d47302f840d529f9ffa05e4857e28ddf033d04a4386e697d76e,r_153f6f4b0d25713d8371,11,e78dcd2ea9088c453f153dac7ceaa97df3ea12520b49aac6b5e652420267f0bb
2024:4090520242040183922,p0003,c_5c674a62aa12b11745d8,1de99d62d6aaad5139d48775b2b3a3c223978eaabf05ce612f9de9ebbdff5c73,r_e539c4db14c890028fc2,9,4ca381839bd88f09b6497e6b28b0e9fd49dab0305cc331b586fdd5be9c32099b
2024:4090520242040183925,p0002,c_43263d10d8d42de66ef1,635a218c15b570c89b5185819c819d4ce718d57663fa2419e1c782220e01f0cf,r_153f6f4b0d25713d8371,11,e78dcd2ea9088c453f153dac7ceaa97df3ea12520b49aac6b5e652420267f0bb
2024:4091120251290662248,p0015,c_57d8e01958a38820d7b3,6ccca412c90e8c0faa005353abe536023fa036eec8273f7d123f6e58b9a3b736,r_f7a1a92ebd7a39e06876,9,e1eeb1a02cf0c5e8880dcde66101d22100d9d3cc549caee3ae648fbe1c2a9692
2024:4091120251290704259,p0015,c_57d8e01958a38820d7b3,a9da910aa1f3613604ebcd25f2cee723c695616c940e6fea8f6dc313a4b0f47e,r_f7a1a92ebd7a39e06876,9,e1eeb1a02cf0c5e8880dcde66101d22100d9d3cc549caee3ae648fbe1c2a9692
2024:4091120251290716249,p0015,c_57d8e01958a38820d7b3,b5fa2946425d31f3fae6799044bb251228c9a33e2ae081445046371894348218,r_f7a1a92ebd7a39e06876,9,e1eeb1a02cf0c5e8880dcde66101d22100d9d3cc549caee3ae648fbe1c2a9692
2024:4091120251290724929,p0015,c_57d8e01958a38820d7b3,197a2686106d610f5b842ab551e5dd3cedd964beefa49d0178ba682176898a26,r_f7a1a92ebd7a39e06876,9,e1eeb1a02cf0c5e8880dcde66101d22100d9d3cc549caee3ae648fbe1c2a9692
2024:4091120251290810826,p0012,c_3bf74b2cda2b9ec1dfdc,890a8ba494579f6af48a5916461c431a9b13ea1cc59ed1be3dfa86cbf0057997,r_75b5cf0824e38d63503f,9,36d89b28eddb6ffe88b05c91b6e236725e293d107ee8732cc94762bfd920569a
2024:4091120251290844589,p0020,c_b20c0f97b2ee20bd113a,803af9c2a472bdca7aa50f56b2849b4b6e2ab14b05d57f2753b0130b6470eec4,r_e1bc9fb32f1f0e4aaac5,7,e437a8a9bb5a7ac74a243b6908be26ab139d4389b13021965561a5a9f12c4213
2024:4091120251290849297,p0012,c_3bf74b2cda2b9ec1dfdc,e4f2d3dd023b35cae0bad27274351f7b9fd50b8c126959d933eac6cdcf8102ae,r_75b5cf0824e38d63503f,9,36d89b28eddb6ffe88b05c91b6e236725e293d107ee8732cc94762bfd920569a
2024:4091120251290850709,p0020,c_b20c0f97b2ee20bd113a,434ea527f076ce30770e05edd1f101235bcefd09bd75eb13a3d0f6152e498a4d,r_e1bc9fb32f1f0e4aaac5,7,e437a8a9bb5a7ac74a243b6908be26ab139d4389b13021965561a5a9f12c4213
2024:4091120251290871626,p0004,c_c99e4c1e04a65f2743c2,725e2463d071fdcc32b3f77d4484562e21e5f401fcf9035ade136fef4821aed8,r_948475ee1ff681d1e65b,11,fa78e4ce8a403cc42a8258d033736cebf7575cd2d5196a97f8b946453fd73714
2024:4091120251290918225,p0003,c_5c674a62aa12b11745d8,1ca13e886e5416c575b258e9f5ef4b73ca0525445560f2c481da2cc234729163,r_e539c4db14c890028fc2,9,4ca381839bd88f09b6497e6b28b0e9fd49dab0305cc331b586fdd5be9c32099b
2024:4091120251290938222,p0002,c_4b64baaa01dc4eca3d70,e61eaf3dcdd8868c921ea5777434a7f08aa382bc4df852f86bdc7c9d5695a61c,r_153f6f4b0d25713d8371,11,ef446f70a3583fce1f4ac47f95eea9a1d202a1764f613d71fa79944220b4464e
2024:4091120251290999963,p0013,c_57ff1d4160daea60fc87,5b5c6f97d2a175f404299293748f4603d18a0d9710fb6618c7f46f18b679ecd5,r_2e07349418abdd1528c5,5,2c8685b443015c375bf3eb4c13d25ca9160387dd75be7d414189742b48366e2a
2024:4091120251291002166,p0013,c_57ff1d4160daea60fc87,abc6f8d92f6782cb4e5dc7ec3fc3e5c686096448e34f6ad4af13b566fcb8ce86,r_2e07349418abdd1528c5,5,2c8685b443015c375bf3eb4c13d25ca9160387dd75be7d414189742b48366e2a
2024:4091320231802099242,p0012,c_01f3ed574b20578e14d3,d9f4f5b282a5133001844ddbde15d98b1e4edadcc476e8a41e0528abf75675cd,r_75b5cf0824e38d63503f,5,ec1c6babd6e9efbfa7e805a1518f60d1b3a77337452fc1f8421263dee16bccad
2024:4091320242040629296,p0002,c_43263d10d8d42de66ef1,d0edb20e1d1a8a79fe9669783e3a733d00b55b3e021428b97b7026837ed5d178,r_153f6f4b0d25713d8371,11,e78dcd2ea9088c453f153dac7ceaa97df3ea12520b49aac6b5e652420267f0bb
2024:4091320242040629387,p0003,c_5c674a62aa12b11745d8,9becc992d1a2fabd0cc6ed7b1aa02590a65c5f874c9559779627220f59106873,r_e539c4db14c890028fc2,9,4ca381839bd88f09b6497e6b28b0e9fd49dab0305cc331b586fdd5be9c32099b
2024:4091620242040771018,p0011,c_6d78c941e832e66bc5f5,1b54286c249bad59b5dd2a0b6d920f92f13a843071f17991794ba34bb77fcad3,r_993179b21d5761402e8e,13,136e23c2659e614f7daf19e0e365c8a536cafb725e086191dc5d2f4ac7fabb57
2024:4091620242040771758,p0020,c_d462176daa66ae6f7c0c,db796041aec0868779b8a4355adb24c2ac979dd4fda8d0d61ceeccac95d6cc2b,r_e1bc9fb32f1f0e4aaac5,6,f32c5a0acd8aa00cc290d0019ecf4b9a8edb295f1ccbf71bac58b6105eb3234d
2024:4091720242040832902,p0009,c_b9c6825d43fd2209aee5,1fbecc33da80f664405bad4be1603f8f4d7f48777613db05b2d0c5fcabcf66cc,r_dab5970845ebb9ffcf35,11,2f2727cdaad6c09f75103af92a1fbd8fabec12c1839c6a7bb33048d7f54c8e9f
2024:4091720242040848705,p0020,c_ff6993ba2f374406ac24,a76799f2f9cb5a37235f608ffe22b37ea0d90bb6767b0f71d5f804eceb61cd72,r_e1bc9fb32f1f0e4aaac5,7,db60179b015bf6296ba5f0e627bba435743a932a8d1521afa568986e50abee3d
2024:4091820231802344599,p0012,c_4d2b759b329bb58cbcfa,c120146f0abd5f055f346c522bf12aa69598ba831eb465f10537c38fea16cd84,r_75b5cf0824e38d63503f,9,13b6ed919d9e0620186271caf124d06fdef6c7b124d695ab1d76aaf312d87425
2024:4091820242040942371,p0008,c_eb5f4b964135272e086d,3606326945d0f8b5cb2aa977c8853764ce0a7a686daef87a3834c7d713250a61,r_ea71451d245b6218d4f0,10,4104a539a5e79b0ac055d000d70e89d27ac78b43271d1b875a01d4f10bc71c93
2024:4091820242040944574,p0014,c_1822128dbb0e70f13b7d,93ca4d3d2c96774e8791d20233d3c7758d4cc05f5da8a2fb1082f3a51c08ee19,r_380f28d77df7a5db30a0,11,3730ea3adfe22f4ebbb2880a519ad669705118c89e210f07f7a9c1662d83b5e7
2024:4091820242040944576,p0014,c_1822128dbb0e70f13b7d,c8cdaf2e255b6d3d35c9983382aaeaea5ea81c2ec0158b8faf6c906732da4c35,r_380f28d77df7a5db30a0,11,3730ea3adfe22f4ebbb2880a519ad669705118c89e210f07f7a9c1662d83b5e7
2024:4091820242040967415,p0003,c_dcb61ff9a92a3152957c,342f48e33508541f995f8e673d5781add5a3975bbee9a04a4b5c7fba142da67d,r_e539c4db14c890028fc2,9,4acb74a94e107976dd432d93e00ce54a9dc041ddc3de81dbcf9284d201005511
2024:4091820242040967452,p0002,c_43263d10d8d42de66ef1,46300cfe858573b657a5b847b5af1757062c60e1a58e6bba6dc50ff3d4239810,r_153f6f4b0d25713d8371,11,e78dcd2ea9088c453f153dac7ceaa97df3ea12520b49aac6b5e652420267f0bb
2024:4092020231802533267,p0012,c_6f9ce1910d5bc217008c,4d8c456aae813f19616dba8563b7a1373fe84c89b688e7e928bd537f642a5296,r_75b5cf0824e38d63503f,9,a399e7a0f105264dad48216f375d4983a628857fd57a06e158cb5ad2188be28f
2024:4092020231802568171,p0010,c_eec2a0a10697a413c6b2,ee18ba4f36c18a458c05323af2f96b6273fc79b6d6d4e1ccd0977f359dba5996,r_36381ff366645780c532,11,4809dcc685ed3b64e576bcb56d556f4d29a9a75ec256cb64ac33a2839df01185
2024:4092020231802645594,p0012,c_76e8b2ac6f7d7fb25c03,bad8082d5b9ec3ba667f3b26a9e85387da0f1f2b79a8bdfa2776f425f28ba44a,r_75b5cf0824e38d63503f,9,85a1a3fa11cf5897b9852fa1a92662e899c1cbf37f1abfc484e5f7c5ca1e9e61
2024:4092120231802696405,p0009,c_b9c6825d43fd2209aee5,f449797bd7212436157f4fbea662a6356aafac01d54445f17edbb6217c4b5439,r_dab5970845ebb9ffcf35,11,2f2727cdaad6c09f75103af92a1fbd8fabec12c1839c6a7bb33048d7f54c8e9f
2024:4092120231802696407,p0009,c_b9c6825d43fd2209aee5,52032d8f355da49bcaad5d5018b3aaf663bbb17c87cffea2554a343de03a0278,r_dab5970845ebb9ffcf35,11,2f2727cdaad6c09f75103af92a1fbd8fabec12c1839c6a7bb33048d7f54c8e9f
2024:4092220231802788096,p0009,c_b9c6825d43fd2209aee5,f5977e152fca1513b3ccdba3a11138d650d1d62c74c24c5fa443b4c10ff37b55,r_dab5970845ebb9ffcf35,11,2f2727cdaad6c09f75103af92a1fbd8fabec12c1839c6a7bb33048d7f54c8e9f
2024:4092320242041350356,p0002,c_43263d10d8d42de66ef1,14a9ca00496cff96399c920d625f92193b79177166ca33f30c4cbb140df41b5c,r_153f6f4b0d25713d8371,11,e78dcd2ea9088c453f153dac7ceaa97df3ea12520b49aac6b5e652420267f0bb
2024:4092320242041350359,p0003,c_3f565dc57a11191b929b,853cc8bd83993efbd42f1eee9197ca96a3007285d9e5b18ade895453a175e41a,r_e539c4db14c890028fc2,9,557ac4b2fcbc29dfbacdd67738e4da912cc55b77fd84a2d86e6dea25f46a662a
2024:4092420242041537988,p0004,c_c99e4c1e04a65f2743c2,7c1d36b2167fdccedbdbe1dc134c74e73b912149b0815c4466b1190a6b96669a,r_948475ee1ff681d1e65b,11,fa78e4ce8a403cc42a8258d033736cebf7575cd2d5196a97f8b946453fd73714
2024:4092420242041554688,p0019,c_8f805b8c99894bf05c9e,59cbbf8c3403e6e106a4709a2e23ab336e4d54bd047ccb5410130b09b83abc78,r_f842f8012b64a37416bc,9,fbb7dea7528c1e2682734e4ad5f21d9c72c7c901ef02b28eeda6fe36552ce896
2024:4092520231802866802,p0012,c_4d2b759b329bb58cbcfa,cf6e8b0a3f1f9c02ac9bce7e8a2ff0e203e3f4f18b383caa0542996a5450a688,r_75b5cf0824e38d63503f,9,13b6ed919d9e0620186271caf124d06fdef6c7b124d695ab1d76aaf312d87425
2024:4092520231802879227,p0012,c_6f9ce1910d5bc217008c,f69864b60aee1f15069d02bc1d3e1af6ddadf996b384b244248b6aefcce6519d,r_75b5cf0824e38d63503f,9,a399e7a0f105264dad48216f375d4983a628857fd57a06e158cb5ad2188be28f
2024:4092520231803039083,p0015,c_b7ef2804bf57bb52fc74,fcfc7f6442167e214cf19701483177ffc08bbff970b61b174623f1e77e36fb1b,r_f7a1a92ebd7a39e06876,4,3ccca02741162c96438590df375306c0001ffad569bc01b8de2e0250b4baa79d
2024:4092520242041684821,p0017,c_ff59c0ef8d551ff6dcf0,b6478d8f96f14a0101db627e5d8d2a4a73d41447b531b931b9c4a5e18a4f9e88,r_ae41956a00997222c064,10,7aedc3fda33625433e0a39eaa79d585bcbe2fac6c4db161cd2ed893af121e78a
2024:4092520242041725027,p0020,c_dbd5295397123723f4bc,de1c0782a2f3a41a700c7a9482d74affd71cfff6e31fd0d736e808bb0c5a79e6,r_e1bc9fb32f1f0e4aaac5,11,76561a01f1b0f31920d781046bb4dd012ae718475c2aa195fd1027eda11a77ea
2024:4092520242041737370,p0002,c_43263d10d8d42de66ef1,0e0ff83deb63551094fc25ae2b5e5bfb92dcea03c06e3bc96d4dfeaa824beec9,r_153f6f4b0d25713d8371,11,e78dcd2ea9088c453f153dac7ceaa97df3ea12520b49aac6b5e652420267f0bb
2024:4092520242041737373,p0003,c_5c674a62aa12b11745d8,3a5d862ae9518ac6ec2213ffc069a2cd715710bf6d5cdacd840319b2f89a8bf0,r_e539c4db14c890028fc2,9,4ca381839bd88f09b6497e6b28b0e9fd49dab0305cc331b586fdd5be9c32099b
2024:4092520242041853329,p0009,c_b9c6825d43fd2209aee5,75be48f6f855b9d1fb8942b112ab48ef7ec06e842fac8d24e8f441788dfa5854,r_dab5970845ebb9ffcf35,11,2f2727cdaad6c09f75103af92a1fbd8fabec12c1839c6a7bb33048d7f54c8e9f
2024:4092520242041854854,p0012,c_4d2b759b329bb58cbcfa,42d45f04ca245974e99afa3f81ab211ae40d135a4eb350a8e0de08949d43c9d4,r_75b5cf0824e38d63503f,9,13b6ed919d9e0620186271caf124d06fdef6c7b124d695ab1d76aaf312d87425
2024:4092520242041854991,p0013,c_8a1a5855130904f79704,791fc8cacd9e065a08581cc36145e5fa17d53bdf3fb832183de7c8d711da0135,r_2e07349418abdd1528c5,5,449a1e87a9396841a143ae967583c35980120855d99a43f31b774666b5bf82f6
2024:4092520242041854992,p0013,c_8a1a5855130904f79704,814b67dd281f0a603e3741cb1d51716243d2833389b035ceb33cdafaa682ad56,r_2e07349418abdd1528c5,5,449a1e87a9396841a143ae967583c35980120855d99a43f31b774666b5bf82f6
2024:4092520242041855129,p0019,c_8f805b8c99894bf05c9e,d446b57d96ea1501e6fbb363824e9a168e186dc745ffc72c1f04ccc9b533796d,r_f842f8012b64a37416bc,9,fbb7dea7528c1e2682734e4ad5f21d9c72c7c901ef02b28eeda6fe36552ce896
2024:4092520242041862312,p0004,c_1189dd78c15d1d5856ad,cafa8c4a706f3a3e2b4df3e523e6c36c7fdbff62feb278ed828e0cc18bb259b9,r_948475ee1ff681d1e65b,6,a31630114ca07569041f790e9331bca27289dfb3bc27d95c56fc523e85c06cb8
2024:4092620231803074429,p0012,c_76e8b2ac6f7d7fb25c03,389536f968885d89884631dceb50d7281068d6f707a4d66a2eab0697d263ace7,r_75b5cf0824e38d63503f,9,85a1a3fa11cf5897b9852fa1a92662e899c1cbf37f1abfc484e5f7c5ca1e9e61
2024:4092620242041927035,p0004,c_c99e4c1e04a65f2743c2,872469f7662d4a38e90ec9540129c3d3273772f795ec122cfbdd2548e7d458de,r_948475ee1ff681d1e65b,11,fa78e4ce8a403cc42a8258d033736cebf7575cd2d5196a97f8b946453fd73714
2024:4092620242042056481,p0004,c_c99e4c1e04a65f2743c2,eabe2871b408d5cc5590afdc373c35c7447349d631a6303dddb2043302cfb194,r_948475ee1ff681d1e65b,11,fa78e4ce8a403cc42a8258d033736cebf7575cd2d5196a97f8b946453fd73714
2024:4092620242042056482,p0004,c_c99e4c1e04a65f2743c2,e0a9aa77985832de77054420f7409407e96344803fd52f974c5303adf3f464ef,r_948475ee1ff681d1e65b,11,fa78e4ce8a403cc42a8258d033736cebf7575cd2d5196a97f8b946453fd73714
2024:4092720242042608229,p0013,c_f403b4b143a23ffe823d,babec4cbe433171c943ed8d416cc1fd2c5bcac347356fdc7cb543ae408453049,r_2e07349418abdd1528c5,9,938f5e5e31027a82502cc4f45931241a0dc1daa6c6b2e16061ada9c64d9ded82
2024:4092720242042608230,p0013,c_f403b4b143a23ffe823d,3b775c1f87374f82191c2a33d5eb2b0b621e7693eaa805880b7bac458dc2acda,r_2e07349418abdd1528c5,9,938f5e5e31027a82502cc4f45931241a0dc1daa6c6b2e16061ada9c64d9ded82
2024:4092920231803441829,p0009,c_b9c6825d43fd2209aee5,35e3f75766561557b80b6fe7c5977b818562a8a5f7432bb4846b8ca9278223b4,r_dab5970845ebb9ffcf35,11,2f2727cdaad6c09f75103af92a1fbd8fabec12c1839c6a7bb33048d7f54c8e9f
2024:4100120242051951595,p0003,c_5c674a62aa12b11745d8,04e8bab332fed1a56637c5c5f13454fa354f674f50e62d56f0b6e0853c49b2e7,r_e539c4db14c890028fc2,9,4ca381839bd88f09b6497e6b28b0e9fd49dab0305cc331b586fdd5be9c32099b
2024:4100120242051951596,p0003,c_5c674a62aa12b11745d8,67fe19cde0c082f5d559d63eb0a36b223595e38119fb5fa957bbcc645ebdd3c0,r_e539c4db14c890028fc2,9,4ca381839bd88f09b6497e6b28b0e9fd49dab0305cc331b586fdd5be9c32099b
2024:4100120242051951597,p0003,c_5c674a62aa12b11745d8,e92847715d9403e5d88223ff94551d2a9ff4ce5bcfa25815b86bf931145c0a35,r_e539c4db14c890028fc2,9,4ca381839bd88f09b6497e6b28b0e9fd49dab0305cc331b586fdd5be9c32099b
2024:4100120242051951598,p0003,c_5c674a62aa12b11745d8,7774601d866b79fb5dbcdaecd4107bb7b23fbfb778a043571ccf62e824d4ee21,r_e539c4db14c890028fc2,9,4ca381839bd88f09b6497e6b28b0e9fd49dab0305cc331b586fdd5be9c32099b
2024:4100120242051951599,p0003,c_5c674a62aa12b11745d8,3125f39d1e00f5a0ee5ded075dede7f84abfdcdc4a882fd105d150acfa50121a,r_e539c4db14c890028fc2,9,4ca381839bd88f09b6497e6b28b0e9fd49dab0305cc331b586fdd5be9c32099b
2024:4100120242051951600,p0003,c_5c674a62aa12b11745d8,eb3a49e964b013808b63b668f61e049fd019090af4aff12ea6aa8cca77726e57,r_e539c4db14c890028fc2,9,4ca381839bd88f09b6497e6b28b0e9fd49dab0305cc331b586fdd5be9c32099b
2024:4100120242051951601,p0003,c_5c674a62aa12b11745d8,b4a2c668041182cd200ada13e01c469b167c3bf0e6c23558da1b91c5a12882f1,r_e539c4db14c890028fc2,9,4ca381839bd88f09b6497e6b28b0e9fd49dab0305cc331b586fdd5be9c32099b
2024:4100120242051951602,p0003,c_5c674a62aa12b11745d8,d8ae0456c299d1b955050704ce55354193fca7a9239f45f1ab34f848794f6d8c,r_e539c4db14c890028fc2,9,4ca381839bd88f09b6497e6b28b0e9fd49dab0305cc331b586fdd5be9c32099b
2024:4100120242051951603,p0003,c_5c674a62aa12b11745d8,5e3b179315178c797bacec84ca3b34809cce74cfaef21248cb1b71814bfb5e96,r_e539c4db14c890028fc2,9,4ca381839bd88f09b6497e6b28b0e9fd49dab0305cc331b586fdd5be9c32099b
2024:4100120242051951604,p0003,c_5c674a62aa12b11745d8,7ad7418e8ad9eb12fee81c14a8ff013148a6971c95b1ba9d0eb06f8736db381f,r_e539c4db14c890028fc2,9,4ca381839bd88f09b6497e6b28b0e9fd49dab0305cc331b586fdd5be9c32099b
2024:4100120242051951605,p0003,c_5c674a62aa12b11745d8,f2788d8cbe63cfdad73bb1b28cd1083c37a1a9954e91f562a2e7b4a54c2f3ced,r_e539c4db14c890028fc2,9,4ca381839bd88f09b6497e6b28b0e9fd49dab0305cc331b586fdd5be9c32099b
2024:4100120242051951606,p0003,c_5c674a62aa12b11745d8,ba7dbc3f1fa31310a5ca15385ff894aa403b8d6c28621c3eeccc6cd9e7fe7d7e,r_e539c4db14c890028fc2,9,4ca381839bd88f09b6497e6b28b0e9fd49dab0305cc331b586fdd5be9c32099b
2024:4100120242051951607,p0003,c_5c674a62aa12b11745d8,b61afc13a451a838fad0f4c173e13f48de2d93096e9539039b60ddb646b46264,r_e539c4db14c890028fc2,9,4ca381839bd88f09b6497e6b28b0e9fd49dab0305cc331b586fdd5be9c32099b
2024:4100120242051951608,p0003,c_5c674a62aa12b11745d8,70663ceff6b27e8012091c81849b6b83d76a4bc4c401c0a8562a5119fa214894,r_e539c4db14c890028fc2,9,4ca381839bd88f09b6497e6b28b0e9fd49dab0305cc331b586fdd5be9c32099b
2024:4100120242051951609,p0003,c_5c674a62aa12b11745d8,79d2bd679370af9d06107d3beca8895a8ac320288dada87fb66a4785de3ce3ee,r_e539c4db14c890028fc2,9,4ca381839bd88f09b6497e6b28b0e9fd49dab0305cc331b586fdd5be9c32099b
2024:4100120242060098774,p0020,c_ff6993ba2f374406ac24,035c5c1b20a70ea0e0e82c92e887f113123825fe96b6268ffc293cd5606b08ca,r_e1bc9fb32f1f0e4aaac5,7,db60179b015bf6296ba5f0e627bba435743a932a8d1521afa568986e50abee3d
2024:4100120242060343242,p0012,c_76e8b2ac6f7d7fb25c03,a0052c0507117b8dc0be772953f5276c52f3b85a803245acc03cb6f2e68620fb,r_75b5cf0824e38d63503f,9,85a1a3fa11cf5897b9852fa1a92662e899c1cbf37f1abfc484e5f7c5ca1e9e61
2024:4100120242060343257,p0012,c_127816033aeca7a4cf79,b572a8b7d4babdf488146164769ed093320a9e77bbfd6685383bee370596fd9a,r_75b5cf0824e38d63503f,4,753fb78ca36419228c58f6febcc585b3ca23151af6c178bbda69e3100412f949
2024:4100120242060343258,p0012,c_127816033aeca7a4cf79,cb252e331d54ce43794ff5fe0cfb95789c3765531f5ec5aff099b85f96391922,r_75b5cf0824e38d63503f,4,753fb78ca36419228c58f6febcc585b3ca23151af6c178bbda69e3100412f949
2024:4100120242060343259,p0012,c_127816033aeca7a4cf79,186fa0c91694429198a958341796c82646c5182894f720138fb68fad9f9843ff,r_75b5cf0824e38d63503f,4,753fb78ca36419228c58f6febcc585b3ca23151af6c178bbda69e3100412f949
2024:4100120242060343260,p0012,c_127816033aeca7a4cf79,e55e151dce7464a37ba6305011c4c4dd1de5e7891bccbed222d88e9fb262df81,r_75b5cf0824e38d63503f,4,753fb78ca36419228c58f6febcc585b3ca23151af6c178bbda69e3100412f949
2024:4100120242060343261,p0012,c_127816033aeca7a4cf79,7020a53eb3a5a25a410e817417c77a36c9e053d1f03fb29f181f30f9fbcef131,r_75b5cf0824e38d63503f,4,753fb78ca36419228c58f6febcc585b3ca23151af6c178bbda69e3100412f949
2024:4100120242060343262,p0012,c_127816033aeca7a4cf79,42d1d8e74d770ecbbd33c818b57807d869ef7966afa94d0064ee877af627d574,r_75b5cf0824e38d63503f,4,753fb78ca36419228c58f6febcc585b3ca23151af6c178bbda69e3100412f949
2024:4100120242060343263,p0012,c_127816033aeca7a4cf79,e1419c869531345081740bc6dbd0d0b59ebc25f5d2493573d751bcaffb9c48cc,r_75b5cf0824e38d63503f,4,753fb78ca36419228c58f6febcc585b3ca23151af6c178bbda69e3100412f949
2024:4100120242060343264,p0012,c_127816033aeca7a4cf79,9b0210f9d2b9bcfb9cf82f5429cb317d058ed05bbd584133b7f9c7a16f72ec77,r_75b5cf0824e38d63503f,4,753fb78ca36419228c58f6febcc585b3ca23151af6c178bbda69e3100412f949
2024:4100120242060343265,p0012,c_127816033aeca7a4cf79,1eb331e238c1a731e140d70114994148ad294a0566a492da20b8c3725fc90ed4,r_75b5cf0824e38d63503f,4,753fb78ca36419228c58f6febcc585b3ca23151af6c178bbda69e3100412f949
2024:4100120242060343266,p0012,c_127816033aeca7a4cf79,c8c1e466cf339e4791e6e734ef2067df9a6db9b45f72c0eacaee7a6708855e34,r_75b5cf0824e38d63503f,4,753fb78ca36419228c58f6febcc585b3ca23151af6c178bbda69e3100412f949
2024:4100120242060343267,p0012,c_127816033aeca7a4cf79,154f478b34cec868200338a51a7592632c08e1b519328f080875acbaf051cfea,r_75b5cf0824e38d63503f,4,753fb78ca36419228c58f6febcc585b3ca23151af6c178bbda69e3100412f949
2024:4100120242060343268,p0012,c_127816033aeca7a4cf79,aa96935accea449963dfa4906bccace12bc5f868c05633c5b167a80cac5b3363,r_75b5cf0824e38d63503f,4,753fb78ca36419228c58f6febcc585b3ca23151af6c178bbda69e3100412f949
2024:4100120242060343269,p0012,c_127816033aeca7a4cf79,ecde51dac4e5d540df8df4b957772026dfad7b98bd0e7c1bf224439a34f24a5d,r_75b5cf0824e38d63503f,4,753fb78ca36419228c58f6febcc585b3ca23151af6c178bbda69e3100412f949
2024:4100120242060343270,p0012,c_127816033aeca7a4cf79,1e3b032b32366b998158952fc4ff71e88174b43117de99d4ac620aa7aced7791,r_75b5cf0824e38d63503f,4,753fb78ca36419228c58f6febcc585b3ca23151af6c178bbda69e3100412f949
2024:4100120242066582930,p0002,c_43263d10d8d42de66ef1,ea4710158769d4313ee4aa645beb383406ce419eae30bd4c097ac56dcfe02de3,r_153f6f4b0d25713d8371,11,e78dcd2ea9088c453f153dac7ceaa97df3ea12520b49aac6b5e652420267f0bb
2024:4100120242066582931,p0002,c_43263d10d8d42de66ef1,d9a53cfdb1356e1e1c10dfc96d57ad4687b32f3220bb21b2e30261c9fb083d14,r_153f6f4b0d25713d8371,11,e78dcd2ea9088c453f153dac7ceaa97df3ea12520b49aac6b5e652420267f0bb
2024:4100120242066584177,p0003,c_f0f89e1690073bd5fc99,5928205fe61c88be66005a4b677decd3d10db3b4581bb7e5f8d49831e4984d2b,r_e539c4db14c890028fc2,9,0f4664cd2b2778114d5e361440c33d2b90622f3c3a9d5bd7537411760e5e09d1
2024:4100120242066584178,p0003,c_f0f89e1690073bd5fc99,0a06e286c7733da750fad241094b18f761c4f4899d86f4dc84c05ee7209233db,r_e539c4db14c890028fc2,9,0f4664cd2b2778114d5e361440c33d2b90622f3c3a9d5bd7537411760e5e09d1
2024:4100120242066584179,p0003,c_f0f89e1690073bd5fc99,960ee3f5d6707bbbcbd69fb33ca8fed9a7340bba33a98854a0acf0c411904192,r_e539c4db14c890028fc2,9,0f4664cd2b2778114d5e361440c33d2b90622f3c3a9d5bd7537411760e5e09d1
2024:4100120242066587427,p0015,c_dd05fcb5866322438262,c63c3e47fefbeae141f7c11e061f0c649f12cfaf35c17d115bc0136602a20b40,r_f7a1a92ebd7a39e06876,9,7c69c8ee5b184648674e1743a4d66931e8d0beb2c3d7b3bd790f1ab8a76ae1cc
2024:4100120242066587429,p0015,c_dd05fcb5866322438262,b496191f211ecb0bc5ff7961aef7719d307b33b473fcacd0ba1a0d05288161b6,r_f7a1a92ebd7a39e06876,9,7c69c8ee5b184648674e1743a4d66931e8d0beb2c3d7b3bd790f1ab8a76ae1cc
2024:4100120242066587642,p0004,c_c5b7995bf680414a0436,742fb8b702e90aba485bfb37616ecef1ea3d0b8f6da77ede2319c2435d555b38,r_948475ee1ff681d1e65b,11,c34d288aa28210b6c2263fe274a7cab983f2c5feedd5885c5e03a71af74627dd
2024:4100320231803799763,p0012,c_e7481bdb5a5200e8a09e,a9f4b78415b2b56475b05086e60af61f32c9f2dd11f50a84d163528d4dea7af0,r_75b5cf0824e38d63503f,5,f4f343e8d16875481fd639dbd980f9e7d05cdc3a8829801c9f0629d3edf87a2e
2024:4100620231803939120,p0015,c_8418d19e025631ac6d61,93bfb451bf553358f7cdaadb40aafa4da8aebd86c24eecac1401e36d3c2ef44d,r_f7a1a92ebd7a39e06876,5,53c9bd092d9931469f2f97b70da9ee19c84556691b55d51c0935dc0e67dad6b8
2024:4100620231803939121,p0015,c_8418d19e025631ac6d61,e680c8ab539e160ab7eedb88699c932172d77de2cba1fe824c0a4be88cb6e896,r_f7a1a92ebd7a39e06876,5,53c9bd092d9931469f2f97b70da9ee19c84556691b55d51c0935dc0e67dad6b8
2024:4100620231803948889,p0009,c_b9c6825d43fd2209aee5,c673d3afe9b2e4c4fc94a949400e325727b5e9e5c3b71ea19f842d105f0df63f,r_dab5970845ebb9ffcf35,11,2f2727cdaad6c09f75103af92a1fbd8fabec12c1839c6a7bb33048d7f54c8e9f
2024:4100820242069275140,p0012,c_6f9ce1910d5bc217008c,550583cc6b6b7e2a11a9b403fb22203adb7427df7e493115729f57f561b9e6ba,r_75b5cf0824e38d63503f,9,a399e7a0f105264dad48216f375d4983a628857fd57a06e158cb5ad2188be28f
2024:4100820242069276818,p0020,c_d462176daa66ae6f7c0c,1c5631d1c93dbf31bce657be2a36921cdbfbfd642416eaf7dc3122ce0b5e0b30,r_e1bc9fb32f1f0e4aaac5,6,f32c5a0acd8aa00cc290d0019ecf4b9a8edb295f1ccbf71bac58b6105eb3234d
2024:4101020231804028487,p0020,c_698cfb3eb5f805c9cff3,bbdb07530d0a3318d93bc5d9ef35f350769c42dc4515788d627ad35ff0fa441b,r_e1bc9fb32f1f0e4aaac5,11,42c28af4764b12ce204df51498807e68300a32d5c67e17316500c431a86cda1f
2024:4101020231804028488,p0020,c_698cfb3eb5f805c9cff3,5f6a6facf3ea183dc8169e6d5525786fc5ad1327250eec797e694f5a0bb080f3,r_e1bc9fb32f1f0e4aaac5,11,42c28af4764b12ce204df51498807e68300a32d5c67e17316500c431a86cda1f
2024:4101020242069376754,p0009,c_b9c6825d43fd2209aee5,adfcda020b96ec3cca28b24e718d22c30005747fbde4bcbdfa8b2ce3e592f886,r_dab5970845ebb9ffcf35,11,2f2727cdaad6c09f75103af92a1fbd8fabec12c1839c6a7bb33048d7f54c8e9f
2024:4101120231804084799,p0009,c_b9c6825d43fd2209aee5,126208e9d1707334af2c3089d5bc9f8eb52ad5cf7f676b3133d0d2c248ee7451,r_dab5970845ebb9ffcf35,11,2f2727cdaad6c09f75103af92a1fbd8fabec12c1839c6a7bb33048d7f54c8e9f
2024:4101120231804090703,p0009,c_b9c6825d43fd2209aee5,4d170610fb809599c715319b975f9e28121f35c229790d0b6dd8f32322891324,r_dab5970845ebb9ffcf35,11,2f2727cdaad6c09f75103af92a1fbd8fabec12c1839c6a7bb33048d7f54c8e9f
2024:4101120242069465815,p0012,c_6f9ce1910d5bc217008c,e8d04bdd700afb5e830e1116b3d84732ba072306dcdec802ec4256c8f7b3a94c,r_75b5cf0824e38d63503f,9,a399e7a0f105264dad48216f375d4983a628857fd57a06e158cb5ad2188be28f
2024:4101120242069469834,p0003,c_dcb61ff9a92a3152957c,c8a02627b5d577f0daca8b00cbebb79cbce5a38ee6784d8d616e4a6208083948,r_e539c4db14c890028fc2,9,4acb74a94e107976dd432d93e00ce54a9dc041ddc3de81dbcf9284d201005511
2024:4101320231804478408,p0012,c_6f9ce1910d5bc217008c,f9be6ad733e13246551a0b7fb73cb194518381d53a755a42b3066f10dad33be7,r_75b5cf0824e38d63503f,9,a399e7a0f105264dad48216f375d4983a628857fd57a06e158cb5ad2188be28f
2024:4101320231804489844,p0012,c_127816033aeca7a4cf79,296888615fdb405f6e95418587bbf65dac32b77ed60a6c44005dfb21a236ed1b,r_75b5cf0824e38d63503f,4,753fb78ca36419228c58f6febcc585b3ca23151af6c178bbda69e3100412f949
2024:4101320231804489848,p0012,c_127816033aeca7a4cf79,bd4f1380b3692177ef335712a84353d0392ec55ae564eb62d3dd92d8e3d50076,r_75b5cf0824e38d63503f,4,753fb78ca36419228c58f6febcc585b3ca23151af6c178bbda69e3100412f949
2024:4101620231804558541,p0009,c_b9c6825d43fd2209aee5,45311613803d7c6deed355cee45e7ee9d1d91eea3b0c3684c89528355e8289e5,r_dab5970845ebb9ffcf35,11,2f2727cdaad6c09f75103af92a1fbd8fabec12c1839c6a7bb33048d7f54c8e9f
2024:4101620231804573855,p0004,c_c99e4c1e04a65f2743c2,f4f99c39a081880966086d2f26c61789c185b1ec5fe59c3a8be22c79d862253b,r_948475ee1ff681d1e65b,11,fa78e4ce8a403cc42a8258d033736cebf7575cd2d5196a97f8b946453fd73714
2024:4101620231804592463,p0015,c_dd05fcb5866322438262,3b09dee13020950eb4d5a5bf033ca64d563063ffd2c2f0431e70c70775b1e4ae,r_f7a1a92ebd7a39e06876,9,7c69c8ee5b184648674e1743a4d66931e8d0beb2c3d7b3bd790f1ab8a76ae1cc
2024:4101620231804707099,p0004,c_c99e4c1e04a65f2743c2,d840d8595953cd29e1ed5ee74a7c300440efd22fb701bc1ed24f566c442d7611,r_948475ee1ff681d1e65b,11,fa78e4ce8a403cc42a8258d033736cebf7575cd2d5196a97f8b946453fd73714
2024:4101620231804707101,p0004,c_c99e4c1e04a65f2743c2,c02f8a248874a38d904f6f56690fbd45eec9fbda47bfce5f4b2e6ab1019f9885,r_948475ee1ff681d1e65b,11,fa78e4ce8a403cc42a8258d033736cebf7575cd2d5196a97f8b946453fd73714
2024:4101620242069906391,p0004,c_c99e4c1e04a65f2743c2,bf856728ef62da12a6fd95965fc4464e0efa6cf4382ef5d87fc5bd2b4d1d9355,r_948475ee1ff681d1e65b,11,fa78e4ce8a403cc42a8258d033736cebf7575cd2d5196a97f8b946453fd73714
2024:4101620242069915556,p0012,c_6f9ce1910d5bc217008c,ca086b6b4e761c67535adc42a6b4182881b12375843c78c040d7870b0549185e,r_75b5cf0824e38d63503f,9,a399e7a0f105264dad48216f375d4983a628857fd57a06e158cb5ad2188be28f
2024:4101720231804744175,p0011,c_6d78c941e832e66bc5f5,2d4b03ed3129bc136ac582a103316e18e894637e25e8d76264ba3d244a596a94,r_993179b21d5761402e8e,13,136e23c2659e614f7daf19e0e365c8a536cafb725e086191dc5d2f4ac7fabb57
2024:4101720231804744177,p0011,c_6d78c941e832e66bc5f5,e0f446bcbbedc89ba6d5918dc49bc64e64581469d82a20c9b106e262a27b0525,r_993179b21d5761402e8e,13,136e23c2659e614f7daf19e0e365c8a536cafb725e086191dc5d2f4ac7fabb57
2024:4101720231804746456,p0011,c_6d78c941e832e66bc5f5,eb869df862dfd622546368015fbfc505e6f9bb3b0e34522e2226393b1c2130c8,r_993179b21d5761402e8e,13,136e23c2659e614f7daf19e0e365c8a536cafb725e086191dc5d2f4ac7fabb57
2024:4101720231804799975,p0011,c_e33e4241ffae021efe44,310702e159619359f773502540f4bc9bfbc2b766b12e82433bb420585ab2a5c1,r_993179b21d5761402e8e,13,f759e3e78284d686fe105b8c5024b31812841e62142513d312812f0fc0b5b163
2024:4101720231805169095,p0011,c_6d78c941e832e66bc5f5,bcf245d717c77ec10f2bb4dd6fb46e2845fd58f9c82032f0fcaa42761abc8244,r_993179b21d5761402e8e,13,136e23c2659e614f7daf19e0e365c8a536cafb725e086191dc5d2f4ac7fabb57
2024:4101720231805407303,p0020,c_25346886cb66823b3264,5b5563e9a1e9480f2e1b31041418fb1a852aa6c3ddd8a0369bffa72581bc2b94,r_e1bc9fb32f1f0e4aaac5,6,5e0ffc28ab351d85327359d169f8f4beca1b11ad5553a762d6b8f23ae75ccbac
2024:4101720231805409484,p0009,c_651f7ed35a1ac790deb7,e18185b7ed19305bef5b35c01e3777dea06c7bf6c4b79cd22437023b240e5eb2,r_dab5970845ebb9ffcf35,6,3be22a7f7e54e6d6cb87e97518423397b0c5f2ab526966693e93a25fd58891b5
2024:4101720242069946662,p0004,c_c99e4c1e04a65f2743c2,4613baded36e7e6417971ff3562e7620b20ef232b58c60bc92c407c9528ce885,r_948475ee1ff681d1e65b,11,fa78e4ce8a403cc42a8258d033736cebf7575cd2d5196a97f8b946453fd73714
2024:4101720242069948881,p0003,c_5c674a62aa12b11745d8,ac22307c4ef6efbec59e9962fb05aeeaea859480017e888572875a7f64c2a862,r_e539c4db14c890028fc2,9,4ca381839bd88f09b6497e6b28b0e9fd49dab0305cc331b586fdd5be9c32099b
2024:4101720242069948913,p0011,c_6d78c941e832e66bc5f5,dde3cd1e0b7cb189dc2f07aa1a06c84290bde0fe1b7cff4cda561093212e6a48,r_993179b21d5761402e8e,13,136e23c2659e614f7daf19e0e365c8a536cafb725e086191dc5d2f4ac7fabb57
2024:4101820231805435468,p0004,c_c99e4c1e04a65f2743c2,7989abb6f276cad84795f56477233e97a9fedd77896807a4f16ab6df0e80e308,r_948475ee1ff681d1e65b,11,fa78e4ce8a403cc42a8258d033736cebf7575cd2d5196a97f8b946453fd73714
2024:4101820231805533027,p0004,c_c99e4c1e04a65f2743c2,9d4320c8ec9167c094fcb1cb988bd8a138983f134600b603447c884a87038f64,r_948475ee1ff681d1e65b,11,fa78e4ce8a403cc42a8258d033736cebf7575cd2d5196a97f8b946453fd73714
2024:4101820231805533042,p0004,c_c99e4c1e04a65f2743c2,51ee9b78534be94ba22a568d954e0b13c40d5d398503095db5f9c8f0f040edcd,r_948475ee1ff681d1e65b,11,fa78e4ce8a403cc42a8258d033736cebf7575cd2d5196a97f8b946453fd73714
2024:4102020231805994780,p0015,c_57d8e01958a38820d7b3,68195a77030caabc230e22762062733454b7a21d06a97a00a1dea0b86ce74768,r_f7a1a92ebd7a39e06876,9,e1eeb1a02cf0c5e8880dcde66101d22100d9d3cc549caee3ae648fbe1c2a9692
2024:4102320231806887401,p0009,c_b9c6825d43fd2209aee5,29622a98f7551579b8a996b8912e751dd13d2a22f7639ddd643a3c546464cb4f,r_dab5970845ebb9ffcf35,11,2f2727cdaad6c09f75103af92a1fbd8fabec12c1839c6a7bb33048d7f54c8e9f
2024:4102420231807015996,p0010,c_433597abc27c16d5e313,f6e7b49a2d863ee6c6a301e3d6e132bd54cdd8b1d22b9450bc46a3993020b6c3,r_36381ff366645780c532,11,b26bdd1cce1031dd2c4f3810d9406c3fb9da4a10fd115591a3ab3bffd587c5a9
2024:4102420231807015997,p0010,c_433597abc27c16d5e313,cfd8d42f99b07d7755029cc30ec547eef6e502004720e993d55e035a9ab482ab,r_36381ff366645780c532,11,b26bdd1cce1031dd2c4f3810d9406c3fb9da4a10fd115591a3ab3bffd587c5a9
2024:4102420231807015998,p0010,c_433597abc27c16d5e313,66bc95323ddbb9e5a8f88f1a3fbdbc361325ac2bb0265bec548b02284810742c,r_36381ff366645780c532,11,b26bdd1cce1031dd2c4f3810d9406c3fb9da4a10fd115591a3ab3bffd587c5a9
2024:4102420242081445018,p0015,c_dd05fcb5866322438262,34820d731aa59b7d4df14468308d32a1400c5337531f1b955fa5a95606d7b9cf,r_f7a1a92ebd7a39e06876,9,7c69c8ee5b184648674e1743a4d66931e8d0beb2c3d7b3bd790f1ab8a76ae1cc
2024:4102520231807255787,p0009,c_b9c6825d43fd2209aee5,05bcce4266da75123ec5d8d7a7cd5011a9147edbb447587291d85cef560f9ff9,r_dab5970845ebb9ffcf35,11,2f2727cdaad6c09f75103af92a1fbd8fabec12c1839c6a7bb33048d7f54c8e9f
2024:4102520231807269611,p0004,c_c99e4c1e04a65f2743c2,d7bfa221da790393c4b7a42c88e841e7885217f75d1a9d58a7f687344c7d4368,r_948475ee1ff681d1e65b,11,fa78e4ce8a403cc42a8258d033736cebf7575cd2d5196a97f8b946453fd73714
2024:4102520231807269613,p0004,c_c99e4c1e04a65f2743c2,e0603fc52ff4152c97df314f5ba3d515fa2462ef57154ec5f83f38aaeee0ece2,r_948475ee1ff681d1e65b,11,fa78e4ce8a403cc42a8258d033736cebf7575cd2d5196a97f8b946453fd73714
2024:4102520242081517057,p0014,c_1822128dbb0e70f13b7d,fdeb5444542f2f8879cff54d619baeb1420690f35ae5268d8e9a0350783cbb71,r_380f28d77df7a5db30a0,11,3730ea3adfe22f4ebbb2880a519ad669705118c89e210f07f7a9c1662d83b5e7
2024:4102520242081517058,p0014,c_1822128dbb0e70f13b7d,b714562a3f001b968b5228879310283ca504074db6c4be575a1b02d0baff310e,r_380f28d77df7a5db30a0,11,3730ea3adfe22f4ebbb2880a519ad669705118c89e210f07f7a9c1662d83b5e7
2024:4102520242081517059,p0014,c_1822128dbb0e70f13b7d,cdce7b6eb4e56cf3821a9d8b52451650b1cf3efc7ba4e895ad5c6f5152280d39,r_380f28d77df7a5db30a0,11,3730ea3adfe22f4ebbb2880a519ad669705118c89e210f07f7a9c1662d83b5e7
2024:4102520242081517060,p0014,c_1822128dbb0e70f13b7d,ecd11e27ad7a79233518786c0e4bd77c689cfe1e1f449e9f209f9d011305790b,r_380f28d77df7a5db30a0,11,3730ea3adfe22f4ebbb2880a519ad669705118c89e210f07f7a9c1662d83b5e7
2024:4102520242081517062,p0014,c_1822128dbb0e70f13b7d,cb367552f98370a71be5290a862d3b646adcdac62b58412b1e06fd435f051979,r_380f28d77df7a5db30a0,11,3730ea3adfe22f4ebbb2880a519ad669705118c89e210f07f7a9c1662d83b5e7
2024:4102520242081517063,p0014,c_1822128dbb0e70f13b7d,28b03031776ee97b0f3738e66158e88426dd3f9509ab42ce93577477ab6c6a72,r_380f28d77df7a5db30a0,11,3730ea3adfe22f4ebbb2880a519ad669705118c89e210f07f7a9c1662d83b5e7
2024:4102520242081522474,p0002,c_43263d10d8d42de66ef1,9668494e1a119130b6cca3ff3576ba198a529c5011f5f64f4e49e273b93ef034,r_153f6f4b0d25713d8371,11,e78dcd2ea9088c453f153dac7ceaa97df3ea12520b49aac6b5e652420267f0bb
2024:4102520242081522476,p0003,c_dcb61ff9a92a3152957c,9f805eb587dbc11a251bc548cf5b6c225f887bb684deafff21a294a9ad4e3b99,r_e539c4db14c890028fc2,9,4acb74a94e107976dd432d93e00ce54a9dc041ddc3de81dbcf9284d201005511
2024:4102520242081888456,p0002,c_43263d10d8d42de66ef1,d6477e9d7bfb3aff35e1257888920427c9e431cf45d99fa962c8393f9064efe0,r_153f6f4b0d25713d8371,11,e78dcd2ea9088c453f153dac7ceaa97df3ea12520b49aac6b5e652420267f0bb
2024:4102520242081978706,p0003,c_5c674a62aa12b11745d8,03ce2089be2d98049dd65242002cd8a570c662417fd8e515d682f6c8c8d4014d,r_e539c4db14c890028fc2,9,4ca381839bd88f09b6497e6b28b0e9fd49dab0305cc331b586fdd5be9c32099b
2024:4102720231807525529,p0009,c_651f7ed35a1ac790deb7,861d4f5fe02ff6f17ddffb3288d016081984774a72f9e8fbd9d5b0d8be6d8cb0,r_dab5970845ebb9ffcf35,6,3be22a7f7e54e6d6cb87e97518423397b0c5f2ab526966693e93a25fd58891b5
2024:4102720231807525530,p0009,c_651f7ed35a1ac790deb7,69ff9fa910ca2a57bb8e9caf245bf9aa348aae4546a7324e5330bbdadaef14d9,r_dab5970845ebb9ffcf35,6,3be22a7f7e54e6d6cb87e97518423397b0c5f2ab526966693e93a25fd58891b5
2024:4102820242091099489,p0007,c_9c859fb024183d8954a6,5a04c95cf00f3fc9c27c304e928251283f915162912357c1bf494bad4c2f0d16,r_d781d1e025b21b40484f,9,d2cbf8c001b7c6c6c5c99a6e795d669e85cd83b561f4980de9fb8c0e3702cedd
2024:4102820242095927809,p0009,c_b9c6825d43fd2209aee5,6bdb9ab6e834080972cf010ce1a0a7789ca199d2694f37b6cbdbbbe7c946ed55,r_dab5970845ebb9ffcf35,11,2f2727cdaad6c09f75103af92a1fbd8fabec12c1839c6a7bb33048d7f54c8e9f
2024:4102820242098383322,p0003,c_5c674a62aa12b11745d8,8b7a0873d220a758a1a959d0616fa3e6aaa9ee5c0b4dd3ecc8e006c9138c5398,r_e539c4db14c890028fc2,9,4ca381839bd88f09b6497e6b28b0e9fd49dab0305cc331b586fdd5be9c32099b
2024:4102920241011128313,p0015,c_57d8e01958a38820d7b3,f066f599f50407aa1b9c56944dd2ce87c4d8330abfa32dceabce897e2e16d6c5,r_f7a1a92ebd7a39e06876,9,e1eeb1a02cf0c5e8880dcde66101d22100d9d3cc549caee3ae648fbe1c2a9692
2024:4103020231807661633,p0014,c_1822128dbb0e70f13b7d,a7b4d43ba34f7d03c039e8c182a1349bd58780c43301780c022b641156eae221,r_380f28d77df7a5db30a0,11,3730ea3adfe22f4ebbb2880a519ad669705118c89e210f07f7a9c1662d83b5e7
2024:4103020231807720285,p0014,c_1822128dbb0e70f13b7d,d91a0f60f244de6221c99f93ea15b44d9872e7fb8e534e5d8fc391110a71ee1c,r_380f28d77df7a5db30a0,11,3730ea3adfe22f4ebbb2880a519ad669705118c89e210f07f7a9c1662d83b5e7
2024:4103020241011368050,p0012,c_14ce77846e433d31b76b,7a93685fd597ab7a03a2df5ec1116bc5b837fb37211c379ef7e23a0826da07e3,r_75b5cf0824e38d63503f,9,4dc4050d97cf59ca3c2949ea4aca6f096c8e80f9013c395f51c03b58f5bbaeac
2024:4103020241011470628,p0012,c_14ce77846e433d31b76b,d0319ebd3f33b22cfdf9428c813464b92e2ab3cad6d208608ec8ca4e51c8020f,r_75b5cf0824e38d63503f,9,4dc4050d97cf59ca3c2949ea4aca6f096c8e80f9013c395f51c03b58f5bbaeac
2024:4103020241011470629,p0012,c_14ce77846e433d31b76b,75884f898be25885236740e9782dbd3af77e061d3676d561e222551b881219e2,r_75b5cf0824e38d63503f,9,4dc4050d97cf59ca3c2949ea4aca6f096c8e80f9013c395f51c03b58f5bbaeac
2024:4103020241011595849,p0015,c_57d8e01958a38820d7b3,eb7218519d0b8e341dd41dae9a4352a0c64632725bc8c562110aaaf6eff6877f,r_f7a1a92ebd7a39e06876,9,e1eeb1a02cf0c5e8880dcde66101d22100d9d3cc549caee3ae648fbe1c2a9692
2024:4103020241011597926,p0002,c_43263d10d8d42de66ef1,9f3be19f0e3c8485c03856409c61bef57a9b2871a8560517c840761448d9f3a8,r_153f6f4b0d25713d8371,11,e78dcd2ea9088c453f153dac7ceaa97df3ea12520b49aac6b5e652420267f0bb
2024:4103020241011597927,p0003,c_5c674a62aa12b11745d8,713f1d14101d7973b826041b50d5c84befb54baf0081d9b175417db2a1360a91,r_e539c4db14c890028fc2,9,4ca381839bd88f09b6497e6b28b0e9fd49dab0305cc331b586fdd5be9c32099b
2024:4103020241011629759,p0012,c_1d973e01b564fccf8f8e,7931190f5ed2f24603275ce838fc3457f944b1f26b16325fd00e755919431540,r_75b5cf0824e38d63503f,9,2b73cb619bf6a1e8c2f2b54767456fd289951794ed01c304f1892a9d53458a59
2024:4103020241011656583,p0004,c_c99e4c1e04a65f2743c2,a7c9be2c6c3a5a80c6d6a0b48a497845ea26cd997764ddae31b8fcb2b814034f,r_948475ee1ff681d1e65b,11,fa78e4ce8a403cc42a8258d033736cebf7575cd2d5196a97f8b946453fd73714
2024:4103020241013627912,p0011,c_e33e4241ffae021efe44,84dc1ef5ca20f5734819fa18db856543228090569879472b48760bb985c0daf7,r_993179b21d5761402e8e,13,f759e3e78284d686fe105b8c5024b31812841e62142513d312812f0fc0b5b163
2024:4103020241013627954,p0003,c_dcb61ff9a92a3152957c,e8d85bf660083cb2cc201e52339399b2c843bbc2ccfeec8679be4e28f7563895,r_e539c4db14c890028fc2,9,4acb74a94e107976dd432d93e00ce54a9dc041ddc3de81dbcf9284d201005511
2024:4103120231807823895,p0015,c_8418d19e025631ac6d61,0e5b323cf213211005177556ae375c85b80f022aaf7de52b4181fd20f7db747f,r_f7a1a92ebd7a39e06876,5,53c9bd092d9931469f2f97b70da9ee19c84556691b55d51c0935dc0e67dad6b8
2024:4103120231807826078,p0010,c_eec2a0a10697a413c6b2,7505eebfe9729d13c866bd3fb279562c0ed61c19327dd25f05509faf6f4032f6,r_36381ff366645780c532,11,4809dcc685ed3b64e576bcb56d556f4d29a9a75ec256cb64ac33a2839df01185
2024:4103120231807826079,p0010,c_eec2a0a10697a413c6b2,e8f81bb9be365981f904d09adefb6b2fb788ba4247f4c6a1a852cbb0fad38fd2,r_36381ff366645780c532,11,4809dcc685ed3b64e576bcb56d556f4d29a9a75ec256cb64ac33a2839df01185
2024:4103120241015220941,p0012,c_6f9ce1910d5bc217008c,aef245dac20a30fb5f364e25dc5d741e1f7589e994f4dd8332d89f02f9b35c69,r_75b5cf0824e38d63503f,9,a399e7a0f105264dad48216f375d4983a628857fd57a06e158cb5ad2188be28f
2024:4103120241015284410,p0012,c_6f9ce1910d5bc217008c,496acb0bd19cd974279fe59a99dea607bd9c41a405b3deb2a6f3aba7b454ee87,r_75b5cf0824e38d63503f,9,a399e7a0f105264dad48216f375d4983a628857fd57a06e158cb5ad2188be28f
2024:4103120241016273671,p0007,c_83254365b3783483270d,159e453806a2e71c80f70253fc8c20c3b996815942acdc3969470530c90940e4,r_d781d1e025b21b40484f,4,8ccb3df9046e042ed9e0e474f502bc28a04946cdffe617ed5704f9d037fadbfd
2024:4103120241025240857,p0003,c_5c674a62aa12b11745d8,848624fd704d901e4f2442a615aa184c6a47a688f55bfcd2d52667ece1a64b58,r_e539c4db14c890028fc2,9,4ca381839bd88f09b6497e6b28b0e9fd49dab0305cc331b586fdd5be9c32099b
2024:4103120241025240858,p0003,c_5c674a62aa12b11745d8,9f737e8da3dd92334f33e492a57bd03d2d0ea37de90fc9c351932c4d2cbd03a3,r_e539c4db14c890028fc2,9,4ca381839bd88f09b6497e6b28b0e9fd49dab0305cc331b586fdd5be9c32099b
2024:4103120241025240859,p0003,c_5c674a62aa12b11745d8,0a8b0b5b103d587f66dfec3f9fd12a379ddd155ad72dc97f004dd85da6237eb5,r_e539c4db14c890028fc2,9,4ca381839bd88f09b6497e6b28b0e9fd49dab0305cc331b586fdd5be9c32099b
2024:4103120241025240860,p0003,c_5c674a62aa12b11745d8,122b63a87517e6d24a7c88a6b6d2f01da0d5fce79546234873d2cc806e24c9fa,r_e539c4db14c890028fc2,9,4ca381839bd88f09b6497e6b28b0e9fd49dab0305cc331b586fdd5be9c32099b
2024:4103120241025240861,p0003,c_5c674a62aa12b11745d8,c236130227a7a4723c7793cb7b9334f98b10faa5296f66cdd05163b63a184886,r_e539c4db14c890028fc2,9,4ca381839bd88f09b6497e6b28b0e9fd49dab0305cc331b586fdd5be9c32099b
2024:4103120241025240862,p0003,c_5c674a62aa12b11745d8,48a36a686eb2908af7c64238345c1538ea5431ca14fad77dfb87e568521479e7,r_e539c4db14c890028fc2,9,4ca381839bd88f09b6497e6b28b0e9fd49dab0305cc331b586fdd5be9c32099b
2024:4103120241025240863,p0003,c_5c674a62aa12b11745d8,68a4d5d9d6b04d86288e6235ab0397d02cbc00645d0df5b4af2123ba4f7b43ab,r_e539c4db14c890028fc2,9,4ca381839bd88f09b6497e6b28b0e9fd49dab0305cc331b586fdd5be9c32099b
2024:4103120241025240864,p0003,c_5c674a62aa12b11745d8,907046bf5d5790242688f8692ea60b7e319b555e0bc1f3efec71a2b625c96972,r_e539c4db14c890028fc2,9,4ca381839bd88f09b6497e6b28b0e9fd49dab0305cc331b586fdd5be9c32099b
2024:4103120241025240866,p0003,c_5c674a62aa12b11745d8,894b5373d94bc96a4ae4172f442ecfc40a54780f74ed9c3ef9bf20041e28b9e6,r_e539c4db14c890028fc2,9,4ca381839bd88f09b6497e6b28b0e9fd49dab0305cc331b586fdd5be9c32099b
2024:4103120241025240867,p0003,c_5c674a62aa12b11745d8,6aee9a87fce638b349e13b6218c2666f53474e10e05bcdcf99f32d23016ebcca,r_e539c4db14c890028fc2,9,4ca381839bd88f09b6497e6b28b0e9fd49dab0305cc331b586fdd5be9c32099b
2024:4103120241025240868,p0003,c_5c674a62aa12b11745d8,4ef24a29e54359de9ea140545d0215bd93e66c205680ce931ff8d56762fc89a5,r_e539c4db14c890028fc2,9,4ca381839bd88f09b6497e6b28b0e9fd49dab0305cc331b586fdd5be9c32099b
2024:4103120241025240869,p0003,c_5c674a62aa12b11745d8,c63401d0c74c41e944c4d80b849ea4e94a7be154da1b693c630fba5dab697732,r_e539c4db14c890028fc2,9,4ca381839bd88f09b6497e6b28b0e9fd49dab0305cc331b586fdd5be9c32099b
2024:4103120241025240871,p0003,c_5c674a62aa12b11745d8,4e82ffdd2b7afa0a79d6ed0f78cecf5111a93ff1c3cfa9ef17c41b98b8f50146,r_e539c4db14c890028fc2,9,4ca381839bd88f09b6497e6b28b0e9fd49dab0305cc331b586fdd5be9c32099b
2024:4103120241025240872,p0003,c_5c674a62aa12b11745d8,f5a8c5f3ddca81f6c1decc60a377ad6e804c72506264b1bad4e5ccf669240f79,r_e539c4db14c890028fc2,9,4ca381839bd88f09b6497e6b28b0e9fd49dab0305cc331b586fdd5be9c32099b
2024:4103120241025240873,p0003,c_5c674a62aa12b11745d8,4d326d1c54be3a5ca3f147d2a6c3a541068ff408d4fa8bc1406b3f8bd23f8dff,r_e539c4db14c890028fc2,9,4ca381839bd88f09b6497e6b28b0e9fd49dab0305cc331b586fdd5be9c32099b
2024:4103120241025240874,p0003,c_5c674a62aa12b11745d8,e5f1e97785422a3356754cef50507eab3aefe6e39a57cb386406cd86ae8e1247,r_e539c4db14c890028fc2,9,4ca381839bd88f09b6497e6b28b0e9fd49dab0305cc331b586fdd5be9c32099b
2024:4103120241025240875,p0003,c_5c674a62aa12b11745d8,ff2f9b75ff2d133606d175c2b77bb9d3912eac9bf8b1722afbee58a0489b1012,r_e539c4db14c890028fc2,9,4ca381839bd88f09b6497e6b28b0e9fd49dab0305cc331b586fdd5be9c32099b
2024:4103120241039201582,p0014,c_1822128dbb0e70f13b7d,b14a25c2fe7ac61d38a369f7830cb87d842d663b4bc21cbe8537f5fb36911e6c,r_380f28d77df7a5db30a0,11,3730ea3adfe22f4ebbb2880a519ad669705118c89e210f07f7a9c1662d83b5e7
2024:4103120241040009567,p0004,c_c5b7995bf680414a0436,2267fe03bbeffc2a1e3b51223b48a4d98df876549d6368f4d0ad7e7f563e5b51,r_948475ee1ff681d1e65b,11,c34d288aa28210b6c2263fe274a7cab983f2c5feedd5885c5e03a71af74627dd
2024:4103120241041643003,p0003,c_524b26b63f43fa5adc9c,04855ad59843e15825948e51d8fe7ea44f49f2c99d849236da77c7a4b7fd05fb,r_e539c4db14c890028fc2,4,48dcd5c99ff49762ca1ae90d64b5034bb30da45c42591b42f095e5e7bba09934
2024:4110120231807878560,p0004,c_c99e4c1e04a65f2743c2,ee230d62b30e930d2140750b1c06de15b6cc1eb57a4eefca285446cb62a99f52,r_948475ee1ff681d1e65b,11,fa78e4ce8a403cc42a8258d033736cebf7575cd2d5196a97f8b946453fd73714
2024:4110120231807878903,p0012,c_6f9ce1910d5bc217008c,ee5e2b8db8ac1111e97c1ebaa7564890759b94822bf7b103b54989da066ec695,r_75b5cf0824e38d63503f,9,a399e7a0f105264dad48216f375d4983a628857fd57a06e158cb5ad2188be28f
2024:4110120231807969027,p0004,c_c99e4c1e04a65f2743c2,b1337815dbfdd7d3fd08e8f1600bfa1a4d723d88b985d7c4a7454a8e31e5e93b,r_948475ee1ff681d1e65b,11,fa78e4ce8a403cc42a8258d033736cebf7575cd2d5196a97f8b946453fd73714
2024:4110120231807969035,p0004,c_c99e4c1e04a65f2743c2,fae48b7f43203b630287e766cde9ffbd6cadca89dcc056440ea742790b18df13,r_948475ee1ff681d1e65b,11,fa78e4ce8a403cc42a8258d033736cebf7575cd2d5196a97f8b946453fd73714
2024:4110120231809108097,p0015,c_57d8e01958a38820d7b3,df69b96b70220055d99c6c5f1d762c1f5ea1e5873c307d403996368db1c1a647,r_f7a1a92ebd7a39e06876,9,e1eeb1a02cf0c5e8880dcde66101d22100d9d3cc549caee3ae648fbe1c2a9692
2024:4110120241041805550,p0013,c_f403b4b143a23ffe823d,915e418e421bd825d5ad18240ef6f4c264ae6f1e9b433c841e4f196c359291b1,r_2e07349418abdd1528c5,9,938f5e5e31027a82502cc4f45931241a0dc1daa6c6b2e16061ada9c64d9ded82
2024:4110120241041805587,p0013,c_f403b4b143a23ffe823d,19307e5c6abe5c68245cfd55ec1a0dc575fb78946c285de12ecba0515c29ff18,r_2e07349418abdd1528c5,9,938f5e5e31027a82502cc4f45931241a0dc1daa6c6b2e16061ada9c64d9ded82
2024:4110120241041806104,p0009,c_b9c6825d43fd2209aee5,e2e3390b8465e0b261bb6fe531ed0b4f0115b73c64d68d506b0e7c222761e9ab,r_dab5970845ebb9ffcf35,11,2f2727cdaad6c09f75103af92a1fbd8fabec12c1839c6a7bb33048d7f54c8e9f
2024:4110120241041816158,p0014,c_1822128dbb0e70f13b7d,70135d01b3c1a373f3e8155a749d62bdbbbe95be9527496eb2b958ac7f69b7bc,r_380f28d77df7a5db30a0,11,3730ea3adfe22f4ebbb2880a519ad669705118c89e210f07f7a9c1662d83b5e7
2024:4110120241042168374,p0003,c_dcb61ff9a92a3152957c,d91aaa1f417cf945c9c82a6f497dec2b9dbcfe245499b56f26fcbaf0e1a501f8,r_e539c4db14c890028fc2,9,4acb74a94e107976dd432d93e00ce54a9dc041ddc3de81dbcf9284d201005511
2024:4110120241043864878,p0009,c_b9c6825d43fd2209aee5,ea47dd5ffeb0cc6a8bc022e15feeadf2a4eadc3fe6621b6160e710c7b7daf5ef,r_dab5970845ebb9ffcf35,11,2f2727cdaad6c09f75103af92a1fbd8fabec12c1839c6a7bb33048d7f54c8e9f
2024:4110120241043981963,p0003,c_5c674a62aa12b11745d8,a061cd64332f669ba2cbc5b84e8cd505565e654318d8212d1a7e418f042d72f4,r_e539c4db14c890028fc2,9,4ca381839bd88f09b6497e6b28b0e9fd49dab0305cc331b586fdd5be9c32099b
2024:4110120241044022680,p0009,c_b9c6825d43fd2209aee5,b77d9d846172b2b5573d057e9a78022cbea804c5f414c17f40257cc40c1abbfb,r_dab5970845ebb9ffcf35,11,2f2727cdaad6c09f75103af92a1fbd8fabec12c1839c6a7bb33048d7f54c8e9f
2024:4110120241044027734,p0009,c_b9c6825d43fd2209aee5,8936eb8a11c3bd256d722cc907a47da68debfa7537420942f34d72355a56d063,r_dab5970845ebb9ffcf35,11,2f2727cdaad6c09f75103af92a1fbd8fabec12c1839c6a7bb33048d7f54c8e9f
2024:4110120241044378741,p0011,c_6d78c941e832e66bc5f5,ae7f6f0b44cfb27858f428ceaef7268a46a882cbf7aaadd7c52652cce7790e22,r_993179b21d5761402e8e,13,136e23c2659e614f7daf19e0e365c8a536cafb725e086191dc5d2f4ac7fabb57
2024:4110120241044523083,p0009,c_b9c6825d43fd2209aee5,d2124048cccbd59dd2638a13a8698f71b636e2b96d6934da7dbe9a581b963cfa,r_dab5970845ebb9ffcf35,11,2f2727cdaad6c09f75103af92a1fbd8fabec12c1839c6a7bb33048d7f54c8e9f
2024:4110120241044782675,p0003,c_5c674a62aa12b11745d8,6654493ebc753d61e6e50a3c85aafa4ac0f2d3dc57dbefad0b2b7de3275369a9,r_e539c4db14c890028fc2,9,4ca381839bd88f09b6497e6b28b0e9fd49dab0305cc331b586fdd5be9c32099b
2024:4110120241044915619,p0009,c_b9c6825d43fd2209aee5,743ed3bdfff28d3334bfa97127b6bb3f780d0a4a2d2c761200721e5422a3ab02,r_dab5970845ebb9ffcf35,11,2f2727cdaad6c09f75103af92a1fbd8fabec12c1839c6a7bb33048d7f54c8e9f
2024:4110120241045104303,p0009,c_b9c6825d43fd2209aee5,a83d7f8798cc8d464708dc40a414eabd4a800abef938f152a84f424c013c2df1,r_dab5970845ebb9ffcf35,11,2f2727cdaad6c09f75103af92a1fbd8fabec12c1839c6a7bb33048d7f54c8e9f
2024:4110120241045115077,p0009,c_b9c6825d43fd2209aee5,36c11748e249581c6d1cabd3fc6d6484c26c997c53c77b2ae1dab0de4292b977,r_dab5970845ebb9ffcf35,11,2f2727cdaad6c09f75103af92a1fbd8fabec12c1839c6a7bb33048d7f54c8e9f
2024:4110120241046591971,p0002,c_43263d10d8d42de66ef1,c008a8177d6d6841cdfaca9287ba7d8b2ad537ba2b7f200fccf43946353b806c,r_153f6f4b0d25713d8371,11,e78dcd2ea9088c453f153dac7ceaa97df3ea12520b49aac6b5e652420267f0bb
2024:4110120241046591972,p0002,c_43263d10d8d42de66ef1,f024bd917bce090eaa323a78bcafc2923cd8090bafdb07175a6bb4fc1536e1ac,r_153f6f4b0d25713d8371,11,e78dcd2ea9088c453f153dac7ceaa97df3ea12520b49aac6b5e652420267f0bb
2024:4110120241046594610,p0003,c_5c674a62aa12b11745d8,ae51d8bb6d2bd029633599716109883b840d0cf72cc8eca1bb2e6fcf182d0ab8,r_e539c4db14c890028fc2,9,4ca381839bd88f09b6497e6b28b0e9fd49dab0305cc331b586fdd5be9c32099b
2024:4110120241046594612,p0003,c_5c674a62aa12b11745d8,bd19a6fbe78de88f407eefd19f7c6d6f6321578453546a025e14e93d00d966ad,r_e539c4db14c890028fc2,9,4ca381839bd88f09b6497e6b28b0e9fd49dab0305cc331b586fdd5be9c32099b
2024:4110220231809190635,p0009,c_b9c6825d43fd2209aee5,8d25a04e5bbee15cbd9013a0494489bf63e8f25bb70a31678f05ed4c82b73e84,r_dab5970845ebb9ffcf35,11,2f2727cdaad6c09f75103af92a1fbd8fabec12c1839c6a7bb33048d7f54c8e9f
2024:4110220231809225524,p0004,c_c99e4c1e04a65f2743c2,1171babbb1d5c0084ecc18579cdf1e330bc1d200f45dc73c55a57aa024122d0c,r_948475ee1ff681d1e65b,11,fa78e4ce8a403cc42a8258d033736cebf7575cd2d5196a97f8b946453fd73714
2024:4110220231809225526,p0004,c_c99e4c1e04a65f2743c2,a64e8e3c39ebaf4530f8469f7ae0f822987f317be6111335fc9e2c699f10b202,r_948475ee1ff681d1e65b,11,fa78e4ce8a403cc42a8258d033736cebf7575cd2d5196a97f8b946453fd73714
2024:4110220231809250399,p0008,c_eb5f4b964135272e086d,6b47a3c1ede61766922660575087705ffed00c0bb33174506b0a9053d162ba64,r_ea71451d245b6218d4f0,10,4104a539a5e79b0ac055d000d70e89d27ac78b43271d1b875a01d4f10bc71c93
2024:4110220231809250907,p0015,c_41a280f7ff85c63f35b9,9ceddfc28105fe12b04218325bc754ac1a366e500334d849537ddb69be406b07,r_f7a1a92ebd7a39e06876,5,b9c471fa1771d3c9e3aa105974532407ec71737e4e09b11546bcd4777e54732b
2024:4110420241050485859,p0014,c_1822128dbb0e70f13b7d,55c02384d8b5d9ea0fecdc9ad761cc87b5984744061bef0dbf2a003dd4462144,r_380f28d77df7a5db30a0,11,3730ea3adfe22f4ebbb2880a519ad669705118c89e210f07f7a9c1662d83b5e7
2024:4110420241050494757,p0002,c_43263d10d8d42de66ef1,5a5210052db7bf22e820860920d9624e2e6e99d3944789b4595648ea5588ecca,r_153f6f4b0d25713d8371,11,e78dcd2ea9088c453f153dac7ceaa97df3ea12520b49aac6b5e652420267f0bb
2024:4110420241050494763,p0003,c_dcb61ff9a92a3152957c,35f1389dd2e64c2d3dd2ba8897e1f31aaf63da9ed717e311b9a2678fdce1c3e3,r_e539c4db14c890028fc2,9,4acb74a94e107976dd432d93e00ce54a9dc041ddc3de81dbcf9284d201005511
2024:4110420241050494765,p0003,c_dcb61ff9a92a3152957c,51dae38fb7188a1934c43b09c2fde1880f15ae1caf8a9dfa94744aa1cada5ec4,r_e539c4db14c890028fc2,9,4acb74a94e107976dd432d93e00ce54a9dc041ddc3de81dbcf9284d201005511
2024:4110420241050494996,p0011,c_6d78c941e832e66bc5f5,3a054ad38c9736cac1884aeb7556ff44090dafe8507fd84b0171c78efa9f84ec,r_993179b21d5761402e8e,13,136e23c2659e614f7daf19e0e365c8a536cafb725e086191dc5d2f4ac7fabb57
2024:4110420241050528899,p0002,c_28276834972bc20b7eea,b090b3f3dbd00a8d765790f0a297ddf4fa1939db7b525a089b2f810b116b04ce,r_153f6f4b0d25713d8371,11,90b9b2680efc5d8f943ab540286e8b0a4d0ab891f9e6ec8485eba968aa455310
2024:4110420241050528900,p0002,c_28276834972bc20b7eea,50500fc436a1d9f86e89660832b08ff9a6109bcd69c1fb5d600d7bb671897d67,r_153f6f4b0d25713d8371,11,90b9b2680efc5d8f943ab540286e8b0a4d0ab891f9e6ec8485eba968aa455310
2024:4110420241050529244,p0003,c_5c674a62aa12b11745d8,2c2b7435bd2b6943a2b08b048c77112dd67e47e581b8dfbffa5763f77ccc3257,r_e539c4db14c890028fc2,9,4ca381839bd88f09b6497e6b28b0e9fd49dab0305cc331b586fdd5be9c32099b
2024:4110420241050529246,p0003,c_5c674a62aa12b11745d8,ce0ac662e8826ae0a5b44c9b8b9d4f08379d5785ba6663db6036a69ee4cfd007,r_e539c4db14c890028fc2,9,4ca381839bd88f09b6497e6b28b0e9fd49dab0305cc331b586fdd5be9c32099b
2024:4110420241050534112,p0010,c_433597abc27c16d5e313,4059384041a909e9b0f042eb2c89c653f8e8e8dfdec0227be995520286fef7a3,r_36381ff366645780c532,11,b26bdd1cce1031dd2c4f3810d9406c3fb9da4a10fd115591a3ab3bffd587c5a9
2024:4110420241050534427,p0015,c_dd05fcb5866322438262,7d28e19458c21aa0799842b1fb3e9f256786a62625216bfcd8eae8b92e6cbb83,r_f7a1a92ebd7a39e06876,9,7c69c8ee5b184648674e1743a4d66931e8d0beb2c3d7b3bd790f1ab8a76ae1cc
2024:4110420241050534428,p0015,c_dd05fcb5866322438262,14ff041e3d1713df1ea00577392d0e6797f4234d30ca77746a1abf75b0cd202c,r_f7a1a92ebd7a39e06876,9,7c69c8ee5b184648674e1743a4d66931e8d0beb2c3d7b3bd790f1ab8a76ae1cc
2024:4110420241050642702,p0003,c_524b26b63f43fa5adc9c,e44ea9cbbcbc75c54441e0565cd23e184113d991f484cd69b047ef5b347c2780,r_e539c4db14c890028fc2,4,48dcd5c99ff49762ca1ae90d64b5034bb30da45c42591b42f095e5e7bba09934
2024:4110520241050689856,p0002,c_43263d10d8d42de66ef1,81313408f9031c5b340acae5550aef16a0be678051d569f7fe0544c17ebfb2e7,r_153f6f4b0d25713d8371,11,e78dcd2ea9088c453f153dac7ceaa97df3ea12520b49aac6b5e652420267f0bb
2024:4110520241050693039,p0003,c_dcb61ff9a92a3152957c,97e79674e6b2aefa119e78f3e09f629f63f645fde897003dcd921a5f8c2d54ec,r_e539c4db14c890028fc2,9,4acb74a94e107976dd432d93e00ce54a9dc041ddc3de81dbcf9284d201005511
2024:4110520241050694620,p0010,c_433597abc27c16d5e313,11d05b975a2ea078ff28f6c0053ae5fe877d0133bca637e8216acf5f66eab01e,r_36381ff366645780c532,11,b26bdd1cce1031dd2c4f3810d9406c3fb9da4a10fd115591a3ab3bffd587c5a9
2024:4110520241050755542,p0003,c_dcb61ff9a92a3152957c,87c464b8f4ed8bd444dad80e43e2664cea60e613150e73438fa0bd9f64d0ef15,r_e539c4db14c890028fc2,9,4acb74a94e107976dd432d93e00ce54a9dc041ddc3de81dbcf9284d201005511
2024:4110520241050756073,p0002,c_43263d10d8d42de66ef1,bd55305441f48b29b2b6bb41ad6510be5b24618c06c55a2e4975bbafd5799400,r_153f6f4b0d25713d8371,11,e78dcd2ea9088c453f153dac7ceaa97df3ea12520b49aac6b5e652420267f0bb
2024:4110520241050757945,p0011,c_62f041317a9dedf290d4,47b835b6828b0bcfb6c476c5c8d660b6dad4605506b8b6bf4930e8f5ed04cebb,r_993179b21d5761402e8e,11,1d9b6961bd88e4568e846107cf3b8ae775c12896476123fec884374b20e67425
2024:4110520241050760906,p0003,c_5c674a62aa12b11745d8,0a6bc701fc4b52250732187de6d3fdd3ce8645196415a31e80628aad8befdaa0,r_e539c4db14c890028fc2,9,4ca381839bd88f09b6497e6b28b0e9fd49dab0305cc331b586fdd5be9c32099b
2024:4110520241050761878,p0002,c_db11483102ea44f72255,930770f5b933538b2f4f52f160462666c4edce5d46012930c5a1f5dcf6786e14,r_153f6f4b0d25713d8371,10,4e8e664333aad87a05ff50b714811e2914ad2bf89c126b49104faf14b36bcacb
2024:4110520241050875895,p0011,c_6d78c941e832e66bc5f5,58feff344e1c4c7394472030684419fab4e9cb5103ef2c703245b13228d81d38,r_993179b21d5761402e8e,13,136e23c2659e614f7daf19e0e365c8a536cafb725e086191dc5d2f4ac7fabb57
2024:4110520241051141799,p0003,c_dcb61ff9a92a3152957c,b0638edb9f5b838edef1b8d81cf32ed3a9b52958353a87d10fa28a146826f5fc,r_e539c4db14c890028fc2,9,4acb74a94e107976dd432d93e00ce54a9dc041ddc3de81dbcf9284d201005511
2024:4110620241051295977,p0003,c_dcb61ff9a92a3152957c,430d7af8891fec5517a49f608836673cd8d0ee7cde9c13b63407b403e904f42e,r_e539c4db14c890028fc2,9,4acb74a94e107976dd432d93e00ce54a9dc041ddc3de81dbcf9284d201005511
2024:4110620241051297269,p0002,c_43263d10d8d42de66ef1,97ab8a9fa31c79c802ee6b48944232a10371e8c3410bf764d04461265446f55c,r_153f6f4b0d25713d8371,11,e78dcd2ea9088c453f153dac7ceaa97df3ea12520b49aac6b5e652420267f0bb
2024:4110620241051297511,p0004,c_c99e4c1e04a65f2743c2,f8f6e20686545ebc69bcea8a08a63cafaf19be3ded0a3eb91a6bbc1ef0f4599c,r_948475ee1ff681d1e65b,11,fa78e4ce8a403cc42a8258d033736cebf7575cd2d5196a97f8b946453fd73714
2024:4110620241051325742,p0002,c_43263d10d8d42de66ef1,b949fd4cda593a235507d05a99042f6563c084d55e3ff481e8718a447c96619c,r_153f6f4b0d25713d8371,11,e78dcd2ea9088c453f153dac7ceaa97df3ea12520b49aac6b5e652420267f0bb
2024:4110620241051325787,p0003,c_3f565dc57a11191b929b,f7a66bac269ff52ca3622f5c59414b250e963877f1707ab244629d5108cdc7f6,r_e539c4db14c890028fc2,9,557ac4b2fcbc29dfbacdd67738e4da912cc55b77fd84a2d86e6dea25f46a662a
2024:4110620241051325901,p0003,c_3f565dc57a11191b929b,969905d8b6df8a45fdf6323dd249256807fb88c4d2485d141fa1fb323a2fd138,r_e539c4db14c890028fc2,9,557ac4b2fcbc29dfbacdd67738e4da912cc55b77fd84a2d86e6dea25f46a662a
2024:4110620241051326017,p0002,c_43263d10d8d42de66ef1,4f0bb71dad944c4a20651dc6a0b1830c94afb9a1609095d08d18aa1a3cce62e3,r_153f6f4b0d25713d8371,11,e78dcd2ea9088c453f153dac7ceaa97df3ea12520b49aac6b5e652420267f0bb
2024:4110620241051609410,p0015,c_dd05fcb5866322438262,9a93e3f0e96cbe8bf47a1b3ebbd0d21fa69075fb9ce8e3bd872449e29083c013,r_f7a1a92ebd7a39e06876,9,7c69c8ee5b184648674e1743a4d66931e8d0beb2c3d7b3bd790f1ab8a76ae1cc
2024:4110620241051609412,p0015,c_dd05fcb5866322438262,47805b37ad6154ab9a454ca288e2a6dcd5c7202c3e4f0516725dca11618d7152,r_f7a1a92ebd7a39e06876,9,7c69c8ee5b184648674e1743a4d66931e8d0beb2c3d7b3bd790f1ab8a76ae1cc
2024:4110620241051610326,p0003,c_5c674a62aa12b11745d8,37fc52ee778c3e9cfe91bc4cd0073cced8aa6fb6f08d1040621ef1ba40b52b0d,r_e539c4db14c890028fc2,9,4ca381839bd88f09b6497e6b28b0e9fd49dab0305cc331b586fdd5be9c32099b
2024:4110620241051647454,p0004,c_c99e4c1e04a65f2743c2,080f337f44e129beaa70284197cb0e94fb7df3459afd53b44ceb3e9f91fede0c,r_948475ee1ff681d1e65b,11,fa78e4ce8a403cc42a8258d033736cebf7575cd2d5196a97f8b946453fd73714
2024:4110720231809872961,p0012,c_6f9ce1910d5bc217008c,e9cd2f3f896055f49c2332a4a1cade113d2f8952e2e314411a60e864c1a24818,r_75b5cf0824e38d63503f,9,a399e7a0f105264dad48216f375d4983a628857fd57a06e158cb5ad2188be28f
2024:4110720231809884107,p0004,c_c99e4c1e04a65f2743c2,5b5d4ccf8e85055255e98bfa37daee04bb44151bcd9fda5694c058da033d2fcc,r_948475ee1ff681d1e65b,11,fa78e4ce8a403cc42a8258d033736cebf7575cd2d5196a97f8b946453fd73714
2024:4110720231809888973,p0004,c_c99e4c1e04a65f2743c2,9eb1a62bb673e0f9bc72e8ca33e2670077bfeda24435f6f83c3af87d50fac667,r_948475ee1ff681d1e65b,11,fa78e4ce8a403cc42a8258d033736cebf7575cd2d5196a97f8b946453fd73714
2024:4110720231809906086,p0004,c_c99e4c1e04a65f2743c2,9dbf470ab6d62a614854121c825e04e034e74bb21f5a4d27b6eb9e5c29584257,r_948475ee1ff681d1e65b,11,fa78e4ce8a403cc42a8258d033736cebf7575cd2d5196a97f8b946453fd73714
2024:4110720231809914112,p0012,c_76e8b2ac6f7d7fb25c03,330b4e7d53f22da0d5ba23ea33856d52b2412bd819d02050b6d2bc8f5a38f320,r_75b5cf0824e38d63503f,9,85a1a3fa11cf5897b9852fa1a92662e899c1cbf37f1abfc484e5f7c5ca1e9e61
2024:4110720231809993675,p0012,c_2769a4150add3c0532b2,dd25e3c911c04f190815c9e88481f2a63ed85959583f55a9a422f8f46d3ebde5,r_75b5cf0824e38d63503f,5,dd7edaa2b081c807f843ff12529e3754653e1b63e46c67f57a987b1305a8ad35
2024:4110720231809999486,p0012,c_d35fb27ff1ea01f18618,274ac42e29eaacf462c899b8eda0f91e9b21dd7cb1dbfed64ff9606b23a1e068,r_75b5cf0824e38d63503f,4,c3c60d2c84d9384b944b0ba6645c954c1c77b886c4fd0ee8b3491cb4bef6923a
2024:4110720241057470117,p0004,c_c99e4c1e04a65f2743c2,dd2cdc293dc838b28efc4edc0bd58d8a758e9a0b1bac3e65f4d3facc3f086393,r_948475ee1ff681d1e65b,11,fa78e4ce8a403cc42a8258d033736cebf7575cd2d5196a97f8b946453fd73714
2024:4110720241057470118,p0004,c_c99e4c1e04a65f2743c2,3ddc0a2474cdde85a7db308e2a78623388b546dc947b14738a0b66e2aac4f8a4,r_948475ee1ff681d1e65b,11,fa78e4ce8a403cc42a8258d033736cebf7575cd2d5196a97f8b946453fd73714
2024:4110720241057470119,p0004,c_c99e4c1e04a65f2743c2,c8c9c6e492f36ea36f96df568286ee4afe92372638bc11c950cf6c067a4c3b34,r_948475ee1ff681d1e65b,11,fa78e4ce8a403cc42a8258d033736cebf7575cd2d5196a97f8b946453fd73714
2024:4110720241057470120,p0004,c_c99e4c1e04a65f2743c2,eec97a0151e228f5da507436fd54935c3f167fe493c5721176e582dbb4d54349,r_948475ee1ff681d1e65b,11,fa78e4ce8a403cc42a8258d033736cebf7575cd2d5196a97f8b946453fd73714
2024:4110720241057470121,p0004,c_c99e4c1e04a65f2743c2,291af7553d60ef67e9cc5bd10000796acfe357fbb50f679eae25e2e9163defb8,r_948475ee1ff681d1e65b,11,fa78e4ce8a403cc42a8258d033736cebf7575cd2d5196a97f8b946453fd73714
2024:4110720241057470122,p0004,c_c99e4c1e04a65f2743c2,7641f9532e3c095b6c042d2bb7327acf73eac64a1ce5987bd85db4ee0ff87806,r_948475ee1ff681d1e65b,11,fa78e4ce8a403cc42a8258d033736cebf7575cd2d5196a97f8b946453fd73714
2024:4110720241063247848,p0020,c_ff6993ba2f374406ac24,ac7204b75e036515e71394f8e63aed2e693922d516748097a4cee2771fc0e84e,r_e1bc9fb32f1f0e4aaac5,7,db60179b015bf6296ba5f0e627bba435743a932a8d1521afa568986e50abee3d
2024:4110720241063409094,p0012,c_127816033aeca7a4cf79,0f215abc82c991acf83d5043e94a5b6804e77373020286cb1d52652661e60511,r_75b5cf0824e38d63503f,4,753fb78ca36419228c58f6febcc585b3ca23151af6c178bbda69e3100412f949
2024:4110720241063409095,p0012,c_127816033aeca7a4cf79,69be7ccdaee106b7f654762dcea10a93f4eb8e0467de9d463072f179583315af,r_75b5cf0824e38d63503f,4,753fb78ca36419228c58f6febcc585b3ca23151af6c178bbda69e3100412f949
2024:4110720241063409096,p0012,c_127816033aeca7a4cf79,ca597d3287e051b50448a509a96030d6e3595ff03315e2896223b9f6fd9ef060,r_75b5cf0824e38d63503f,4,753fb78ca36419228c58f6febcc585b3ca23151af6c178bbda69e3100412f949
2024:4110720241063409097,p0012,c_127816033aeca7a4cf79,259f42bc13e0260785e87ee5fc6b0a3e3f2faa8a167cbb8eac55dd0146b34e60,r_75b5cf0824e38d63503f,4,753fb78ca36419228c58f6febcc585b3ca23151af6c178bbda69e3100412f949
2024:4110720241063409098,p0012,c_127816033aeca7a4cf79,3e671159e241d9160bd803245887b97bb67608766b684f4d0f03331ab8f71889,r_75b5cf0824e38d63503f,4,753fb78ca36419228c58f6febcc585b3ca23151af6c178bbda69e3100412f949
2024:4110720241063409099,p0012,c_127816033aeca7a4cf79,43b894ccd5b79d9ca8967e2a72a6e71a1fd99c0ab6c4be603d116db944f29dd1,r_75b5cf0824e38d63503f,4,753fb78ca36419228c58f6febcc585b3ca23151af6c178bbda69e3100412f949
2024:4110720241066476040,p0020,c_b20c0f97b2ee20bd113a,97efb6a2b274f9c38397ece896295d38e1bebc0ad5eaa552bb4083d5e0983ee4,r_e1bc9fb32f1f0e4aaac5,7,e437a8a9bb5a7ac74a243b6908be26ab139d4389b13021965561a5a9f12c4213
2024:4110720241066677549,p0015,c_57d8e01958a38820d7b3,e6368573374c730e346803a4c8902cc4b6d79655e4ce5c1be4338df8f3687d7f,r_f7a1a92ebd7a39e06876,9,e1eeb1a02cf0c5e8880dcde66101d22100d9d3cc549caee3ae648fbe1c2a9692
2024:4110820241067722060,p0002,c_43263d10d8d42de66ef1,898e3ba57cd2278d1191510c4cfcd0c946b10a1178674c46c850da45d74d12a1,r_153f6f4b0d25713d8371,11,e78dcd2ea9088c453f153dac7ceaa97df3ea12520b49aac6b5e652420267f0bb
2024:4110820241067723156,p0003,c_dcb61ff9a92a3152957c,49ff3954e905864f491310fa79f6e5266550095dbc7aa9861ce3dd84fdd8dd04,r_e539c4db14c890028fc2,9,4acb74a94e107976dd432d93e00ce54a9dc041ddc3de81dbcf9284d201005511
2024:4110820241067818147,p0015,c_dd05fcb5866322438262,680bdf9c29d9cca5cd33f9ad459f621e4a910a8a10d01835df4bf98bc26accbd,r_f7a1a92ebd7a39e06876,9,7c69c8ee5b184648674e1743a4d66931e8d0beb2c3d7b3bd790f1ab8a76ae1cc
2024:4110820241067823431,p0014,c_1822128dbb0e70f13b7d,d09d92dd73e772632fc813a3302fcd1bcd1d8616615a80e3884d24bca66ec26c,r_380f28d77df7a5db30a0,11,3730ea3adfe22f4ebbb2880a519ad669705118c89e210f07f7a9c1662d83b5e7
2024:4110820241067854799,p0010,c_433597abc27c16d5e313,a74ec579adc35512726ce1fb5e7a2a5ee2c5927790b61765f666022e6f29b387,r_36381ff366645780c532,11,b26bdd1cce1031dd2c4f3810d9406c3fb9da4a10fd115591a3ab3bffd587c5a9
2024:4111220241068019033,p0009,c_b9c6825d43fd2209aee5,814567ccee7ee3d255736b249ade16092cbafb4abe9d141e9987e9e8e5ac13ac,r_dab5970845ebb9ffcf35,11,2f2727cdaad6c09f75103af92a1fbd8fabec12c1839c6a7bb33048d7f54c8e9f
2024:4111220241068023556,p0009,c_b9c6825d43fd2209aee5,3310f7d839841d625043f3987d009647c7575e9fe30c7f38920394d922b62013,r_dab5970845ebb9ffcf35,11,2f2727cdaad6c09f75103af92a1fbd8fabec12c1839c6a7bb33048d7f54c8e9f
2024:4111220241068072748,p0003,c_dcb61ff9a92a3152957c,e896286aac3842b1f11ba8c9b6e6fba7ac58894ce5a7705bb9d95c3b673392f6,r_e539c4db14c890028fc2,9,4acb74a94e107976dd432d93e00ce54a9dc041ddc3de81dbcf9284d201005511
2024:4111320231810143324,p0004,c_c99e4c1e04a65f2743c2,3ff0b1861dcd471f23683d546de15a66325b28fae261a59ce02c5e775f9e7369,r_948475ee1ff681d1e65b,11,fa78e4ce8a403cc42a8258d033736cebf7575cd2d5196a97f8b946453fd73714
2024:4111320231810143325,p0004,c_c99e4c1e04a65f2743c2,9863495744f377ec0dd73488fda46a2e1640aca02c8721281718055131fdbd99,r_948475ee1ff681d1e65b,11,fa78e4ce8a403cc42a8258d033736cebf7575cd2d5196a97f8b946453fd73714
2024:4111320241068162060,p0002,c_43263d10d8d42de66ef1,da44d157fd5b5576172b979fcf8c942c5099010aee04890de27bacd2c1895602,r_153f6f4b0d25713d8371,11,e78dcd2ea9088c453f153dac7ceaa97df3ea12520b49aac6b5e652420267f0bb
2024:4111320241068162061,p0002,c_43263d10d8d42de66ef1,a10ef239ffac92c726719b4069cdda0bc0fea7ddb272d81f4867f8d510227aa9,r_153f6f4b0d25713d8371,11,e78dcd2ea9088c453f153dac7ceaa97df3ea12520b49aac6b5e652420267f0bb
2024:4111320241068162180,p0003,c_3f565dc57a11191b929b,48ffdf3c3fd423fe2b393ad5ea512d22dec212bff363578917b2b0924a46b1ed,r_e539c4db14c890028fc2,9,557ac4b2fcbc29dfbacdd67738e4da912cc55b77fd84a2d86e6dea25f46a662a
2024:4111320241068162182,p0003,c_3f565dc57a11191b929b,37131c335df65c6bc3e70ddf0fee6829b548a93b2ec9b87670151c34bd090941,r_e539c4db14c890028fc2,9,557ac4b2fcbc29dfbacdd67738e4da912cc55b77fd84a2d86e6dea25f46a662a
2024:4111320241068239178,p0004,c_c99e4c1e04a65f2743c2,e1f51bc935c22954a8a430736cc1b5fe914512d9f2cc3330bdfe09cccad7242e,r_948475ee1ff681d1e65b,11,fa78e4ce8a403cc42a8258d033736cebf7575cd2d5196a97f8b946453fd73714
2024:4111320241068239179,p0004,c_c99e4c1e04a65f2743c2,02f97745d161c52e556137dc1f138d151bf85cb49284a265f90e542ff8231789,r_948475ee1ff681d1e65b,11,fa78e4ce8a403cc42a8258d033736cebf7575cd2d5196a97f8b946453fd73714
2024:4111320241068240385,p0020,c_ff6993ba2f374406ac24,3c8c8c95b28862391f4d608cf7619a75777ec90e8976d784087e06546ea1ef85,r_e1bc9fb32f1f0e4aaac5,7,db60179b015bf6296ba5f0e627bba435743a932a8d1521afa568986e50abee3d
2024:4111320241068299646,p0003,c_dcb61ff9a92a3152957c,4ae8a824b5f81ab0c1aa11dc57ca1f3ac7675669f4963f251de62dc6804ab7b2,r_e539c4db14c890028fc2,9,4acb74a94e107976dd432d93e00ce54a9dc041ddc3de81dbcf9284d201005511
2024:4111320241068304806,p0012,c_6f9ce1910d5bc217008c,e9bbecaf7f35bdaa2bd9030ccd705ef78e6ae8a389b47a0adf823e46fe3d3177,r_75b5cf0824e38d63503f,9,a399e7a0f105264dad48216f375d4983a628857fd57a06e158cb5ad2188be28f
2024:4111320241068309700,p0012,c_127816033aeca7a4cf79,f310bf0adf39bf381613a9cfb2e2a42f1473d2b5096728ab98f1228fbd76e500,r_75b5cf0824e38d63503f,4,753fb78ca36419228c58f6febcc585b3ca23151af6c178bbda69e3100412f949
2024:4111320241068331913,p0001,c_48e9be9f9f0bb7ca1bd6,bb75432593f7d38a3ef1b5a139623e0919aff79adadb57ee359d0d232c92a813,r_e75b91aaab70b14a204d,10,87098fa3ab0fbdde5d650e29a589e4e096f35d1da1769f87e6bc393adf190ae0
2024:4111320241068342174,p0004,c_c99e4c1e04a65f2743c2,66419e30c2cf2b1f08824f0acd24c820d4562691cdfc7b1c7fc43076230ec6eb,r_948475ee1ff681d1e65b,11,fa78e4ce8a403cc42a8258d033736cebf7575cd2d5196a97f8b946453fd73714
2024:4111320241068364677,p0012,c_6f9ce1910d5bc217008c,87bb59c7de067712eef7707e45930abc78ef9a90059fdd081c9d38bf749f2f3d,r_75b5cf0824e38d63503f,9,a399e7a0f105264dad48216f375d4983a628857fd57a06e158cb5ad2188be28f
2024:4111320241068380532,p0015,c_dd05fcb5866322438262,ff27830990f7d0fccf0f4967fce7e39773483737718a5f50e5d3795ed52872b1,r_f7a1a92ebd7a39e06876,9,7c69c8ee5b184648674e1743a4d66931e8d0beb2c3d7b3bd790f1ab8a76ae1cc
2024:4111320241068410463,p0001,c_fd14a930b959e917c8cf,8eaf3d2e4cf856f11149cd4fde11b1378af8edb7228f21911d9c58e1a1df47eb,r_e75b91aaab70b14a204d,9,35281aac9607a146d03c785c4df14888ecbb906080b114382a071197d6a0b246
2024:4111420241068467111,p0011,c_6d78c941e832e66bc5f5,4355ae35c68695b1c46f0ae62da354047fb652cb98dd7b0f338200e66660d452,r_993179b21d5761402e8e,13,136e23c2659e614f7daf19e0e365c8a536cafb725e086191dc5d2f4ac7fabb57
2024:4111420241068473080,p0007,c_9c859fb024183d8954a6,1fea3f298fa94513d93a644303bd990ff3b25da27301a856884b615e0137fa12,r_d781d1e025b21b40484f,9,d2cbf8c001b7c6c6c5c99a6e795d669e85cd83b561f4980de9fb8c0e3702cedd
2024:4111420241068473081,p0007,c_9c859fb024183d8954a6,18248b634fe968bc2ff0824e69acd96201bea127d61b55472854a1f27e6418b6,r_d781d1e025b21b40484f,9,d2cbf8c001b7c6c6c5c99a6e795d669e85cd83b561f4980de9fb8c0e3702cedd
2024:4111420241068473082,p0007,c_9c859fb024183d8954a6,95915e6ec877e8500a5bb7ee2952609730c6f361e7b466e79c3fccfbc8a100bb,r_d781d1e025b21b40484f,9,d2cbf8c001b7c6c6c5c99a6e795d669e85cd83b561f4980de9fb8c0e3702cedd
2024:4111420241068557697,p0009,c_b9c6825d43fd2209aee5,7b37b7cd946a00e401b6b62bb5c5bec9175b22e31981baa655aca7d1e5814f41,r_dab5970845ebb9ffcf35,11,2f2727cdaad6c09f75103af92a1fbd8fabec12c1839c6a7bb33048d7f54c8e9f
2024:4111420241068588328,p0004,c_c0e269b9ba20b2de8232,ffa16bc1dbe5d8c7b22091e4d4dc17433324c9b8985b65e144cca8eb785e57b8,r_948475ee1ff681d1e65b,11,27b1911f83e7f6152a20a0041e51011afb2e9ad1cb885be26543906ee642aaaf
2024:4111420241068691750,p0004,c_c99e4c1e04a65f2743c2,dcc706ef25f5723e15554567d359a94181b8888846e66b8f0cc1d88983c7c571,r_948475ee1ff681d1e65b,11,fa78e4ce8a403cc42a8258d033736cebf7575cd2d5196a97f8b946453fd73714
2024:4111420241068713117,p0001,c_3b4e2a05f2eee8ee1cdc,7f59740ce50763df91c84988416ace0c630d55a381a0a49d7ae90852f1ab4a00,r_e75b91aaab70b14a204d,13,407c04763aab0fc3f8b35f9f14c99549bb8fd845574b08cdd3d7fefa486133b5
2024:4111420241068713118,p0001,c_3b4e2a05f2eee8ee1cdc,319868b167477c6f84e64c6e7d4e7f54bf4aa859f1ca47e2ba6b2f04417fb385,r_e75b91aaab70b14a204d,13,407c04763aab0fc3f8b35f9f14c99549bb8fd845574b08cdd3d7fefa486133b5
2024:4111420241068713119,p0001,c_3b4e2a05f2eee8ee1cdc,0ddb48e4b1362f0a8d2e8e75011757e0b798ca1fd725d185a9aa92ac7940fb80,r_e75b91aaab70b14a204d,13,407c04763aab0fc3f8b35f9f14c99549bb8fd845574b08cdd3d7fefa486133b5
2024:4111420241068713120,p0001,c_3b4e2a05f2eee8ee1cdc,92178ea294a6892e99f61030d422c27db6d278c017a9220b7cb37139ec52fd54,r_e75b91aaab70b14a204d,13,407c04763aab0fc3f8b35f9f14c99549bb8fd845574b08cdd3d7fefa486133b5
2024:4111420241068713121,p0001,c_3b4e2a05f2eee8ee1cdc,e6c84a22ddd68816f582e1871f29acaccc386d2dcb433e353257ee143eab6e64,r_e75b91aaab70b14a204d,13,407c04763aab0fc3f8b35f9f14c99549bb8fd845574b08cdd3d7fefa486133b5
2024:4111420241068713122,p0001,c_3b4e2a05f2eee8ee1cdc,ab3f2e477bde9f43ec22e26315d5dbbd74c7e0c6b6986e54fe74754dbdf9746d,r_e75b91aaab70b14a204d,13,407c04763aab0fc3f8b35f9f14c99549bb8fd845574b08cdd3d7fefa486133b5
2024:4111420241068713123,p0001,c_3b4e2a05f2eee8ee1cdc,196c2103c3c9b291b60412581dc1e8f68107edd692071d61d36d41b3c183d42b,r_e75b91aaab70b14a204d,13,407c04763aab0fc3f8b35f9f14c99549bb8fd845574b08cdd3d7fefa486133b5
2024:4111420241068781500,p0002,c_4b64baaa01dc4eca3d70,e9f1637aeaa454583e3859c4ba0be66a819ce124d3b3965959cb5f07286b5395,r_153f6f4b0d25713d8371,11,ef446f70a3583fce1f4ac47f95eea9a1d202a1764f613d71fa79944220b4464e
2024:4111420241068781502,p0003,c_dcb61ff9a92a3152957c,710011cbbc5ba39b08d47a45fc3a7bb67f0af6913b995265694af197e665e99d,r_e539c4db14c890028fc2,9,4acb74a94e107976dd432d93e00ce54a9dc041ddc3de81dbcf9284d201005511
2024:4111420241068790527,p0003,c_dcb61ff9a92a3152957c,1d0d0e135e817dec79c42639f8bbf7c66fb5a4dd6a48961ef9992addfd2280ba,r_e539c4db14c890028fc2,9,4acb74a94e107976dd432d93e00ce54a9dc041ddc3de81dbcf9284d201005511
2024:4111420241068794357,p0020,c_b20c0f97b2ee20bd113a,812f609c4ddc11e057a9d561c0e846b5fc4438689a10e0a12cb4e984298ca144,r_e1bc9fb32f1f0e4aaac5,7,e437a8a9bb5a7ac74a243b6908be26ab139d4389b13021965561a5a9f12c4213
2024:4111420241068853556,p0003,c_dcb61ff9a92a3152957c,cb3a65a55711f92a02b98cc89a3bd1399437b68430250957e9309de5d5382acf,r_e539c4db14c890028fc2,9,4acb74a94e107976dd432d93e00ce54a9dc041ddc3de81dbcf9284d201005511
2024:4111420241068854284,p0002,c_e7a14411d0a9767531a8,629961b4feae163af6ffbd70e97ba780f61ed8e7ef3ad8826b0dde53d489a2cd,r_153f6f4b0d25713d8371,10,c3a1b689ad43c03b10d4e4d40dd004bdff8cefd7d69024c6f42e105b8e281a22
2024:4111420241068855002,p0003,c_5c674a62aa12b11745d8,62cb2b3c2de1c81ca3740a5c3fcef52f6078385e86b2767a22b73a621e4bda8d,r_e539c4db14c890028fc2,9,4ca381839bd88f09b6497e6b28b0e9fd49dab0305cc331b586fdd5be9c32099b
2024:4111520241068938650,p0012,c_6f9ce1910d5bc217008c,e079fa3dca4fbbd18afc6f9c7c9bcc572db49c130dbe8f922161388457f471db,r_75b5cf0824e38d63503f,9,a399e7a0f105264dad48216f375d4983a628857fd57a06e158cb5ad2188be28f
2024:4111520241068939702,p0002,c_4b64baaa01dc4eca3d70,7764db814cd9372140f61d46e20c84afa582abf92ddf6c29d2b4debcd5f3e1db,r_153f6f4b0d25713d8371,11,ef446f70a3583fce1f4ac47f95eea9a1d202a1764f613d71fa79944220b4464e
2024:4111520241068939703,p0002,c_4b64baaa01dc4eca3d70,e5e51810087dcd841a50a203edeeb35198900e018e48387819a8b9dc9f7b28ce,r_153f6f4b0d25713d8371,11,ef446f70a3583fce1f4ac47f95eea9a1d202a1764f613d71fa79944220b4464e
2024:4111520241068939704,p0002,c_4b64baaa01dc4eca3d70,6aa93e7f103bae8d2e0f3c7d060ea756a67991fb76b7f3ca9464b489719e2325,r_153f6f4b0d25713d8371,11,ef446f70a3583fce1f4ac47f95eea9a1d202a1764f613d71fa79944220b4464e
2024:4111520241068939829,p0003,c_dcb61ff9a92a3152957c,f1078aa99046b2918490412792f8c7055521230b4eb5e484ea4b19ec02770749,r_e539c4db14c890028fc2,9,4acb74a94e107976dd432d93e00ce54a9dc041ddc3de81dbcf9284d201005511
2024:4111520241068939830,p0003,c_dcb61ff9a92a3152957c,7f0ff9a7166b72b6e2604a962de47715aee4ae044c9b37b6ecb4fa1f656bfa1d,r_e539c4db14c890028fc2,9,4acb74a94e107976dd432d93e00ce54a9dc041ddc3de81dbcf9284d201005511
2024:4111520241068939831,p0003,c_dcb61ff9a92a3152957c,5e6cb1ef1d453f0e37161014174acb3ffa8e981f7ded86cdafbf2124e722572d,r_e539c4db14c890028fc2,9,4acb74a94e107976dd432d93e00ce54a9dc041ddc3de81dbcf9284d201005511
2024:4111520241068968158,p0002,c_43263d10d8d42de66ef1,5a3d80d960133c55925c448fab02c037c798bdf0a58db2c46d73d284fa5c6326,r_153f6f4b0d25713d8371,11,e78dcd2ea9088c453f153dac7ceaa97df3ea12520b49aac6b5e652420267f0bb
2024:4111520241068968316,p0003,c_dcb61ff9a92a3152957c,c7f69afc7fb25816136eead4dd8f9aa9664a92ec183a4ecbfad6ada69c8c9e66,r_e539c4db14c890028fc2,9,4acb74a94e107976dd432d93e00ce54a9dc041ddc3de81dbcf9284d201005511
2024:4111520241069104410,p0002,c_43263d10d8d42de66ef1,6fdc04724bb610fe2c95ebf0722687cef6a0a3889bb3d77b16de843c997211cc,r_153f6f4b0d25713d8371,11,e78dcd2ea9088c453f153dac7ceaa97df3ea12520b49aac6b5e652420267f0bb
2024:4111520241069108902,p0003,c_5c674a62aa12b11745d8,80cf509394ef7c4a707eb4f933b73e30013492a3311ab799b2f98b53f5f2df2c,r_e539c4db14c890028fc2,9,4ca381839bd88f09b6497e6b28b0e9fd49dab0305cc331b586fdd5be9c32099b
2024:4111520241069133849,p0004,c_c99e4c1e04a65f2743c2,305e8a4ea362ad08038ffa5e05de9e704ffab093a567557433c13387d01d4018,r_948475ee1ff681d1e65b,11,fa78e4ce8a403cc42a8258d033736cebf7575cd2d5196a97f8b946453fd73714
2024:4111620241069703909,p0010,c_433597abc27c16d5e313,b166bacf36ad4a35c478020c37ca9d7a3fbbf2cd5ca76402a4b1d5926aad8473,r_36381ff366645780c532,11,b26bdd1cce1031dd2c4f3810d9406c3fb9da4a10fd115591a3ab3bffd587c5a9
2024:4111620241069703910,p0010,c_433597abc27c16d5e313,df4d2734b89d0f5402ad0b1f67f144c7b8f93d7f5d03a36210cd3e61413ced32,r_36381ff366645780c532,11,b26bdd1cce1031dd2c4f3810d9406c3fb9da4a10fd115591a3ab3bffd587c5a9
2024:4111620241069703911,p0010,c_433597abc27c16d5e313,0ea437bd3552ecf7084a29f71ed1632bf61e5d5fbf535c77cedb321536876ac4,r_36381ff366645780c532,11,b26bdd1cce1031dd2c4f3810d9406c3fb9da4a10fd115591a3ab3bffd587c5a9
2024:4111620241069716308,p0009,c_b9c6825d43fd2209aee5,4f6c09f80c2b8200d6fd37bb118aa40016f13b91949ecf0151e862b7099583a5,r_dab5970845ebb9ffcf35,11,2f2727cdaad6c09f75103af92a1fbd8fabec12c1839c6a7bb33048d7f54c8e9f
2024:4111720231810818727,p0017,c_9482c33b8f0a32cee5b6,daee0bdaa15cdafdb61f73cbdcef281627e23b1e44256b67c489961f1ca099df,r_ae41956a00997222c064,10,d3e65cd027ef425c5f38409abac63932b014879d1ed194546d75a96fdfd562f5
2024:4111820241069964212,p0012,c_6f9ce1910d5bc217008c,40f6302b7392bf6fab7d89d947bea2a8ab7ace21d7c11d2838431c17242d6002,r_75b5cf0824e38d63503f,9,a399e7a0f105264dad48216f375d4983a628857fd57a06e158cb5ad2188be28f
2024:4111820241070162697,p0012,c_76e8b2ac6f7d7fb25c03,d4a024ac397d959530d478cc126d99efe3e2bae2a9c146e7862a5cc6b5727d2a,r_75b5cf0824e38d63503f,9,85a1a3fa11cf5897b9852fa1a92662e899c1cbf37f1abfc484e5f7c5ca1e9e61
2024:4111820241070162699,p0012,c_76e8b2ac6f7d7fb25c03,8a0ab7a1dc17ee0bb1e9e22b5f37cde4139b5df51781d592c1f4e053ab817807,r_75b5cf0824e38d63503f,9,85a1a3fa11cf5897b9852fa1a92662e899c1cbf37f1abfc484e5f7c5ca1e9e61
2024:4111820241070213666,p0012,c_6f9ce1910d5bc217008c,3d85e7597aca829652d3ecd6048e0f79a515d68ca6381ba03e518a80a52e2e0a,r_75b5cf0824e38d63503f,9,a399e7a0f105264dad48216f375d4983a628857fd57a06e158cb5ad2188be28f
2024:4111820241070225533,p0012,c_6f9ce1910d5bc217008c,19f8e8ef002ae6300c3d051e80bdb78f67d0ffea902df04d8108dbbd5c563128,r_75b5cf0824e38d63503f,9,a399e7a0f105264dad48216f375d4983a628857fd57a06e158cb5ad2188be28f
2024:4111920241070342671,p0003,c_dcb61ff9a92a3152957c,6a31ba1e6297ea88d7640279bc5a9560e2778282e43b65a5e3738753accdafb8,r_e539c4db14c890028fc2,9,4acb74a94e107976dd432d93e00ce54a9dc041ddc3de81dbcf9284d201005511
2024:4111920241070528263,p0003,c_dcb61ff9a92a3152957c,ec7284c0cc39910f13e010f6fd293e8e1fcb71cd2356a3f4efead6bd7a705805,r_e539c4db14c890028fc2,9,4acb74a94e107976dd432d93e00ce54a9dc041ddc3de81dbcf9284d201005511
2024:4111920241070528346,p0012,c_6f9ce1910d5bc217008c,ef4b18f488f8c218c6640bf17754aa67cc0119992270b44d09d34a64a26231b7,r_75b5cf0824e38d63503f,9,a399e7a0f105264dad48216f375d4983a628857fd57a06e158cb5ad2188be28f
2024:4111920241070557259,p0004,c_c99e4c1e04a65f2743c2,8b7bf4be6092e34f401256fcefa9ecf9ec6a1751c40a832a2b7bf33dbf1b9400,r_948475ee1ff681d1e65b,11,fa78e4ce8a403cc42a8258d033736cebf7575cd2d5196a97f8b946453fd73714
2024:4111920241070557260,p0004,c_c99e4c1e04a65f2743c2,3f9f86b9caccd88940a8edbaf78c80ce766d95210726321a56f597c9f8d3f171,r_948475ee1ff681d1e65b,11,fa78e4ce8a403cc42a8258d033736cebf7575cd2d5196a97f8b946453fd73714
2024:4111920241070898338,p0003,c_5c674a62aa12b11745d8,b31e52e0b2c04fc36ed4dbd38569119cd1e39f594c2f632628575a327dc77dd7,r_e539c4db14c890028fc2,9,4ca381839bd88f09b6497e6b28b0e9fd49dab0305cc331b586fdd5be9c32099b
2024:4111920241070933414,p0002,c_43263d10d8d42de66ef1,3ee95c94d6635c8887e774ef372b5b24c4397ca3913375981e1ed439eb771240,r_153f6f4b0d25713d8371,11,e78dcd2ea9088c453f153dac7ceaa97df3ea12520b49aac6b5e652420267f0bb
2024:4111920241070933416,p0003,c_5c674a62aa12b11745d8,e8a2fa185473094e93d067041620cb3b6424326235d9fed4b3f36d209022aaae,r_e539c4db14c890028fc2,9,4ca381839bd88f09b6497e6b28b0e9fd49dab0305cc331b586fdd5be9c32099b
2024:4111920241070935691,p0002,c_43263d10d8d42de66ef1,d875c5079d95f5d24aa7991bce265cda28545164444c3f6cca42d5749773ff29,r_153f6f4b0d25713d8371,11,e78dcd2ea9088c453f153dac7ceaa97df3ea12520b49aac6b5e652420267f0bb
2024:4111920241070935694,p0003,c_5c674a62aa12b11745d8,332a96ed48cf9b604dc4a858024a99af6b0349639695ea0c348bb254212cb7c9,r_e539c4db14c890028fc2,9,4ca381839bd88f09b6497e6b28b0e9fd49dab0305cc331b586fdd5be9c32099b
2024:4111920241070953522,p0002,c_43263d10d8d42de66ef1,fefe10a91015567e3a7b6412853ee47f8d0c05879f71aef6556503f533441d0b,r_153f6f4b0d25713d8371,11,e78dcd2ea9088c453f153dac7ceaa97df3ea12520b49aac6b5e652420267f0bb
2024:4111920241070953526,p0003,c_5c674a62aa12b11745d8,780e1fd2e7a61e7422320bd710653585f64e698c0c7600bb8b4be1362ec906cf,r_e539c4db14c890028fc2,9,4ca381839bd88f09b6497e6b28b0e9fd49dab0305cc331b586fdd5be9c32099b
2024:4111920241070996151,p0012,c_6f9ce1910d5bc217008c,ba4a7c6210fd5a7aa0094ab872a5316d98f500fc4d782cbbba6bf2f615879d19,r_75b5cf0824e38d63503f,9,a399e7a0f105264dad48216f375d4983a628857fd57a06e158cb5ad2188be28f
2024:4111920241071147464,p0012,c_6f9ce1910d5bc217008c,73163843c2ae3030f79fb2443fff74f347614f622549995378147556ab867efb,r_75b5cf0824e38d63503f,9,a399e7a0f105264dad48216f375d4983a628857fd57a06e158cb5ad2188be28f
2024:4112020231810987033,p0017,c_e5cab3fd30bd1dfd643e,34d4f76b6bf67eb07f7aa5b63db92308b3213474c2b51647056176f4e75befe1,r_ae41956a00997222c064,9,070899df6e4127eec1f3fee36844d221b942a25187e8c5ce1fda56008524f863
2024:4112020241071250228,p0015,c_dd05fcb5866322438262,bc6f499f1034a2dd326a08c5eafce88271d16b8898f5c4235f1bab109b0b761d,r_f7a1a92ebd7a39e06876,9,7c69c8ee5b184648674e1743a4d66931e8d0beb2c3d7b3bd790f1ab8a76ae1cc
2024:4112020241071250358,p0015,c_dd05fcb5866322438262,86b5ec8fce97eee3b9eb323d176723d138792f79dfb1ddcc32e1831d4e776944,r_f7a1a92ebd7a39e06876,9,7c69c8ee5b184648674e1743a4d66931e8d0beb2c3d7b3bd790f1ab8a76ae1cc
2024:4112020241071302544,p0002,c_43263d10d8d42de66ef1,44268075db068ba01211126b1c20ab18d69f5ff10d6800e88bcfe67e1accb720,r_153f6f4b0d25713d8371,11,e78dcd2ea9088c453f153dac7ceaa97df3ea12520b49aac6b5e652420267f0bb
2024:4112020241071302621,p0003,c_5c674a62aa12b11745d8,80423bb1225499b2a453c1fa67bb47d34cd2c80690a342562b0e20b5dd382318,r_e539c4db14c890028fc2,9,4ca381839bd88f09b6497e6b28b0e9fd49dab0305cc331b586fdd5be9c32099b
2024:4112020241071475199,p0002,c_25ce6692a8862f1ed01e,2a72cad00e90fc0f96c7a6918a7e9345df17ea14d26a67e0717521108eb88cb2,r_153f6f4b0d25713d8371,9,f3b4db509b683e8c87f334405943e806c1b5c34c2623a6faaf8cf846f8bbb2b2
2024:4112020241071475254,p0003,c_dcb61ff9a92a3152957c,dc261d3eda2077814ab45d659e91388faaf6fc3eb0c8c2c1bb7892159a3a09f8,r_e539c4db14c890028fc2,9,4acb74a94e107976dd432d93e00ce54a9dc041ddc3de81dbcf9284d201005511
2024:4112020241071476478,p0004,c_c99e4c1e04a65f2743c2,36a3767423dbbd36f121a64ca83f12a774a02b87bdffcc59cdb0482f9143cf9a,r_948475ee1ff681d1e65b,11,fa78e4ce8a403cc42a8258d033736cebf7575cd2d5196a97f8b946453fd73714
2024:4112020241071478016,p0003,c_dcb61ff9a92a3152957c,7641756f41ee44c9ee4b52cc9b8df3a641637d4a45ae4c00701dd95e248b13b9,r_e539c4db14c890028fc2,9,4acb74a94e107976dd432d93e00ce54a9dc041ddc3de81dbcf9284d201005511
2024:4112020241071478148,p0002,c_43263d10d8d42de66ef1,68d85521181342435f794812ec745d98f81401495a7c60c0a81326bab91c7233,r_153f6f4b0d25713d8371,11,e78dcd2ea9088c453f153dac7ceaa97df3ea12520b49aac6b5e652420267f0bb
2024:4112020241071494365,p0004,c_c99e4c1e04a65f2743c2,5fb49a8c216d1df6f81d4f8cf62a31c0ca6c911fd40a25f33d1912253ef55b50,r_948475ee1ff681d1e65b,11,fa78e4ce8a403cc42a8258d033736cebf7575cd2d5196a97f8b946453fd73714
2024:4112020241071599278,p0012,c_6f9ce1910d5bc217008c,59b9b9b99b01f7c52cc3698d5bac5503bcc1c7c5ead2b83c98ce307fb1817037,r_75b5cf0824e38d63503f,9,a399e7a0f105264dad48216f375d4983a628857fd57a06e158cb5ad2188be28f
2024:4112120231811379534,p0017,c_7d161046ac9781475228,38e533d7c208b657da8e27ae600b8f681c6aef9d53c5336429374104d76c7c87,r_ae41956a00997222c064,10,838fb7f80c64209f783d607b38f606c711239002822a1aca7c4be1d22568f75f
2024:4112120241071823383,p0003,c_5c674a62aa12b11745d8,9d2b454402d72bbe8bad6251764775163fe1c5bdc109db58587bdc2e6ac0e387,r_e539c4db14c890028fc2,9,4ca381839bd88f09b6497e6b28b0e9fd49dab0305cc331b586fdd5be9c32099b
2024:4112120241071823525,p0014,c_1822128dbb0e70f13b7d,cdfc19c8fc09a68cb2e755e561d498861ee98e1043d83b493ac015d451cb3482,r_380f28d77df7a5db30a0,11,3730ea3adfe22f4ebbb2880a519ad669705118c89e210f07f7a9c1662d83b5e7
2024:4112120241071878274,p0015,c_57d8e01958a38820d7b3,ab4646dbfd94c633e7a82c6a7e2118dac7c15c59174e81675ad5bf1b2712a604,r_f7a1a92ebd7a39e06876,9,e1eeb1a02cf0c5e8880dcde66101d22100d9d3cc549caee3ae648fbe1c2a9692
2024:4112120241071942107,p0002,c_43263d10d8d42de66ef1,1b4ee853f562c532e9c3091806c5eabc259cdaa8806336e064e23973753675bd,r_153f6f4b0d25713d8371,11,e78dcd2ea9088c453f153dac7ceaa97df3ea12520b49aac6b5e652420267f0bb
2024:4112120241071944419,p0017,c_ff59c0ef8d551ff6dcf0,f4e74f7220c28678af7a623c7ad72731dce8ad55190218c76eef35b78be966e6,r_ae41956a00997222c064,10,7aedc3fda33625433e0a39eaa79d585bcbe2fac6c4db161cd2ed893af121e78a
2024:4112120241071944716,p0020,c_d462176daa66ae6f7c0c,1c57a1077da92cb110f45e6c8c86547fcb4a37c6d2eb4469558ff0eb49842f47,r_e1bc9fb32f1f0e4aaac5,6,f32c5a0acd8aa00cc290d0019ecf4b9a8edb295f1ccbf71bac58b6105eb3234d
2024:4112120241072067203,p0010,c_433597abc27c16d5e313,9279cd1dcafbe08817e8355bf9820bfa4efa8a03df097a6f8f3a7eb65ca75b34,r_36381ff366645780c532,11,b26bdd1cce1031dd2c4f3810d9406c3fb9da4a10fd115591a3ab3bffd587c5a9
2024:4112120241072093591,p0009,c_b9c6825d43fd2209aee5,a5c959a8ed1b3e906b977dddcc604fc10d9977affd6313924a0d3b305c70526d,r_dab5970845ebb9ffcf35,11,2f2727cdaad6c09f75103af92a1fbd8fabec12c1839c6a7bb33048d7f54c8e9f
2024:4112220241072220729,p0010,c_433597abc27c16d5e313,ea4d11f4be375e0c04f9fd765f2792b6ab93eab1cd2845301cd9fc4c22a92f18,r_36381ff366645780c532,11,b26bdd1cce1031dd2c4f3810d9406c3fb9da4a10fd115591a3ab3bffd587c5a9
2024:4112220241072223750,p0004,c_c99e4c1e04a65f2743c2,019943062ff2e34c96977f0232fe25e8200428954b506c3cbc4ef4b88dd6aa39,r_948475ee1ff681d1e65b,11,fa78e4ce8a403cc42a8258d033736cebf7575cd2d5196a97f8b946453fd73714
2024:4112220241072225845,p0012,c_3bf74b2cda2b9ec1dfdc,0ea4ed3e51448d2aa3b06a12d9d8db2dff59b1bda9b48cab6d7b4e34041d800a,r_75b5cf0824e38d63503f,9,36d89b28eddb6ffe88b05c91b6e236725e293d107ee8732cc94762bfd920569a
2024:4112220241072298639,p0015,c_e4f65d797a4901ac0e60,15a279fe27e66e77cbc6b054e2a78213092df66adbc0a521dc674ffbe0778669,r_f7a1a92ebd7a39e06876,5,4e4b4ad030c5945b8e3f2ac1e94d2268cc92dcbdadacf1b1c4a3f10d5fceaa43
2024:4112220241072300104,p0009,c_b9c6825d43fd2209aee5,7281a797fe115a14bc8587aad1cd389b7767580ff532b2ed803517871f7de48d,r_dab5970845ebb9ffcf35,11,2f2727cdaad6c09f75103af92a1fbd8fabec12c1839c6a7bb33048d7f54c8e9f
2024:4112220241072360041,p0012,c_6f9ce1910d5bc217008c,e75a872ebacf7c66fe825f72862c89b08df0331efd8647f5190f6ad9339ed1bd,r_75b5cf0824e38d63503f,9,a399e7a0f105264dad48216f375d4983a628857fd57a06e158cb5ad2188be28f
2024:4112220241072396051,p0009,c_b9c6825d43fd2209aee5,35fa469c29a33ca6cbaf6573045af3f661dbbbb2130bbd74167c2649b276385f,r_dab5970845ebb9ffcf35,11,2f2727cdaad6c09f75103af92a1fbd8fabec12c1839c6a7bb33048d7f54c8e9f
2024:4112420231811628541,p0015,c_d5accca598a03ce825f2,73c861bb4785891464c05cfbb4312a29d4e924c134f0ffcaf922368bd42f2927,r_f7a1a92ebd7a39e06876,9,68baaa6c757f7369da9c0525839bd81cba410935c81a5033af1428e23261d42e
2024:4112420231811628542,p0015,c_d5accca598a03ce825f2,f7d6132e046c2b2d1dd7731acecff592c8e8e7ce0c70c5101b04ef47328bd8a8,r_f7a1a92ebd7a39e06876,9,68baaa6c757f7369da9c0525839bd81cba410935c81a5033af1428e23261d42e
2024:4112420231811628770,p0004,c_c0e269b9ba20b2de8232,b9ebc8f7d62eb1611e401b9b622a06f51ab5701d1f8995241d2fd97b455413ea,r_948475ee1ff681d1e65b,11,27b1911f83e7f6152a20a0041e51011afb2e9ad1cb885be26543906ee642aaaf
2024:4112420231811628830,p0008,c_eb5f4b964135272e086d,9e0416258729eaf26fdc4d634d18483e24a8f06f3a4d83a9ac52aad6548daf4e,r_ea71451d245b6218d4f0,10,4104a539a5e79b0ac055d000d70e89d27ac78b43271d1b875a01d4f10bc71c93
2024:4112520241073386383,p0002,c_20265d113088167dcd72,44b8a83084fd74b7100cb3dad186e6520820a5b6e52455fe9a1c8d884f485d3c,r_153f6f4b0d25713d8371,9,47f246ba8491b018045a2ff9e6cf888736fad2c28e8ffd2e34d24fd3d765a12f
2024:4112520241073404583,p0004,c_c99e4c1e04a65f2743c2,ed5eeb396fae05ab65b71c102e46578f24c16a1f8b414a17cb828b6614fbb787,r_948475ee1ff681d1e65b,11,fa78e4ce8a403cc42a8258d033736cebf7575cd2d5196a97f8b946453fd73714
2024:4112520241073446527,p0002,c_43263d10d8d42de66ef1,c41d7ecfa7fe91aab116c8fe4ab0b0b201b00d5f38039688f6dfbe04438b9e3d,r_153f6f4b0d25713d8371,11,e78dcd2ea9088c453f153dac7ceaa97df3ea12520b49aac6b5e652420267f0bb
2024:4112520241073465650,p0009,c_b9c6825d43fd2209aee5,d57c8eff92b959343e708e6f42fbf1069c603639a2c9bcab8cdaa4f9aef008e0,r_dab5970845ebb9ffcf35,11,2f2727cdaad6c09f75103af92a1fbd8fabec12c1839c6a7bb33048d7f54c8e9f
2024:4112520241073531651,p0009,c_3e057e64bf7b275b9869,04a3f79dbb066cec6c489ad5fbbc8ea4b14a15dfaa1ab11b7c6759ff4e1a44b8,r_dab5970845ebb9ffcf35,6,051c9933ad8d556e4e051510eb3a7bc9d3fc6676e53f61d409b8c0d8ecc3fedf
2024:4112620241073654342,p0003,c_dcb61ff9a92a3152957c,fcc8b4adf54df033f4bb2b732cf2ffff947d0deaa4d7a12db7a6a2b4ce70a559,r_e539c4db14c890028fc2,9,4acb74a94e107976dd432d93e00ce54a9dc041ddc3de81dbcf9284d201005511
2024:4112620241073687003,p0002,c_43263d10d8d42de66ef1,1b349c9bfa12e917236ea0ebfa749967c58954826325ac1189fb05bcaa8cf9ab,r_153f6f4b0d25713d8371,11,e78dcd2ea9088c453f153dac7ceaa97df3ea12520b49aac6b5e652420267f0bb
2024:4112620241073687124,p0002,c_43263d10d8d42de66ef1,51cc393ccf17e5120de947b432db06906b0c5f59fcda196a75170b413014d80a,r_153f6f4b0d25713d8371,11,e78dcd2ea9088c453f153dac7ceaa97df3ea12520b49aac6b5e652420267f0bb
2024:4112720241073806734,p0009,c_b9c6825d43fd2209aee5,f06ee4efebb6e58368864d7b15cc07485b655be9c1493822fb6c03a6585f64a9,r_dab5970845ebb9ffcf35,11,2f2727cdaad6c09f75103af92a1fbd8fabec12c1839c6a7bb33048d7f54c8e9f
2024:4112720241073897727,p0010,c_3fdba6477347f59d07e7,b2db35bf52c73388064a2bb734a664bdc6bd701ab388206343108fe94135863f,r_36381ff366645780c532,11,aae33bc963a30bd1536b10834ed6f80806e8990021acd020d7bae0c104ed85ec
2024:4112720241073897882,p0020,c_58a4e001d26f1ec0d876,09f59175523a49971a79b28956e73fa0a6dc334313ff570d03ac78005963b7da,r_e1bc9fb32f1f0e4aaac5,11,eaa4b2a5c4bead17462439122693cd796e5414b26c96268e05373dea63bf5a78
2024:4112920241073996335,p0010,c_433597abc27c16d5e313,a826b1b7cc971a3098e6acc43005ef767f40826c7378fff200293edc2776f336,r_36381ff366645780c532,11,b26bdd1cce1031dd2c4f3810d9406c3fb9da4a10fd115591a3ab3bffd587c5a9
2024:4120220241074094372,p0010,c_433597abc27c16d5e313,7b3c73c677221ce8f4edd531b5c4b2e4c3a9154c764fbf285a8bdf0edfe583e2,r_36381ff366645780c532,11,b26bdd1cce1031dd2c4f3810d9406c3fb9da4a10fd115591a3ab3bffd587c5a9
2024:4120220241074147170,p0010,c_433597abc27c16d5e313,2178a13f971e05467bd95779e61ef74147f5ef9a785f50bdc82786d423a5dcce,r_36381ff366645780c532,11,b26bdd1cce1031dd2c4f3810d9406c3fb9da4a10fd115591a3ab3bffd587c5a9
2024:4120220241074161766,p0003,c_dcb61ff9a92a3152957c,f3423cf5f66a583cd595fe03ef8f3327c280792436828655ccf37b3ca5eca48c,r_e539c4db14c890028fc2,9,4acb74a94e107976dd432d93e00ce54a9dc041ddc3de81dbcf9284d201005511
2024:4120220241074194653,p0012,c_6f9ce1910d5bc217008c,7dcd0befe0aa6eb3336ab128710e3695b567fd364efeba3f7caf34edb1b80b07,r_75b5cf0824e38d63503f,9,a399e7a0f105264dad48216f375d4983a628857fd57a06e158cb5ad2188be28f
2024:4120320241074237929,p0012,c_127816033aeca7a4cf79,6fb495b93b02f39beb44479ad8ff2de6ebba03afc78b137c6d7f06e27e4f6956,r_75b5cf0824e38d63503f,4,753fb78ca36419228c58f6febcc585b3ca23151af6c178bbda69e3100412f949
2024:4120320241074288111,p0002,c_43263d10d8d42de66ef1,6289717727bc6af299c33dab6030f3cd418ede9c4363bac30bf4422c7f3ccc03,r_153f6f4b0d25713d8371,11,e78dcd2ea9088c453f153dac7ceaa97df3ea12520b49aac6b5e652420267f0bb
2024:4120320241074288115,p0003,c_5c674a62aa12b11745d8,76f844a06436d5a7cdfa2eaa53c60932573c5ec23132e9f67b45bcee4c40fe42,r_e539c4db14c890028fc2,9,4ca381839bd88f09b6497e6b28b0e9fd49dab0305cc331b586fdd5be9c32099b
2024:4120320241074347644,p0002,c_43263d10d8d42de66ef1,8efd4ceecae088391807f831a1bb1c180b3cdef16e6245f4290232f87769a84a,r_153f6f4b0d25713d8371,11,e78dcd2ea9088c453f153dac7ceaa97df3ea12520b49aac6b5e652420267f0bb
2024:4120320251296782315,p0004,c_c5b7995bf680414a0436,89672a89a5c57446b435649e712b9938e9c0a7fca5a6192e1be74eab5744b6de,r_948475ee1ff681d1e65b,11,c34d288aa28210b6c2263fe274a7cab983f2c5feedd5885c5e03a71af74627dd
2024:4120420241074438413,p0003,c_dcb61ff9a92a3152957c,b6d3be9b38e6b3dcc7613ff674f94589996f7b89265524a32eb8fe335dd1b162,r_e539c4db14c890028fc2,9,4acb74a94e107976dd432d93e00ce54a9dc041ddc3de81dbcf9284d201005511
2024:4120420241074438833,p0002,c_43263d10d8d42de66ef1,1747ac038ccee7a1d94ee6b82816c1863c4fffe427517c9b0ab81c2f29d72c6f,r_153f6f4b0d25713d8371,11,e78dcd2ea9088c453f153dac7ceaa97df3ea12520b49aac6b5e652420267f0bb
2024:4120520241074578991,p0011,c_6d78c941e832e66bc5f5,e02d798055ec818265dffe91e75d1596f47e270f96bec1ad2798c0b8455cd9e0,r_993179b21d5761402e8e,13,136e23c2659e614f7daf19e0e365c8a536cafb725e086191dc5d2f4ac7fabb57
2024:4120520241074602659,p0009,c_b9c6825d43fd2209aee5,209a898ffd6a3476bf88ee093f56220cd102a9853849bdd7048ce570b18778f4,r_dab5970845ebb9ffcf35,11,2f2727cdaad6c09f75103af92a1fbd8fabec12c1839c6a7bb33048d7f54c8e9f
2024:4120520241074709686,p0002,c_43263d10d8d42de66ef1,6f46969fce171a7c9295c2f4505a59c2940eb2846cafb6a104ddf96ab9976fa4,r_153f6f4b0d25713d8371,11,e78dcd2ea9088c453f153dac7ceaa97df3ea12520b49aac6b5e652420267f0bb
2024:4120520241074781083,p0012,c_4d2b759b329bb58cbcfa,355eddd00c55375bff557213ad40d159f2594d409b48436f1603532f032cb52d,r_75b5cf0824e38d63503f,9,13b6ed919d9e0620186271caf124d06fdef6c7b124d695ab1d76aaf312d87425
2024:4120620241075047996,p0004,c_c99e4c1e04a65f2743c2,d6771dd3dd755f67970da9248adb4dbb7e69a3618171a228c0b12e5c6478d8ef,r_948475ee1ff681d1e65b,11,fa78e4ce8a403cc42a8258d033736cebf7575cd2d5196a97f8b946453fd73714
2024:4120620241075048381,p0012,c_6f9ce1910d5bc217008c,6b0b51375d6d5321f2a13c9b7e4e00bec48100e209978762732ee1dcc79708f8,r_75b5cf0824e38d63503f,9,a399e7a0f105264dad48216f375d4983a628857fd57a06e158cb5ad2188be28f
2024:4120620241075053634,p0002,c_43263d10d8d42de66ef1,9f5f43645e28c51b57b7539b2d27c1bb593b0c5e242f6f24fbc9aba4f2c3ea3e,r_153f6f4b0d25713d8371,11,e78dcd2ea9088c453f153dac7ceaa97df3ea12520b49aac6b5e652420267f0bb
2024:4120620241075062278,p0004,c_c5b7995bf680414a0436,ab03702f15c7631b02ce5c2f1846ce9abf606d7425b95521bf130875afed805b,r_948475ee1ff681d1e65b,11,c34d288aa28210b6c2263fe274a7cab983f2c5feedd5885c5e03a71af74627dd
2024:4120620241075062279,p0003,c_5c674a62aa12b11745d8,d4bb64d771b576171ff36268ec9ac065b5246ab6a58a7678fb7e7aa2904eb84a,r_e539c4db14c890028fc2,9,4ca381839bd88f09b6497e6b28b0e9fd49dab0305cc331b586fdd5be9c32099b
2024:4120620241075114178,p0010,c_433597abc27c16d5e313,cc11386967e19242929a577a92564d2a98c8b6a11161f450af5cb42fda2d7d6e,r_36381ff366645780c532,11,b26bdd1cce1031dd2c4f3810d9406c3fb9da4a10fd115591a3ab3bffd587c5a9
2024:4120720231812104831,p0017,c_ff59c0ef8d551ff6dcf0,8ec299bb420a805e51e4e7fced50c456bcec8200b6dc5220b1f0fb4274ec10db,r_ae41956a00997222c064,10,7aedc3fda33625433e0a39eaa79d585bcbe2fac6c4db161cd2ed893af121e78a
2024:4120820231812129093,p0004,c_c99e4c1e04a65f2743c2,27644ae6e0a5d0354b61181b1b9ee18539294d9150765950d4045113ddcd2217,r_948475ee1ff681d1e65b,11,fa78e4ce8a403cc42a8258d033736cebf7575cd2d5196a97f8b946453fd73714
2024:4120920241075232010,p0009,c_b9c6825d43fd2209aee5,fb6382a3a9ef6093e051ee5452e552a272cff36022fe29f83412f896b17d0480,r_dab5970845ebb9ffcf35,11,2f2727cdaad6c09f75103af92a1fbd8fabec12c1839c6a7bb33048d7f54c8e9f
2024:4120920241075234623,p0004,c_c99e4c1e04a65f2743c2,05d9d91dea46173fd9d3452384bdc233b1bf86131f62e68456ba85958c1b042b,r_948475ee1ff681d1e65b,11,fa78e4ce8a403cc42a8258d033736cebf7575cd2d5196a97f8b946453fd73714
2024:4120920241075248113,p0012,c_4d2b759b329bb58cbcfa,8e8e9094b1730adb28e5a45ab12f6f3d16b20afe24816fd543c2c8fba1926cc0,r_75b5cf0824e38d63503f,9,13b6ed919d9e0620186271caf124d06fdef6c7b124d695ab1d76aaf312d87425
2024:4120920241075261859,p0009,c_b9c6825d43fd2209aee5,fd598e05caf9805cf252b3cde1f09d642048705031a02600cd7d89ce997f48e0,r_dab5970845ebb9ffcf35,11,2f2727cdaad6c09f75103af92a1fbd8fabec12c1839c6a7bb33048d7f54c8e9f
2024:4120920241075277891,p0015,c_dd05fcb5866322438262,b561132a5fd50ed1d6bbc039d85d365048748d9d8c44a781f3a36bdad10ae82c,r_f7a1a92ebd7a39e06876,9,7c69c8ee5b184648674e1743a4d66931e8d0beb2c3d7b3bd790f1ab8a76ae1cc
2024:4120920241075278640,p0002,c_43263d10d8d42de66ef1,7f3180b8c8c7eef352691f7916660d26bb523b16913f071fc0eee003ae5501ed,r_153f6f4b0d25713d8371,11,e78dcd2ea9088c453f153dac7ceaa97df3ea12520b49aac6b5e652420267f0bb
2024:4120920241075278758,p0009,c_b9c6825d43fd2209aee5,465db927f39e76f5a93463c1c5d59f70546ee7aa288debffab3ae534bb1e9089,r_dab5970845ebb9ffcf35,11,2f2727cdaad6c09f75103af92a1fbd8fabec12c1839c6a7bb33048d7f54c8e9f
2024:4120920241075279160,p0015,c_dd05fcb5866322438262,82a08bdda53f5e1697f37a1e6247930c9b8f08c7b6c0678bd50356fe9d00f6ac,r_f7a1a92ebd7a39e06876,9,7c69c8ee5b184648674e1743a4d66931e8d0beb2c3d7b3bd790f1ab8a76ae1cc
2024:4120920241075279897,p0009,c_b9c6825d43fd2209aee5,8819ab16770028156ac9f1e8a199745ce91629abfdec05f92252e84d7779ee35,r_dab5970845ebb9ffcf35,11,2f2727cdaad6c09f75103af92a1fbd8fabec12c1839c6a7bb33048d7f54c8e9f
2024:4120920241075308743,p0001,c_3b4e2a05f2eee8ee1cdc,a61bd3d2d9e13aec2c0d585496a00fc3df0760e0afff32057733a667c52135d8,r_e75b91aaab70b14a204d,13,407c04763aab0fc3f8b35f9f14c99549bb8fd845574b08cdd3d7fefa486133b5
2024:4121020241075369784,p0004,c_c99e4c1e04a65f2743c2,426d78cf0a9a5d7f5c16e64be341361dc336460f43f43fa101b3e8f1344a3f25,r_948475ee1ff681d1e65b,11,fa78e4ce8a403cc42a8258d033736cebf7575cd2d5196a97f8b946453fd73714
2024:4121020241075415819,p0002,c_43263d10d8d42de66ef1,b056175ab7f815df53a61ef448f5c51543dccd22351bea4a633d55a730f4fbaa,r_153f6f4b0d25713d8371,11,e78dcd2ea9088c453f153dac7ceaa97df3ea12520b49aac6b5e652420267f0bb
2024:4121020241075490609,p0004,c_c99e4c1e04a65f2743c2,88896510e034c107db552e8cddb8d007366114e7f6a8057bffe0f21546eea9a6,r_948475ee1ff681d1e65b,11,fa78e4ce8a403cc42a8258d033736cebf7575cd2d5196a97f8b946453fd73714
2024:4121020241075492179,p0004,c_c99e4c1e04a65f2743c2,2714bd5fe985fb356dd9101f4cb29f3b5bc1a13ecbfd044de47e496d5d2b8ef4,r_948475ee1ff681d1e65b,11,fa78e4ce8a403cc42a8258d033736cebf7575cd2d5196a97f8b946453fd73714
2024:4121020241075503919,p0012,c_6f9ce1910d5bc217008c,f1b1260f569c23ae9353dd393d49347255ec912e517a7d40d8b857f1452416b1,r_75b5cf0824e38d63503f,9,a399e7a0f105264dad48216f375d4983a628857fd57a06e158cb5ad2188be28f
2024:4121020241075508165,p0002,c_43263d10d8d42de66ef1,a8f5a8cd016d4a42697adca077fd23d81300c1c032faa6d779c67af92dfc5ca7,r_153f6f4b0d25713d8371,11,e78dcd2ea9088c453f153dac7ceaa97df3ea12520b49aac6b5e652420267f0bb
2024:4121020241075508166,p0002,c_43263d10d8d42de66ef1,7ff5cdcbd9c370b9dd3ba97046aa03020f4fa393077d3cc2f5ff35a4a3d3fea0,r_153f6f4b0d25713d8371,11,e78dcd2ea9088c453f153dac7ceaa97df3ea12520b49aac6b5e652420267f0bb
2024:4121020241075508167,p0002,c_43263d10d8d42de66ef1,83742f59b7bd8c3f2f666b31643cc74e99de5ab3137870d39be1694024255ae7,r_153f6f4b0d25713d8371,11,e78dcd2ea9088c453f153dac7ceaa97df3ea12520b49aac6b5e652420267f0bb
2024:4121020251298065547,p0009,c_b9c6825d43fd2209aee5,ad5dcb0855e76daf7a40223e0cccde2191dbe1d793de51d9a397b470b3cd0e31,r_dab5970845ebb9ffcf35,11,2f2727cdaad6c09f75103af92a1fbd8fabec12c1839c6a7bb33048d7f54c8e9f
2024:4121120241075601772,p0002,c_43263d10d8d42de66ef1,437a21b3525637af0bb793ea462c20f41bfd5136ceb2d7ab31363497d4ca7c2d,r_153f6f4b0d25713d8371,11,e78dcd2ea9088c453f153dac7ceaa97df3ea12520b49aac6b5e652420267f0bb
2024:4121120241075602197,p0003,c_dcb61ff9a92a3152957c,6514b96e2068daa8c386f630070f7cba346fa0f4a3a432536686be0df6720f9e,r_e539c4db14c890028fc2,9,4acb74a94e107976dd432d93e00ce54a9dc041ddc3de81dbcf9284d201005511
2024:4121120241075615468,p0001,c_8abbdbfc3416de5eee44,cfb52650dde52b842becf363f24af0df31d42af677e2140ef6933d8ef2e62359,r_e75b91aaab70b14a204d,12,1c7d14da580d538bea02ec0d6838e6865023e89dfc7768eadb2ab2f7fc211773
2024:4121120241075632470,p0002,c_43263d10d8d42de66ef1,5691c3331c40963a79cdcfc13fed259a591aea6b26b36025f39d62a625404637,r_153f6f4b0d25713d8371,11,e78dcd2ea9088c453f153dac7ceaa97df3ea12520b49aac6b5e652420267f0bb
2024:4121120241075669595,p0009,c_b9c6825d43fd2209aee5,a46950c98d46ed2b7546f9050ea0874c427966fc475fb59fe6f58b8adc3a317f,r_dab5970845ebb9ffcf35,11,2f2727cdaad6c09f75103af92a1fbd8fabec12c1839c6a7bb33048d7f54c8e9f
2024:4121120241075675885,p0009,c_b9c6825d43fd2209aee5,f36560b3f63c01b4793857e8dbbeb3ec33f3d82393c6af3ee60bc1d4570ffd8f,r_dab5970845ebb9ffcf35,11,2f2727cdaad6c09f75103af92a1fbd8fabec12c1839c6a7bb33048d7f54c8e9f
2024:4121120241075675886,p0009,c_b9c6825d43fd2209aee5,1bf67ec5ce107062f4831fca28b8ad4e440858996cadcbf733ab49fdb1cb2588,r_dab5970845ebb9ffcf35,11,2f2727cdaad6c09f75103af92a1fbd8fabec12c1839c6a7bb33048d7f54c8e9f
2024:4121120241075675887,p0009,c_b9c6825d43fd2209aee5,7cda9792e6fcd3d3cdc2afc3795baba594251789ea52dd18e0322489ac14e614,r_dab5970845ebb9ffcf35,11,2f2727cdaad6c09f75103af92a1fbd8fabec12c1839c6a7bb33048d7f54c8e9f
2024:4121120241075746681,p0013,c_f403b4b143a23ffe823d,3e37f2caad90228aeea183d5fa6486fc5e905b067cdb60bfec9776d6bf466d14,r_2e07349418abdd1528c5,9,938f5e5e31027a82502cc4f45931241a0dc1daa6c6b2e16061ada9c64d9ded82
2024:4121120241075747697,p0013,c_f403b4b143a23ffe823d,90a9ead118014ef110cba4cbaede5c48217aef5d2dc9b209353f394661e3760d,r_2e07349418abdd1528c5,9,938f5e5e31027a82502cc4f45931241a0dc1daa6c6b2e16061ada9c64d9ded82
2024:4121120241075776433,p0013,c_7f6679e9b620822a4285,1ed7ab9b96a9899c6837419ce6dc64e7844c90ea7a68b2436e543ff209cf829b,r_2e07349418abdd1528c5,4,5972bbd9c4a10915f75a0ad9f99499c7f4dfded7f8938648af6415cfe7699ce8
2024:4121220241075795001,p0001,c_3b4e2a05f2eee8ee1cdc,2d64e3e03cc88a871fdecd933dfc3d25f6533b731ed49985b9398b942a5a3e7a,r_e75b91aaab70b14a204d,13,407c04763aab0fc3f8b35f9f14c99549bb8fd845574b08cdd3d7fefa486133b5
2024:4121220241075795010,p0001,c_3b4e2a05f2eee8ee1cdc,350d24fa9592553e1c85af4e890c2e39928ee141f9b58bbe46c4bd4b5462a590,r_e75b91aaab70b14a204d,13,407c04763aab0fc3f8b35f9f14c99549bb8fd845574b08cdd3d7fefa486133b5
2024:4121220241075795011,p0001,c_3b4e2a05f2eee8ee1cdc,185c8e7605f9aa38c784bdfdf288d48388c1863ab87dba6878ad22d975ff742c,r_e75b91aaab70b14a204d,13,407c04763aab0fc3f8b35f9f14c99549bb8fd845574b08cdd3d7fefa486133b5
2024:4121220241075795012,p0001,c_3b4e2a05f2eee8ee1cdc,a58dcd84ae94783e372d5e32ed68f884ea96c14f007a118b7ec70da9fc351dfc,r_e75b91aaab70b14a204d,13,407c04763aab0fc3f8b35f9f14c99549bb8fd845574b08cdd3d7fefa486133b5
2024:4121220241075853362,p0002,c_43263d10d8d42de66ef1,3d73acf16b809b864903a467c7bc3b4cc3a943f1cc0148fb69760e5ee7081305,r_153f6f4b0d25713d8371,11,e78dcd2ea9088c453f153dac7ceaa97df3ea12520b49aac6b5e652420267f0bb
2024:4121220241075853369,p0003,c_5c674a62aa12b11745d8,b161650144cfc048b44cfb449365df8959ffda385d9bac96dc22d7d222709feb,r_e539c4db14c890028fc2,9,4ca381839bd88f09b6497e6b28b0e9fd49dab0305cc331b586fdd5be9c32099b
2024:4121220241075873071,p0009,c_b9c6825d43fd2209aee5,004e43f7d6d5ce524a152872694190fa83706c666d9cdac1da49b03ddb0886c7,r_dab5970845ebb9ffcf35,11,2f2727cdaad6c09f75103af92a1fbd8fabec12c1839c6a7bb33048d7f54c8e9f
2024:4121220241075873073,p0009,c_b9c6825d43fd2209aee5,f97d2bdba5e838b3fa9908bbef3b0c29682f18ed8fd97f3fd420459112f19fd3,r_dab5970845ebb9ffcf35,11,2f2727cdaad6c09f75103af92a1fbd8fabec12c1839c6a7bb33048d7f54c8e9f
2024:4121220241075882270,p0009,c_b9c6825d43fd2209aee5,cdbdd1b6da76c3a93bd902fded0cc051b0d3f7c6e95e94bb3a29f65763e4276b,r_dab5970845ebb9ffcf35,11,2f2727cdaad6c09f75103af92a1fbd8fabec12c1839c6a7bb33048d7f54c8e9f
2024:4121320241076456161,p0012,c_1d973e01b564fccf8f8e,8daeea2bfdb3fa3959125bc563cfdef862de5a35b0ed633785eb822a6490048a,r_75b5cf0824e38d63503f,9,2b73cb619bf6a1e8c2f2b54767456fd289951794ed01c304f1892a9d53458a59
2024:4121320241076457093,p0015,c_57d8e01958a38820d7b3,a6cd5e44a981c92b3ba098e1b914a4b3c3f407d1a198989ee38ab5903428b25e,r_f7a1a92ebd7a39e06876,9,e1eeb1a02cf0c5e8880dcde66101d22100d9d3cc549caee3ae648fbe1c2a9692
2024:4121420231812531917,p0015,c_57d8e01958a38820d7b3,958659507c9fb76fbbec9cf3f7a5d1752c1204c7153de0735e4be822a3b1ac16,r_f7a1a92ebd7a39e06876,9,e1eeb1a02cf0c5e8880dcde66101d22100d9d3cc549caee3ae648fbe1c2a9692
2024:4121520231812603664,p0017,c_f77092959014ce25e554,b57eb0d3b94e9383b42f529d97bce9de16e33ebc0133a8d9b1ceca53066ea682,r_ae41956a00997222c064,6,ce21a105f8ec801dd8ccd1cd8f7d05b3a1a4338d3ffe018d4f713c52e289ed09
2024:4121620241076626125,p0002,c_43263d10d8d42de66ef1,10d287fdfbe5ce6a815ae83fcec6264b6adbb65d6e6c76a917e6b76a48cca1e7,r_153f6f4b0d25713d8371,11,e78dcd2ea9088c453f153dac7ceaa97df3ea12520b49aac6b5e652420267f0bb
2024:4121620241076628812,p0003,c_dcb61ff9a92a3152957c,45a2a19102f55669fdf56136ea363dacc5f40b0a2a34a963c7bf6716abd0b812,r_e539c4db14c890028fc2,9,4acb74a94e107976dd432d93e00ce54a9dc041ddc3de81dbcf9284d201005511
2024:4121720241077103389,p0015,c_57d8e01958a38820d7b3,aba6b0a72eeb018a04ac19d3ac0a8767131f672604dff3a2e6a3f9076a754f54,r_f7a1a92ebd7a39e06876,9,e1eeb1a02cf0c5e8880dcde66101d22100d9d3cc549caee3ae648fbe1c2a9692
2024:4121720241077164175,p0014,c_1822128dbb0e70f13b7d,57a98926b1d80fc5dec3acfdadac38f1b390b12ce11073e816d17303fd649d33,r_380f28d77df7a5db30a0,11,3730ea3adfe22f4ebbb2880a519ad669705118c89e210f07f7a9c1662d83b5e7
2024:4121720241087866161,p0004,c_c99e4c1e04a65f2743c2,2b06f5daa6e9c99e6d266d246288227050acd7b7b5d4839bb46859a5b71d423d,r_948475ee1ff681d1e65b,11,fa78e4ce8a403cc42a8258d033736cebf7575cd2d5196a97f8b946453fd73714
2024:4121720241088087202,p0003,c_5c674a62aa12b11745d8,c150d3a9815c806f400a32a6df7607579200d17fe62f9f10e04bad938f276167,r_e539c4db14c890028fc2,9,4ca381839bd88f09b6497e6b28b0e9fd49dab0305cc331b586fdd5be9c32099b
2024:4121720241088087203,p0003,c_5c674a62aa12b11745d8,8971fefe403b359b1c2cc2b6dd801cfa211b2e2e3a25f4fcb60aa0ca39d61a15,r_e539c4db14c890028fc2,9,4ca381839bd88f09b6497e6b28b0e9fd49dab0305cc331b586fdd5be9c32099b
2024:4121720241088087204,p0003,c_5c674a62aa12b11745d8,a7fefbf41a0ef8e9224bdcfcea91b5a4305f0e41de1dff444f298c070f12ac5f,r_e539c4db14c890028fc2,9,4ca381839bd88f09b6497e6b28b0e9fd49dab0305cc331b586fdd5be9c32099b
2024:4121720241088087205,p0003,c_5c674a62aa12b11745d8,c89dbc0349223c4f99b974d65caa1d5355119337c07fb47675a5078d8cfc48f8,r_e539c4db14c890028fc2,9,4ca381839bd88f09b6497e6b28b0e9fd49dab0305cc331b586fdd5be9c32099b
2024:4121720241088087206,p0003,c_5c674a62aa12b11745d8,e887a559549d9c4127f7de7a13d0ed7c7942f4410b15eac7f347a13ee91321e0,r_e539c4db14c890028fc2,9,4ca381839bd88f09b6497e6b28b0e9fd49dab0305cc331b586fdd5be9c32099b
2024:4121720241088087207,p0003,c_5c674a62aa12b11745d8,21ee8335b14612099e63c8c5960522e0d2f1ec2e08c7fea8deee44f93c5bca2b,r_e539c4db14c890028fc2,9,4ca381839bd88f09b6497e6b28b0e9fd49dab0305cc331b586fdd5be9c32099b
2024:4121720241088087208,p0003,c_5c674a62aa12b11745d8,378d240e82a09d04b0017d8342588b6d0c91008207966e309bd2a4509c5ce497,r_e539c4db14c890028fc2,9,4ca381839bd88f09b6497e6b28b0e9fd49dab0305cc331b586fdd5be9c32099b
2024:4121720241089786052,p0014,c_1822128dbb0e70f13b7d,a941f78d2ecc42a16596b8b7c5ac65e9f8e6134ee8306aff5f2db7bbeaf67924,r_380f28d77df7a5db30a0,11,3730ea3adfe22f4ebbb2880a519ad669705118c89e210f07f7a9c1662d83b5e7
2024:4121720241098649026,p0012,c_127816033aeca7a4cf79,dcdf0d6beaf12ea741e0deae57c59bcf090aebd97e7a9ac98caf121eff2b6206,r_75b5cf0824e38d63503f,4,753fb78ca36419228c58f6febcc585b3ca23151af6c178bbda69e3100412f949
2024:4121720241098649027,p0012,c_127816033aeca7a4cf79,144b9b30b25054fefa1fe7e65794c191f97fe4dc967fc68f8b74224e49913490,r_75b5cf0824e38d63503f,4,753fb78ca36419228c58f6febcc585b3ca23151af6c178bbda69e3100412f949
2024:4121720241098649028,p0012,c_127816033aeca7a4cf79,366003531e8257d5c6948486a1ed64c8f38ea941647b9f55df03a56ce96832ff,r_75b5cf0824e38d63503f,4,753fb78ca36419228c58f6febcc585b3ca23151af6c178bbda69e3100412f949
2024:4121720241098649029,p0012,c_127816033aeca7a4cf79,b836db2e5f357ff52a52d15585a9dce2339afd6dad6438db46936f5e9399cf86,r_75b5cf0824e38d63503f,4,753fb78ca36419228c58f6febcc585b3ca23151af6c178bbda69e3100412f949
2024:4121720241098649030,p0012,c_127816033aeca7a4cf79,85240d07121cc788c70cd4856b01df93229896a9c74a1560867732425b869d10,r_75b5cf0824e38d63503f,4,753fb78ca36419228c58f6febcc585b3ca23151af6c178bbda69e3100412f949
2024:4121720241098649031,p0012,c_127816033aeca7a4cf79,fb97f2a82bdad032cd02d3d888d2fc160b9d027eb8b1f65eae713761a1bb6811,r_75b5cf0824e38d63503f,4,753fb78ca36419228c58f6febcc585b3ca23151af6c178bbda69e3100412f949
2024:4121720241098649032,p0012,c_127816033aeca7a4cf79,cd9195ba8b8236493b14d4ac37e93993778d5c9643de5ca90b6fdac619b84a86,r_75b5cf0824e38d63503f,4,753fb78ca36419228c58f6febcc585b3ca23151af6c178bbda69e3100412f949
2024:4121720241098649033,p0012,c_127816033aeca7a4cf79,e0a55c1382a14944081f774972d0d82c49aa022993f829cf62c3628dea2b3548,r_75b5cf0824e38d63503f,4,753fb78ca36419228c58f6febcc585b3ca23151af6c178bbda69e3100412f949
2024:4121720241098649060,p0012,c_127816033aeca7a4cf79,4944a32eac6f4f5d2543b9972ee6fa33055b0ec3bee7f6035c9cc256bd6e460e,r_75b5cf0824e38d63503f,4,753fb78ca36419228c58f6febcc585b3ca23151af6c178bbda69e3100412f949
2024:4121720241106255245,p0004,c_1189dd78c15d1d5856ad,3901c6ada17ff65cdb0c62c31cead4e73672427a94a472f5ad0a0f2934192d32,r_948475ee1ff681d1e65b,6,a31630114ca07569041f790e9331bca27289dfb3bc27d95c56fc523e85c06cb8
2024:4121820231812672297,p0017,c_4cace8d09b215d03173e,06f939c2fdfb3492886acf4ad06a3bdd6fdc12a62e78a11d24f888790eeee1b0,r_ae41956a00997222c064,6,90f62b5b771c01fb191ca2514dc72eb2cda7ad285fbc8ec3210017f7e00a0214
2024:4121820231812705399,p0017,c_ff59c0ef8d551ff6dcf0,d57051f5c306798ccc1a3cecd1ce3a055b9f71594d1ed19d42d3dacffbf3142e,r_ae41956a00997222c064,10,7aedc3fda33625433e0a39eaa79d585bcbe2fac6c4db161cd2ed893af121e78a
2024:4121920231812752129,p0009,c_b9c6825d43fd2209aee5,94f892ead1ab79170aba3d69deb61ce69cb6529425243a8eb5c4d4c56fd63e8f,r_dab5970845ebb9ffcf35,11,2f2727cdaad6c09f75103af92a1fbd8fabec12c1839c6a7bb33048d7f54c8e9f
2024:4121920241109739627,p0008,c_fa36c342df32d6568701,96ed050d8a02db0b26ae4d23db8c225db2f9de39e81775520d8f61222d4122e2,r_ea71451d245b6218d4f0,6,9e95ed21d5a9d7cb896552848b527eede85c4d099c0926d0ff82b27f7973783c
2024:4121920241109830707,p0008,c_fa36c342df32d6568701,fbdfbe0af5bd4c9a1d12ac4210fb35325929d728b4d25e683f921ed1c58c2743,r_ea71451d245b6218d4f0,6,9e95ed21d5a9d7cb896552848b527eede85c4d099c0926d0ff82b27f7973783c
2024:4121920241111086759,p0008,c_fa36c342df32d6568701,9b9b2a37253d6ed58c804cd9d29873bf75f3071a8f11efe1aab2bc0a9adf32c2,r_ea71451d245b6218d4f0,6,9e95ed21d5a9d7cb896552848b527eede85c4d099c0926d0ff82b27f7973783c
2024:4121920241112904168,p0003,c_5c674a62aa12b11745d8,800ed7dc664ef706611f98cfdcd021b64f6c72485c5e87127ca82212d0de613c,r_e539c4db14c890028fc2,9,4ca381839bd88f09b6497e6b28b0e9fd49dab0305cc331b586fdd5be9c32099b
2024:4121920241115423013,p0009,c_b9c6825d43fd2209aee5,58cb6f5fb3e58446ce4e3771aff64c340fbb74dd33577d98fa989c89e473437a,r_dab5970845ebb9ffcf35,11,2f2727cdaad6c09f75103af92a1fbd8fabec12c1839c6a7bb33048d7f54c8e9f
2024:4122020231812887324,p0011,c_6d78c941e832e66bc5f5,3ca3403bb33a9569a636af3290a0021a310af079aa1a9662f1dbf543ac84850b,r_993179b21d5761402e8e,13,136e23c2659e614f7daf19e0e365c8a536cafb725e086191dc5d2f4ac7fabb57
2024:4122020231812974798,p0017,c_0bfed79429b1c89cc823,aab89d09ad2102b500783664e452820166b2b98e83d4837ec4135fb8d170c17d,r_ae41956a00997222c064,5,17f6230fc4e5d6dffbdae0dcbc23ea75ee5e17cae4a8fa0613ceeaec25be3921
2024:4122120231813028899,p0017,c_ff59c0ef8d551ff6dcf0,3031ad72ab5fa173fcc4e9f1d7bc1fa63be67b45c68fe525433ff073d3375ac0,r_ae41956a00997222c064,10,7aedc3fda33625433e0a39eaa79d585bcbe2fac6c4db161cd2ed893af121e78a
2024:4123020241124963333,p0012,c_4d2b759b329bb58cbcfa,7681adb0cdfb56f4b0091fbce3a048ad1507cbd2e997805a2636ab4a05cb3108,r_75b5cf0824e38d63503f,9,13b6ed919d9e0620186271caf124d06fdef6c7b124d695ab1d76aaf312d87425
2026:4010720261300023033,p0019,c_8f805b8c99894bf05c9e,9a44b953f33dce5f025f0a7f6afa3f0976b6f214b6d5a912afaf1121309778ee,r_f842f8012b64a37416bc,9,fbb7dea7528c1e2682734e4ad5f21d9c72c7c901ef02b28eeda6fe36552ce896
2026:4010720261300215184,p0003,c_7f43962c62cea7ecf4cb,3047135ea97ab27fa176ab92b4358d5abaf4b2768d3ee66f548d3cf28ca8c33c,r_e539c4db14c890028fc2,7,6984d04cdbd63a04ee8035d8ca61f76905a9bd5335ed8187a0a7010455960eb1
2026:4010720261300216867,p0010,c_433597abc27c16d5e313,6ec302f22f0f0cfcec0eabe7f4294fa6ba368c6598d434a4be76d8c64300f9fc,r_36381ff366645780c532,11,b26bdd1cce1031dd2c4f3810d9406c3fb9da4a10fd115591a3ab3bffd587c5a9
2026:4010720261300216868,p0010,c_433597abc27c16d5e313,10ebbce545fcf25afa06a7101276f0d169f65befb7c50f04777bd071ada24fd4,r_36381ff366645780c532,11,b26bdd1cce1031dd2c4f3810d9406c3fb9da4a10fd115591a3ab3bffd587c5a9
2026:4010720261300235700,p0003,c_5c674a62aa12b11745d8,4ef4a8c2c97f77488d63bb1442f93117a7d08c07de230dff959b8909a9ca3304,r_e539c4db14c890028fc2,9,4ca381839bd88f09b6497e6b28b0e9fd49dab0305cc331b586fdd5be9c32099b
2026:4010720261300238648,p0003,c_9c7d52884fcd0cefb2d7,84fe9949c0c5e8170cef1c9744fc7a55d329cf206f55135ca86583c363b5b8be,r_e539c4db14c890028fc2,5,cc77350fa21d2a3f122e7f12346f6ae87197b468d681a2cf609ece2409004d78
2026:4010720261300305253,p0003,c_5c674a62aa12b11745d8,bfbeaa099e1ddbd55eec5443c1c2104d34cd3d9b7de5f07bb2e8cbb271366fc1,r_e539c4db14c890028fc2,9,4ca381839bd88f09b6497e6b28b0e9fd49dab0305cc331b586fdd5be9c32099b
2026:4010720261300307151,p0003,c_5c674a62aa12b11745d8,99957d36df99d2673bd1a4115a713a035188680b583c0bc24c29a32e70860c22,r_e539c4db14c890028fc2,9,4ca381839bd88f09b6497e6b28b0e9fd49dab0305cc331b586fdd5be9c32099b
2026:4010720261300309105,p0003,c_5c674a62aa12b11745d8,98da708aaa99f51e266b60148418bd2855f10a1e63a76dc44fbc1e8e5b295f07,r_e539c4db14c890028fc2,9,4ca381839bd88f09b6497e6b28b0e9fd49dab0305cc331b586fdd5be9c32099b
2026:4010720261300309106,p0003,c_5c674a62aa12b11745d8,11105dbd6316c277b7f43f047e617ce11c120a223be8af29ccc58e798fd14745,r_e539c4db14c890028fc2,9,4ca381839bd88f09b6497e6b28b0e9fd49dab0305cc331b586fdd5be9c32099b
2026:4010720261300346078,p0017,c_0bfed79429b1c89cc823,50eeaf05ab546a2e5358efb33c9d6de016b4d7293f2e99cbe9cb3954e35d8c97,r_ae41956a00997222c064,5,17f6230fc4e5d6dffbdae0dcbc23ea75ee5e17cae4a8fa0613ceeaec25be3921
2026:4010720261300346145,p0010,c_9092d251bee82feafeb0,948f71ab323c0df39eb8b8f0269fc1a4d188e7f340e0b188071d407cf2a57ce1,r_36381ff366645780c532,6,9c02ca8f2474b44342f256cfb54c94cd7ad08d8efb1ad3545d1ad7d7bf05d37d
2026:4010820261300484945,p0012,c_76e8b2ac6f7d7fb25c03,5e8d78138bda06584c6c590b721d87b108a267bfc284b1dd39b7517ba4ed2fe6,r_75b5cf0824e38d63503f,9,85a1a3fa11cf5897b9852fa1a92662e899c1cbf37f1abfc484e5f7c5ca1e9e61
2026:4010820261300484946,p0012,c_76e8b2ac6f7d7fb25c03,bd5c880363ac0713721cafe9692a1f4010c845da307af0b56be7153439ef71b2,r_75b5cf0824e38d63503f,9,85a1a3fa11cf5897b9852fa1a92662e899c1cbf37f1abfc484e5f7c5ca1e9e61
2026:4010820261300484947,p0012,c_76e8b2ac6f7d7fb25c03,e46783193e96d5919bb2f11dd5a02018c51d0457d5992e8376e6265ac347f6e3,r_75b5cf0824e38d63503f,9,85a1a3fa11cf5897b9852fa1a92662e899c1cbf37f1abfc484e5f7c5ca1e9e61
2026:4010820261300490948,p0009,c_b9c6825d43fd2209aee5,a9f56621c24507bf5ad3a1d5bb818aa9c8c1c6d470e77e9c3081db8677a8345e,r_dab5970845ebb9ffcf35,11,2f2727cdaad6c09f75103af92a1fbd8fabec12c1839c6a7bb33048d7f54c8e9f
2026:4010920261300646740,p0004,c_c99e4c1e04a65f2743c2,eae5f27f1a59f21c0dc338f1dcdeb9d64717a81a54ae53c94031e4816c418398,r_948475ee1ff681d1e65b,11,fa78e4ce8a403cc42a8258d033736cebf7575cd2d5196a97f8b946453fd73714
2026:4010920261300677478,p0004,c_c99e4c1e04a65f2743c2,57bae1592b9c9008c9f053c5be8d1a7055a7a2fe289ad53b4efe3c19d318a5b5,r_948475ee1ff681d1e65b,11,fa78e4ce8a403cc42a8258d033736cebf7575cd2d5196a97f8b946453fd73714
2026:4010920261300677480,p0004,c_c99e4c1e04a65f2743c2,b76ad51a9354631cdb1c11a653e6d7a1876fd968c9b254155c647abd778c61db,r_948475ee1ff681d1e65b,11,fa78e4ce8a403cc42a8258d033736cebf7575cd2d5196a97f8b946453fd73714
2026:4010920261300729030,p0010,c_3fdba6477347f59d07e7,5206bc24d5b79bf019c3a0214b9cb515f22959125f86f9b2a64141b6a7f35306,r_36381ff366645780c532,11,aae33bc963a30bd1536b10834ed6f80806e8990021acd020d7bae0c104ed85ec
2026:4010920261300729676,p0010,c_3fdba6477347f59d07e7,b9b897d82608c2ad76746371a9f9f5b308a2824bab5ff02d155e647c96529ba5,r_36381ff366645780c532,11,aae33bc963a30bd1536b10834ed6f80806e8990021acd020d7bae0c104ed85ec
2026:4010920261300742932,p0003,c_5c674a62aa12b11745d8,d1d3ad8efc34ddad69710ea975bbde7979504ccf6a5b52c3d36f7e60f7ccb1a0,r_e539c4db14c890028fc2,9,4ca381839bd88f09b6497e6b28b0e9fd49dab0305cc331b586fdd5be9c32099b
2026:4010920261300747184,p0003,c_5c674a62aa12b11745d8,628886d1a903d0c0825b002601fd6aa0151ce7cb2a7c283950f1afe33c30049e,r_e539c4db14c890028fc2,9,4ca381839bd88f09b6497e6b28b0e9fd49dab0305cc331b586fdd5be9c32099b
2026:4011220261300862001,p0015,c_140f009e028a29449a1e,c795e281b82ab434c4c089e3cb6e2788f55c44c4e700764079dbc93aec558976,r_f7a1a92ebd7a39e06876,5,33c32739a7c221d65956399988a013b86881c5776e3714ff55816581a14a38a7
2026:4011220261300862026,p0015,c_140f009e028a29449a1e,f1f1d87718ce459371a7d2f9af7f2e71969c1fce89f8b26a1279fa616b95b0f9,r_f7a1a92ebd7a39e06876,5,33c32739a7c221d65956399988a013b86881c5776e3714ff55816581a14a38a7
2026:4011220261300993050,p0015,c_dd05fcb5866322438262,924aa332fb70d9c2d07eaa59cb297c2a3ffa46bb3258bf957b4e69b1586af45d,r_f7a1a92ebd7a39e06876,9,7c69c8ee5b184648674e1743a4d66931e8d0beb2c3d7b3bd790f1ab8a76ae1cc
2026:4011220261301072123,p0009,c_b9c6825d43fd2209aee5,9ac14a334d00fe9cce2f30c6ae4695922bde862ce8d6b6c5c8e18be0b63a6fcd,r_dab5970845ebb9ffcf35,11,2f2727cdaad6c09f75103af92a1fbd8fabec12c1839c6a7bb33048d7f54c8e9f
2026:4011220261301090567,p0019,c_8f805b8c99894bf05c9e,4134e6e9f62e8803b405c6f2c79554004a7bad86891fb9544fd15e7e18d0a0e8,r_f842f8012b64a37416bc,9,fbb7dea7528c1e2682734e4ad5f21d9c72c7c901ef02b28eeda6fe36552ce896
2026:4011320261301455809,p0002,c_43263d10d8d42de66ef1,f99f3fb09515de8dccbef5af89b84bc2db18a3b7ba90242f5fdaa814e0d56712,r_153f6f4b0d25713d8371,11,e78dcd2ea9088c453f153dac7ceaa97df3ea12520b49aac6b5e652420267f0bb
2026:4011320261301455815,p0003,c_3ca089090d1c726fec8b,731b0f8b5a61d34e70112efb8c3fa4729cf711e1e0e3e070d5fa739d0a51953f,r_e539c4db14c890028fc2,9,07b0c91c747dd0d8a99c76119f0e2e4fe29e43f63140aff75f25a520f58f3013
2026:4011320261301505493,p0006,c_ad31e218ef3f5f13c332,43897709a02625b5c390f3d4ccae2178fcb0e9c739c7d9456a77d049a25eefcc,r_28d8ea5a232d0e6cda03,4,e9cde79f8bd0af66e4b5ce748283d51cd706a3eccfbb9d617329d0730f5292c1
2026:4011320261301505494,p0006,c_ad31e218ef3f5f13c332,6d8109cfc36f6e0547c9b73e1678432aa85a8ce040166d48ff09f8cd8f5c8fc6,r_28d8ea5a232d0e6cda03,4,e9cde79f8bd0af66e4b5ce748283d51cd706a3eccfbb9d617329d0730f5292c1
2026:4011420261301961812,p0002,c_4b64baaa01dc4eca3d70,bf9b7cbd425ced19d74c57f49e9bb234c472f804ff5a51f0720671f76b396029,r_153f6f4b0d25713d8371,11,ef446f70a3583fce1f4ac47f95eea9a1d202a1764f613d71fa79944220b4464e
2026:4011420261301961814,p0003,c_dcb61ff9a92a3152957c,3545e17a92a289ce835fad19452b596971b0ab961e7a76b9d5abca205f5d13db,r_e539c4db14c890028fc2,9,4acb74a94e107976dd432d93e00ce54a9dc041ddc3de81dbcf9284d201005511
2026:4011520261302322217,p0015,c_57d8e01958a38820d7b3,0f0f45b42246a1cf64b664642b3acbe68b1e885cfa596b15d0a9d116bd0a6fd8,r_f7a1a92ebd7a39e06876,9,e1eeb1a02cf0c5e8880dcde66101d22100d9d3cc549caee3ae648fbe1c2a9692
2026:4011520261302322980,p0003,c_5c674a62aa12b11745d8,611c6c74331f6022a431a5b247b9d3e22769df701b22a84d7fa763966806b677,r_e539c4db14c890028fc2,9,4ca381839bd88f09b6497e6b28b0e9fd49dab0305cc331b586fdd5be9c32099b
2026:4011520261302414837,p0015,c_57d8e01958a38820d7b3,3ecc471109d2b11d7c06db5c7d69a14ec87b27a591d7e79aef638c890f298b19,r_f7a1a92ebd7a39e06876,9,e1eeb1a02cf0c5e8880dcde66101d22100d9d3cc549caee3ae648fbe1c2a9692
2026:4011520261302414838,p0015,c_57d8e01958a38820d7b3,507307ff0ddc3fb54c1e7c2c1cfb1f8148017976c1dfd70fafcae0727621f4b8,r_f7a1a92ebd7a39e06876,9,e1eeb1a02cf0c5e8880dcde66101d22100d9d3cc549caee3ae648fbe1c2a9692
2026:4011520261302414855,p0003,c_5c674a62aa12b11745d8,652a73e3bce01d0ae42c7b3df33b06887c264bb7d71c39f4f493a5fad47d67bb,r_e539c4db14c890028fc2,9,4ca381839bd88f09b6497e6b28b0e9fd49dab0305cc331b586fdd5be9c32099b
2026:4012020261302789407,p0002,c_43263d10d8d42de66ef1,3a482611e794d9d28cceb3e242a96203c609110745adacd9add4e73e475fc399,r_153f6f4b0d25713d8371,11,e78dcd2ea9088c453f153dac7ceaa97df3ea12520b49aac6b5e652420267f0bb
2026:4012020261302789409,p0003,c_5c674a62aa12b11745d8,efb4684ea58a744a54dba36a06a41dafaced877c3c0cfc8977623ed910bc8eea,r_e539c4db14c890028fc2,9,4ca381839bd88f09b6497e6b28b0e9fd49dab0305cc331b586fdd5be9c32099b
2026:4012120261302995720,p0002,c_43263d10d8d42de66ef1,ff2a15c7af1fad0075fb03b717959ed540a9acbda46ca7fe6697e20204d69a96,r_153f6f4b0d25713d8371,11,e78dcd2ea9088c453f153dac7ceaa97df3ea12520b49aac6b5e652420267f0bb
2026:4012120261302995722,p0003,c_dcb61ff9a92a3152957c,409f670ed5577cb6ea8bfc1031cc5bac92f3f4115c911583e1ee7b29dc583d98,r_e539c4db14c890028fc2,9,4acb74a94e107976dd432d93e00ce54a9dc041ddc3de81dbcf9284d201005511
2026:4012220261303284098,p0009,c_b9c6825d43fd2209aee5,703d1468c40784c7cb41bea357af75e472dca2c9405285419b3c0d0ad23d09ab,r_dab5970845ebb9ffcf35,11,2f2727cdaad6c09f75103af92a1fbd8fabec12c1839c6a7bb33048d7f54c8e9f
2026:4012320261303340693,p0011,c_e33e4241ffae021efe44,d336ec4052e8bd1a914f889ec1532b99399fbf937cd803c994973fdb6e80b2f5,r_993179b21d5761402e8e,13,f759e3e78284d686fe105b8c5024b31812841e62142513d312812f0fc0b5b163
2026:4012320261303340694,p0011,c_e33e4241ffae021efe44,e0bbe1b530dd9a72ded8bffd896d1b6222a54e73c755e3e0c793cd39550e0e91,r_993179b21d5761402e8e,13,f759e3e78284d686fe105b8c5024b31812841e62142513d312812f0fc0b5b163
2026:4012620261303460573,p0002,c_4b64baaa01dc4eca3d70,a821154541b257018e1d0dfd59bc178b6504e9ba67591806b62f1f96d807672d,r_153f6f4b0d25713d8371,11,ef446f70a3583fce1f4ac47f95eea9a1d202a1764f613d71fa79944220b4464e
2026:4012620261303460575,p0003,c_5c674a62aa12b11745d8,93d5cd0882c6db57b3cfc0bdaf03f24ad279f74df6982798aafada3cf28a54be,r_e539c4db14c890028fc2,9,4ca381839bd88f09b6497e6b28b0e9fd49dab0305cc331b586fdd5be9c32099b
2026:4012620261303634313,p0003,c_dcb61ff9a92a3152957c,49297eb782cfc474d000a6dd719f43756f6ab6500f2e722b11ebf6632c3be355,r_e539c4db14c890028fc2,9,4acb74a94e107976dd432d93e00ce54a9dc041ddc3de81dbcf9284d201005511
2026:4012720261303725561,p0014,c_1822128dbb0e70f13b7d,6f78acec6d6927cb1ff4719af01862443ec110e7b1ec219d0179350e7b55239a,r_380f28d77df7a5db30a0,11,3730ea3adfe22f4ebbb2880a519ad669705118c89e210f07f7a9c1662d83b5e7
2026:4012720261303732715,p0002,c_8f66f5c61abea3672ee5,df554102cc10932b7191751fb9d16cdcf80d0e263686f6826651a052381b4e57,r_153f6f4b0d25713d8371,6,5e3995d15892aaccf405ec2ebae6e05fef83710056060a623ac2aa86ab6e1e3e
2026:4012720261303830630,p0015,c_dd05fcb5866322438262,f6d72f70c8a7c480adedc8f14a4a40204fca146ef0407019661e75a92f77df80,r_f7a1a92ebd7a39e06876,9,7c69c8ee5b184648674e1743a4d66931e8d0beb2c3d7b3bd790f1ab8a76ae1cc
2026:4012820261303928761,p0003,c_5c674a62aa12b11745d8,93095db22adc8b19489b975d29597d09f2e958081125955e4e0383158969a508,r_e539c4db14c890028fc2,9,4ca381839bd88f09b6497e6b28b0e9fd49dab0305cc331b586fdd5be9c32099b
2026:4012920261304129412,p0002,c_43263d10d8d42de66ef1,c890476f1b0ba7b5f8d6486373c83f22a9b51e971acbe5a3c778bced9f57ea74,r_153f6f4b0d25713d8371,11,e78dcd2ea9088c453f153dac7ceaa97df3ea12520b49aac6b5e652420267f0bb
2026:4012920261304129414,p0003,c_5c674a62aa12b11745d8,17e23eb9cd0acd623df828fa2ca0b00415b1af7d8dfff9c66db29de7485a9946,r_e539c4db14c890028fc2,9,4ca381839bd88f09b6497e6b28b0e9fd49dab0305cc331b586fdd5be9c32099b
2026:4012920261304133062,p0019,c_901624a705dc2b59b73c,869a0861095673e18f96964bb4cbdbb4fee4b4c46793bd817b2c19476205582a,r_f842f8012b64a37416bc,9,22315f151d3c106b680bf59e70e44546b0587d68c3b5fe4af7756cb447e67b7d
2026:4020420261304588256,p0002,c_4b64baaa01dc4eca3d70,1bc2d10fdd09ba74ff1e56a18ea4ea0626bf8e6588f53c5e3fd6fa5136fa9135,r_153f6f4b0d25713d8371,11,ef446f70a3583fce1f4ac47f95eea9a1d202a1764f613d71fa79944220b4464e
2026:4020420261304588259,p0003,c_dcb61ff9a92a3152957c,5e6593ff2e572bbc054f84c35acb09f33aadc34ca92101cccfcee2473ae96d9f,r_e539c4db14c890028fc2,9,4acb74a94e107976dd432d93e00ce54a9dc041ddc3de81dbcf9284d201005511
2026:4020420261304588286,p0002,c_43263d10d8d42de66ef1,7c70f9a6bd4b12847745f1549c04fe8a82eca05e7f1a132c76150b09436cd3b2,r_153f6f4b0d25713d8371,11,e78dcd2ea9088c453f153dac7ceaa97df3ea12520b49aac6b5e652420267f0bb
2026:4020420261304588300,p0003,c_5c674a62aa12b11745d8,267976670752687483dd0a21453d29430bf65cd9998ffd343cf4cefa44bc7271,r_e539c4db14c890028fc2,9,4ca381839bd88f09b6497e6b28b0e9fd49dab0305cc331b586fdd5be9c32099b
2026:4020420261304588305,p0011,c_6d78c941e832e66bc5f5,c1fc756f3ca554fc4032eaeb7f504f5635e78637b3a1c03df3d9a0aaa5b09c74,r_993179b21d5761402e8e,13,136e23c2659e614f7daf19e0e365c8a536cafb725e086191dc5d2f4ac7fabb57
2026:4020920261304845450,p0002,c_43263d10d8d42de66ef1,27e52451916018f56ee779c173d4ef683a0898dcbb88f14e6d7e54d5e36fa8d7,r_153f6f4b0d25713d8371,11,e78dcd2ea9088c453f153dac7ceaa97df3ea12520b49aac6b5e652420267f0bb
2026:4020920261304845453,p0003,c_dcb61ff9a92a3152957c,0e4c3b9a14ed227a441930c2eb78c2161e473c5bfedb9f38fdd37ef9cea8281f,r_e539c4db14c890028fc2,9,4acb74a94e107976dd432d93e00ce54a9dc041ddc3de81dbcf9284d201005511
2026:4021020261305507910,p0009,c_b9c6825d43fd2209aee5,b50a55909276ed0d30a50840cbdcf53af8a7ee1c6a0a65f2e95834699d868863,r_dab5970845ebb9ffcf35,11,2f2727cdaad6c09f75103af92a1fbd8fabec12c1839c6a7bb33048d7f54c8e9f
2026:4021020261305781932,p0002,c_43263d10d8d42de66ef1,58626ab78aad0001a9fc385f5ef5e7f1a1c37929579d6fc6021193fb29374a45,r_153f6f4b0d25713d8371,11,e78dcd2ea9088c453f153dac7ceaa97df3ea12520b49aac6b5e652420267f0bb
2026:4021020261305781936,p0003,c_dcb61ff9a92a3152957c,2a3b6d7016402b5bf737ac671bcf5a4d0f12b57174a6da049d0f4bc6e9915044,r_e539c4db14c890028fc2,9,4acb74a94e107976dd432d93e00ce54a9dc041ddc3de81dbcf9284d201005511
2026:4021120261305828017,p0010,c_433597abc27c16d5e313,7a71a045b4e59f6ced61b54d162d45a9e0e2fce7a4f94ea66e260829fec7c793,r_36381ff366645780c532,11,b26bdd1cce1031dd2c4f3810d9406c3fb9da4a10fd115591a3ab3bffd587c5a9
2026:4021220261307949091,p0015,c_dd05fcb5866322438262,74f70b745dbf914af6ff6be3eac706d9d413264be71962250cf671a97b99a6b7,r_f7a1a92ebd7a39e06876,9,7c69c8ee5b184648674e1743a4d66931e8d0beb2c3d7b3bd790f1ab8a76ae1cc
2026:4021220261307949095,p0004,c_c5b7995bf680414a0436,5b51406c227e1c2e3b4cf14644636f34886a4f4380f7e88526afee2dfedaa5a5,r_948475ee1ff681d1e65b,11,c34d288aa28210b6c2263fe274a7cab983f2c5feedd5885c5e03a71af74627dd
2026:4021220261307949106,p0015,c_dd05fcb5866322438262,6f36eef54aec0591cb4b29d4ca8664cf3143315498a4e757a328f75c139f06c6,r_f7a1a92ebd7a39e06876,9,7c69c8ee5b184648674e1743a4d66931e8d0beb2c3d7b3bd790f1ab8a76ae1cc
2026:4021220261307949108,p0004,c_c5b7995bf680414a0436,6a5aa812bf92969a3f4659d07445414257a1b2b571ed95fa59953e8aaae075e7,r_948475ee1ff681d1e65b,11,c34d288aa28210b6c2263fe274a7cab983f2c5feedd5885c5e03a71af74627dd
2026:4021220261308083257,p0010,c_433597abc27c16d5e313,06a2c0b6cffc647f992aaf717b0acf50bc9ba2cb1f64f0439264751b68ef9243,r_36381ff366645780c532,11,b26bdd1cce1031dd2c4f3810d9406c3fb9da4a10fd115591a3ab3bffd587c5a9
2026:4021220261308171575,p0015,c_dd05fcb5866322438262,0bd28639b721bacc847f6523cd08e6dd3ca561983c87b94b278941d27b1079d1,r_f7a1a92ebd7a39e06876,9,7c69c8ee5b184648674e1743a4d66931e8d0beb2c3d7b3bd790f1ab8a76ae1cc
2026:4021320261308395570,p0015,c_b05fb31d3b8cc52fa1e0,b2fa9937bcc9d415db6c1b025e8115d446376959286a9c1bdd042597c76d14d1,r_f7a1a92ebd7a39e06876,5,e30d138022b5e79139f8cccf6625c0488f7cfceab1f8146c9fe1da2924ad2f2d
2026:4021320261308405186,p0015,c_b05fb31d3b8cc52fa1e0,669d8cd13e19056d12077b1c3b43f862e2c9908503b5ddb54ac2ea69001b3ad9,r_f7a1a92ebd7a39e06876,5,e30d138022b5e79139f8cccf6625c0488f7cfceab1f8146c9fe1da2924ad2f2d
2026:4021920261309041006,p0002,c_43263d10d8d42de66ef1,e961f669274f7e03991e35776d5dd522b7b0187a27ed47dec3c9564cb9a259ff,r_153f6f4b0d25713d8371,11,e78dcd2ea9088c453f153dac7ceaa97df3ea12520b49aac6b5e652420267f0bb
2026:4022020261309562216,p0009,c_b9c6825d43fd2209aee5,8992371149f483c17f208ad51e32483eb87f18cbed1b5035c44d6c30cf45fa62,r_dab5970845ebb9ffcf35,11,2f2727cdaad6c09f75103af92a1fbd8fabec12c1839c6a7bb33048d7f54c8e9f
2026:4022020261309567754,p0002,c_4b64baaa01dc4eca3d70,d4431d416c222c0cccdc4e281b25d6f79f37a82a0e6644aaa67f8044f0ff13bb,r_153f6f4b0d25713d8371,11,ef446f70a3583fce1f4ac47f95eea9a1d202a1764f613d71fa79944220b4464e
2026:4022020261309567769,p0003,c_5c674a62aa12b11745d8,f801adb2417fe897814da5711115d6e6e02ab8bbcdf8ede38f84f84ffc9e1908,r_e539c4db14c890028fc2,9,4ca381839bd88f09b6497e6b28b0e9fd49dab0305cc331b586fdd5be9c32099b
2026:4022420251178344769,p0015,c_57d8e01958a38820d7b3,f06fbde755c85ac504b0568cd04712fb8c020e3a51ba0697ae7240bcc731f836,r_f7a1a92ebd7a39e06876,9,e1eeb1a02cf0c5e8880dcde66101d22100d9d3cc549caee3ae648fbe1c2a9692
2026:4022420251178344770,p0015,c_57d8e01958a38820d7b3,489cf37a03746afa563e8f5a78ea21f470d342e97c7c3eeec4920d7419efcf2f,r_f7a1a92ebd7a39e06876,9,e1eeb1a02cf0c5e8880dcde66101d22100d9d3cc549caee3ae648fbe1c2a9692
2026:4022420251178344771,p0015,c_57d8e01958a38820d7b3,4b3215705fbfcf329701a8a155c71cea553243652fa819ed2d5fa97203242855,r_f7a1a92ebd7a39e06876,9,e1eeb1a02cf0c5e8880dcde66101d22100d9d3cc549caee3ae648fbe1c2a9692
2026:4022420251178344772,p0015,c_57d8e01958a38820d7b3,6e29ed9633f8b0c9033c0f8d5065bb2e332d8521981d3b0206cbaf50b7e2e6e0,r_f7a1a92ebd7a39e06876,9,e1eeb1a02cf0c5e8880dcde66101d22100d9d3cc549caee3ae648fbe1c2a9692
2026:4022420251178346787,p0015,c_57d8e01958a38820d7b3,63ea79eda8dd8b6deb0c1f19a58d9e2b418d00b352c7a6208a9ca3f8012b1904,r_f7a1a92ebd7a39e06876,9,e1eeb1a02cf0c5e8880dcde66101d22100d9d3cc549caee3ae648fbe1c2a9692
2026:4022420251178346788,p0015,c_57d8e01958a38820d7b3,e20eb2ec3306ee11a5587fb4d040bb8d57d60c58e4fabb0ca5fe30c617aa2ec5,r_f7a1a92ebd7a39e06876,9,e1eeb1a02cf0c5e8880dcde66101d22100d9d3cc549caee3ae648fbe1c2a9692
2026:4022420261311842774,p0010,c_3fdba6477347f59d07e7,7eea94af6ac69dba42582c9306ea8fd82fd432bb5c10102fa1c684ac1cb8a064,r_36381ff366645780c532,11,aae33bc963a30bd1536b10834ed6f80806e8990021acd020d7bae0c104ed85ec
2026:4022420261312410056,p0004,c_c99e4c1e04a65f2743c2,8a876f0467d9126730aa88c08051ac3a8a0abdf53512ffce621d12be811cafa5,r_948475ee1ff681d1e65b,11,fa78e4ce8a403cc42a8258d033736cebf7575cd2d5196a97f8b946453fd73714
2026:4022420261312422655,p0015,c_0414e8dce7a1828d7a68,c7232effcca7367a57b6d76400a8b282659fb23e1feaaffdea73586ad05a3135,r_f7a1a92ebd7a39e06876,5,22547ac577559fb1b1dfceb3f2c4e26cc152160f1f4d55b7d2825a6329e31b5f
2026:4022520261359007055,p0015,c_57d8e01958a38820d7b3,079f0e43e900470f22cc9accda764ba6eede3be0851072c781a6d5c9d555a9cc,r_f7a1a92ebd7a39e06876,9,e1eeb1a02cf0c5e8880dcde66101d22100d9d3cc549caee3ae648fbe1c2a9692
2026:4022520261359021053,p0015,c_dd05fcb5866322438262,8b99af6935d3840a8f70adafd56d4a6c8f13197d688a73bad96965ed33d928ff,r_f7a1a92ebd7a39e06876,9,7c69c8ee5b184648674e1743a4d66931e8d0beb2c3d7b3bd790f1ab8a76ae1cc
2026:4022520261359023024,p0009,c_b9c6825d43fd2209aee5,79655f8b0859c3465c21308af3da8ff31eec4584967c65ea5525b6ecd3e454b5,r_dab5970845ebb9ffcf35,11,2f2727cdaad6c09f75103af92a1fbd8fabec12c1839c6a7bb33048d7f54c8e9f
2026:4022520261359037571,p0003,c_5c674a62aa12b11745d8,4ce392d0260e39e2dbf2cb11d161fbafb3a21e4d18bd7e0386d18f122d8fc8c1,r_e539c4db14c890028fc2,9,4ca381839bd88f09b6497e6b28b0e9fd49dab0305cc331b586fdd5be9c32099b
2026:4022520261359056559,p0019,c_ba311ac8533b0668af49,e2865718d14c00a55c4e747b0ea9337be11327c23a7d57e70290dbd60dd8c426,r_f842f8012b64a37416bc,5,cd6f60c18d724e3892609613ba74d3643a22aaacdf38104e6b26b64dbd41f8c7
2026:4022520261359057035,p0010,c_3fdba6477347f59d07e7,dba892da9e3ef2bf90b795e8db2c3312065661c962f7313fdebac026b63548c4,r_36381ff366645780c532,11,aae33bc963a30bd1536b10834ed6f80806e8990021acd020d7bae0c104ed85ec
2026:4022520261359164106,p0009,c_b9c6825d43fd2209aee5,2aa1d99cdf66c6a67b40e436aca61c10d173e16ac2f16d3ea3810dfdb75703c0,r_dab5970845ebb9ffcf35,11,2f2727cdaad6c09f75103af92a1fbd8fabec12c1839c6a7bb33048d7f54c8e9f
2026:4022520261359182116,p0002,c_8333860d441128d96f43,15e19a20ad0bdcbd0d5eb248cf381e26c1905c25d90b4f513ac3f389bca9e521,r_153f6f4b0d25713d8371,8,d5269f8b7e0dba473d346e8aefb323254752084a7e3502d4d3c73d085900b467
2026:4022520261359182137,p0003,c_18687d96ce344d8db794,3e01dc42eeafca180b002d20180727cfebc4adc130181af54d0ebc4b65fc4edc,r_e539c4db14c890028fc2,7,fb1c4330d685dc10c47ed87619c35d4ca85bd365478e1553d79443f40fe85601
2026:4022520261359183076,p0015,c_140f009e028a29449a1e,3451f1915e98dd35d93f6b122e85efd885e9d55da9c59e0a62f44096f208b456,r_f7a1a92ebd7a39e06876,5,33c32739a7c221d65956399988a013b86881c5776e3714ff55816581a14a38a7
2026:4022520261359197347,p0009,c_41645df146712ff21625,419780c1339bc3fcc1e1d7338e63d5984edd2517789ed1f5cf10953fc2a9021f,r_dab5970845ebb9ffcf35,6,05c6fce4b5e5b82838b059110431587339ab40c1ac1cf501f4606878da9311d0
2026:4022620261359280341,p0015,c_57d8e01958a38820d7b3,a3bb7e5d5a32c343c70ab4a934331b34b49c01925a00be8985fd94b6a15332f7,r_f7a1a92ebd7a39e06876,9,e1eeb1a02cf0c5e8880dcde66101d22100d9d3cc549caee3ae648fbe1c2a9692
2026:4022620261359282489,p0014,c_1822128dbb0e70f13b7d,06e0e6ebcd184681c7631accd401dc16f3bd286a4d500bf4ff215cad2c9aa7a7,r_380f28d77df7a5db30a0,11,3730ea3adfe22f4ebbb2880a519ad669705118c89e210f07f7a9c1662d83b5e7
2026:4022620261359291215,p0011,c_6d78c941e832e66bc5f5,a3e7712be2ddec14f00918bab3611a6819d44ee5e1dbbb3a7c9871101d954e9d,r_993179b21d5761402e8e,13,136e23c2659e614f7daf19e0e365c8a536cafb725e086191dc5d2f4ac7fabb57
2026:4022620261359325154,p0003,c_3f565dc57a11191b929b,4fd0abe1119be6cf631151ba3af051e95fb9704e086f8f1f1c01df947bba90ad,r_e539c4db14c890028fc2,9,557ac4b2fcbc29dfbacdd67738e4da912cc55b77fd84a2d86e6dea25f46a662a
2026:4022620261359344223,p0003,c_3f565dc57a11191b929b,9a970be3f2485b561eb965cb3bf2b7bad8e7df20157e26fefa1d6a8256bb68a9,r_e539c4db14c890028fc2,9,557ac4b2fcbc29dfbacdd67738e4da912cc55b77fd84a2d86e6dea25f46a662a
2026:4022620261359368685,p0003,c_dcb61ff9a92a3152957c,a52e03e3d56a47c7a92253aeee37cae51826736d356bcdaa248ae0d8d6175ce1,r_e539c4db14c890028fc2,9,4acb74a94e107976dd432d93e00ce54a9dc041ddc3de81dbcf9284d201005511
2026:4022620261359368690,p0002,c_4b64baaa01dc4eca3d70,ffe8c5443087b45e45285b60d8fc08dbe3e2e4e7c7dd157d4a06cdebc24ddf48,r_153f6f4b0d25713d8371,11,ef446f70a3583fce1f4ac47f95eea9a1d202a1764f613d71fa79944220b4464e
2026:4022720261359642256,p0016,c_3c31843c73f7c30dd119,5372313f76cafc176ef23dd18c463a76cfe3718dc5d16429051e1abb422feba4,r_240cc1843c0b56b2e338,11,6e55f679b1a6da1aabd0be53a70f37db7de25855a74ebc19f0ccf0cf10abaf37
2026:4022720261359728904,p0015,c_57d8e01958a38820d7b3,096e604a6c83ddb40ab0e65305ee02a152a6d865d32bea271798e8ab8f2e0f6b,r_f7a1a92ebd7a39e06876,9,e1eeb1a02cf0c5e8880dcde66101d22100d9d3cc549caee3ae648fbe1c2a9692
2026:4022720261359728928,p0004,c_c99e4c1e04a65f2743c2,b419f20a6c100887e56607a5eab574af37dfcdcc46224d2906200e7917e787ab,r_948475ee1ff681d1e65b,11,fa78e4ce8a403cc42a8258d033736cebf7575cd2d5196a97f8b946453fd73714
2026:4022720261359793092,p0015,c_57d8e01958a38820d7b3,94b35ee6b9679fcfe7b120514cde7511d9a03b7f3408d3723fc560ea5e2b11e8,r_f7a1a92ebd7a39e06876,9,e1eeb1a02cf0c5e8880dcde66101d22100d9d3cc549caee3ae648fbe1c2a9692
2026:4022720261359793093,p0015,c_57d8e01958a38820d7b3,ffae57c5762b78e51b86f85c5a89cf8ab78c89f5b06b06b264cdcea30bde0fde,r_f7a1a92ebd7a39e06876,9,e1eeb1a02cf0c5e8880dcde66101d22100d9d3cc549caee3ae648fbe1c2a9692
2026:4022720261359868119,p0015,c_ef3a9355c89b3cd82ea4,32ee8d97638a97e787b45cdb608e83a32b961be66eed4389b491b9e9fba73825,r_f7a1a92ebd7a39e06876,5,e150260ec4b9006accf918d77e330f3ad38a54f448c6cc397de45d5e33e98fbb
2026:4030120261360203849,p0002,c_4b64baaa01dc4eca3d70,98f460f5caa3f24e7b455ac6c188b2fcdc327b4dbeb68e7901f725b215ff1af7,r_153f6f4b0d25713d8371,11,ef446f70a3583fce1f4ac47f95eea9a1d202a1764f613d71fa79944220b4464e
2026:4030120261360205679,p0002,c_43263d10d8d42de66ef1,f78865e4c10ea6cb62010806acfc026289e547a47f8d931b90997c973d6c4746,r_153f6f4b0d25713d8371,11,e78dcd2ea9088c453f153dac7ceaa97df3ea12520b49aac6b5e652420267f0bb
2026:4030120261360209476,p0003,c_5c674a62aa12b11745d8,838cb036fc0ebee14be3fdfc6640fb16878b42644bd2929f86d9d68ef036cc28,r_e539c4db14c890028fc2,9,4ca381839bd88f09b6497e6b28b0e9fd49dab0305cc331b586fdd5be9c32099b
2026:4030120261360228789,p0002,c_4b64baaa01dc4eca3d70,cb008d5d78e6fe0e4bb4d954078629061ce3ef4736e10d204a77f36a501f58bf,r_153f6f4b0d25713d8371,11,ef446f70a3583fce1f4ac47f95eea9a1d202a1764f613d71fa79944220b4464e
2026:4030120261360228791,p0003,c_dcb61ff9a92a3152957c,b23f46821ae74c5e42f769e5e5b5003f565db9e2d7a256d41f78bf928c56d3f4,r_e539c4db14c890028fc2,9,4acb74a94e107976dd432d93e00ce54a9dc041ddc3de81dbcf9284d201005511
2026:4030120261360430370,p0009,c_d2add8e8e44618bef589,fda5e4c0ec3d3965a76cb6db542eae678471c5af1be7594885a29f69a4d0a735,r_dab5970845ebb9ffcf35,6,6daa303f6e8ca730285dd7124ca1a4bb585eac0859f35f1aea8ad7bece917ec8
2026:4030120261360430443,p0009,c_d2add8e8e44618bef589,865a5181cf20d0a0202d62a8d4a9537b4b23932e181681749688aa16e1e40865,r_dab5970845ebb9ffcf35,6,6daa303f6e8ca730285dd7124ca1a4bb585eac0859f35f1aea8ad7bece917ec8
2026:4030220261360498941,p0004,c_c0e269b9ba20b2de8232,a962a90ba7b22b6a4c6f12cd5b096d9e78b37e6fbb3fa58d38d3d2de43431ee1,r_948475ee1ff681d1e65b,11,27b1911f83e7f6152a20a0041e51011afb2e9ad1cb885be26543906ee642aaaf
2026:4030220261360501179,p0003,c_5c674a62aa12b11745d8,955cb498a9aadf6280e8befbd0d619f859c228f75cb68a9750fc8249e9d8b55b,r_e539c4db14c890028fc2,9,4ca381839bd88f09b6497e6b28b0e9fd49dab0305cc331b586fdd5be9c32099b
2026:4030220261360520373,p0002,c_43263d10d8d42de66ef1,059f0e3eedeb0406523c1106b260f2303946829f41ec91a4f9eb453baa83bc47,r_153f6f4b0d25713d8371,11,e78dcd2ea9088c453f153dac7ceaa97df3ea12520b49aac6b5e652420267f0bb
2026:4030220261360520374,p0002,c_43263d10d8d42de66ef1,68b22152a04ed59931c4ddcfb129c7991cd8203ec9ff47e6f6d28c3c805bf315,r_153f6f4b0d25713d8371,11,e78dcd2ea9088c453f153dac7ceaa97df3ea12520b49aac6b5e652420267f0bb
2026:4030220261360520380,p0003,c_5c674a62aa12b11745d8,83d989847d080f1554ace2b96c0f315cdde28779b9b0051815b6604348345313,r_e539c4db14c890028fc2,9,4ca381839bd88f09b6497e6b28b0e9fd49dab0305cc331b586fdd5be9c32099b
2026:4030220261360520381,p0003,c_5c674a62aa12b11745d8,7780130295c0a2a87060c2aa93c675152941d1315788ee194082a9a3d04fef53,r_e539c4db14c890028fc2,9,4ca381839bd88f09b6497e6b28b0e9fd49dab0305cc331b586fdd5be9c32099b
2026:4030220261360753552,p0004,c_c99e4c1e04a65f2743c2,e91b577a720833b1bb46d0a31043260226ac104c60d23998af2cbaf4f7b9ae46,r_948475ee1ff681d1e65b,11,fa78e4ce8a403cc42a8258d033736cebf7575cd2d5196a97f8b946453fd73714
2026:4030220261360753554,p0004,c_c99e4c1e04a65f2743c2,3ca37d52a59018be3f63a26f816848d33fad1425d9334f2585a4a7a100e5a53a,r_948475ee1ff681d1e65b,11,fa78e4ce8a403cc42a8258d033736cebf7575cd2d5196a97f8b946453fd73714
2026:4030220261362127022,p0011,c_6d78c941e832e66bc5f5,84ef6593ef45ca1d54c9a44253dcd22a979038e5a17f5c9c97291c672cc15960,r_993179b21d5761402e8e,13,136e23c2659e614f7daf19e0e365c8a536cafb725e086191dc5d2f4ac7fabb57
2026:4030220261363776086,p0012,c_76e8b2ac6f7d7fb25c03,105521b99b903f9b1412bdd3d5c33d1f443a165d3b9d439a5407bba0a698b2f6,r_75b5cf0824e38d63503f,9,85a1a3fa11cf5897b9852fa1a92662e899c1cbf37f1abfc484e5f7c5ca1e9e61
2026:4030220261364301942,p0011,c_6d78c941e832e66bc5f5,64512ed260441194a114ddcd2b6abba5aca880e021e3034c5c8d58826b90fad3,r_993179b21d5761402e8e,13,136e23c2659e614f7daf19e0e365c8a536cafb725e086191dc5d2f4ac7fabb57
2026:4030220261364783309,p0011,c_6d78c941e832e66bc5f5,81f6c1e61e97c9479e44183246cc152eb88106dcbad3b8d37fa7e5d5f71fbbc8,r_993179b21d5761402e8e,13,136e23c2659e614f7daf19e0e365c8a536cafb725e086191dc5d2f4ac7fabb57
2026:4030220261367530556,p0009,c_b9c6825d43fd2209aee5,36c5d0b5bcd489dd328d3c2593a6c9cedc8178f1efa9f1d3077c5456fc2fe6ac,r_dab5970845ebb9ffcf35,11,2f2727cdaad6c09f75103af92a1fbd8fabec12c1839c6a7bb33048d7f54c8e9f
2026:4030220261370594675,p0011,c_6d78c941e832e66bc5f5,0e129da7e6f4b37a84b19b001c19b5b8281e8538c547eb9a3c58873cdacb3a75,r_993179b21d5761402e8e,13,136e23c2659e614f7daf19e0e365c8a536cafb725e086191dc5d2f4ac7fabb57
2026:4030220261372957576,p0009,c_b9c6825d43fd2209aee5,02db9534e19afa302238dd9e2fc7fa1a39e578af28e527e57f4c5af7eba3db66,r_dab5970845ebb9ffcf35,11,2f2727cdaad6c09f75103af92a1fbd8fabec12c1839c6a7bb33048d7f54c8e9f
2026:4030220261373397831,p0011,c_6d78c941e832e66bc5f5,b1b5f2b286608d878cacf9533dd293b166d4c1979d4e5fdf86847e07411abe88,r_993179b21d5761402e8e,13,136e23c2659e614f7daf19e0e365c8a536cafb725e086191dc5d2f4ac7fabb57
2026:4030220261373586370,p0011,c_6d78c941e832e66bc5f5,8cd8d724c5486a5f29b9e7ef3377d644dec944ea0607cfe12953318e0f29ada8,r_993179b21d5761402e8e,13,136e23c2659e614f7daf19e0e365c8a536cafb725e086191dc5d2f4ac7fabb57
2026:4030320261385687172,p0015,c_dd05fcb5866322438262,a25bd473afcd9fb79025b29da417e7a6e550b1f7adbd0e14a8352a6ffa7de52e,r_f7a1a92ebd7a39e06876,9,7c69c8ee5b184648674e1743a4d66931e8d0beb2c3d7b3bd790f1ab8a76ae1cc
2026:4030320261385687583,p0015,c_dd05fcb5866322438262,643ffb0abb4b2afb9bbf23a847363f53b577267f3a1074bab6c0febe5bbe5401,r_f7a1a92ebd7a39e06876,9,7c69c8ee5b184648674e1743a4d66931e8d0beb2c3d7b3bd790f1ab8a76ae1cc
2026:4030320261385695074,p0002,c_43263d10d8d42de66ef1,2b848b0c16ef0cb401834c3a4f18cf3844980d939d7f45979c8d33a0fe038e37,r_153f6f4b0d25713d8371,11,e78dcd2ea9088c453f153dac7ceaa97df3ea12520b49aac6b5e652420267f0bb
2026:4030320261385702064,p0003,c_3ca089090d1c726fec8b,2ae4db6dcd6b7dcce2a649a070591a2f54dee6907062037cd66d618415631b61,r_e539c4db14c890028fc2,9,07b0c91c747dd0d8a99c76119f0e2e4fe29e43f63140aff75f25a520f58f3013
2026:4030320261385714246,p0004,c_c99e4c1e04a65f2743c2,cd3ecd6d7be410f017483981f847e13970227a33fed45196139b79e03570d1fb,r_948475ee1ff681d1e65b,11,fa78e4ce8a403cc42a8258d033736cebf7575cd2d5196a97f8b946453fd73714
2026:4030320261385714293,p0002,c_43263d10d8d42de66ef1,19d7e09dc2a2e1a895ef91bed9295ddb2321b74d728a4f45c83bf40c7b6e9b6b,r_153f6f4b0d25713d8371,11,e78dcd2ea9088c453f153dac7ceaa97df3ea12520b49aac6b5e652420267f0bb
2026:4030320261385714295,p0003,c_dcb61ff9a92a3152957c,73f4e78baeb5189cea576cf4db33335e79c923fffb73941b50d830d3a4b269b1,r_e539c4db14c890028fc2,9,4acb74a94e107976dd432d93e00ce54a9dc041ddc3de81dbcf9284d201005511
2026:4030320261385740124,p0002,c_43263d10d8d42de66ef1,10bb98b2aaaf17157c9fe168869988487bca362c963b25e13125dc70bbac17de,r_153f6f4b0d25713d8371,11,e78dcd2ea9088c453f153dac7ceaa97df3ea12520b49aac6b5e652420267f0bb
2026:4030320261385740125,p0002,c_43263d10d8d42de66ef1,e16a74b41327bc83c0b117433bd9fcf48a8eb841ec1296719d0e040be3038de1,r_153f6f4b0d25713d8371,11,e78dcd2ea9088c453f153dac7ceaa97df3ea12520b49aac6b5e652420267f0bb
2026:4030320261385740126,p0002,c_43263d10d8d42de66ef1,02d6b83b64df56fa350516625b33c3054c4d4e5f1dec87679ce5054fa3ef4a31,r_153f6f4b0d25713d8371,11,e78dcd2ea9088c453f153dac7ceaa97df3ea12520b49aac6b5e652420267f0bb
2026:4030320261385740219,p0003,c_dcb61ff9a92a3152957c,07f65c6ac3a90b41c28e10217d9f80b67570af690a0f28abe5d9205f3b4f4f3d,r_e539c4db14c890028fc2,9,4acb74a94e107976dd432d93e00ce54a9dc041ddc3de81dbcf9284d201005511
2026:4030320261385740220,p0003,c_dcb61ff9a92a3152957c,10c9a1979b6c4cbdc3895151ac3dcae00a29487b5f598b23cc8ef366a6cd6f73,r_e539c4db14c890028fc2,9,4acb74a94e107976dd432d93e00ce54a9dc041ddc3de81dbcf9284d201005511
2026:4030320261385740221,p0003,c_dcb61ff9a92a3152957c,e917086ae7376071d4d94dcb300ff504732f25a6bd965ea4bf5795ef7dc23d84,r_e539c4db14c890028fc2,9,4acb74a94e107976dd432d93e00ce54a9dc041ddc3de81dbcf9284d201005511
2026:4030320261385925941,p0003,c_5c674a62aa12b11745d8,06559473c18972547312a9c4eacdb7ba27dd63cc5703b9356a07db11d89f036e,r_e539c4db14c890028fc2,9,4ca381839bd88f09b6497e6b28b0e9fd49dab0305cc331b586fdd5be9c32099b
2026:4030320261385972002,p0015,c_edff13caa61075e2d07b,21bbefeaad898ed35684b19217ef48c2265db092d229d387d2819763e97e895a,r_f7a1a92ebd7a39e06876,4,ace35e9722d1b28c4bb681e240965a7841d0394089aa337279f0a555db53f082
2026:4030320261385972030,p0007,c_e49a9ca92cbe99ff85a0,67aa213e551ddf6517dd125872c748fa467f1271f4dd465d8d7e173f7e34f156,r_d781d1e025b21b40484f,4,dd9f62f40ebd1bbb3579ba9be9e4f7b28dd973a4f8712e1e5f707a0b48a43c8f
2026:4030420261386019028,p0011,c_6d78c941e832e66bc5f5,98df48b167ee4977fe2e798e913ff0a487163cf8c538d56454706cd831b4e530,r_993179b21d5761402e8e,13,136e23c2659e614f7daf19e0e365c8a536cafb725e086191dc5d2f4ac7fabb57
2026:4030420261386043463,p0015,c_57d8e01958a38820d7b3,0b96e87d24da25942dafde6711db27876cb75aa30dcb057d424a592986aec3e6,r_f7a1a92ebd7a39e06876,9,e1eeb1a02cf0c5e8880dcde66101d22100d9d3cc549caee3ae648fbe1c2a9692
2026:4030420261386079636,p0002,c_43263d10d8d42de66ef1,af50cee4cd3b44e79673d2c5424e51a9c4f80d8dad346e49ae41f22ddce98579,r_153f6f4b0d25713d8371,11,e78dcd2ea9088c453f153dac7ceaa97df3ea12520b49aac6b5e652420267f0bb
2026:4030420261386079637,p0003,c_5c674a62aa12b11745d8,59966e5801a6ecb8a1bf4e66b0b83d91116c5855454debfac51354a37d4fe0e5,r_e539c4db14c890028fc2,9,4ca381839bd88f09b6497e6b28b0e9fd49dab0305cc331b586fdd5be9c32099b
2026:4030420261386080924,p0015,c_dd05fcb5866322438262,3a3a6bdfaaf09b714c1687287e17084082d2ffd4641a848b717c5f9d80657f14,r_f7a1a92ebd7a39e06876,9,7c69c8ee5b184648674e1743a4d66931e8d0beb2c3d7b3bd790f1ab8a76ae1cc
2026:4030420261386103917,p0004,c_c5b7995bf680414a0436,bc685a46248eeab08fb5cd899ac7bc018a82b07dddd3e791cb56de7708734fdf,r_948475ee1ff681d1e65b,11,c34d288aa28210b6c2263fe274a7cab983f2c5feedd5885c5e03a71af74627dd
2026:4030420261386103982,p0002,c_4b64baaa01dc4eca3d70,142a10ad882ceb48f7adc0b052feca71efb1fe5acdd3ee2177debe23cc9cbad0,r_153f6f4b0d25713d8371,11,ef446f70a3583fce1f4ac47f95eea9a1d202a1764f613d71fa79944220b4464e
2026:4030420261386103983,p0003,c_dcb61ff9a92a3152957c,feca0ad144be1bfb755d7deec27eb41bfeda7173a1d6e271e27466ee29e7d239,r_e539c4db14c890028fc2,9,4acb74a94e107976dd432d93e00ce54a9dc041ddc3de81dbcf9284d201005511
2026:4030420261386103989,p0015,c_dd05fcb5866322438262,94ba0c64d611ac0ba462352a469840dc735f57f68d737484b40b634b6673a4e6,r_f7a1a92ebd7a39e06876,9,7c69c8ee5b184648674e1743a4d66931e8d0beb2c3d7b3bd790f1ab8a76ae1cc
2026:4030420261386107051,p0010,c_433597abc27c16d5e313,b00dc58400d5e5f66e308d9e607e73c8a7e1c2970b4de1333c948e14ec35032c,r_36381ff366645780c532,11,b26bdd1cce1031dd2c4f3810d9406c3fb9da4a10fd115591a3ab3bffd587c5a9
2026:4030420261386107195,p0003,c_5c674a62aa12b11745d8,5d9d7442057a833d3c8880ce988a83b56b3369027d75d3fed8a8d0f67e58503b,r_e539c4db14c890028fc2,9,4ca381839bd88f09b6497e6b28b0e9fd49dab0305cc331b586fdd5be9c32099b
2026:4030420261386107196,p0002,c_43263d10d8d42de66ef1,1ce43ddadb16fe33f81539c5cee3e3505fce3d13085d4d72e4cfe7e1250d82e9,r_153f6f4b0d25713d8371,11,e78dcd2ea9088c453f153dac7ceaa97df3ea12520b49aac6b5e652420267f0bb
2026:4030420261390005987,p0003,c_5c674a62aa12b11745d8,72178f3d8b4af4003a9fb9e89a7c80dbed3d786c08479d4198b401195f62e97d,r_e539c4db14c890028fc2,9,4ca381839bd88f09b6497e6b28b0e9fd49dab0305cc331b586fdd5be9c32099b
2026:4030420261390155319,p0003,c_5c674a62aa12b11745d8,9e478b2ca1e8fe1e1cb7cff918453bfafc4d00cfbc93d39bbe85ddc23f5cb6d8,r_e539c4db14c890028fc2,9,4ca381839bd88f09b6497e6b28b0e9fd49dab0305cc331b586fdd5be9c32099b
2026:4030420261390301407,p0003,c_5c674a62aa12b11745d8,3c94dc8d86809859f667968d096eaf0be1d9465c0112d641c564e35e1a730d5a,r_e539c4db14c890028fc2,9,4ca381839bd88f09b6497e6b28b0e9fd49dab0305cc331b586fdd5be9c32099b
2026:4030420261390417367,p0009,c_b9c6825d43fd2209aee5,1bbd2543dd3e983c11d939b1b6b78199cfbc5eb643b68ebbbaf0c0c66b91ea9e,r_dab5970845ebb9ffcf35,11,2f2727cdaad6c09f75103af92a1fbd8fabec12c1839c6a7bb33048d7f54c8e9f
2026:4030420261390432185,p0009,c_b9c6825d43fd2209aee5,4fd5cbd3727ec7773c0b1421cb8bfaf4789a4d33575b15dc5675f4324b7d77f8,r_dab5970845ebb9ffcf35,11,2f2727cdaad6c09f75103af92a1fbd8fabec12c1839c6a7bb33048d7f54c8e9f
2026:4030420261390458200,p0009,c_b9c6825d43fd2209aee5,e24e51f101426ab1b07fff7e3f0b1cd5508a8945e40cb44353695ba87d11a6d3,r_dab5970845ebb9ffcf35,11,2f2727cdaad6c09f75103af92a1fbd8fabec12c1839c6a7bb33048d7f54c8e9f
2026:4030420261390485111,p0009,c_b9c6825d43fd2209aee5,dda1029602a134c710c938c42031e1cf6e09188ca261a784c0a07aa3f5c51054,r_dab5970845ebb9ffcf35,11,2f2727cdaad6c09f75103af92a1fbd8fabec12c1839c6a7bb33048d7f54c8e9f
2026:4030420261390562340,p0009,c_b9c6825d43fd2209aee5,afe5ed5d0b7688e54249bf2dad8703f4ed22eed057f0dcbc95408a877c6c53fa,r_dab5970845ebb9ffcf35,11,2f2727cdaad6c09f75103af92a1fbd8fabec12c1839c6a7bb33048d7f54c8e9f
2026:4030420261390612635,p0009,c_b9c6825d43fd2209aee5,110d07916338911cd32c1b2011a208a8ca0c17f8981d01d576f2b40e4b06a9af,r_dab5970845ebb9ffcf35,11,2f2727cdaad6c09f75103af92a1fbd8fabec12c1839c6a7bb33048d7f54c8e9f
2026:4030420261390632143,p0009,c_b9c6825d43fd2209aee5,b28345eeee26a0c4133b41486dd67f312ead7dabb60390d08cb06e9ea200e778,r_dab5970845ebb9ffcf35,11,2f2727cdaad6c09f75103af92a1fbd8fabec12c1839c6a7bb33048d7f54c8e9f
2026:4030420261390678385,p0009,c_b9c6825d43fd2209aee5,ed4ea19a7aaf4dde59dec3e46423af885429c03361a6e2a90596042e72cd50f9,r_dab5970845ebb9ffcf35,11,2f2727cdaad6c09f75103af92a1fbd8fabec12c1839c6a7bb33048d7f54c8e9f
2026:4030420261390704316,p0009,c_b9c6825d43fd2209aee5,9decf1fbe9aa247b989823a41a196883e14c3ed090b1e4296431dbb62d011091,r_dab5970845ebb9ffcf35,11,2f2727cdaad6c09f75103af92a1fbd8fabec12c1839c6a7bb33048d7f54c8e9f
2026:4030420261390767508,p0009,c_b9c6825d43fd2209aee5,42fb413ab7ed1abf5d1cf15c93488c2b28aa238e370ba5789d64b66f6a735139,r_dab5970845ebb9ffcf35,11,2f2727cdaad6c09f75103af92a1fbd8fabec12c1839c6a7bb33048d7f54c8e9f
2026:4030420261390809080,p0009,c_b9c6825d43fd2209aee5,0c3c6a1e0dc5681a3c6d04e36a852e42d11578d534ec6341547aa9915ccb4a51,r_dab5970845ebb9ffcf35,11,2f2727cdaad6c09f75103af92a1fbd8fabec12c1839c6a7bb33048d7f54c8e9f
2026:4030420261390820787,p0009,c_b9c6825d43fd2209aee5,b74bce625e339cdbcd72914157c8c1b150f26af8fc22f70c4dd0a88d7d118e1b,r_dab5970845ebb9ffcf35,11,2f2727cdaad6c09f75103af92a1fbd8fabec12c1839c6a7bb33048d7f54c8e9f
2026:4030420261390834059,p0009,c_b9c6825d43fd2209aee5,37c34958c63d0383036ccd8c983230f7ac17358f6c3d3bb2e81dcc5833580c8a,r_dab5970845ebb9ffcf35,11,2f2727cdaad6c09f75103af92a1fbd8fabec12c1839c6a7bb33048d7f54c8e9f
2026:4030420261390879493,p0009,c_b9c6825d43fd2209aee5,3e562fc051c7c6cb33185b634ccd2c2ea8042d8d07dc935b3a1f065c73617fc9,r_dab5970845ebb9ffcf35,11,2f2727cdaad6c09f75103af92a1fbd8fabec12c1839c6a7bb33048d7f54c8e9f
2026:4030420261390931447,p0009,c_b9c6825d43fd2209aee5,e96566fab1b9db387ee8a8d9b27dbc204663f107b8fe333caa2501bdd24025d4,r_dab5970845ebb9ffcf35,11,2f2727cdaad6c09f75103af92a1fbd8fabec12c1839c6a7bb33048d7f54c8e9f
2026:4030420261390951456,p0009,c_b9c6825d43fd2209aee5,4e16dcf3b0403e5a25e6d3e5021e627be1477ec5b052cef8fd8bbfa3f8fde6b5,r_dab5970845ebb9ffcf35,11,2f2727cdaad6c09f75103af92a1fbd8fabec12c1839c6a7bb33048d7f54c8e9f
2026:4030420261391054075,p0009,c_b9c6825d43fd2209aee5,d4d53891de6536caf1cdcf3d00a3c154cde9a1f05b7cb74e6ac5cf4108eccf31,r_dab5970845ebb9ffcf35,11,2f2727cdaad6c09f75103af92a1fbd8fabec12c1839c6a7bb33048d7f54c8e9f
2026:4030420261391080724,p0009,c_b9c6825d43fd2209aee5,0da5605aa20c41b6959f47a13a88de10f3b050a69ac0fd3ff0ef786180538b5b,r_dab5970845ebb9ffcf35,11,2f2727cdaad6c09f75103af92a1fbd8fabec12c1839c6a7bb33048d7f54c8e9f
2026:4030420261391139131,p0009,c_b9c6825d43fd2209aee5,3eb0283f16de7555b616fcbd848d3637c44cf29128485e29df46bb29e9ebffb7,r_dab5970845ebb9ffcf35,11,2f2727cdaad6c09f75103af92a1fbd8fabec12c1839c6a7bb33048d7f54c8e9f
2026:4030420261391147066,p0009,c_b9c6825d43fd2209aee5,b2a59be70312fee4872047265131de35e4ee237733066de42c39f184fd8e0552,r_dab5970845ebb9ffcf35,11,2f2727cdaad6c09f75103af92a1fbd8fabec12c1839c6a7bb33048d7f54c8e9f
2026:4030420261391149708,p0009,c_b9c6825d43fd2209aee5,154e8227e7a30c397a29e5360656cab0136ad007931c0a6e888d4389d6d476f4,r_dab5970845ebb9ffcf35,11,2f2727cdaad6c09f75103af92a1fbd8fabec12c1839c6a7bb33048d7f54c8e9f
2026:4030420261391157747,p0009,c_b9c6825d43fd2209aee5,74a603137c1c61a0d2d7f7c77643508a20f6e5b2658400c0092e3ae752004c96,r_dab5970845ebb9ffcf35,11,2f2727cdaad6c09f75103af92a1fbd8fabec12c1839c6a7bb33048d7f54c8e9f
2026:4030420261391170186,p0009,c_b9c6825d43fd2209aee5,20559011951752f6913ff18bc17d6ffcd57916f852f6d2e8665a4b2d661b9241,r_dab5970845ebb9ffcf35,11,2f2727cdaad6c09f75103af92a1fbd8fabec12c1839c6a7bb33048d7f54c8e9f
2026:4030420261391225279,p0009,c_b9c6825d43fd2209aee5,37d56b3d433a72ebb6605e96a2dc01e286d1b0f4bffbf567cad6a3508214beb1,r_dab5970845ebb9ffcf35,11,2f2727cdaad6c09f75103af92a1fbd8fabec12c1839c6a7bb33048d7f54c8e9f
2026:4030420261391298043,p0009,c_b9c6825d43fd2209aee5,c5e4f8952a04d1724d5a108bb816009f7053820ea4b84c85c5b534e324d84a1a,r_dab5970845ebb9ffcf35,11,2f2727cdaad6c09f75103af92a1fbd8fabec12c1839c6a7bb33048d7f54c8e9f
2026:4030420261391320058,p0009,c_b9c6825d43fd2209aee5,68fc448605c474b52d76007a884b566ec8f66fae0a9a00af88926e9cac1c3334,r_dab5970845ebb9ffcf35,11,2f2727cdaad6c09f75103af92a1fbd8fabec12c1839c6a7bb33048d7f54c8e9f
2026:4030420261391325101,p0009,c_b9c6825d43fd2209aee5,1282819d9ae27d6b6632b4d3b08235bd716bdf0cebcf5f35809c28cf5e31dc61,r_dab5970845ebb9ffcf35,11,2f2727cdaad6c09f75103af92a1fbd8fabec12c1839c6a7bb33048d7f54c8e9f
2026:4030420261391326546,p0009,c_b9c6825d43fd2209aee5,235b849b99d173eaab59cd4aa6f1d0a22fb3ed97da51b40dc426bc6027cffa14,r_dab5970845ebb9ffcf35,11,2f2727cdaad6c09f75103af92a1fbd8fabec12c1839c6a7bb33048d7f54c8e9f
2026:4030420261391600432,p0011,c_6d78c941e832e66bc5f5,ed556771933b325d9823d08b50f5dc1bb923e5e2684de967c0d583fac4d320a6,r_993179b21d5761402e8e,13,136e23c2659e614f7daf19e0e365c8a536cafb725e086191dc5d2f4ac7fabb57
2026:4030420261391783923,p0008,c_eb5f4b964135272e086d,b22f5cda380300107f24cbec10f423218b68f3fa2930711c5f60ae9d6f91447c,r_ea71451d245b6218d4f0,10,4104a539a5e79b0ac055d000d70e89d27ac78b43271d1b875a01d4f10bc71c93
2026:4030420261391824162,p0001,c_3b4e2a05f2eee8ee1cdc,87cba329597b76f103c738a33ea6bcdfc346c461f15dc4564a4d63a5097aa0c2,r_e75b91aaab70b14a204d,13,407c04763aab0fc3f8b35f9f14c99549bb8fd845574b08cdd3d7fefa486133b5
2026:4030420261391829916,p0008,c_eb5f4b964135272e086d,4554724a2205f3bbe489b5f145e709dd466b2d5699fb0c68fbc15ce9b9f7817f,r_ea71451d245b6218d4f0,10,4104a539a5e79b0ac055d000d70e89d27ac78b43271d1b875a01d4f10bc71c93
2026:4030420261391842246,p0001,c_3b4e2a05f2eee8ee1cdc,b7fdfc44dbb0fe095549c4db8891e971f4f9c470d976b288d74bbc2438483c02,r_e75b91aaab70b14a204d,13,407c04763aab0fc3f8b35f9f14c99549bb8fd845574b08cdd3d7fefa486133b5
2026:4030420261391848046,p0001,c_3b4e2a05f2eee8ee1cdc,a0b97861f081987a6e381449382d0e86842ebe16240cd23fd961e8ebf345d012,r_e75b91aaab70b14a204d,13,407c04763aab0fc3f8b35f9f14c99549bb8fd845574b08cdd3d7fefa486133b5
2026:4030420261391969804,p0001,c_3b4e2a05f2eee8ee1cdc,0fcc9393d930e7ed49de5c4ace4412fc636f092d8b8086c68f47580e1d5588ce,r_e75b91aaab70b14a204d,13,407c04763aab0fc3f8b35f9f14c99549bb8fd845574b08cdd3d7fefa486133b5
2026:4030420261392001514,p0001,c_3b4e2a05f2eee8ee1cdc,7053bbad581370b60f4a03fe7e163b8e2706e0a154cf541f6f594da6df1b6b57,r_e75b91aaab70b14a204d,13,407c04763aab0fc3f8b35f9f14c99549bb8fd845574b08cdd3d7fefa486133b5
2026:4030420261392094165,p0008,c_eb5f4b964135272e086d,556814c45837899320a9cf07a1d501671b9eb480264a1f031389a41d24cd5a81,r_ea71451d245b6218d4f0,10,4104a539a5e79b0ac055d000d70e89d27ac78b43271d1b875a01d4f10bc71c93
2026:4030420261392137046,p0008,c_eb5f4b964135272e086d,302f4ff398d9a7d7fc3b3118fc4b378c68c7ca8183df026690017f2f03414547,r_ea71451d245b6218d4f0,10,4104a539a5e79b0ac055d000d70e89d27ac78b43271d1b875a01d4f10bc71c93
2026:4030420261392210054,p0001,c_3b4e2a05f2eee8ee1cdc,566876738acadb3755084eded34db65cf105274e24926b199662bc8d882bd757,r_e75b91aaab70b14a204d,13,407c04763aab0fc3f8b35f9f14c99549bb8fd845574b08cdd3d7fefa486133b5
2026:4030420261392212210,p0001,c_3b4e2a05f2eee8ee1cdc,d65ecaa1aabac761d858164960c7fed10438b56af70bc131e86751c5d935b6d7,r_e75b91aaab70b14a204d,13,407c04763aab0fc3f8b35f9f14c99549bb8fd845574b08cdd3d7fefa486133b5
2026:4030420261392220022,p0001,c_3b4e2a05f2eee8ee1cdc,7952a85b438da9303bad595ffffffb7609850fe58f1d1ffc8b77849884f24250,r_e75b91aaab70b14a204d,13,407c04763aab0fc3f8b35f9f14c99549bb8fd845574b08cdd3d7fefa486133b5
2026:4030420261392244822,p0001,c_3b4e2a05f2eee8ee1cdc,1feff1a986ac51523fc6d8100147013f5a824c160e3bd1afbad9c80aa0bbe03c,r_e75b91aaab70b14a204d,13,407c04763aab0fc3f8b35f9f14c99549bb8fd845574b08cdd3d7fefa486133b5
2026:4030420261392258721,p0001,c_3b4e2a05f2eee8ee1cdc,01087e747603c39597439c0d4b1b7a3613e6b09ea839ea4a79958e879e92d0a6,r_e75b91aaab70b14a204d,13,407c04763aab0fc3f8b35f9f14c99549bb8fd845574b08cdd3d7fefa486133b5
2026:4030420261392260825,p0009,c_b9c6825d43fd2209aee5,2398dfb0e541c62a9dd268c82ffb414cde493e3c740d5d558162c9d341509e15,r_dab5970845ebb9ffcf35,11,2f2727cdaad6c09f75103af92a1fbd8fabec12c1839c6a7bb33048d7f54c8e9f
2026:4030420261392269347,p0001,c_3b4e2a05f2eee8ee1cdc,166191d7658be58cf6f22638846a1f34e61d9c8fd9a6be2e6ebbe43549c1d1c6,r_e75b91aaab70b14a204d,13,407c04763aab0fc3f8b35f9f14c99549bb8fd845574b08cdd3d7fefa486133b5
2026:4030420261392294234,p0001,c_3b4e2a05f2eee8ee1cdc,a923e85afd8efec9179f0e5d6d1bed899e5f70f0e49a3edc0588e466b6b86fbf,r_e75b91aaab70b14a204d,13,407c04763aab0fc3f8b35f9f14c99549bb8fd845574b08cdd3d7fefa486133b5
2026:4030420261392298152,p0009,c_b9c6825d43fd2209aee5,75fbac96cea1b2f56617ed36e617a650730764fdca68afd5c9526120a3543920,r_dab5970845ebb9ffcf35,11,2f2727cdaad6c09f75103af92a1fbd8fabec12c1839c6a7bb33048d7f54c8e9f
2026:4030420261392328731,p0001,c_3b4e2a05f2eee8ee1cdc,279e1f12cf6a22da2412ede5520db544e236e5529f13d42f26a437ec0c5c6177,r_e75b91aaab70b14a204d,13,407c04763aab0fc3f8b35f9f14c99549bb8fd845574b08cdd3d7fefa486133b5
2026:4030420261392351366,p0001,c_3b4e2a05f2eee8ee1cdc,b6ec7b79ff6fca05bde34e5a8007a31a510587666024d4c2a50461b5f9bd2eb5,r_e75b91aaab70b14a204d,13,407c04763aab0fc3f8b35f9f14c99549bb8fd845574b08cdd3d7fefa486133b5
2026:4030420261392353489,p0009,c_b9c6825d43fd2209aee5,0b605f8e01d81b743a592977ada74657c6d6f5afda2bb7694ddee96f370fa4cf,r_dab5970845ebb9ffcf35,11,2f2727cdaad6c09f75103af92a1fbd8fabec12c1839c6a7bb33048d7f54c8e9f
2026:4030420261392418894,p0009,c_b9c6825d43fd2209aee5,259bf57bf5734aeb161d658c904b0cf361b2a01d3010d8f0c6d6470f51cc0214,r_dab5970845ebb9ffcf35,11,2f2727cdaad6c09f75103af92a1fbd8fabec12c1839c6a7bb33048d7f54c8e9f
2026:4030420261392429042,p0001,c_3b4e2a05f2eee8ee1cdc,993f8a9489b8c487794bf871b46a41e5876eefca5725fefd24950a761553bb4e,r_e75b91aaab70b14a204d,13,407c04763aab0fc3f8b35f9f14c99549bb8fd845574b08cdd3d7fefa486133b5
2026:4030420261392506269,p0001,c_3b4e2a05f2eee8ee1cdc,8e8daa941350834c84c73066a279d916c0bfd2009e43ceeb292930128247f8fc,r_e75b91aaab70b14a204d,13,407c04763aab0fc3f8b35f9f14c99549bb8fd845574b08cdd3d7fefa486133b5
2026:4030420261392593951,p0009,c_b9c6825d43fd2209aee5,830fd43d4e7076a1ea4532fdd2b9dbb60512dcdf3e6d86653eafe2e5878490d6,r_dab5970845ebb9ffcf35,11,2f2727cdaad6c09f75103af92a1fbd8fabec12c1839c6a7bb33048d7f54c8e9f
2026:4030420261392647779,p0003,c_5c674a62aa12b11745d8,bbbab26fc81eafff40336f75bede3b931a86d5a1b8c2ec83c4321b9fcfcf0764,r_e539c4db14c890028fc2,9,4ca381839bd88f09b6497e6b28b0e9fd49dab0305cc331b586fdd5be9c32099b
2026:4030420261392657905,p0003,c_5c674a62aa12b11745d8,02003e9a47672e431c54337a78cd2c3ddfc94a66dc881cd101e4f2b39389c281,r_e539c4db14c890028fc2,9,4ca381839bd88f09b6497e6b28b0e9fd49dab0305cc331b586fdd5be9c32099b
2026:4030420261392663806,p0009,c_b9c6825d43fd2209aee5,dfef959f667838f18a24d77e195a1efc80b932e739160c896df6855c54d26b3f,r_dab5970845ebb9ffcf35,11,2f2727cdaad6c09f75103af92a1fbd8fabec12c1839c6a7bb33048d7f54c8e9f
2026:4030420261392667494,p0009,c_b9c6825d43fd2209aee5,a2b120428c7ca6a6550baccde33e599a9502817f01f6c8792fb0433c2791e512,r_dab5970845ebb9ffcf35,11,2f2727cdaad6c09f75103af92a1fbd8fabec12c1839c6a7bb33048d7f54c8e9f
2026:4030420261392686532,p0009,c_b9c6825d43fd2209aee5,e860e66da5e116df54171eea6ae5350a94e9710541202f53604012f016df7bde,r_dab5970845ebb9ffcf35,11,2f2727cdaad6c09f75103af92a1fbd8fabec12c1839c6a7bb33048d7f54c8e9f
2026:4030420261392746250,p0009,c_b9c6825d43fd2209aee5,1f3a6509719716be495d9bfc97f345a06ab0c8679fe35169386dd43cc418bf19,r_dab5970845ebb9ffcf35,11,2f2727cdaad6c09f75103af92a1fbd8fabec12c1839c6a7bb33048d7f54c8e9f
2026:4030420261392765533,p0009,c_b9c6825d43fd2209aee5,2fcbc84be6f3acbf37906dcb6450cb2faf7acf0b506795a735f67e0768489092,r_dab5970845ebb9ffcf35,11,2f2727cdaad6c09f75103af92a1fbd8fabec12c1839c6a7bb33048d7f54c8e9f
2026:4030420261392828912,p0003,c_5c674a62aa12b11745d8,753c1c59f37bb59a9792ae8aae8690f9361439e9ea928d9b283db677e45ba30a,r_e539c4db14c890028fc2,9,4ca381839bd88f09b6497e6b28b0e9fd49dab0305cc331b586fdd5be9c32099b
2026:4030420261392927012,p0008,c_eb5f4b964135272e086d,5e244143fbfcec600c267bece15f4b2ad99b6049a93a9532b5f7554e84d2602a,r_ea71451d245b6218d4f0,10,4104a539a5e79b0ac055d000d70e89d27ac78b43271d1b875a01d4f10bc71c93
2026:4030420261393086872,p0009,c_b9c6825d43fd2209aee5,2660e17a153f4655de4a49f41e38b7215539df0b3ba0272cc1c615bc3c7f11dd,r_dab5970845ebb9ffcf35,11,2f2727cdaad6c09f75103af92a1fbd8fabec12c1839c6a7bb33048d7f54c8e9f
2026:4030420261393485332,p0009,c_b9c6825d43fd2209aee5,4a2210c8d9c76bf48a93e5ad7e0b1f3259ce6ab690c04b0b17fae51fed7d181f,r_dab5970845ebb9ffcf35,11,2f2727cdaad6c09f75103af92a1fbd8fabec12c1839c6a7bb33048d7f54c8e9f
2026:4030420261395294223,p0009,c_b9c6825d43fd2209aee5,6d7c328507faac0906d3a83580727d2238f00827f59172a0d050110a9c314c94,r_dab5970845ebb9ffcf35,11,2f2727cdaad6c09f75103af92a1fbd8fabec12c1839c6a7bb33048d7f54c8e9f
2026:4030420261397085420,p0009,c_b9c6825d43fd2209aee5,675564b032b9b261312421c9c22197bd2376e731357a32548cbc1f2d7d34cbbb,r_dab5970845ebb9ffcf35,11,2f2727cdaad6c09f75103af92a1fbd8fabec12c1839c6a7bb33048d7f54c8e9f
2026:4030420261399483180,p0009,c_b9c6825d43fd2209aee5,554fd84d0f7d946c8b288065217d6f5bd16d157c74e0835d3f188b567dd2f34e,r_dab5970845ebb9ffcf35,11,2f2727cdaad6c09f75103af92a1fbd8fabec12c1839c6a7bb33048d7f54c8e9f
2026:4030420261399526002,p0009,c_b9c6825d43fd2209aee5,52aae024307133ab03e5669065e34774e3282f6d52ac2cb54c581e45b8408011,r_dab5970845ebb9ffcf35,11,2f2727cdaad6c09f75103af92a1fbd8fabec12c1839c6a7bb33048d7f54c8e9f
2026:4030520261411244124,p0014,c_1822128dbb0e70f13b7d,928becf0d7d44d91ce0697e6d9f2b93df1e31c905c6e29cb760923abe968f3ed,r_380f28d77df7a5db30a0,11,3730ea3adfe22f4ebbb2880a519ad669705118c89e210f07f7a9c1662d83b5e7
2026:4030520261411248239,p0011,c_6d78c941e832e66bc5f5,46f63b8785f64c1e840a0b4e88b9012ce536ba6d1fdb1612d7527064fd3ce76d,r_993179b21d5761402e8e,13,136e23c2659e614f7daf19e0e365c8a536cafb725e086191dc5d2f4ac7fabb57
2026:4030520261411354799,p0003,c_dcb61ff9a92a3152957c,944bc29ea6a8b3ba89499206ffdc203cc44370c9bbb140d040dbac0d2e06113e,r_e539c4db14c890028fc2,9,4acb74a94e107976dd432d93e00ce54a9dc041ddc3de81dbcf9284d201005511
2026:4030520261411356286,p0003,c_dcb61ff9a92a3152957c,baaa4c502a521aee92320d3f9202b4e5789d6b374cc850a17a47066143699b0c,r_e539c4db14c890028fc2,9,4acb74a94e107976dd432d93e00ce54a9dc041ddc3de81dbcf9284d201005511
2026:4030520261411415759,p0010,c_9092d251bee82feafeb0,ff68a118747ca8fd6d8c70cbd359cbb2922fdfa1dfe22f39316338672b62cd3a,r_36381ff366645780c532,6,9c02ca8f2474b44342f256cfb54c94cd7ad08d8efb1ad3545d1ad7d7bf05d37d
2026:4030520261411415775,p0011,c_79d82a83c0673ddaf64b,b0e7d386f1e1a10b8571f79860888dd4b6b358706fdd5643c20048a782522719,r_993179b21d5761402e8e,8,ab04c3dcc8637110443818adb8887d2ed340163a2438a311e937146d8dab6c2e
2026:4030520261411415778,p0009,c_41645df146712ff21625,d984adfb323b206f03569bc1ce008dcc09ccb38612bc9ed305b493b56ad4338f,r_dab5970845ebb9ffcf35,6,05c6fce4b5e5b82838b059110431587339ab40c1ac1cf501f4606878da9311d0
2026:4030520261411418403,p0001,c_b9a5e7e193ecf8972f61,eae72710e99a973ff3d42a48f33a2407c06ca615d3adfdaac2149f7916f70d25,r_e75b91aaab70b14a204d,8,ec2db475c4c6e46cb25a35f6f051a391a5a59817ab2a3009f1e17160d6c2ba54
2026:4030920261411588317,p0002,c_43263d10d8d42de66ef1,49eae8324e87f6a14638822b7311cf983156ce101db64143be258c7c56b38549,r_153f6f4b0d25713d8371,11,e78dcd2ea9088c453f153dac7ceaa97df3ea12520b49aac6b5e652420267f0bb
2026:4030920261411588318,p0002,c_43263d10d8d42de66ef1,57a77e57a2a5710e233e1fbe6d0669e5fe177a9f5d032c85094acc4e6ff43bdf,r_153f6f4b0d25713d8371,11,e78dcd2ea9088c453f153dac7ceaa97df3ea12520b49aac6b5e652420267f0bb
2026:4030920261411588390,p0003,c_dcb61ff9a92a3152957c,8eab20e69b3257427fe3fd87640e415aa6d455cb6679c8da26d038cc15b092dc,r_e539c4db14c890028fc2,9,4acb74a94e107976dd432d93e00ce54a9dc041ddc3de81dbcf9284d201005511
2026:4030920261411588391,p0003,c_dcb61ff9a92a3152957c,d5bf5efb3d5ea1f2ae589064bcacc1480e5bb5dc3587394ea08a8e5b3ac38f26,r_e539c4db14c890028fc2,9,4acb74a94e107976dd432d93e00ce54a9dc041ddc3de81dbcf9284d201005511
2026:4030920261419935161,p0003,c_5c674a62aa12b11745d8,2ed822daac002dd999919bc613d9ae496976eda83033b452f4387947549a752b,r_e539c4db14c890028fc2,9,4ca381839bd88f09b6497e6b28b0e9fd49dab0305cc331b586fdd5be9c32099b
2026:4030920261419935162,p0003,c_5c674a62aa12b11745d8,6713afa2e7b0d4823e2a05579c4930415265497f6b5f342f07b6529be6d19d1b,r_e539c4db14c890028fc2,9,4ca381839bd88f09b6497e6b28b0e9fd49dab0305cc331b586fdd5be9c32099b
2026:4031020261420534349,p0003,c_5c674a62aa12b11745d8,062af9bb0e5ed4d765ad879de41a05ce60ebe19daf7f0d0167b5cda16533194a,r_e539c4db14c890028fc2,9,4ca381839bd88f09b6497e6b28b0e9fd49dab0305cc331b586fdd5be9c32099b
2026:4031020261420555112,p0011,c_6d78c941e832e66bc5f5,add58f359012d56c8ddac38ccdc5a5092261edaabbba60168306f438950e7f57,r_993179b21d5761402e8e,13,136e23c2659e614f7daf19e0e365c8a536cafb725e086191dc5d2f4ac7fabb57
2026:4031020261420655895,p0015,c_57d8e01958a38820d7b3,c1bc08f544851d52578bba91b1163dd4256881b69cea394b66dac7bb5fcd16cd,r_f7a1a92ebd7a39e06876,9,e1eeb1a02cf0c5e8880dcde66101d22100d9d3cc549caee3ae648fbe1c2a9692
2026:4031020261420656072,p0015,c_57d8e01958a38820d7b3,d0d144fb585956140bf0140be3393617a993548a290dfb22c5304dee26d0f87f,r_f7a1a92ebd7a39e06876,9,e1eeb1a02cf0c5e8880dcde66101d22100d9d3cc549caee3ae648fbe1c2a9692
2026:4031020261420659763,p0006,c_8ee7127ec0557e56d635,9d21b28ff89c8eb76b3551ca0ec8224900721b11bda2b6beac107d8e7e20c972,r_28d8ea5a232d0e6cda03,5,525272e22fbe492fe5b35b90d4b8d68e22734c716e929d43b743b22d4ae6aefa
2026:4031020261420659764,p0006,c_8ee7127ec0557e56d635,4579190ecc0ba68c6e55fedc84c26792acf0ccb21905e0253d217cb7d776fab4,r_28d8ea5a232d0e6cda03,5,525272e22fbe492fe5b35b90d4b8d68e22734c716e929d43b743b22d4ae6aefa
2026:4031220261421087755,p0001,c_3b4e2a05f2eee8ee1cdc,5baf8a3bd5f1dcc6d43e86ddea11b7dda2d00e75e949abd09a2bc606b8ab97a2,r_e75b91aaab70b14a204d,13,407c04763aab0fc3f8b35f9f14c99549bb8fd845574b08cdd3d7fefa486133b5
2026:4031220261421093476,p0001,c_3b4e2a05f2eee8ee1cdc,01d51f28bcce31ac9a782eff684354a7d42429eb351bd2bb427ef4dbaf74eaa3,r_e75b91aaab70b14a204d,13,407c04763aab0fc3f8b35f9f14c99549bb8fd845574b08cdd3d7fefa486133b5
2026:4031220261421093477,p0001,c_3b4e2a05f2eee8ee1cdc,7337f5a91b1f8b5928f2e2d16d0c75133a72eabca9fa2c53ba80c7b7af7ccbff,r_e75b91aaab70b14a204d,13,407c04763aab0fc3f8b35f9f14c99549bb8fd845574b08cdd3d7fefa486133b5
2026:4031220261421093479,p0001,c_3b4e2a05f2eee8ee1cdc,7394ae5c7e594828f062768045daa3d39d60a68bfe74b24e12c4824888779c43,r_e75b91aaab70b14a204d,13,407c04763aab0fc3f8b35f9f14c99549bb8fd845574b08cdd3d7fefa486133b5
2026:4031220261421093481,p0001,c_3b4e2a05f2eee8ee1cdc,9357235b5a25f87dc67f837c7fe685182e6f5ea91f2ee6cf0949ccadf0de812e,r_e75b91aaab70b14a204d,13,407c04763aab0fc3f8b35f9f14c99549bb8fd845574b08cdd3d7fefa486133b5
2026:4031220261421093483,p0001,c_3b4e2a05f2eee8ee1cdc,6f18a5637aabb3a9a04bc6d587e2ec069c528e1cc17db17667f4683e6a5b95f6,r_e75b91aaab70b14a204d,13,407c04763aab0fc3f8b35f9f14c99549bb8fd845574b08cdd3d7fefa486133b5
2026:4031220261421097928,p0004,c_c99e4c1e04a65f2743c2,5c94ead58f178f8d88cf5188bd8b977033b4ae9d6ed2ba14bfd76518a19e1a13,r_948475ee1ff681d1e65b,11,fa78e4ce8a403cc42a8258d033736cebf7575cd2d5196a97f8b946453fd73714
2026:4031220261421107674,p0003,c_18316ee9bbb438c97bfc,7166ea85b01263f21c7369417b0575183b4dec9c5d7f75d55fa1a58b91811570,r_e539c4db14c890028fc2,9,a1c6ea5f2a2a62d0da48f64444bb2a204ac96a4d0fd25d772ae9112bdeb19dd1
2026:4031320261423297004,p0002,c_43263d10d8d42de66ef1,0c2ed32264f0ca7e82c3877c8c6e73435bd8d8fe0808291505d82aa4734a1607,r_153f6f4b0d25713d8371,11,e78dcd2ea9088c453f153dac7ceaa97df3ea12520b49aac6b5e652420267f0bb
2026:4031320261423297005,p0002,c_43263d10d8d42de66ef1,38ccb540a47559ae27f2c5b37d1674f79d1ea1b51f6bdbac11eb7e930f22c0b2,r_153f6f4b0d25713d8371,11,e78dcd2ea9088c453f153dac7ceaa97df3ea12520b49aac6b5e652420267f0bb
2026:4031320261423297016,p0003,c_5c674a62aa12b11745d8,0fd1e37c585f6796aa4cbe0ed57c9286ce39792239e32eaf10d44f60fc88a603,r_e539c4db14c890028fc2,9,4ca381839bd88f09b6497e6b28b0e9fd49dab0305cc331b586fdd5be9c32099b
2026:4031320261423297017,p0003,c_5c674a62aa12b11745d8,47981f410217e63d278a13c1612997fdcb3ac78371ab51053f29d39a357ef976,r_e539c4db14c890028fc2,9,4ca381839bd88f09b6497e6b28b0e9fd49dab0305cc331b586fdd5be9c32099b
2026:4031620261423621486,p0019,c_8f805b8c99894bf05c9e,0ff42bd43d3523e9b8435adbed3fe700cd08736f46fdfb13591a01ed76b7cfd9,r_f842f8012b64a37416bc,9,fbb7dea7528c1e2682734e4ad5f21d9c72c7c901ef02b28eeda6fe36552ce896
2026:4031720261423908036,p0009,c_b9c6825d43fd2209aee5,2046ab58b413fe85ea59c1d21b76e56a8d813aecb5150ace4e4c3481d074ccd8,r_dab5970845ebb9ffcf35,11,2f2727cdaad6c09f75103af92a1fbd8fabec12c1839c6a7bb33048d7f54c8e9f
2026:4031920251180349557,p0002,c_43263d10d8d42de66ef1,35dc5cf08a67d8e63614647b808b66c794b22843efd3f3d8bd98d83936d4f53d,r_153f6f4b0d25713d8371,11,e78dcd2ea9088c453f153dac7ceaa97df3ea12520b49aac6b5e652420267f0bb
2026:4031920251180349563,p0003,c_5c674a62aa12b11745d8,8c6de860fc98956f070a9dcaed29936fb5427b26870a275c67850a80b22d68b5,r_e539c4db14c890028fc2,9,4ca381839bd88f09b6497e6b28b0e9fd49dab0305cc331b586fdd5be9c32099b
2026:4031920261424751938,p0004,c_c5b7995bf680414a0436,e054989c404e9ec1551daf2a2c1bec2875ceec18219549fa4014c9a02c229505,r_948475ee1ff681d1e65b,11,c34d288aa28210b6c2263fe274a7cab983f2c5feedd5885c5e03a71af74627dd
2026:4031920261424751987,p0004,c_c5b7995bf680414a0436,e409db5b5188415d4746591df42a981b8d0d037215569430ca600cfa865db925,r_948475ee1ff681d1e65b,11,c34d288aa28210b6c2263fe274a7cab983f2c5feedd5885c5e03a71af74627dd
2026:4032320261424905020,p0002,c_4b64baaa01dc4eca3d70,a43d23119bb71af55602e611f0205566b58ee1e260c65e728e759a74c201eca9,r_153f6f4b0d25713d8371,11,ef446f70a3583fce1f4ac47f95eea9a1d202a1764f613d71fa79944220b4464e
2026:4032320261424905590,p0003,c_dcb61ff9a92a3152957c,3e829403a488f039f90c9a875e748800c7c72828ccd2fcfa6737ae74ae4e84fd,r_e539c4db14c890028fc2,9,4acb74a94e107976dd432d93e00ce54a9dc041ddc3de81dbcf9284d201005511
2026:4032320261425006546,p0002,c_4b64baaa01dc4eca3d70,b728d96a6745c286be019611cd93ffb0ed351ae38c970bf64c23ec6fa0c6c293,r_153f6f4b0d25713d8371,11,ef446f70a3583fce1f4ac47f95eea9a1d202a1764f613d71fa79944220b4464e
2026:4032320261425006556,p0003,c_dcb61ff9a92a3152957c,81ed6befd124dc3c5345a2b405bd5b421566a431d5f6f04e8b64ea072ba46d8b,r_e539c4db14c890028fc2,9,4acb74a94e107976dd432d93e00ce54a9dc041ddc3de81dbcf9284d201005511
2026:4032320261425022998,p0011,c_e33e4241ffae021efe44,8793432960939f5f615cd9583cb1b78c39391eb0869e09add807a63f35165591,r_993179b21d5761402e8e,13,f759e3e78284d686fe105b8c5024b31812841e62142513d312812f0fc0b5b163
2026:4032320261425058773,p0011,c_e33e4241ffae021efe44,7df628b97f747c6e541d61c15e3b96cea53d6314f1d89f7acd9a7979c61d94d9,r_993179b21d5761402e8e,13,f759e3e78284d686fe105b8c5024b31812841e62142513d312812f0fc0b5b163
2026:4032420251180889745,p0002,c_43263d10d8d42de66ef1,77b2ebfe915627b9bdb3b93a3edc7c55464bc1922c9e7d0c06c578e24ab32412,r_153f6f4b0d25713d8371,11,e78dcd2ea9088c453f153dac7ceaa97df3ea12520b49aac6b5e652420267f0bb
2026:4032420251180890089,p0003,c_dcb61ff9a92a3152957c,363178da6de51c4220c84a32efb95719c0db93fb6bebb0e61c6e8680518ab175,r_e539c4db14c890028fc2,9,4acb74a94e107976dd432d93e00ce54a9dc041ddc3de81dbcf9284d201005511
2026:4032420251181180418,p0002,c_4b64baaa01dc4eca3d70,bce2bd49e22d6556e00ca4cb534e11c57d98e251bd220ad4f8f66bed7344960f,r_153f6f4b0d25713d8371,11,ef446f70a3583fce1f4ac47f95eea9a1d202a1764f613d71fa79944220b4464e
2026:4032420251181180714,p0003,c_dcb61ff9a92a3152957c,3262b0a98e9fc3e72a16bf6a6eac60f8c414282fa2313d1470d9dfa3205583eb,r_e539c4db14c890028fc2,9,4acb74a94e107976dd432d93e00ce54a9dc041ddc3de81dbcf9284d201005511
2026:4032420261425199642,p0015,c_57d8e01958a38820d7b3,2c639dc06077a78144abe6612cec6f7b9a576d361e314ddaf87a7a0770d8ef15,r_f7a1a92ebd7a39e06876,9,e1eeb1a02cf0c5e8880dcde66101d22100d9d3cc549caee3ae648fbe1c2a9692
2026:4032420261425235204,p0015,c_57d8e01958a38820d7b3,a479fd6d3d610f7316e40c3759ba97d8f5be3e3e9e72b029cddeacb604b992af,r_f7a1a92ebd7a39e06876,9,e1eeb1a02cf0c5e8880dcde66101d22100d9d3cc549caee3ae648fbe1c2a9692
2026:4032420261425235551,p0003,c_5c674a62aa12b11745d8,8c7d00c435e6f35b845712e7434ffdbb3b89a4b8d351eac848cfa01bbfd5a387,r_e539c4db14c890028fc2,9,4ca381839bd88f09b6497e6b28b0e9fd49dab0305cc331b586fdd5be9c32099b
2026:4032420261425258115,p0015,c_57d8e01958a38820d7b3,01c20b4bde857820c89c5a48c6643bb86202369b85da77fa3087c4b869dbc7fa,r_f7a1a92ebd7a39e06876,9,e1eeb1a02cf0c5e8880dcde66101d22100d9d3cc549caee3ae648fbe1c2a9692
2026:4032420261425258116,p0015,c_57d8e01958a38820d7b3,c33b29b07544c191080a4ff6e762b926437a7bb72c8ea44726857a36e23eb580,r_f7a1a92ebd7a39e06876,9,e1eeb1a02cf0c5e8880dcde66101d22100d9d3cc549caee3ae648fbe1c2a9692
2026:4032520261425460152,p0003,c_5c674a62aa12b11745d8,5e91da3d07552ed74b43f7cbbd7234d28fd2f858059532003a9fb6a2859814c1,r_e539c4db14c890028fc2,9,4ca381839bd88f09b6497e6b28b0e9fd49dab0305cc331b586fdd5be9c32099b
2026:4033120261434797287,p0004,c_c0e269b9ba20b2de8232,05bc5bad098a717d9f3591e7ef1699ba5553c7b7d537ebe90d287c0b7aab5b11,r_948475ee1ff681d1e65b,11,27b1911f83e7f6152a20a0041e51011afb2e9ad1cb885be26543906ee642aaaf
2026:4040120261434885669,p0015,c_57d8e01958a38820d7b3,5032e948a1b34a2456b24a655cadee9f72cb60f1d2795c7ed5ec7ba06b7706b3,r_f7a1a92ebd7a39e06876,9,e1eeb1a02cf0c5e8880dcde66101d22100d9d3cc549caee3ae648fbe1c2a9692
2026:4040120261434885671,p0015,c_57d8e01958a38820d7b3,b25a339ca714aa694d71a0b078090a34bf17780f89a733a9e7f227fe61bb475d,r_f7a1a92ebd7a39e06876,9,e1eeb1a02cf0c5e8880dcde66101d22100d9d3cc549caee3ae648fbe1c2a9692
2026:4040620251183273035,p0009,c_b9c6825d43fd2209aee5,0076693661842c165b753b5644111cbc3ec8db3405578ae9373a58b66596a3de,r_dab5970845ebb9ffcf35,11,2f2727cdaad6c09f75103af92a1fbd8fabec12c1839c6a7bb33048d7f54c8e9f
2026:4040620261435110092,p0015,c_140f009e028a29449a1e,9c149b4aacdc5c7161561e90846fe55c10f6b414688a041a9ef536684ee259b8,r_f7a1a92ebd7a39e06876,5,33c32739a7c221d65956399988a013b86881c5776e3714ff55816581a14a38a7
2026:4040620261435135440,p0015,c_140f009e028a29449a1e,6932bb1382510ba8a36f677ed4661c537738d201aa6c1ce79eb6e559a257a350,r_f7a1a92ebd7a39e06876,5,33c32739a7c221d65956399988a013b86881c5776e3714ff55816581a14a38a7
2026:4040620261435136217,p0015,c_140f009e028a29449a1e,4072379c5ed230c94fe5df317b52a32a541948a6a68a26f9e5bdb1dac3fff6de,r_f7a1a92ebd7a39e06876,5,33c32739a7c221d65956399988a013b86881c5776e3714ff55816581a14a38a7
2026:4040620261435136618,p0015,c_140f009e028a29449a1e,bc5630308a8e3c572cb569f247557e5344932cf2d0448e428051a3da05cb1c28,r_f7a1a92ebd7a39e06876,5,33c32739a7c221d65956399988a013b86881c5776e3714ff55816581a14a38a7
2026:4040620261435136625,p0014,c_1822128dbb0e70f13b7d,c4bd7c51feb916d99104acb54cd26d6b5030c7ee83c0547a7e9b3f0d21188606,r_380f28d77df7a5db30a0,11,3730ea3adfe22f4ebbb2880a519ad669705118c89e210f07f7a9c1662d83b5e7
2026:4040720251183312283,p0010,c_433597abc27c16d5e313,984d3d816c06915eabaaafee01d14ccb464ea0ab7f2d668de4c531657f12a10c,r_36381ff366645780c532,11,b26bdd1cce1031dd2c4f3810d9406c3fb9da4a10fd115591a3ab3bffd587c5a9
2026:4040920261435352131,p0009,c_b9c6825d43fd2209aee5,be243f2f16e6a8025fad7f23ecec60e24728fbf706bd830bf49fec0b5d13909a,r_dab5970845ebb9ffcf35,11,2f2727cdaad6c09f75103af92a1fbd8fabec12c1839c6a7bb33048d7f54c8e9f
2026:4040920261435422730,p0008,c_eb5f4b964135272e086d,4e46ddc03ff6ab1a7c4480f2adb26992d9cbf6d0d34e323770453c840b617f2e,r_ea71451d245b6218d4f0,10,4104a539a5e79b0ac055d000d70e89d27ac78b43271d1b875a01d4f10bc71c93
2026:4040920261435432412,p0009,c_b9c6825d43fd2209aee5,a96e8f7d76db1313d9ba4a15b944a7593a88b65fd361672ec151eee0f28be42c,r_dab5970845ebb9ffcf35,11,2f2727cdaad6c09f75103af92a1fbd8fabec12c1839c6a7bb33048d7f54c8e9f
2026:4041020251183601424,p0001,c_3b4e2a05f2eee8ee1cdc,5786cc2b930a1ae6356f57528540fdac1c0164f016f789df23f7f639e0a06e05,r_e75b91aaab70b14a204d,13,407c04763aab0fc3f8b35f9f14c99549bb8fd845574b08cdd3d7fefa486133b5
2026:4041020251183601425,p0001,c_3b4e2a05f2eee8ee1cdc,942aed96dc02c06539abc5338a7ac478695c8b39b08f4d14736f1f6c5a00f13c,r_e75b91aaab70b14a204d,13,407c04763aab0fc3f8b35f9f14c99549bb8fd845574b08cdd3d7fefa486133b5
2026:4041020251183601426,p0001,c_3b4e2a05f2eee8ee1cdc,7977dfa195a64fda7ef1125d18e53e9cef6486c9edfdc6087f199aaab2bbb905,r_e75b91aaab70b14a204d,13,407c04763aab0fc3f8b35f9f14c99549bb8fd845574b08cdd3d7fefa486133b5
2026:4041120251183644585,p0010,c_433597abc27c16d5e313,2cc1ccd6e4b4e19ce234ecf73e9a0d764c733e3f16391b8c35a6ed5b25355fdc,r_36381ff366645780c532,11,b26bdd1cce1031dd2c4f3810d9406c3fb9da4a10fd115591a3ab3bffd587c5a9
2026:4041120251183644586,p0010,c_433597abc27c16d5e313,dd6f110c212f3c7ed0aeec897bd23844e91c6cf95f4ff6197c84bf7dcfa29cd8,r_36381ff366645780c532,11,b26bdd1cce1031dd2c4f3810d9406c3fb9da4a10fd115591a3ab3bffd587c5a9
2026:4041120251183644588,p0009,c_b9c6825d43fd2209aee5,b084c71e35e9a3c284af7b6a27160285c598addc3071cd1e976a85305f3523a8,r_dab5970845ebb9ffcf35,11,2f2727cdaad6c09f75103af92a1fbd8fabec12c1839c6a7bb33048d7f54c8e9f
2026:4041120251183905270,p0001,c_3b4e2a05f2eee8ee1cdc,98d9a2707dbb5c568cab3c3a2f2264ae5a6886aea3b70a2ce0bdb5a434fe5d7c,r_e75b91aaab70b14a204d,13,407c04763aab0fc3f8b35f9f14c99549bb8fd845574b08cdd3d7fefa486133b5
2026:4041120251183905271,p0001,c_3b4e2a05f2eee8ee1cdc,848aefd5cf8d5d55af83ac36e2a07617ca33ff919c0c69bdc85efab0c8ea5772,r_e75b91aaab70b14a204d,13,407c04763aab0fc3f8b35f9f14c99549bb8fd845574b08cdd3d7fefa486133b5
2026:4041120251183908742,p0009,c_b9c6825d43fd2209aee5,835fd8b7ff5370e41c2bed30ffc354bca32b17bc3f27faa5912ed58ac1f16524,r_dab5970845ebb9ffcf35,11,2f2727cdaad6c09f75103af92a1fbd8fabec12c1839c6a7bb33048d7f54c8e9f
2026:4041420251184023026,p0009,c_b9c6825d43fd2209aee5,2a05aed9115184ca054cc7813df4cc86b443519d53db8a1db5a21041420c28cd,r_dab5970845ebb9ffcf35,11,2f2727cdaad6c09f75103af92a1fbd8fabec12c1839c6a7bb33048d7f54c8e9f
2026:4041420251184023477,p0011,c_e33e4241ffae021efe44,4e13db08f406f5b012db85c56770fe2919f0625c6562c3ff0ada9ebac2bf5db6,r_993179b21d5761402e8e,13,f759e3e78284d686fe105b8c5024b31812841e62142513d312812f0fc0b5b163
2026:4041420261435700622,p0009,c_b9c6825d43fd2209aee5,10992dd1616d861d00abe9215c085698c3c3427e99192355cde6165aa77f476c,r_dab5970845ebb9ffcf35,11,2f2727cdaad6c09f75103af92a1fbd8fabec12c1839c6a7bb33048d7f54c8e9f
2026:4041420261435701720,p0015,c_57d8e01958a38820d7b3,bb7e8c30e792b5887df4fc8b18294522684f8ea479b4dc8c3e1f69585199fb23,r_f7a1a92ebd7a39e06876,9,e1eeb1a02cf0c5e8880dcde66101d22100d9d3cc549caee3ae648fbe1c2a9692
2026:4041520251184229052,p0015,c_57d8e01958a38820d7b3,cff53437d22b501c896a41162f7044cd3b17c2e3a50b64df4208ddeb953cd755,r_f7a1a92ebd7a39e06876,9,e1eeb1a02cf0c5e8880dcde66101d22100d9d3cc549caee3ae648fbe1c2a9692
2026:4041520251184232586,p0009,c_b9c6825d43fd2209aee5,1927ba245fa0ce9921608134592d8ad1e45f7ec4f836529e05dc9d70a799d34c,r_dab5970845ebb9ffcf35,11,2f2727cdaad6c09f75103af92a1fbd8fabec12c1839c6a7bb33048d7f54c8e9f
2026:4041520251184232588,p0009,c_b9c6825d43fd2209aee5,adcca5543590897ab873446d0961facdb1fc7c7621c74e5970dab116b1c9c167,r_dab5970845ebb9ffcf35,11,2f2727cdaad6c09f75103af92a1fbd8fabec12c1839c6a7bb33048d7f54c8e9f
2026:4041520251184273119,p0009,c_b9c6825d43fd2209aee5,f63e6613576ea4af334c33c00968ce4a44e7f287df4dad5b3ce93dbe4639051a,r_dab5970845ebb9ffcf35,11,2f2727cdaad6c09f75103af92a1fbd8fabec12c1839c6a7bb33048d7f54c8e9f
2026:4041520261435764716,p0011,c_6d78c941e832e66bc5f5,db1cee2dfc7956738c263f8886765bc6b31cf6b78ca7707831f0829221d7ad6f,r_993179b21d5761402e8e,13,136e23c2659e614f7daf19e0e365c8a536cafb725e086191dc5d2f4ac7fabb57
2026:4041520261435776384,p0015,c_57d8e01958a38820d7b3,401054466fa1718b6ad862b159711a5b9b305bb69f51a0e3d8d5590c77a8c63c,r_f7a1a92ebd7a39e06876,9,e1eeb1a02cf0c5e8880dcde66101d22100d9d3cc549caee3ae648fbe1c2a9692
2026:4041520261435776385,p0015,c_57d8e01958a38820d7b3,48cead8cd8cf512c6bf21d2b65f070d2636418303eb9b22ecb809ff631b58c95,r_f7a1a92ebd7a39e06876,9,e1eeb1a02cf0c5e8880dcde66101d22100d9d3cc549caee3ae648fbe1c2a9692
2026:4041620251184317559,p0010,c_433597abc27c16d5e313,a15db567c4c0e59a4ed51b698b12f2f1a712698add0d59fc47887dec5f9896ac,r_36381ff366645780c532,11,b26bdd1cce1031dd2c4f3810d9406c3fb9da4a10fd115591a3ab3bffd587c5a9
2026:4041620251184392358,p0010,c_433597abc27c16d5e313,2cfb8d4450e7bce1573fc63ff84607a1dcd6953335eb55ebf4c15e6ec19eb17c,r_36381ff366645780c532,11,b26bdd1cce1031dd2c4f3810d9406c3fb9da4a10fd115591a3ab3bffd587c5a9
2026:4041620251184523696,p0001,c_3b4e2a05f2eee8ee1cdc,ba92cc68e85a5d64d50e25d7533b951255f7f276b7db220ed8066a72d48b0540,r_e75b91aaab70b14a204d,13,407c04763aab0fc3f8b35f9f14c99549bb8fd845574b08cdd3d7fefa486133b5
2026:4041620251184523697,p0001,c_3b4e2a05f2eee8ee1cdc,eae6e7f28938ea3335c4b68c43a95c884e6b2bfdcdad4353824ae8be198ebc52,r_e75b91aaab70b14a204d,13,407c04763aab0fc3f8b35f9f14c99549bb8fd845574b08cdd3d7fefa486133b5
2026:4041620251184523698,p0001,c_3b4e2a05f2eee8ee1cdc,103cfb5d097c1a02c3cdbd082e68eed76d4361dd3db46dd1eb79f024d4b7776b,r_e75b91aaab70b14a204d,13,407c04763aab0fc3f8b35f9f14c99549bb8fd845574b08cdd3d7fefa486133b5
2026:4041620251184618568,p0006,c_1f85837f806a7c541efe,a492c58f9594161d7dcf2e98f7ec2367960318de87e1bf1b28b3412ef9c96925,r_28d8ea5a232d0e6cda03,9,2f0cabca30f88707b171c703919ca1e962bd0fbb20ddb63fc4b42213667556c7
2026:4041620251184618640,p0010,c_3fdba6477347f59d07e7,6f1186a45182f52c1b93b484377122e3975d6608948e42e60931e9195dca3a1c,r_36381ff366645780c532,11,aae33bc963a30bd1536b10834ed6f80806e8990021acd020d7bae0c104ed85ec
2026:4041620251184618795,p0002,c_43263d10d8d42de66ef1,a84c7bdf6daeea1db483fd58770f748fb58cb4d8410a21a21e86c1fbb2174385,r_153f6f4b0d25713d8371,11,e78dcd2ea9088c453f153dac7ceaa97df3ea12520b49aac6b5e652420267f0bb
2026:4041620251184618796,p0002,c_43263d10d8d42de66ef1,6e1d830b4969d6f4af46ba35e22e56384bbad2c12efbff2a9d999dff702db8ea,r_153f6f4b0d25713d8371,11,e78dcd2ea9088c453f153dac7ceaa97df3ea12520b49aac6b5e652420267f0bb
2026:4041620251184618797,p0002,c_43263d10d8d42de66ef1,148554153e51f7862e6106fd04caa937acaf85bfb79d620300776602d88d0403,r_153f6f4b0d25713d8371,11,e78dcd2ea9088c453f153dac7ceaa97df3ea12520b49aac6b5e652420267f0bb
2026:4041620251184618824,p0003,c_dcb61ff9a92a3152957c,470b511ee68aa874ff4d00c1d6a98e0da27acda5a065352841ef37003cd032c8,r_e539c4db14c890028fc2,9,4acb74a94e107976dd432d93e00ce54a9dc041ddc3de81dbcf9284d201005511
2026:4041620251184684678,p0009,c_b9c6825d43fd2209aee5,aa0c377d68bbdea08b63c78ef1b9bb8e948194a6d2d9ed6946807c7f4cded91c,r_dab5970845ebb9ffcf35,11,2f2727cdaad6c09f75103af92a1fbd8fabec12c1839c6a7bb33048d7f54c8e9f
2026:4041620251184685632,p0002,c_4b64baaa01dc4eca3d70,a191ebb8979fed4e667be9a6164bf52150ebedafe9678389478b68bcc864197f,r_153f6f4b0d25713d8371,11,ef446f70a3583fce1f4ac47f95eea9a1d202a1764f613d71fa79944220b4464e
2026:4041620251184685633,p0002,c_4b64baaa01dc4eca3d70,01615a07d401cd5dedd650b16e265605186434d5073e2705f7e71031d6e8735e,r_153f6f4b0d25713d8371,11,ef446f70a3583fce1f4ac47f95eea9a1d202a1764f613d71fa79944220b4464e
2026:4041620251184685645,p0003,c_5c674a62aa12b11745d8,d2e4996749e97024dc978e3ea53494ed666ae1b30eefe4c06b78746b6e4b8a57,r_e539c4db14c890028fc2,9,4ca381839bd88f09b6497e6b28b0e9fd49dab0305cc331b586fdd5be9c32099b
2026:4041620251184696474,p0008,c_fa36c342df32d6568701,bd4de1a5946a2a353af5072ab0d6f79ca8a5e02e9768d602361e54e3ea130387,r_ea71451d245b6218d4f0,6,9e95ed21d5a9d7cb896552848b527eede85c4d099c0926d0ff82b27f7973783c
2026:4041620251184878267,p0001,c_3b4e2a05f2eee8ee1cdc,d6a93bda5abc7321f50592cab4a9f08677f674bd534403697e7ead8bfad21607,r_e75b91aaab70b14a204d,13,407c04763aab0fc3f8b35f9f14c99549bb8fd845574b08cdd3d7fefa486133b5
2026:4041620251184878275,p0009,c_b9c6825d43fd2209aee5,bea6f6442e71bb0140e7144e3e0c1cac7c424f13a8632a085b231acc7e0543d1,r_dab5970845ebb9ffcf35,11,2f2727cdaad6c09f75103af92a1fbd8fabec12c1839c6a7bb33048d7f54c8e9f
2026:4041620251184897654,p0009,c_b9c6825d43fd2209aee5,33b52cbf745611bf03cc7fe3ad9e00df7a6b0faf20342a0a70a39e0c45db4e67,r_dab5970845ebb9ffcf35,11,2f2727cdaad6c09f75103af92a1fbd8fabec12c1839c6a7bb33048d7f54c8e9f
2026:4041720251185007295,p0002,c_43263d10d8d42de66ef1,3864c18e510aa16c2c26f37d253712fb4bf8d0811174eb5af4999de93721ba7a,r_153f6f4b0d25713d8371,11,e78dcd2ea9088c453f153dac7ceaa97df3ea12520b49aac6b5e652420267f0bb
2026:4041720251185007368,p0003,c_5c674a62aa12b11745d8,99904169aad288899113f5940740c19aaea2d98c4fa4bef3c10e957c494878c4,r_e539c4db14c890028fc2,9,4ca381839bd88f09b6497e6b28b0e9fd49dab0305cc331b586fdd5be9c32099b
2026:4041720251185008070,p0002,c_43263d10d8d42de66ef1,18924e82fddb0204d699016be82fadc56d2b71c67e2171bd97eb8bcffdee186a,r_153f6f4b0d25713d8371,11,e78dcd2ea9088c453f153dac7ceaa97df3ea12520b49aac6b5e652420267f0bb
2026:4041720251185008215,p0003,c_dcb61ff9a92a3152957c,78484655a23e8972917499f36870efa87def605370c0c29c8b06a3514f8f693f,r_e539c4db14c890028fc2,9,4acb74a94e107976dd432d93e00ce54a9dc041ddc3de81dbcf9284d201005511
2026:4041720251185070238,p0011,c_6d78c941e832e66bc5f5,0502d73375abe912f3acd5f4968f0ede1b5ff1c5fb21c507a309fa873cc4dad1,r_993179b21d5761402e8e,13,136e23c2659e614f7daf19e0e365c8a536cafb725e086191dc5d2f4ac7fabb57
2026:4041720251185226275,p0001,c_3b4e2a05f2eee8ee1cdc,6b20357064b5c5a6b6ab248225087c9a68bf8bc8e68266b27bac239f63146e5a,r_e75b91aaab70b14a204d,13,407c04763aab0fc3f8b35f9f14c99549bb8fd845574b08cdd3d7fefa486133b5
2026:4041720251185226276,p0001,c_3b4e2a05f2eee8ee1cdc,24107d04542373ee8f06c90233e717a38c54619c9aaf95f620b1af0553c9bf58,r_e75b91aaab70b14a204d,13,407c04763aab0fc3f8b35f9f14c99549bb8fd845574b08cdd3d7fefa486133b5
2026:4041720251185226277,p0001,c_3b4e2a05f2eee8ee1cdc,01a3dc8509b571ffad282b5558268080f2d80371d85aa677bef5069370ea8daf,r_e75b91aaab70b14a204d,13,407c04763aab0fc3f8b35f9f14c99549bb8fd845574b08cdd3d7fefa486133b5
2026:4041720251185228622,p0009,c_b9c6825d43fd2209aee5,481ddeec062017f829d08ad2b1106a2ca9f37eff0fc40bf967cf31f493487fd2,r_dab5970845ebb9ffcf35,11,2f2727cdaad6c09f75103af92a1fbd8fabec12c1839c6a7bb33048d7f54c8e9f
2026:4041720251185237115,p0009,c_b9c6825d43fd2209aee5,0b98445dfd288460b929982327357cf00ee7ca3956c4ba2cd828e37a77544e01,r_dab5970845ebb9ffcf35,11,2f2727cdaad6c09f75103af92a1fbd8fabec12c1839c6a7bb33048d7f54c8e9f
2026:4041720251185290819,p0001,c_3b4e2a05f2eee8ee1cdc,bf180c085dc3c94db615a5640b8fe1c40e0f632e5de80d899b448970aff16270,r_e75b91aaab70b14a204d,13,407c04763aab0fc3f8b35f9f14c99549bb8fd845574b08cdd3d7fefa486133b5
2026:4041720251185290820,p0001,c_3b4e2a05f2eee8ee1cdc,b40e6935c006f27b53d0b43834252e4c44f8d9123757d57752ba142e85f324ec,r_e75b91aaab70b14a204d,13,407c04763aab0fc3f8b35f9f14c99549bb8fd845574b08cdd3d7fefa486133b5
2026:4041720261436000809,p0003,c_8ef2e50972c4c43e728a,5b5ea63785ecfbd29ff05ac01718cdd9535f3130b7703fc331d1f51f181c25f2,r_e539c4db14c890028fc2,7,387085ca9c3d55b7ac9253c1b92d1d91ad8e24fc8426bca5994536068ead11a1
2026:4041720261436000810,p0002,c_43263d10d8d42de66ef1,092692eb53b70c84e2649571c9d855f2429dd0984be727085f74d495e3194a49,r_153f6f4b0d25713d8371,11,e78dcd2ea9088c453f153dac7ceaa97df3ea12520b49aac6b5e652420267f0bb
2026:4041820251185366901,p0001,c_3b4e2a05f2eee8ee1cdc,6a7b41f2837e006573091a213312a282b9f4b0dea68ce54e85af6d609086ee94,r_e75b91aaab70b14a204d,13,407c04763aab0fc3f8b35f9f14c99549bb8fd845574b08cdd3d7fefa486133b5
2026:4041820251185366905,p0001,c_3b4e2a05f2eee8ee1cdc,1caa9d39423340500b624e4e7a40935e7604ae137d626c914837cf1fa9191671,r_e75b91aaab70b14a204d,13,407c04763aab0fc3f8b35f9f14c99549bb8fd845574b08cdd3d7fefa486133b5
2026:4041920261436058082,p0019,c_8f805b8c99894bf05c9e,58d03dc5530cdff78e1a6676f1f1ab45bbfed8751ab1405bb7f942e75f0292ba,r_f842f8012b64a37416bc,9,fbb7dea7528c1e2682734e4ad5f21d9c72c7c901ef02b28eeda6fe36552ce896
2026:4042020261436115388,p0009,c_b9c6825d43fd2209aee5,b735540d99b5851109826002ad07ad31dcba7d372956bf30428b10d28e7b9c48,r_dab5970845ebb9ffcf35,11,2f2727cdaad6c09f75103af92a1fbd8fabec12c1839c6a7bb33048d7f54c8e9f
2026:4042020261436120551,p0002,c_43263d10d8d42de66ef1,84bcf13952a5b1b4739c48dac1be2a9ede506ad2b9354ac7f83988e588d87166,r_153f6f4b0d25713d8371,11,e78dcd2ea9088c453f153dac7ceaa97df3ea12520b49aac6b5e652420267f0bb
2026:4042020261436120554,p0003,c_5c674a62aa12b11745d8,3f5f3703e56e01b2a93d31f9e8ae21d9d94509835be42259454c1fdfa5bde3c7,r_e539c4db14c890028fc2,9,4ca381839bd88f09b6497e6b28b0e9fd49dab0305cc331b586fdd5be9c32099b
2026:4042120251185591003,p0009,c_b9c6825d43fd2209aee5,90cf515e2f112519e16e0315c6e25201569800ba522b3e84640c8ceba8094302,r_dab5970845ebb9ffcf35,11,2f2727cdaad6c09f75103af92a1fbd8fabec12c1839c6a7bb33048d7f54c8e9f
2026:4042120251185593366,p0009,c_b9c6825d43fd2209aee5,0d11d209de564ceeed6830fc48d420ebdeaa2e78689c41fc2288e4ca93124e68,r_dab5970845ebb9ffcf35,11,2f2727cdaad6c09f75103af92a1fbd8fabec12c1839c6a7bb33048d7f54c8e9f
2026:4042120251185621296,p0015,c_edff13caa61075e2d07b,e2bcde4320a6aa55b0f1685eae35e50906af40cee4816caed5766d32ebf4967a,r_f7a1a92ebd7a39e06876,4,ace35e9722d1b28c4bb681e240965a7841d0394089aa337279f0a555db53f082
2026:4042120261436182414,p0010,c_eec2a0a10697a413c6b2,5c2ed15c08a0bdb27bbb933bdafce43e3674922106593805a9d0840bcbb71304,r_36381ff366645780c532,11,4809dcc685ed3b64e576bcb56d556f4d29a9a75ec256cb64ac33a2839df01185
2026:4042120261436183056,p0015,c_57d8e01958a38820d7b3,afe4596d912c4736e6331292499cc81eafcabf4345596fbef106a2c9da3c892c,r_f7a1a92ebd7a39e06876,9,e1eeb1a02cf0c5e8880dcde66101d22100d9d3cc549caee3ae648fbe1c2a9692
2026:4042120261436183716,p0014,c_1822128dbb0e70f13b7d,c00804cd4833b3166b7ca730d3fd0533cf403595dd388b288ebe833abc852028,r_380f28d77df7a5db30a0,11,3730ea3adfe22f4ebbb2880a519ad669705118c89e210f07f7a9c1662d83b5e7
2026:4042220251185682291,p0009,c_b9c6825d43fd2209aee5,f91417e51b5a3f2e6f718026b32c638a41b04e483f8b87c213431ef0a334e2b6,r_dab5970845ebb9ffcf35,11,2f2727cdaad6c09f75103af92a1fbd8fabec12c1839c6a7bb33048d7f54c8e9f
2026:4042220251185686348,p0009,c_b9c6825d43fd2209aee5,96b6baea9e4de4cb660553337c8a897116f9afbe443024745d4229ba66251c58,r_dab5970845ebb9ffcf35,11,2f2727cdaad6c09f75103af92a1fbd8fabec12c1839c6a7bb33048d7f54c8e9f
2026:4042220251185734037,p0001,c_3b4e2a05f2eee8ee1cdc,620824a0061ad7cd2e1726c47b7d78f7b02875c2e2c045ad62251cbe19ee4b4a,r_e75b91aaab70b14a204d,13,407c04763aab0fc3f8b35f9f14c99549bb8fd845574b08cdd3d7fefa486133b5
2026:4042220251185734038,p0001,c_3b4e2a05f2eee8ee1cdc,e6c48a1cc4afb543f188b1d83f242cfbad62f6bab79170bc6cd269a53c46e86e,r_e75b91aaab70b14a204d,13,407c04763aab0fc3f8b35f9f14c99549bb8fd845574b08cdd3d7fefa486133b5
2026:4042220251185734039,p0001,c_3b4e2a05f2eee8ee1cdc,aad8b54264eefc11f784b30308dad54bd1f67813d29503caf0b1fc8fbda0eb5b,r_e75b91aaab70b14a204d,13,407c04763aab0fc3f8b35f9f14c99549bb8fd845574b08cdd3d7fefa486133b5
2026:4042220251185906684,p0009,c_b9c6825d43fd2209aee5,0af38b9ed9eff939e22e23b111f7db57be2e25385b912206208f27af33faf937,r_dab5970845ebb9ffcf35,11,2f2727cdaad6c09f75103af92a1fbd8fabec12c1839c6a7bb33048d7f54c8e9f
2026:4042220251185906878,p0010,c_433597abc27c16d5e313,a2e0c36a244df3263ead828a0144e974b26839d6331a3786d34f9da70a8d5d18,r_36381ff366645780c532,11,b26bdd1cce1031dd2c4f3810d9406c3fb9da4a10fd115591a3ab3bffd587c5a9
2026:4042220251185906879,p0010,c_433597abc27c16d5e313,92c71f1d6784b4f1fcd10e63c995a2e481ef5521948576860fcc7bed4980bd6e,r_36381ff366645780c532,11,b26bdd1cce1031dd2c4f3810d9406c3fb9da4a10fd115591a3ab3bffd587c5a9
2026:4042220251185906880,p0010,c_433597abc27c16d5e313,3275a9ba456a961b29331f346d9d62bebdf4038f5e319813e0a008dc3ce53591,r_36381ff366645780c532,11,b26bdd1cce1031dd2c4f3810d9406c3fb9da4a10fd115591a3ab3bffd587c5a9
2026:4042220251186013670,p0008,c_fa36c342df32d6568701,e36280440ba899b61d878ac37e292fe18ac5a0d26e1a8e5bb65fa5a1a9fdd3b3,r_ea71451d245b6218d4f0,6,9e95ed21d5a9d7cb896552848b527eede85c4d099c0926d0ff82b27f7973783c
2026:4042220261437325280,p0014,c_1822128dbb0e70f13b7d,27381258e8c79653eb935bb6545d9dd36b637a25c33b1f69342bac0891a737a3,r_380f28d77df7a5db30a0,11,3730ea3adfe22f4ebbb2880a519ad669705118c89e210f07f7a9c1662d83b5e7
2026:4042220261440156845,p0004,c_c99e4c1e04a65f2743c2,1a09a45282c48feb1542711d0bd39cba4fc04c616eb16a2e117b834a12373952,r_948475ee1ff681d1e65b,11,fa78e4ce8a403cc42a8258d033736cebf7575cd2d5196a97f8b946453fd73714
2026:4042220261440304274,p0004,c_c99e4c1e04a65f2743c2,2eda611202ac4164acb6641b21fb58d771beec009e0cdefced23f58788bbceec,r_948475ee1ff681d1e65b,11,fa78e4ce8a403cc42a8258d033736cebf7575cd2d5196a97f8b946453fd73714
2026:4042220261442309486,p0014,c_1822128dbb0e70f13b7d,6511bb4e594301b715c70d71d247ed20bc09c16c91ad251ec4efb154da19f242,r_380f28d77df7a5db30a0,11,3730ea3adfe22f4ebbb2880a519ad669705118c89e210f07f7a9c1662d83b5e7
2026:4042220261442857685,p0004,c_c99e4c1e04a65f2743c2,ebac8ca77eef30a706a25f5b062804bfda7229d1e8b7fc3e09db8b65eeb50f4e,r_948475ee1ff681d1e65b,11,fa78e4ce8a403cc42a8258d033736cebf7575cd2d5196a97f8b946453fd73714
2026:4042220261445517469,p0015,c_0fd42dcea3bc783c9277,1eab37e1b12cc54360a0fa943d0e3062034bb6cffb771e8b3aed0f7618cfe627,r_f7a1a92ebd7a39e06876,4,39f66eee0401d4f2e100c218775664800fdf49ebc7126a8765362bfa2f0631b2
2026:4042220261446451890,p0004,c_c99e4c1e04a65f2743c2,29f51d80360b979efa1ede2241ecdb051219506f9183639b6e3abe0243880872,r_948475ee1ff681d1e65b,11,fa78e4ce8a403cc42a8258d033736cebf7575cd2d5196a97f8b946453fd73714
2026:4042220261447807334,p0014,c_1822128dbb0e70f13b7d,9680f83ee5014467dc83961bf90baaf14d8b3148b76d6a15b4f20d6bed5d11bc,r_380f28d77df7a5db30a0,11,3730ea3adfe22f4ebbb2880a519ad669705118c89e210f07f7a9c1662d83b5e7
2026:4042220261448766737,p0015,c_0fd42dcea3bc783c9277,1a2ec4f40b04ba8cb949dda00b415c84cf9c1ae9493802ac18954f656b699e3c,r_f7a1a92ebd7a39e06876,4,39f66eee0401d4f2e100c218775664800fdf49ebc7126a8765362bfa2f0631b2
2026:4042220261448991614,p0004,c_c99e4c1e04a65f2743c2,0c369d7575e583f9a937ead21da23caf70b7c67a49d1a7e29803e0856891d324,r_948475ee1ff681d1e65b,11,fa78e4ce8a403cc42a8258d033736cebf7575cd2d5196a97f8b946453fd73714
2026:4042220261452423228,p0004,c_c99e4c1e04a65f2743c2,f902f01f61e77e1672bbae63019c0cf1e730f066fb8abe593db7f993ef46df93,r_948475ee1ff681d1e65b,11,fa78e4ce8a403cc42a8258d033736cebf7575cd2d5196a97f8b946453fd73714
2026:4042220261453261044,p0015,c_0fd42dcea3bc783c9277,072f5f6db86613c4a2933f98d870864c02abb39e9c234caaf639327d7a778da1,r_f7a1a92ebd7a39e06876,4,39f66eee0401d4f2e100c218775664800fdf49ebc7126a8765362bfa2f0631b2
2026:4042220261458936056,p0004,c_c99e4c1e04a65f2743c2,91e040239424b8bcad35c5e0f8b2ebe2cfe745679a84ceb78f17c0403d18d7cf,r_948475ee1ff681d1e65b,11,fa78e4ce8a403cc42a8258d033736cebf7575cd2d5196a97f8b946453fd73714
2026:4042220261482548584,p0011,c_62f041317a9dedf290d4,261b35404603bad45f133525262976b31386e696c333546f76537a337aedf24b,r_993179b21d5761402e8e,11,1d9b6961bd88e4568e846107cf3b8ae775c12896476123fec884374b20e67425
2026:4042220261482580101,p0009,c_b9c6825d43fd2209aee5,ad4bcabbc274d6fd963cd699287d6fe5da4ea864632e03640bf4799f546ae069,r_dab5970845ebb9ffcf35,11,2f2727cdaad6c09f75103af92a1fbd8fabec12c1839c6a7bb33048d7f54c8e9f
2026:4042220261482580102,p0009,c_b9c6825d43fd2209aee5,cd8f055632551dff8a5570665ca8212fd4de793a471e42080827d2233ca82491,r_dab5970845ebb9ffcf35,11,2f2727cdaad6c09f75103af92a1fbd8fabec12c1839c6a7bb33048d7f54c8e9f
2026:4042220261482580103,p0009,c_b9c6825d43fd2209aee5,a2e32899836856419677e70a9a61fabfc2dc90720039d537ff9aa001aac468a3,r_dab5970845ebb9ffcf35,11,2f2727cdaad6c09f75103af92a1fbd8fabec12c1839c6a7bb33048d7f54c8e9f
2026:4042220261482643408,p0002,c_4b64baaa01dc4eca3d70,81f04b03e5c84ccaa71bf895b71829301af4a36f1e9d096f5867e630ac94b056,r_153f6f4b0d25713d8371,11,ef446f70a3583fce1f4ac47f95eea9a1d202a1764f613d71fa79944220b4464e
2026:4042220261482670752,p0002,c_4b64baaa01dc4eca3d70,efac7328e7ec8e83ae412bf8b3937738d0258afac9bad463cd483cc819f74b29,r_153f6f4b0d25713d8371,11,ef446f70a3583fce1f4ac47f95eea9a1d202a1764f613d71fa79944220b4464e
2026:4042220261482670756,p0002,c_4b64baaa01dc4eca3d70,62452e2e2953e8ffe095e9c4092e18c848b84eddac2c30514fcfc708338b976c,r_153f6f4b0d25713d8371,11,ef446f70a3583fce1f4ac47f95eea9a1d202a1764f613d71fa79944220b4464e
2026:4042220261482670760,p0002,c_4b64baaa01dc4eca3d70,32127bca56859dd591e52ee255e5dc34b640098deb7fbac9489ebdf5d9b3b906,r_153f6f4b0d25713d8371,11,ef446f70a3583fce1f4ac47f95eea9a1d202a1764f613d71fa79944220b4464e
2026:4042320251186095525,p0002,c_4b64baaa01dc4eca3d70,87eee286435de3856c15df4a0fcab36a898d8246dfafebe51fcf17321e11daf5,r_153f6f4b0d25713d8371,11,ef446f70a3583fce1f4ac47f95eea9a1d202a1764f613d71fa79944220b4464e
2026:4042320251186095594,p0003,c_dcb61ff9a92a3152957c,cac064d2eb2c1d9fe2040df09bba2ce369ece6b000e9578eeb690fe29806c5f3,r_e539c4db14c890028fc2,9,4acb74a94e107976dd432d93e00ce54a9dc041ddc3de81dbcf9284d201005511
2026:4042320251186095595,p0003,c_dcb61ff9a92a3152957c,b1705f4e622c7bf2dba8baef42f6bade0419da20e7116fd6d1b05902116b2620,r_e539c4db14c890028fc2,9,4acb74a94e107976dd432d93e00ce54a9dc041ddc3de81dbcf9284d201005511
2026:4042320251186095596,p0003,c_dcb61ff9a92a3152957c,9b800153f0e48f68da2b43db5adeb868e0316dd3e6b45412af02f8c18dcf0cba,r_e539c4db14c890028fc2,9,4acb74a94e107976dd432d93e00ce54a9dc041ddc3de81dbcf9284d201005511
2026:4042320251186118646,p0009,c_b9c6825d43fd2209aee5,3cc8766d6ddeb496e0045f78a61b7c1d161a59b254add7b95b54bf3b7988f0fb,r_dab5970845ebb9ffcf35,11,2f2727cdaad6c09f75103af92a1fbd8fabec12c1839c6a7bb33048d7f54c8e9f
2026:4042320251186134753,p0009,c_b9c6825d43fd2209aee5,19d01bcd461d5337c6ca9171aee0e0a2c62d47cd99b392bec0a8255a8d665bb4,r_dab5970845ebb9ffcf35,11,2f2727cdaad6c09f75103af92a1fbd8fabec12c1839c6a7bb33048d7f54c8e9f
2026:4042320251186196969,p0009,c_b9c6825d43fd2209aee5,31158b1b7daab7105cf518b827775166f21cd5914fa86184724b973fd3c21a46,r_dab5970845ebb9ffcf35,11,2f2727cdaad6c09f75103af92a1fbd8fabec12c1839c6a7bb33048d7f54c8e9f
2026:4042320251186207245,p0009,c_b9c6825d43fd2209aee5,b7fab8b67249d79b0914f868051eeeae5ca2f10a5b94dab39be265976e39eacd,r_dab5970845ebb9ffcf35,11,2f2727cdaad6c09f75103af92a1fbd8fabec12c1839c6a7bb33048d7f54c8e9f
2026:4042320251186218371,p0015,c_dd05fcb5866322438262,f025b2e8200127c3d59952bd4ac621ba6e656553831bf72743c83bbef176b40a,r_f7a1a92ebd7a39e06876,9,7c69c8ee5b184648674e1743a4d66931e8d0beb2c3d7b3bd790f1ab8a76ae1cc
2026:4042320251186218403,p0012,c_6f9ce1910d5bc217008c,43cc7b3e6054caa64b6f46bebf6c2f99e8623b69d4a9ee5773fefc02c2353351,r_75b5cf0824e38d63503f,9,a399e7a0f105264dad48216f375d4983a628857fd57a06e158cb5ad2188be28f
2026:4042320251186218678,p0015,c_dd05fcb5866322438262,d5e90e84a941897122230903b2918d9e018cd625e72d335798729961e7f7af77,r_f7a1a92ebd7a39e06876,9,7c69c8ee5b184648674e1743a4d66931e8d0beb2c3d7b3bd790f1ab8a76ae1cc
2026:4042320251186219144,p0015,c_dd05fcb5866322438262,b4d08d853c0a91606fe5eb309c7de3db347636c930881e3254dc0cfed2c065f0,r_f7a1a92ebd7a39e06876,9,7c69c8ee5b184648674e1743a4d66931e8d0beb2c3d7b3bd790f1ab8a76ae1cc
2026:4042320251186219356,p0015,c_dd05fcb5866322438262,dc9303afe3411d8025c3065137bd44782e8f19e8ace5ef43ff401aebbd70084e,r_f7a1a92ebd7a39e06876,9,7c69c8ee5b184648674e1743a4d66931e8d0beb2c3d7b3bd790f1ab8a76ae1cc
2026:4042320251186219580,p0015,c_dd05fcb5866322438262,e9c66fbb5bc81b53311ade8520f5305cd8cb29a8162843dd410db2ddffbb48d5,r_f7a1a92ebd7a39e06876,9,7c69c8ee5b184648674e1743a4d66931e8d0beb2c3d7b3bd790f1ab8a76ae1cc
2026:4042320251186219837,p0015,c_dd05fcb5866322438262,35f21fbb6b2ff00dbc2ce5abbc248e95f9dbab3a4a12a68d67990d733bbc055d,r_f7a1a92ebd7a39e06876,9,7c69c8ee5b184648674e1743a4d66931e8d0beb2c3d7b3bd790f1ab8a76ae1cc
2026:4042320251186220261,p0012,c_6f9ce1910d5bc217008c,f62b4499e509c8824b861c793e4a0b84bbd4a118787eede9d70fde253296cae5,r_75b5cf0824e38d63503f,9,a399e7a0f105264dad48216f375d4983a628857fd57a06e158cb5ad2188be28f
2026:4042320251186224028,p0010,c_eec2a0a10697a413c6b2,39602dd2de46cc00ce52c2fd63f15756234d67e9226647ae73d31d1170479aa2,r_36381ff366645780c532,11,4809dcc685ed3b64e576bcb56d556f4d29a9a75ec256cb64ac33a2839df01185
2026:4042320251186224029,p0010,c_eec2a0a10697a413c6b2,f5bd404f3fb77a5fe36dd2a570211451888f1d4c37c18e177c5345169a4da506,r_36381ff366645780c532,11,4809dcc685ed3b64e576bcb56d556f4d29a9a75ec256cb64ac33a2839df01185
2026:4042320251186224030,p0010,c_eec2a0a10697a413c6b2,534372add31cc50ddb6e97653a0f2e6c31570f3047a464e646bd840e2f4dd3c0,r_36381ff366645780c532,11,4809dcc685ed3b64e576bcb56d556f4d29a9a75ec256cb64ac33a2839df01185
2026:4042320251186226980,p0009,c_b9c6825d43fd2209aee5,c6ea8f408ee3d64d2e6ffe9070163e4ae1c72d8879138033e378e0e8ef69d305,r_dab5970845ebb9ffcf35,11,2f2727cdaad6c09f75103af92a1fbd8fabec12c1839c6a7bb33048d7f54c8e9f
2026:4042320251186314698,p0001,c_3b4e2a05f2eee8ee1cdc,2835710cc2cd3b2cbe27307d6f4f0ae8a66ae43b385e8981384e7f2da386a32e,r_e75b91aaab70b14a204d,13,407c04763aab0fc3f8b35f9f14c99549bb8fd845574b08cdd3d7fefa486133b5
2026:4042320251186314813,p0001,c_3b4e2a05f2eee8ee1cdc,8541d331230adea89a1157f80fb27fdc1fc18ba7307d20c6439c7d5384594bcc,r_e75b91aaab70b14a204d,13,407c04763aab0fc3f8b35f9f14c99549bb8fd845574b08cdd3d7fefa486133b5
2026:4042420251186425440,p0009,c_b9c6825d43fd2209aee5,7a594abcbaa673806799d3dedeea0d230619a2fc74d1356a5c433ce8c7253517,r_dab5970845ebb9ffcf35,11,2f2727cdaad6c09f75103af92a1fbd8fabec12c1839c6a7bb33048d7f54c8e9f
2026:4042420251186426197,p0002,c_43263d10d8d42de66ef1,3d378cd2649a7ae2aa3fe1529d343cee3a4e68002d896f87075f52e79746c963,r_153f6f4b0d25713d8371,11,e78dcd2ea9088c453f153dac7ceaa97df3ea12520b49aac6b5e652420267f0bb
2026:4042420251186426573,p0003,c_5c674a62aa12b11745d8,dd3763d7ec0f0c70b29682ccdb8bacf4eb9c35241818531cd815961b6ca75d4d,r_e539c4db14c890028fc2,9,4ca381839bd88f09b6497e6b28b0e9fd49dab0305cc331b586fdd5be9c32099b
2026:4042420251186481274,p0009,c_b9c6825d43fd2209aee5,689a4185e0f23f0e9a1f5a9cc3654be93383c63ddadd1328e33772dbeddb6ec9,r_dab5970845ebb9ffcf35,11,2f2727cdaad6c09f75103af92a1fbd8fabec12c1839c6a7bb33048d7f54c8e9f
2026:4042420251186585934,p0001,c_3b4e2a05f2eee8ee1cdc,fe8689eacd32e38aac11988d6eb49ea30cb2ec81bc9bb4807473fddf6937d758,r_e75b91aaab70b14a204d,13,407c04763aab0fc3f8b35f9f14c99549bb8fd845574b08cdd3d7fefa486133b5
2026:4042420251186586048,p0001,c_3b4e2a05f2eee8ee1cdc,a45a566ee4174ba4a649fe5f3b1ecf2b80edf2b9ca5df77159ae53be2593b7fa,r_e75b91aaab70b14a204d,13,407c04763aab0fc3f8b35f9f14c99549bb8fd845574b08cdd3d7fefa486133b5
2026:4042420251186594736,p0009,c_b9c6825d43fd2209aee5,f875da6c38f4ad9214a03333e2024396160f8bb53f4b1df05b0fc6056db0fa85,r_dab5970845ebb9ffcf35,11,2f2727cdaad6c09f75103af92a1fbd8fabec12c1839c6a7bb33048d7f54c8e9f
2026:4042420251186596478,p0009,c_b9c6825d43fd2209aee5,ebbd1a7a4f972793703b573fc4ccefeb78a07239b725ee8209cfece1beb52281,r_dab5970845ebb9ffcf35,11,2f2727cdaad6c09f75103af92a1fbd8fabec12c1839c6a7bb33048d7f54c8e9f
2026:4042420251186598562,p0009,c_b9c6825d43fd2209aee5,637903f5cb0597d2bde9eba420948dd439b37fcfa8bda42bd343707c0557abae,r_dab5970845ebb9ffcf35,11,2f2727cdaad6c09f75103af92a1fbd8fabec12c1839c6a7bb33048d7f54c8e9f
2026:4042420251186607182,p0009,c_b9c6825d43fd2209aee5,580c05ee7acf63cebabf971fc6eab41a048cffb27a4f7a600abd8f0c6cc31fc4,r_dab5970845ebb9ffcf35,11,2f2727cdaad6c09f75103af92a1fbd8fabec12c1839c6a7bb33048d7f54c8e9f
2026:4042420251186607307,p0009,c_03c7c6670557a4a9a5fc,d0c1785b7454855fca81f64a1facc65412bf8c73944e1daba3e43e9656244687,r_dab5970845ebb9ffcf35,11,f61a269b438925d79cead079b9b1469a1d7f449907dca134dac2f7a18b3c007f
2026:4042420251186607310,p0009,c_03c7c6670557a4a9a5fc,00f045a6bc9d9831c01ace6b15a0d579a989cfe2737e540902368e73d5da8574,r_dab5970845ebb9ffcf35,11,f61a269b438925d79cead079b9b1469a1d7f449907dca134dac2f7a18b3c007f
2026:4042420251186607311,p0009,c_03c7c6670557a4a9a5fc,9f67b351a9b363ecd1831e367af3c97c1369de713de58a1599fc969a11e8ff31,r_dab5970845ebb9ffcf35,11,f61a269b438925d79cead079b9b1469a1d7f449907dca134dac2f7a18b3c007f
2026:4042420251186608003,p0009,c_b9c6825d43fd2209aee5,6e1a703cd9ab6b5891153fe692575d4ecdc0561da3a908bfe7036d1455a5d90c,r_dab5970845ebb9ffcf35,11,2f2727cdaad6c09f75103af92a1fbd8fabec12c1839c6a7bb33048d7f54c8e9f
2026:4042420261482872822,p0002,c_4b64baaa01dc4eca3d70,adcb65dfe0579ceea0539a559a51d234276ccda631d8485cd0cc8e9e6e4a66c8,r_153f6f4b0d25713d8371,11,ef446f70a3583fce1f4ac47f95eea9a1d202a1764f613d71fa79944220b4464e
2026:4042420261482872826,p0019,c_8f805b8c99894bf05c9e,c47a1ab63007ce3e87770313c64cb812a342cfac1b2d764d3fbc8cb955b0cd63,r_f842f8012b64a37416bc,9,fbb7dea7528c1e2682734e4ad5f21d9c72c7c901ef02b28eeda6fe36552ce896
2026:4042420261483451613,p0011,c_62f041317a9dedf290d4,eafa2191a5a93ebb251991b25d89d32ce5f7dc24466771983c27816580bbe9b0,r_993179b21d5761402e8e,11,1d9b6961bd88e4568e846107cf3b8ae775c12896476123fec884374b20e67425
2026:4042420261483617221,p0009,c_b9c6825d43fd2209aee5,dad5eec9d2017d8f2847a3db15aa2faec42d9d96c5749efae2409d4b975dc0c9,r_dab5970845ebb9ffcf35,11,2f2727cdaad6c09f75103af92a1fbd8fabec12c1839c6a7bb33048d7f54c8e9f
2026:4042520251186666300,p0009,c_b9c6825d43fd2209aee5,67f4878cce8bc75ad815b04329f31900863e13670adfc50501e505cd3f8a06a8,r_dab5970845ebb9ffcf35,11,2f2727cdaad6c09f75103af92a1fbd8fabec12c1839c6a7bb33048d7f54c8e9f
2026:4042520251186667232,p0001,c_3b4e2a05f2eee8ee1cdc,1dba7b6871a8703ae4d6d04ea8b17c11a4b22d91e21225415f95fd3495c5b556,r_e75b91aaab70b14a204d,13,407c04763aab0fc3f8b35f9f14c99549bb8fd845574b08cdd3d7fefa486133b5
2026:4042520251186667233,p0001,c_3b4e2a05f2eee8ee1cdc,35544fdc6a69f6c63b6de2930e7ff8be996fd19c24b984a47ef49f14b4887cb8,r_e75b91aaab70b14a204d,13,407c04763aab0fc3f8b35f9f14c99549bb8fd845574b08cdd3d7fefa486133b5
2026:4042520251186667276,p0009,c_03c7c6670557a4a9a5fc,9b62b4398b4edcf60e0d5918b2a7d281c867b5720f57352194761f8a2cc69ebd,r_dab5970845ebb9ffcf35,11,f61a269b438925d79cead079b9b1469a1d7f449907dca134dac2f7a18b3c007f
2026:4042520251186674162,p0001,c_3b4e2a05f2eee8ee1cdc,57b47676a72b3af795e1a9ec70f5fd2ac22c0333ffba524d0562d065a80d4147,r_e75b91aaab70b14a204d,13,407c04763aab0fc3f8b35f9f14c99549bb8fd845574b08cdd3d7fefa486133b5
2026:4042520251186674163,p0001,c_3b4e2a05f2eee8ee1cdc,162a9ccbb0691adb225285432cac8eed648f03ba67ac5fc63268c81eb6f2c155,r_e75b91aaab70b14a204d,13,407c04763aab0fc3f8b35f9f14c99549bb8fd845574b08cdd3d7fefa486133b5
2026:4042520251186674164,p0001,c_3b4e2a05f2eee8ee1cdc,8e8f8b5caa1ae95087953ef1a5ddf988a7c4dedfd984c9647bcb8f10349cd984,r_e75b91aaab70b14a204d,13,407c04763aab0fc3f8b35f9f14c99549bb8fd845574b08cdd3d7fefa486133b5
2026:4042520251186685810,p0009,c_b9c6825d43fd2209aee5,f3cabab9b88149784d54587f308eb9ded9a094dc2762b6c54f7f9d120e46ad01,r_dab5970845ebb9ffcf35,11,2f2727cdaad6c09f75103af92a1fbd8fabec12c1839c6a7bb33048d7f54c8e9f
2026:4042520251186686008,p0009,c_b9c6825d43fd2209aee5,c741e955838bae32bef442c97cc9db20bab7de30772cc8ac456a2e2bfbe2ba51,r_dab5970845ebb9ffcf35,11,2f2727cdaad6c09f75103af92a1fbd8fabec12c1839c6a7bb33048d7f54c8e9f
2026:4042520251186686087,p0009,c_b9c6825d43fd2209aee5,4f192836aa37898703cfb9f317c68dad3e699ed0d2e2191fdaf5862743e44a09,r_dab5970845ebb9ffcf35,11,2f2727cdaad6c09f75103af92a1fbd8fabec12c1839c6a7bb33048d7f54c8e9f
2026:4042720261483736223,p0004,c_c99e4c1e04a65f2743c2,2173ed34a21559466e9b213d5aa17cbfbcb87c42be254be6e93d7dee14374415,r_948475ee1ff681d1e65b,11,fa78e4ce8a403cc42a8258d033736cebf7575cd2d5196a97f8b946453fd73714
2026:4042720261483739957,p0011,c_79d82a83c0673ddaf64b,f3f1b69d491c597dbf4f1ecf2fdb31777c0d5c52b793b1a9ffbef619f906127b,r_993179b21d5761402e8e,8,ab04c3dcc8637110443818adb8887d2ed340163a2438a311e937146d8dab6c2e
2026:4042720261483740043,p0006,c_5bb2d70e54363f70fa7f,1019574dba57e2c060376f72663d0a436e8f72432969f0d2c6e1c5f379c0b832,r_28d8ea5a232d0e6cda03,4,b067e029a2dd39d0667c10c21e69d8f54a9cd2f4551f1304994bb387ee4859ff
2026:4042820251186792669,p0010,c_433597abc27c16d5e313,f6802461b3acbbb7081e8bb084c00b84b467c5ac15c6bb6d8f2e03a9bbbc8eca,r_36381ff366645780c532,11,b26bdd1cce1031dd2c4f3810d9406c3fb9da4a10fd115591a3ab3bffd587c5a9
2026:4042820251186792670,p0010,c_433597abc27c16d5e313,8c299db97e9f7082231986e5181bf8f910020b1a827213b0907ff088d4ebc589,r_36381ff366645780c532,11,b26bdd1cce1031dd2c4f3810d9406c3fb9da4a10fd115591a3ab3bffd587c5a9
2026:4042820251186792682,p0009,c_b9c6825d43fd2209aee5,92670d52ffb696c00fb5d620ad33ca9d88ddf08fcf71f7074fbf1a8711af5425,r_dab5970845ebb9ffcf35,11,2f2727cdaad6c09f75103af92a1fbd8fabec12c1839c6a7bb33048d7f54c8e9f
2026:4042820251186795916,p0004,c_c99e4c1e04a65f2743c2,5adcb326eaf513705a90146acad9315ae2206a194dce04e9da5ddfa4a3d24d7a,r_948475ee1ff681d1e65b,11,fa78e4ce8a403cc42a8258d033736cebf7575cd2d5196a97f8b946453fd73714
2026:4042820251187144688,p0009,c_b9c6825d43fd2209aee5,03f24700afb3931f262bc03f1bc455a343ab103b1067577519edb66c728d566c,r_dab5970845ebb9ffcf35,11,2f2727cdaad6c09f75103af92a1fbd8fabec12c1839c6a7bb33048d7f54c8e9f
2026:4042820251187144885,p0001,c_3b4e2a05f2eee8ee1cdc,b36b1883cd7aff135fd78f809f8fcda60366c7c1e2b404111508961ff57d4cc6,r_e75b91aaab70b14a204d,13,407c04763aab0fc3f8b35f9f14c99549bb8fd845574b08cdd3d7fefa486133b5
2026:4042820251187144886,p0001,c_3b4e2a05f2eee8ee1cdc,30b3f8c105bcd24d04ea79c99fdd81dccfa364dbf986bd43b13f282be9603ef8,r_e75b91aaab70b14a204d,13,407c04763aab0fc3f8b35f9f14c99549bb8fd845574b08cdd3d7fefa486133b5
2026:4042820251187144887,p0001,c_3b4e2a05f2eee8ee1cdc,c30caeee3229ff2011807d353d00c92e03a3cf671867e1441f9b33707e96fd9c,r_e75b91aaab70b14a204d,13,407c04763aab0fc3f8b35f9f14c99549bb8fd845574b08cdd3d7fefa486133b5
2026:4042820251187146301,p0001,c_3b4e2a05f2eee8ee1cdc,a4289cee99e2070e753e97e44837060190443d309ea7b0fe36ccbe8c74ba45ae,r_e75b91aaab70b14a204d,13,407c04763aab0fc3f8b35f9f14c99549bb8fd845574b08cdd3d7fefa486133b5
2026:4042820251187146302,p0001,c_3b4e2a05f2eee8ee1cdc,42d0a0ee0ad90c07dae1a5d57133fda5533be4368280a3637501cbcb1031aa30,r_e75b91aaab70b14a204d,13,407c04763aab0fc3f8b35f9f14c99549bb8fd845574b08cdd3d7fefa486133b5
2026:4042820251187146303,p0001,c_3b4e2a05f2eee8ee1cdc,ee163933a762c52fc001ce5cd429289032ce6966dcceea7d5e4053275a2b2dc1,r_e75b91aaab70b14a204d,13,407c04763aab0fc3f8b35f9f14c99549bb8fd845574b08cdd3d7fefa486133b5
2026:4042820251187152914,p0011,c_e33e4241ffae021efe44,93c092d55d6634ca9311edf19eaf1a81b578f4a0de024caaf6992f0cbf3e27cf,r_993179b21d5761402e8e,13,f759e3e78284d686fe105b8c5024b31812841e62142513d312812f0fc0b5b163
2026:4042820251187200503,p0009,c_b9c6825d43fd2209aee5,7722445a570228f7092aa61f0bf0cc1a475617b2d6510cc3729508b47903f685,r_dab5970845ebb9ffcf35,11,2f2727cdaad6c09f75103af92a1fbd8fabec12c1839c6a7bb33048d7f54c8e9f
2026:4042820261483765367,p0002,c_4b64baaa01dc4eca3d70,3e3b3e58e0b64ac44a365829f8e7b4cf068b29aea720d378ff57e078ff1596a0,r_153f6f4b0d25713d8371,11,ef446f70a3583fce1f4ac47f95eea9a1d202a1764f613d71fa79944220b4464e
2026:4042820261483765368,p0003,c_dcb61ff9a92a3152957c,a5f8960d8383ea2f195bdc9358706a55533247c655366c42e84cca1eb95c2309,r_e539c4db14c890028fc2,9,4acb74a94e107976dd432d93e00ce54a9dc041ddc3de81dbcf9284d201005511
2026:4042820261483875651,p0001,c_3b4e2a05f2eee8ee1cdc,43035c12a4cdffa8ed37510c58c6a5e7d88006106f03ad1970099fa468510072,r_e75b91aaab70b14a204d,13,407c04763aab0fc3f8b35f9f14c99549bb8fd845574b08cdd3d7fefa486133b5
2026:4042820261483875653,p0001,c_3b4e2a05f2eee8ee1cdc,ec479df522351231450112bc6b350ff0220dfa7785bc2ef589fd28e0e4d81a5b,r_e75b91aaab70b14a204d,13,407c04763aab0fc3f8b35f9f14c99549bb8fd845574b08cdd3d7fefa486133b5
2026:4042820261483875655,p0001,c_3b4e2a05f2eee8ee1cdc,57c2c0891119633a8761f8dd7cc582f59275a1e7eb1cfd2878dac92df5382759,r_e75b91aaab70b14a204d,13,407c04763aab0fc3f8b35f9f14c99549bb8fd845574b08cdd3d7fefa486133b5
2026:4042920251187857776,p0009,c_b9c6825d43fd2209aee5,e46f7e557c75b61700d4897414edb724a8622d001d104ba9b24300c42fdc8283,r_dab5970845ebb9ffcf35,11,2f2727cdaad6c09f75103af92a1fbd8fabec12c1839c6a7bb33048d7f54c8e9f
2026:4042920251187858329,p0001,c_3b4e2a05f2eee8ee1cdc,30b4f23540ee0232438f45b9841a4d19cb19e2827b6288a6b7a5fb4e68f7fb65,r_e75b91aaab70b14a204d,13,407c04763aab0fc3f8b35f9f14c99549bb8fd845574b08cdd3d7fefa486133b5
2026:4042920251187858330,p0001,c_3b4e2a05f2eee8ee1cdc,fcbdb072f0dc553aadac9739270942de624247b40024fd44b524069f7435734f,r_e75b91aaab70b14a204d,13,407c04763aab0fc3f8b35f9f14c99549bb8fd845574b08cdd3d7fefa486133b5
2026:4042920251187858872,p0009,c_b9c6825d43fd2209aee5,65000bded1bda6ab25d00da8478c64e01994f077eef44ee45ee55318e660063b,r_dab5970845ebb9ffcf35,11,2f2727cdaad6c09f75103af92a1fbd8fabec12c1839c6a7bb33048d7f54c8e9f
2026:4042920251187860627,p0001,c_3b4e2a05f2eee8ee1cdc,22e7df8b4801641aeac52a940222d649d0e3e972d32042f02792defb2ae61b2a,r_e75b91aaab70b14a204d,13,407c04763aab0fc3f8b35f9f14c99549bb8fd845574b08cdd3d7fefa486133b5
2026:4042920251187860628,p0001,c_3b4e2a05f2eee8ee1cdc,1075231d50d5770d0bb2e7618c4e9145f4050efb85df895a6b4043a1befeb9c5,r_e75b91aaab70b14a204d,13,407c04763aab0fc3f8b35f9f14c99549bb8fd845574b08cdd3d7fefa486133b5
2026:4042920251187860629,p0001,c_3b4e2a05f2eee8ee1cdc,e4eca6f3dd5c64a01a55f64ab1756b08efe627c1ab7fbd65a4019b558e414eff,r_e75b91aaab70b14a204d,13,407c04763aab0fc3f8b35f9f14c99549bb8fd845574b08cdd3d7fefa486133b5
2026:4042920251187863186,p0009,c_b9c6825d43fd2209aee5,1018124a5eec14b32d2bec13e22c8d7cbbf7801e76239b5cae563db9d3ebfc01,r_dab5970845ebb9ffcf35,11,2f2727cdaad6c09f75103af92a1fbd8fabec12c1839c6a7bb33048d7f54c8e9f
2026:4042920251187910514,p0009,c_b9c6825d43fd2209aee5,016d5fcd145f1313d49dc7f232fd4416e11ae583c05ddbdcf74f39009d2fdd08,r_dab5970845ebb9ffcf35,11,2f2727cdaad6c09f75103af92a1fbd8fabec12c1839c6a7bb33048d7f54c8e9f
2026:4042920251187910616,p0009,c_b9c6825d43fd2209aee5,40ab33876b494bdee85b9b33426e7df3020eb71cc1910492179aa95b1a4249de,r_dab5970845ebb9ffcf35,11,2f2727cdaad6c09f75103af92a1fbd8fabec12c1839c6a7bb33048d7f54c8e9f
2026:4042920251187912475,p0008,c_fa36c342df32d6568701,2bb83561861b5e1af6808dc471ec2fa26789249a07449cddcb2727f825494cd7,r_ea71451d245b6218d4f0,6,9e95ed21d5a9d7cb896552848b527eede85c4d099c0926d0ff82b27f7973783c
2026:4042920261484488822,p0019,c_8f805b8c99894bf05c9e,1c7627b4abdf7a2e1dea9211441246f217560d243b3da920c3c0709eada59907,r_f842f8012b64a37416bc,9,fbb7dea7528c1e2682734e4ad5f21d9c72c7c901ef02b28eeda6fe36552ce896
2026:4043020251188032329,p0001,c_3b4e2a05f2eee8ee1cdc,99346f18bab61350c88503a6bb70454277732180b9d98b2cad1d94e88ad00f8c,r_e75b91aaab70b14a204d,13,407c04763aab0fc3f8b35f9f14c99549bb8fd845574b08cdd3d7fefa486133b5
2026:4043020251188032330,p0001,c_3b4e2a05f2eee8ee1cdc,f0249d5703afb3ae00fdb5a01af4c01980844c270f6387ab7bb1b068239dbf81,r_e75b91aaab70b14a204d,13,407c04763aab0fc3f8b35f9f14c99549bb8fd845574b08cdd3d7fefa486133b5
2026:4043020251188032331,p0001,c_3b4e2a05f2eee8ee1cdc,84ec3f4c581843f2ab949f03ee66509e934c044c5b52575e7eff9a895f10f71a,r_e75b91aaab70b14a204d,13,407c04763aab0fc3f8b35f9f14c99549bb8fd845574b08cdd3d7fefa486133b5
2026:4043020261484827801,p0002,c_43263d10d8d42de66ef1,9db5cda24fb517089d8898feea9d1449b26993dbe069ba27c743b6bd39aed77a,r_153f6f4b0d25713d8371,11,e78dcd2ea9088c453f153dac7ceaa97df3ea12520b49aac6b5e652420267f0bb
2026:4043020261484827835,p0003,c_5c674a62aa12b11745d8,77a37441716a94d02c786651eb008a1adadb2b2769c2b121ffb03383898023c0,r_e539c4db14c890028fc2,9,4ca381839bd88f09b6497e6b28b0e9fd49dab0305cc331b586fdd5be9c32099b
2026:4043020261484961738,p0015,c_dd05fcb5866322438262,e54d0fd7dad4bc7401c9be1f108a3711aaaf2f60d2f8c999344f78f09dca135c,r_f7a1a92ebd7a39e06876,9,7c69c8ee5b184648674e1743a4d66931e8d0beb2c3d7b3bd790f1ab8a76ae1cc
2026:4043020261485296094,p0009,c_b9c6825d43fd2209aee5,563e8e7520050940264f27f5e48a65f39e6e96a47228dea48f429cd28e4dd2b7,r_dab5970845ebb9ffcf35,11,2f2727cdaad6c09f75103af92a1fbd8fabec12c1839c6a7bb33048d7f54c8e9f
2026:4043020261489501126,p0011,c_6d78c941e832e66bc5f5,f1d140e70561a528dc0389a6d96285db26bcb214df71b3cb6596bcb1e96d1018,r_993179b21d5761402e8e,13,136e23c2659e614f7daf19e0e365c8a536cafb725e086191dc5d2f4ac7fabb57
2026:4043020261490867669,p0009,c_b9c6825d43fd2209aee5,076af247682bec7f50c0995fa075039be196fa9b5778f03f0d0bf33b8c86fef7,r_dab5970845ebb9ffcf35,11,2f2727cdaad6c09f75103af92a1fbd8fabec12c1839c6a7bb33048d7f54c8e9f
2026:4043020261490882543,p0009,c_b9c6825d43fd2209aee5,48c4e2b70413a95670797ea3713fd5e9440000fc1c3c16de3b16d9cdc49c192f,r_dab5970845ebb9ffcf35,11,2f2727cdaad6c09f75103af92a1fbd8fabec12c1839c6a7bb33048d7f54c8e9f
2026:4043020261490890518,p0009,c_b9c6825d43fd2209aee5,77f5a2c41a65bb4784506fdb73a11c25149f0de4b5573f2e5e9d7f58163bf9c4,r_dab5970845ebb9ffcf35,11,2f2727cdaad6c09f75103af92a1fbd8fabec12c1839c6a7bb33048d7f54c8e9f
2026:4043020261490906355,p0009,c_b9c6825d43fd2209aee5,6c39b0ba98617e9a8f4b376752b693cec754e22226af662f4b34986fd16efa7b,r_dab5970845ebb9ffcf35,11,2f2727cdaad6c09f75103af92a1fbd8fabec12c1839c6a7bb33048d7f54c8e9f
2026:4043020261490933889,p0009,c_b9c6825d43fd2209aee5,850add7d6ca058aa29191f7154ecf1e64f39587308f654e59b4f80a48fa1cb5f,r_dab5970845ebb9ffcf35,11,2f2727cdaad6c09f75103af92a1fbd8fabec12c1839c6a7bb33048d7f54c8e9f
2026:4043020261490941539,p0009,c_b9c6825d43fd2209aee5,6832087162f6ed5e3aeac5c80cd9830e2a9ef25be5d5754a41b6fe3061dbc659,r_dab5970845ebb9ffcf35,11,2f2727cdaad6c09f75103af92a1fbd8fabec12c1839c6a7bb33048d7f54c8e9f
2026:4043020261490952367,p0009,c_b9c6825d43fd2209aee5,58e0784d6541eac614de709e3ed341e7d600a28170ae981129227c3d3a4a714c,r_dab5970845ebb9ffcf35,11,2f2727cdaad6c09f75103af92a1fbd8fabec12c1839c6a7bb33048d7f54c8e9f
2026:4043020261490986501,p0009,c_b9c6825d43fd2209aee5,ac3f40e773f5c8ac7020743e37f161e3b3aa5bb49fbf011ef887bad844cbccd7,r_dab5970845ebb9ffcf35,11,2f2727cdaad6c09f75103af92a1fbd8fabec12c1839c6a7bb33048d7f54c8e9f
2026:4043020261490987530,p0009,c_b9c6825d43fd2209aee5,8116c9fa4b8c5cf1e0059ba1a902795924a46f9c9988c75d866ba4bc0605d24f,r_dab5970845ebb9ffcf35,11,2f2727cdaad6c09f75103af92a1fbd8fabec12c1839c6a7bb33048d7f54c8e9f
2026:4043020261490991105,p0009,c_b9c6825d43fd2209aee5,5f6e0049c86e3da577dec2c7a739208b88a4684f48524f90e8cf0fb1beb35d20,r_dab5970845ebb9ffcf35,11,2f2727cdaad6c09f75103af92a1fbd8fabec12c1839c6a7bb33048d7f54c8e9f
2026:4043020261491000757,p0009,c_b9c6825d43fd2209aee5,39bc8dd86fea3a4d32bb93ff6bba0bee24e0cd380cbd38ff716c2b90979233c9,r_dab5970845ebb9ffcf35,11,2f2727cdaad6c09f75103af92a1fbd8fabec12c1839c6a7bb33048d7f54c8e9f
2026:4043020261491003491,p0009,c_b9c6825d43fd2209aee5,24425e2db0a6ab3370aa43f2074bf8a6f473d454096e7926e1748d067330f651,r_dab5970845ebb9ffcf35,11,2f2727cdaad6c09f75103af92a1fbd8fabec12c1839c6a7bb33048d7f54c8e9f
2026:4043020261491014634,p0009,c_b9c6825d43fd2209aee5,29c046cab143fa0b786d6f12a5a98a67d036f33e8846aa0c9101613266564789,r_dab5970845ebb9ffcf35,11,2f2727cdaad6c09f75103af92a1fbd8fabec12c1839c6a7bb33048d7f54c8e9f
2026:4043020261491015214,p0009,c_b9c6825d43fd2209aee5,83f50c031615c02e3ca98cb49bbf5d858452fd239c9e43f6c0e8e941b492f0cb,r_dab5970845ebb9ffcf35,11,2f2727cdaad6c09f75103af92a1fbd8fabec12c1839c6a7bb33048d7f54c8e9f
2026:4043020261491030352,p0009,c_b9c6825d43fd2209aee5,22db280dcddf6761c506733da3b7ebed1dbc4004095e3e7b783d40c567cf4243,r_dab5970845ebb9ffcf35,11,2f2727cdaad6c09f75103af92a1fbd8fabec12c1839c6a7bb33048d7f54c8e9f
2026:4043020261491091662,p0009,c_b9c6825d43fd2209aee5,c7fa88f903048295d60e98eb22e0bcef9d3eda5622c124234d5b1b2a9722452d,r_dab5970845ebb9ffcf35,11,2f2727cdaad6c09f75103af92a1fbd8fabec12c1839c6a7bb33048d7f54c8e9f
2026:4043020261491101852,p0009,c_b9c6825d43fd2209aee5,9949f2b4a08c0aa4588e01403a542dcdd16dd7b71d47a9deb2ce4e36366efdc0,r_dab5970845ebb9ffcf35,11,2f2727cdaad6c09f75103af92a1fbd8fabec12c1839c6a7bb33048d7f54c8e9f
2026:4043020261491114518,p0009,c_b9c6825d43fd2209aee5,d79291c33e93168bb488225ce8401690031592a30ae22fed805202628ca3c9c2,r_dab5970845ebb9ffcf35,11,2f2727cdaad6c09f75103af92a1fbd8fabec12c1839c6a7bb33048d7f54c8e9f
2026:4043020261491115111,p0009,c_b9c6825d43fd2209aee5,44eb577fe05c4d264d23657724c8a460663d4fcad291ecddb3357e99c8016b6a,r_dab5970845ebb9ffcf35,11,2f2727cdaad6c09f75103af92a1fbd8fabec12c1839c6a7bb33048d7f54c8e9f
2026:4043020261491130104,p0009,c_b9c6825d43fd2209aee5,cdfa9d370a4abc31fe74fd0f307a66b81a0c8f978933973a7ea9016a3265a1da,r_dab5970845ebb9ffcf35,11,2f2727cdaad6c09f75103af92a1fbd8fabec12c1839c6a7bb33048d7f54c8e9f
2026:4043020261491139497,p0009,c_b9c6825d43fd2209aee5,cfdba9147658490916cc8e88666a2cc872746aa6fc0d2427ac968d3a4fee8a89,r_dab5970845ebb9ffcf35,11,2f2727cdaad6c09f75103af92a1fbd8fabec12c1839c6a7bb33048d7f54c8e9f
2026:4043020261491139683,p0009,c_b9c6825d43fd2209aee5,7f06a602acef4722863aba987742069a8c0d9b66e853a8e44c248ed9e15a1f5a,r_dab5970845ebb9ffcf35,11,2f2727cdaad6c09f75103af92a1fbd8fabec12c1839c6a7bb33048d7f54c8e9f
2026:4043020261491148694,p0009,c_b9c6825d43fd2209aee5,a226c851c6064b16f44cf326e5398092ba6a289dd9773aef265c7c5ce78fb43f,r_dab5970845ebb9ffcf35,11,2f2727cdaad6c09f75103af92a1fbd8fabec12c1839c6a7bb33048d7f54c8e9f
2026:4043020261491167125,p0009,c_b9c6825d43fd2209aee5,df71278c78f09e2fe0e327024a8e32f4d569fe7be65d8622a050f79788e597a5,r_dab5970845ebb9ffcf35,11,2f2727cdaad6c09f75103af92a1fbd8fabec12c1839c6a7bb33048d7f54c8e9f
2026:4043020261491176940,p0009,c_b9c6825d43fd2209aee5,8007f37f57506e1aea87a4d67022af87865c07de0f9dbf05efd3144c83b91614,r_dab5970845ebb9ffcf35,11,2f2727cdaad6c09f75103af92a1fbd8fabec12c1839c6a7bb33048d7f54c8e9f
2026:4043020261491211240,p0009,c_b9c6825d43fd2209aee5,e0ffafb31369aaf7532dd6eb669d84db29612954400df3c3d5be1f262bd5c4ae,r_dab5970845ebb9ffcf35,11,2f2727cdaad6c09f75103af92a1fbd8fabec12c1839c6a7bb33048d7f54c8e9f
2026:4043020261491244614,p0009,c_b9c6825d43fd2209aee5,02c32917092ff321eb638278392152e97b989d726613dae94d7d38ace6a4eef4,r_dab5970845ebb9ffcf35,11,2f2727cdaad6c09f75103af92a1fbd8fabec12c1839c6a7bb33048d7f54c8e9f
2026:4043020261491269513,p0009,c_b9c6825d43fd2209aee5,6b00f4f55ea955f74dc27d6c90db7eda00ce18ddd925ced3c53a93f69a12d8b7,r_dab5970845ebb9ffcf35,11,2f2727cdaad6c09f75103af92a1fbd8fabec12c1839c6a7bb33048d7f54c8e9f
2026:4043020261491278596,p0009,c_b9c6825d43fd2209aee5,12df3276fc078aa6f31c0265b8e6568d8d600e6348945544e677360a4fcd8f43,r_dab5970845ebb9ffcf35,11,2f2727cdaad6c09f75103af92a1fbd8fabec12c1839c6a7bb33048d7f54c8e9f
2026:4043020261491301376,p0009,c_b9c6825d43fd2209aee5,2336c54e8dfee85073d5ffdd9e83f4056a681fe08d6455b566735a1635c9b2d2,r_dab5970845ebb9ffcf35,11,2f2727cdaad6c09f75103af92a1fbd8fabec12c1839c6a7bb33048d7f54c8e9f
2026:4043020261491304040,p0009,c_b9c6825d43fd2209aee5,e9c8a34e861b6af3ebf5a30be9a17b64a0e7ef9a3d00bcc6e70e29b3c7b064bb,r_dab5970845ebb9ffcf35,11,2f2727cdaad6c09f75103af92a1fbd8fabec12c1839c6a7bb33048d7f54c8e9f
2026:4043020261491327303,p0009,c_b9c6825d43fd2209aee5,924b9c31d10de703170a187d54780b9b776644d147a626789c022d94e7e600b5,r_dab5970845ebb9ffcf35,11,2f2727cdaad6c09f75103af92a1fbd8fabec12c1839c6a7bb33048d7f54c8e9f
2026:4043020261491348444,p0009,c_b9c6825d43fd2209aee5,58b2cb5dc1824bcd3ad318a88c36b1cbc04a93dd9d808d020fa7971d49b9fa3d,r_dab5970845ebb9ffcf35,11,2f2727cdaad6c09f75103af92a1fbd8fabec12c1839c6a7bb33048d7f54c8e9f
2026:4043020261491536110,p0009,c_b9c6825d43fd2209aee5,d40511cdd7bedc7f06f36d74dccca396217906171bb688a73ca4a440c4668986,r_dab5970845ebb9ffcf35,11,2f2727cdaad6c09f75103af92a1fbd8fabec12c1839c6a7bb33048d7f54c8e9f
2026:4043020261491636678,p0009,c_b9c6825d43fd2209aee5,84baa72adc3603e5126c361c85142f5ea303281dc5f8064048b913d355d9daa0,r_dab5970845ebb9ffcf35,11,2f2727cdaad6c09f75103af92a1fbd8fabec12c1839c6a7bb33048d7f54c8e9f
2026:4043020261491889479,p0009,c_b9c6825d43fd2209aee5,6916627e73691c0415b881e015e9dc1beafcac8c330dd9bb9bbd5f4b47f38909,r_dab5970845ebb9ffcf35,11,2f2727cdaad6c09f75103af92a1fbd8fabec12c1839c6a7bb33048d7f54c8e9f
2026:4043020261492381979,p0009,c_b9c6825d43fd2209aee5,5e994a4b17daf4fbfa2228e8d5c5697aa11373c9571a00b5ef97f3f75e42cfd1,r_dab5970845ebb9ffcf35,11,2f2727cdaad6c09f75103af92a1fbd8fabec12c1839c6a7bb33048d7f54c8e9f
2026:4050120261498862820,p0009,c_b9c6825d43fd2209aee5,52086bdb4664d11814bf27422c6f0ba1e535a6d929a829c627714f00bcbdca1a,r_dab5970845ebb9ffcf35,11,2f2727cdaad6c09f75103af92a1fbd8fabec12c1839c6a7bb33048d7f54c8e9f
2026:4050220251188568587,p0015,c_dd05fcb5866322438262,aee6d5e8279446e09ee72cf52fdadbfa915f2ecadcdc21a2756b71565183eba7,r_f7a1a92ebd7a39e06876,9,7c69c8ee5b184648674e1743a4d66931e8d0beb2c3d7b3bd790f1ab8a76ae1cc
2026:4050420261498947060,p0012,c_51dd507b7582ae8d3c92,0f9e0868861d48e49df95ecd59a64a929cd45b862e2b95ab4d6dc12717bd1407,r_75b5cf0824e38d63503f,5,eddf4584d89a3a0dd2766aec07bd9b54ec6b56fc3c5520d48f8bb50847044f8b
2026:4050420261498947062,p0012,c_51dd507b7582ae8d3c92,c502535b575d93031ee6a8edfd6dd9c98fff88041d8504a24644bca3c118cbba,r_75b5cf0824e38d63503f,5,eddf4584d89a3a0dd2766aec07bd9b54ec6b56fc3c5520d48f8bb50847044f8b
2026:4050420261499010230,p0009,c_b9c6825d43fd2209aee5,82293ddc454b7a430fa47231a8c9e0f25ce1c245ec6be7bc87650db832290ea0,r_dab5970845ebb9ffcf35,11,2f2727cdaad6c09f75103af92a1fbd8fabec12c1839c6a7bb33048d7f54c8e9f
2026:4050420261499015221,p0009,c_b9c6825d43fd2209aee5,5e46b4b23129a575e07e98f33ab6269368743f0d8c4cf6a2c17b1f0f2fe4fd14,r_dab5970845ebb9ffcf35,11,2f2727cdaad6c09f75103af92a1fbd8fabec12c1839c6a7bb33048d7f54c8e9f
2026:4050420261499036257,p0009,c_b9c6825d43fd2209aee5,8a7cb0b6fb16048231cc03e5760c6e18340c777a79b2668a6bf1606e2add716e,r_dab5970845ebb9ffcf35,11,2f2727cdaad6c09f75103af92a1fbd8fabec12c1839c6a7bb33048d7f54c8e9f
2026:4050420261499068700,p0011,c_6d78c941e832e66bc5f5,fe09023021a2ebb366fa77fd57829d01699eeb7f3be37f7a8f02757cde280e1e,r_993179b21d5761402e8e,13,136e23c2659e614f7daf19e0e365c8a536cafb725e086191dc5d2f4ac7fabb57
2026:4050520251188620554,p0001,c_3b4e2a05f2eee8ee1cdc,2c1dfc1a04aaa8a3a6d3d32339751a402600633d4ab666be59d29d3959a5b1df,r_e75b91aaab70b14a204d,13,407c04763aab0fc3f8b35f9f14c99549bb8fd845574b08cdd3d7fefa486133b5
2026:4050520251188620555,p0001,c_3b4e2a05f2eee8ee1cdc,53a667415be422c63e9891e6ae42adc6c3d1d17318567cfe6540ca50fef783ed,r_e75b91aaab70b14a204d,13,407c04763aab0fc3f8b35f9f14c99549bb8fd845574b08cdd3d7fefa486133b5
2026:4050520251188620556,p0001,c_3b4e2a05f2eee8ee1cdc,ab2ec1dddd2525fb14ae52361f6d3acb8fd6fedec0736cffb42d29b4cccd68b3,r_e75b91aaab70b14a204d,13,407c04763aab0fc3f8b35f9f14c99549bb8fd845574b08cdd3d7fefa486133b5
2026:4050520261499305361,p0009,c_b9c6825d43fd2209aee5,da53e4caa359305056a5d013f30059062807238aa6781186091680891d7efd93,r_dab5970845ebb9ffcf35,11,2f2727cdaad6c09f75103af92a1fbd8fabec12c1839c6a7bb33048d7f54c8e9f
2026:4050520261499375262,p0009,c_b9c6825d43fd2209aee5,be1ddce94e0c6795f5d6893e192d04a4e1c44015596c0d1ca521ac132d5ac3d1,r_dab5970845ebb9ffcf35,11,2f2727cdaad6c09f75103af92a1fbd8fabec12c1839c6a7bb33048d7f54c8e9f
2026:4050520261499396974,p0013,c_f403b4b143a23ffe823d,b34e2446dd74f24dc56fc2d8f633adfb09dd30305e6442e50c37640b3c552b36,r_2e07349418abdd1528c5,9,938f5e5e31027a82502cc4f45931241a0dc1daa6c6b2e16061ada9c64d9ded82
2026:4050520261499559400,p0019,c_ba311ac8533b0668af49,bf7fe403bb424e3710f6ba40adc6d270d13aab7d4e0a0e5e8e5f3f73ada15f9f,r_f842f8012b64a37416bc,5,cd6f60c18d724e3892609613ba74d3643a22aaacdf38104e6b26b64dbd41f8c7
2026:4050520261500680487,p0015,c_0fd42dcea3bc783c9277,075bf5ecbaa5bf3ee855f6c66a8cc6de977c6cc12e13587b491c2f536f5641d1,r_f7a1a92ebd7a39e06876,4,39f66eee0401d4f2e100c218775664800fdf49ebc7126a8765362bfa2f0631b2
2026:4050520261503323696,p0014,c_1822128dbb0e70f13b7d,8064ce740c7e05ebc7dfd052e21cd49ee24729182dc9d6d45c8b64ea628b6747,r_380f28d77df7a5db30a0,11,3730ea3adfe22f4ebbb2880a519ad669705118c89e210f07f7a9c1662d83b5e7
2026:4050520261503960499,p0009,c_b9c6825d43fd2209aee5,a6fe2d5dd97f133f603cf90a38052bb71d1628c994757524c393c6f75bb2ffa6,r_dab5970845ebb9ffcf35,11,2f2727cdaad6c09f75103af92a1fbd8fabec12c1839c6a7bb33048d7f54c8e9f
2026:4050520261503960500,p0009,c_b9c6825d43fd2209aee5,ef69c9fe5c0c48e30d8bb64a69537f42b3b8594ad12083d4aff11dea2f2463a2,r_dab5970845ebb9ffcf35,11,2f2727cdaad6c09f75103af92a1fbd8fabec12c1839c6a7bb33048d7f54c8e9f
2026:4050620261509609158,p0015,c_57d8e01958a38820d7b3,cd7f25bb642cf2a98443a49460d5aee243d824e1333715df231c506f94e59d90,r_f7a1a92ebd7a39e06876,9,e1eeb1a02cf0c5e8880dcde66101d22100d9d3cc549caee3ae648fbe1c2a9692
2026:4050620261509609161,p0015,c_57d8e01958a38820d7b3,9a3f72570aba1221056375e297e82572f4fed3b273306a849404f5ab4b9468a0,r_f7a1a92ebd7a39e06876,9,e1eeb1a02cf0c5e8880dcde66101d22100d9d3cc549caee3ae648fbe1c2a9692
2026:4050720261509678796,p0009,c_b9c6825d43fd2209aee5,c984529c969a58f3ee918e95c999d9ce99c6a808f96a58be677a8e473fca842f,r_dab5970845ebb9ffcf35,11,2f2727cdaad6c09f75103af92a1fbd8fabec12c1839c6a7bb33048d7f54c8e9f
2026:4050720261509709891,p0009,c_b9c6825d43fd2209aee5,69f83262106fcd3d1c64b579b1c70e1330b4442cdcdbd75ef01ac3a24d1127f2,r_dab5970845ebb9ffcf35,11,2f2727cdaad6c09f75103af92a1fbd8fabec12c1839c6a7bb33048d7f54c8e9f
2026:4050720261509711512,p0002,c_43263d10d8d42de66ef1,06c1e5a1dbc8187218172f0d2ccd581830dc093e4c12e8f85cb99ae393e921e6,r_153f6f4b0d25713d8371,11,e78dcd2ea9088c453f153dac7ceaa97df3ea12520b49aac6b5e652420267f0bb
2026:4050720261509711516,p0003,c_dcb61ff9a92a3152957c,d2dbcfb3be20c557ff79925e81b97df76bb4a31455e5e150e981446db60b9dbf,r_e539c4db14c890028fc2,9,4acb74a94e107976dd432d93e00ce54a9dc041ddc3de81dbcf9284d201005511
2026:4050720261509716633,p0011,c_e33e4241ffae021efe44,f4f867e607cd0a0fa58470a006e7bb9f3aa39f1b2ce218c99f62e8f5819be8ac,r_993179b21d5761402e8e,13,f759e3e78284d686fe105b8c5024b31812841e62142513d312812f0fc0b5b163
2026:4050820251189302248,p0001,c_3b4e2a05f2eee8ee1cdc,6dc269ec24cafc5026a94d62f859c98208d2c7aeabfd75e957a3158fdf47880e,r_e75b91aaab70b14a204d,13,407c04763aab0fc3f8b35f9f14c99549bb8fd845574b08cdd3d7fefa486133b5
2026:4050820251189302249,p0001,c_3b4e2a05f2eee8ee1cdc,a58035ff3470bd1ab528746fbaa147d247663a53c132435b964c18b7e96bf9c1,r_e75b91aaab70b14a204d,13,407c04763aab0fc3f8b35f9f14c99549bb8fd845574b08cdd3d7fefa486133b5
2026:4050820251189302250,p0001,c_3b4e2a05f2eee8ee1cdc,56a094c2d30e6d43dc9a8dffb20dacd9124283fea140841f1b7d274393f7b117,r_e75b91aaab70b14a204d,13,407c04763aab0fc3f8b35f9f14c99549bb8fd845574b08cdd3d7fefa486133b5
2026:4051220261510044979,p0004,c_c99e4c1e04a65f2743c2,79b05e0fbdd54043f2c0cb448d95e43c85608028c55240608faf1ace3bf75667,r_948475ee1ff681d1e65b,11,fa78e4ce8a403cc42a8258d033736cebf7575cd2d5196a97f8b946453fd73714
2026:4051220261510045121,p0004,c_c99e4c1e04a65f2743c2,1fbd4c24ddec48f65b3e81bcb178038b3e030d97a94331f2c74cbe1888733513,r_948475ee1ff681d1e65b,11,fa78e4ce8a403cc42a8258d033736cebf7575cd2d5196a97f8b946453fd73714
2026:4051220261510046879,p0002,c_43263d10d8d42de66ef1,f4f8761ed11198b4b4448e43bd6bfda8514e0c96e62fbe2bb97a25c2416fabd3,r_153f6f4b0d25713d8371,11,e78dcd2ea9088c453f153dac7ceaa97df3ea12520b49aac6b5e652420267f0bb
2026:4051220261510046880,p0002,c_43263d10d8d42de66ef1,80f9cc7b6d59abfcc7e09b1f5e1caed2f3a1b61a578ca61b9bdf8ccc77aac2e9,r_153f6f4b0d25713d8371,11,e78dcd2ea9088c453f153dac7ceaa97df3ea12520b49aac6b5e652420267f0bb
2026:4051220261510046927,p0003,c_375ac66b540935ddf8cd,5ef6cc327124f34634d79097ec1b4582a7ec07dff6a9538e6be40c2ba63b0edb,r_e539c4db14c890028fc2,7,f61d0f90b19a3e460f5d2b8b0061af537a9b0788d9793fa45ff82b918055e379
2026:4051220261510061112,p0009,c_b9c6825d43fd2209aee5,c9cd988ad8109256d7adda75c34fc0be4746464b32e752414279303780299ce3,r_dab5970845ebb9ffcf35,11,2f2727cdaad6c09f75103af92a1fbd8fabec12c1839c6a7bb33048d7f54c8e9f
2026:4051220261510062751,p0009,c_b9c6825d43fd2209aee5,5d95b5f5e5430bb9e26b51d5b759681d82376392c1a0f0ee5679b8bf99669f5a,r_dab5970845ebb9ffcf35,11,2f2727cdaad6c09f75103af92a1fbd8fabec12c1839c6a7bb33048d7f54c8e9f
2026:4051220261510078578,p0009,c_b9c6825d43fd2209aee5,8f873a4e60cba17f5f78569a7cb624acd932d9e7492b0f5f6e51b371225478ef,r_dab5970845ebb9ffcf35,11,2f2727cdaad6c09f75103af92a1fbd8fabec12c1839c6a7bb33048d7f54c8e9f
2026:4051220261510078579,p0009,c_b9c6825d43fd2209aee5,2daeff785a414ba4a734599f5b8294885f4a375ba36359f9fac1dbf9029da1f0,r_dab5970845ebb9ffcf35,11,2f2727cdaad6c09f75103af92a1fbd8fabec12c1839c6a7bb33048d7f54c8e9f
2026:4051220261510078580,p0009,c_b9c6825d43fd2209aee5,20b62b168ac286177358445de4d8e6d790279eefcd66f33e9f36be84d1bbbcf6,r_dab5970845ebb9ffcf35,11,2f2727cdaad6c09f75103af92a1fbd8fabec12c1839c6a7bb33048d7f54c8e9f
2026:4051220261510097900,p0009,c_b9c6825d43fd2209aee5,59d8791847964222c526564003436550f9840725e360c61f0ab23ec82e380cc9,r_dab5970845ebb9ffcf35,11,2f2727cdaad6c09f75103af92a1fbd8fabec12c1839c6a7bb33048d7f54c8e9f
2026:4051320261510219742,p0002,c_43263d10d8d42de66ef1,09d63e1bd46f4ec9d8234a5f611620369deb0c55d1dd476c63e6012a9a2b6d34,r_153f6f4b0d25713d8371,11,e78dcd2ea9088c453f153dac7ceaa97df3ea12520b49aac6b5e652420267f0bb
2026:4051320261510219839,p0002,c_43263d10d8d42de66ef1,147efacddfd8cb94fe80dffa321818426cdd2058f031c9382ba982dbd5741d78,r_153f6f4b0d25713d8371,11,e78dcd2ea9088c453f153dac7ceaa97df3ea12520b49aac6b5e652420267f0bb
2026:4051320261510220465,p0003,c_5c674a62aa12b11745d8,dfe149f249869c44df80a666c19bf9ed86f57ed70534c59556c637ee4c178477,r_e539c4db14c890028fc2,9,4ca381839bd88f09b6497e6b28b0e9fd49dab0305cc331b586fdd5be9c32099b
2026:4051320261510220805,p0002,c_43263d10d8d42de66ef1,7163151cd367308cc2825c912543aabdfe25031bc72ad0b46fa64e7023300dd2,r_153f6f4b0d25713d8371,11,e78dcd2ea9088c453f153dac7ceaa97df3ea12520b49aac6b5e652420267f0bb
2026:4051320261510220806,p0002,c_43263d10d8d42de66ef1,9e3ebd7a776b4448b6760e867de32c0171a852c1666bfa0dc126f4528ff8e58c,r_153f6f4b0d25713d8371,11,e78dcd2ea9088c453f153dac7ceaa97df3ea12520b49aac6b5e652420267f0bb
2026:4051320261510220807,p0002,c_43263d10d8d42de66ef1,f8e701e28296ad43668922120a7280b36e936620fd9d3d4063a4b3d9877a734a,r_153f6f4b0d25713d8371,11,e78dcd2ea9088c453f153dac7ceaa97df3ea12520b49aac6b5e652420267f0bb
2026:4051320261510220808,p0002,c_43263d10d8d42de66ef1,e80348054c238b74dcba45529415af64f3a4a3c9cef131108b6bbf4187a641db,r_153f6f4b0d25713d8371,11,e78dcd2ea9088c453f153dac7ceaa97df3ea12520b49aac6b5e652420267f0bb
2026:4051320261510220809,p0002,c_43263d10d8d42de66ef1,a46ad022c40966aadceb1aad300b0092a1521d256cc4600e22936fc37b369c71,r_153f6f4b0d25713d8371,11,e78dcd2ea9088c453f153dac7ceaa97df3ea12520b49aac6b5e652420267f0bb
2026:4051420261510343394,p0002,c_43263d10d8d42de66ef1,cb99782fb55ac3a4ec3d914c301603c449150927672e3639a88d3661cb152889,r_153f6f4b0d25713d8371,11,e78dcd2ea9088c453f153dac7ceaa97df3ea12520b49aac6b5e652420267f0bb
2026:4051420261510343467,p0003,c_5c674a62aa12b11745d8,8a03a55331147ce1794eb5c21eb30ec8ef6dd9ac0c7d41d12a8ca4d252f33ed1,r_e539c4db14c890028fc2,9,4ca381839bd88f09b6497e6b28b0e9fd49dab0305cc331b586fdd5be9c32099b
2026:4051420261510385715,p0011,c_6d78c941e832e66bc5f5,72d9a751c6d5bc4c8ce73bdb715310f814ad80ab44595329b9127d391f37bb10,r_993179b21d5761402e8e,13,136e23c2659e614f7daf19e0e365c8a536cafb725e086191dc5d2f4ac7fabb57
2026:4051520261510431792,p0014,c_1822128dbb0e70f13b7d,bc8a2bedda1c44168cd0f14b8a5d945d748000d2e03471a3f3b940d1fca09e28,r_380f28d77df7a5db30a0,11,3730ea3adfe22f4ebbb2880a519ad669705118c89e210f07f7a9c1662d83b5e7
2026:4051820261510572174,p0009,c_b9c6825d43fd2209aee5,58afe8ede9c7a9b856f8253915d1f31167144e52275406c70a8f788c17046a02,r_dab5970845ebb9ffcf35,11,2f2727cdaad6c09f75103af92a1fbd8fabec12c1839c6a7bb33048d7f54c8e9f
2026:4051820261510595167,p0009,c_b9c6825d43fd2209aee5,9e50a630771436920e7be673cee9883102a0369cafe09b29d682ec44da2a79c0,r_dab5970845ebb9ffcf35,11,2f2727cdaad6c09f75103af92a1fbd8fabec12c1839c6a7bb33048d7f54c8e9f
2026:4051820261510596329,p0015,c_dd05fcb5866322438262,22530b5af37b7d47d91010e398403b6bbf5576d057b3c885b39daae667bdaf68,r_f7a1a92ebd7a39e06876,9,7c69c8ee5b184648674e1743a4d66931e8d0beb2c3d7b3bd790f1ab8a76ae1cc
2026:4051820261510596330,p0015,c_dd05fcb5866322438262,6994a5f873d34c105fe4e3f9fa99798006a5606c89a234ef8731bd33a398d47f,r_f7a1a92ebd7a39e06876,9,7c69c8ee5b184648674e1743a4d66931e8d0beb2c3d7b3bd790f1ab8a76ae1cc
2026:4051820261510596858,p0009,c_03c7c6670557a4a9a5fc,c41a47e1107eb517419ddc2c6ce491d2cee8d380a6c356589154ea584743d33a,r_dab5970845ebb9ffcf35,11,f61a269b438925d79cead079b9b1469a1d7f449907dca134dac2f7a18b3c007f
2026:4051820261510643111,p0002,c_db11483102ea44f72255,ff0c746034c7e004b3ca94e3f86c6d2e75857dc8465a1c4cb9e264a396af5a46,r_153f6f4b0d25713d8371,10,4e8e664333aad87a05ff50b714811e2914ad2bf89c126b49104faf14b36bcacb
2026:4051820261510643119,p0003,c_dcb61ff9a92a3152957c,7ff8c20f50fc9991dc46ad96b9c0e2f88456b0dd7344d59ac3dff9b9aafd2767,r_e539c4db14c890028fc2,9,4acb74a94e107976dd432d93e00ce54a9dc041ddc3de81dbcf9284d201005511
2026:4051820261510643126,p0002,c_db11483102ea44f72255,c5427d3e5bd395ca210f546c713f71f882fcdb393199e7057ed3a4ddd644265b,r_153f6f4b0d25713d8371,10,4e8e664333aad87a05ff50b714811e2914ad2bf89c126b49104faf14b36bcacb
2026:4051820261510643128,p0003,c_dcb61ff9a92a3152957c,06f9934b461af51e689beb1663234793fde4fdf336e0850e5e32fa3f3b6ea3fa,r_e539c4db14c890028fc2,9,4acb74a94e107976dd432d93e00ce54a9dc041ddc3de81dbcf9284d201005511
2026:4051920251203023167,p0010,c_3fdba6477347f59d07e7,b11004c6769c3c31873768b15e0619b4eed6fcb06bdc78dc657b9274b9e3b93f,r_36381ff366645780c532,11,aae33bc963a30bd1536b10834ed6f80806e8990021acd020d7bae0c104ed85ec
2026:4051920261510723560,p0002,c_63a9128cba55774dd3c4,1b6845c7619c1f3b3552510d3447eee357ebafad35ee311868676a1cd16dabea,r_153f6f4b0d25713d8371,7,5fc46c2d15bea1addd0ec46847102c92b5901f98396817b66864fc6f6b5cc138
2026:4051920261510723561,p0002,c_63a9128cba55774dd3c4,945a1eb16025398db214a9d2d01a8a76ca4618d6856bb03f3fe7499e6efd60db,r_153f6f4b0d25713d8371,7,5fc46c2d15bea1addd0ec46847102c92b5901f98396817b66864fc6f6b5cc138
2026:4051920261510723562,p0002,c_63a9128cba55774dd3c4,98c17e7c2ffb706016ffa238da1179a7062fa62dace826d59251810bdb459a6f,r_153f6f4b0d25713d8371,7,5fc46c2d15bea1addd0ec46847102c92b5901f98396817b66864fc6f6b5cc138
2026:4051920261510723563,p0003,c_464e137902127b8db163,a4fe9985e343f3a6bcab4f7fe10a68dac85fe0ba530cb5f53e1babd8199dd102,r_e539c4db14c890028fc2,5,c50788e2eb0728a4a4a58a8e54dbedcd8ee3986889fab70cc692cc2067b8b6d1
2026:4051920261510727733,p0009,c_b9c6825d43fd2209aee5,bf3939108b557c74e9cfd58789028238b54ea87204f2a9403f648693a8853fb6,r_dab5970845ebb9ffcf35,11,2f2727cdaad6c09f75103af92a1fbd8fabec12c1839c6a7bb33048d7f54c8e9f
2026:4051920261510731452,p0009,c_b9c6825d43fd2209aee5,a8cc5c6749bc4fa3908ccaba6f9efbb9d38322b597314aba15ca2c6192a37f95,r_dab5970845ebb9ffcf35,11,2f2727cdaad6c09f75103af92a1fbd8fabec12c1839c6a7bb33048d7f54c8e9f
2026:4051920261510731769,p0009,c_b9c6825d43fd2209aee5,1b54131064c83c39746884c03fd1e1a0af4cfa5e0ff4feee5e50ad948272e283,r_dab5970845ebb9ffcf35,11,2f2727cdaad6c09f75103af92a1fbd8fabec12c1839c6a7bb33048d7f54c8e9f
2026:4051920261510734285,p0009,c_b9c6825d43fd2209aee5,06020e0249ac0182b923311fadc7570ab9f82dbbc7725681a58d7e8713d7f48b,r_dab5970845ebb9ffcf35,11,2f2727cdaad6c09f75103af92a1fbd8fabec12c1839c6a7bb33048d7f54c8e9f
2026:4051920261510734286,p0009,c_b9c6825d43fd2209aee5,334beddda13be67c9fa0baa030e4d63288e4664001576dc61cd133add13a5ec9,r_dab5970845ebb9ffcf35,11,2f2727cdaad6c09f75103af92a1fbd8fabec12c1839c6a7bb33048d7f54c8e9f
2026:4051920261510734287,p0009,c_b9c6825d43fd2209aee5,b8545e8668b9da89b26ffe6db57161ebe5b31e2816313fd1dfa4546774f56ed3,r_dab5970845ebb9ffcf35,11,2f2727cdaad6c09f75103af92a1fbd8fabec12c1839c6a7bb33048d7f54c8e9f
2026:4051920261510734858,p0003,c_5c674a62aa12b11745d8,8b88802c1905d7d72408a4d5322ac7510967ae5f89c860de881966da244bf240,r_e539c4db14c890028fc2,9,4ca381839bd88f09b6497e6b28b0e9fd49dab0305cc331b586fdd5be9c32099b
2026:4051920261510734895,p0003,c_5c674a62aa12b11745d8,c47c60c029765965352afe78e9b56899bd9954f07a0c109cdb70e32f4f54601d,r_e539c4db14c890028fc2,9,4ca381839bd88f09b6497e6b28b0e9fd49dab0305cc331b586fdd5be9c32099b
2026:4051920261510736934,p0009,c_b9c6825d43fd2209aee5,4ab1b231ee1b19d014bfca587025b9dd0a330755a6e6011fb037035a57748cb7,r_dab5970845ebb9ffcf35,11,2f2727cdaad6c09f75103af92a1fbd8fabec12c1839c6a7bb33048d7f54c8e9f
2026:4051920261510753855,p0004,c_1189dd78c15d1d5856ad,cc53749054bc8560a2bf74960827409755aac9e40e2c4d80f18f1e70b3edf75c,r_948475ee1ff681d1e65b,6,a31630114ca07569041f790e9331bca27289dfb3bc27d95c56fc523e85c06cb8
2026:4052020261510782723,p0002,c_43263d10d8d42de66ef1,d6311d00179a761cbfcacfbc015ca5170ff6abd17a387da465262b0bb3c2d3ff,r_153f6f4b0d25713d8371,11,e78dcd2ea9088c453f153dac7ceaa97df3ea12520b49aac6b5e652420267f0bb
2026:4052020261510782724,p0002,c_43263d10d8d42de66ef1,96101d406049db92b8b26fb7ace6aee67ebbaba6b652ce8c148d3885658eff39,r_153f6f4b0d25713d8371,11,e78dcd2ea9088c453f153dac7ceaa97df3ea12520b49aac6b5e652420267f0bb
2026:4052020261510782769,p0003,c_ad0072fdb81c09727da2,282231552318d70b9a7cf561da8fde9c9f31e4e0588c0911639151fbe9472b13,r_e539c4db14c890028fc2,7,585ebb78196a56ffa2aaf8f2c404ee224da83c2c96a97c1c88b271c6cd57c42f
2026:4052020261510782770,p0003,c_ad0072fdb81c09727da2,7415028427041e72dade289c98281011882bcdd00f69c911c4b9709929eada32,r_e539c4db14c890028fc2,7,585ebb78196a56ffa2aaf8f2c404ee224da83c2c96a97c1c88b271c6cd57c42f
2026:4052020261510782778,p0010,c_53654ac94ce35912cbcc,26e050053cf4f31d931cd3ce489fd4523acbf1c15d2beb5f8a22ecfd23c11840,r_36381ff366645780c532,9,88ad5fab061e254734e33e91e4d8e2f80c30df431b17e7433e22d77686473692
2026:4052020261510782779,p0010,c_53654ac94ce35912cbcc,758de2d2d5a94f0d044f4a9ecd113ac4a50537da18fb4757367591dbada6e8e4,r_36381ff366645780c532,9,88ad5fab061e254734e33e91e4d8e2f80c30df431b17e7433e22d77686473692
2026:4052020261510783475,p0009,c_b9c6825d43fd2209aee5,a0a38ea3efd7c4557c072105019c58c32ecddf66cb3f1ae6b62a0dde90e89136,r_dab5970845ebb9ffcf35,11,2f2727cdaad6c09f75103af92a1fbd8fabec12c1839c6a7bb33048d7f54c8e9f
2026:4052020261510784351,p0009,c_b9c6825d43fd2209aee5,8f69f6b4913370c3a7f6b2c18b0bac1883709d1c3a88d681405f33628cd38d18,r_dab5970845ebb9ffcf35,11,2f2727cdaad6c09f75103af92a1fbd8fabec12c1839c6a7bb33048d7f54c8e9f
2026:4052020261510793951,p0002,c_43263d10d8d42de66ef1,fccc0ec629b1c5c3a8c17f8330eb861d4fa80ba1def22865f770061dcd544793,r_153f6f4b0d25713d8371,11,e78dcd2ea9088c453f153dac7ceaa97df3ea12520b49aac6b5e652420267f0bb
2026:4052020261510794000,p0003,c_5c674a62aa12b11745d8,69d9b5f28c3c3b82d412ca011cef0410499500eb850627b46244b49eb7c6039a,r_e539c4db14c890028fc2,9,4ca381839bd88f09b6497e6b28b0e9fd49dab0305cc331b586fdd5be9c32099b
2026:4052020261510795186,p0009,c_b9c6825d43fd2209aee5,d1b0327f18659257cf10b8309b1a0a6c0914722a34b8ca7ea38a2a5709ffd4d2,r_dab5970845ebb9ffcf35,11,2f2727cdaad6c09f75103af92a1fbd8fabec12c1839c6a7bb33048d7f54c8e9f
2026:4052020261510864652,p0003,c_5c674a62aa12b11745d8,44c1cb3f02cd866101a5bfb0bf825e23ac944bf5a58e4b4fa8b0646afab0db7d,r_e539c4db14c890028fc2,9,4ca381839bd88f09b6497e6b28b0e9fd49dab0305cc331b586fdd5be9c32099b
2026:4052020261510864663,p0002,c_4b64baaa01dc4eca3d70,cb073788202f225524df095808574f76bbbc98896d69d68727276e33d3f2eabe,r_153f6f4b0d25713d8371,11,ef446f70a3583fce1f4ac47f95eea9a1d202a1764f613d71fa79944220b4464e
2026:4052020261510867050,p0009,c_b9c6825d43fd2209aee5,5b6a009eb9d7fe88aa704b9fa94abe2edefe0803d9d50462cbf0daecfdcd465a,r_dab5970845ebb9ffcf35,11,2f2727cdaad6c09f75103af92a1fbd8fabec12c1839c6a7bb33048d7f54c8e9f
2026:4052020261510874537,p0011,c_6d78c941e832e66bc5f5,b4b57c74144545865eb0b72d73ce054e9db5e97c0e249315b86fc5cf62803d6e,r_993179b21d5761402e8e,13,136e23c2659e614f7daf19e0e365c8a536cafb725e086191dc5d2f4ac7fabb57
2026:4052020261510874558,p0009,c_b9c6825d43fd2209aee5,6e87a8557fad42d62ab8533058849aebcd798b9855a5f573bb415c32d650f037,r_dab5970845ebb9ffcf35,11,2f2727cdaad6c09f75103af92a1fbd8fabec12c1839c6a7bb33048d7f54c8e9f
2026:4052020261510874561,p0019,c_901624a705dc2b59b73c,6341122d7cf02e8bf43860692f389bad1ac9e8e4f5e133f56c77eccfa775a866,r_f842f8012b64a37416bc,9,22315f151d3c106b680bf59e70e44546b0587d68c3b5fe4af7756cb447e67b7d
2026:4052120251203589305,p0010,c_433597abc27c16d5e313,09856f1ed5b91ed94942af324d2a84273d4c4d41f937c555567608c4ecc65119,r_36381ff366645780c532,11,b26bdd1cce1031dd2c4f3810d9406c3fb9da4a10fd115591a3ab3bffd587c5a9
2026:4052120251203648618,p0009,c_03c7c6670557a4a9a5fc,43a2f8ccf1af8ec60ccd7b53ed7640efc29fb3a5cab2dc732562dc7711a0a628,r_dab5970845ebb9ffcf35,11,f61a269b438925d79cead079b9b1469a1d7f449907dca134dac2f7a18b3c007f
2026:4052120261511053689,p0009,c_b9c6825d43fd2209aee5,99e303607392045fdd642cd80eebfb7d1ea1ec2542e7810e13906654201717c4,r_dab5970845ebb9ffcf35,11,2f2727cdaad6c09f75103af92a1fbd8fabec12c1839c6a7bb33048d7f54c8e9f
2026:4052220261511155789,p0009,c_b9c6825d43fd2209aee5,4b610f5d50d46e04dab40525cc2bd38d6de47785ce4043fc537040067419d475,r_dab5970845ebb9ffcf35,11,2f2727cdaad6c09f75103af92a1fbd8fabec12c1839c6a7bb33048d7f54c8e9f
2026:4052320251204077213,p0009,c_b9c6825d43fd2209aee5,72fb9cc81024e09407313d5d955e60688107c258263d434cb15e75510662ab2a,r_dab5970845ebb9ffcf35,11,2f2727cdaad6c09f75103af92a1fbd8fabec12c1839c6a7bb33048d7f54c8e9f
2026:4052820261511740939,p0015,c_dd05fcb5866322438262,15234d004bcd3aec535c9066b8a42b4e6d4064b23eaf228f4d18d7868d3b644f,r_f7a1a92ebd7a39e06876,9,7c69c8ee5b184648674e1743a4d66931e8d0beb2c3d7b3bd790f1ab8a76ae1cc
2026:4052820261511740941,p0015,c_dd05fcb5866322438262,67183b781f874165a21c24b59e16525fa44bc8e8cdccafc5df15a67721968900,r_f7a1a92ebd7a39e06876,9,7c69c8ee5b184648674e1743a4d66931e8d0beb2c3d7b3bd790f1ab8a76ae1cc
2026:4052920261511815961,p0004,c_c99e4c1e04a65f2743c2,ab05022b4eb20b581bdbc87e83efb09dbfb6e8920a844b6b8c81f012f39503c3,r_948475ee1ff681d1e65b,11,fa78e4ce8a403cc42a8258d033736cebf7575cd2d5196a97f8b946453fd73714
2026:4052920261511824696,p0004,c_c99e4c1e04a65f2743c2,e7e33f143c2319bd6e2eb8a0f04767c6fa53eff71933ce13c8b45be63331b233,r_948475ee1ff681d1e65b,11,fa78e4ce8a403cc42a8258d033736cebf7575cd2d5196a97f8b946453fd73714
2026:4052920261511824697,p0004,c_c99e4c1e04a65f2743c2,248d073140cb588154f66e23a7229d6e72af13f7d653b42da745344dfe9a78d5,r_948475ee1ff681d1e65b,11,fa78e4ce8a403cc42a8258d033736cebf7575cd2d5196a97f8b946453fd73714
2026:4060120261511947291,p0006,c_73588ee63381eaf67498,83682f0e32062b321505446afb6f083b95233c867edcfa8e4a2cb64c547b0b79,r_28d8ea5a232d0e6cda03,9,e1171fdeae7d23c8d40da27cdf713997fccee3301c74cf38a78bb6db88578887
2026:4060220261512109019,p0002,c_d403cd0fb2ff974799ef,6d4ae70f963537cde23cac4eed9b3a941b3caf124651ba25f211abed72309793,r_153f6f4b0d25713d8371,8,9a43cca324b3aa3cfcb6957e413e779ef38361477ff527f6f83302c28483194d
2026:4060220261512109023,p0003,c_ad0072fdb81c09727da2,9e68b29e2e7726bfad8548f212201f32d866e61a1a4bfb338e747f4d7332e285,r_e539c4db14c890028fc2,7,585ebb78196a56ffa2aaf8f2c404ee224da83c2c96a97c1c88b271c6cd57c42f
2026:4060220261512143733,p0002,c_43263d10d8d42de66ef1,88b68c27eadf69e9bce12e556c81432dc13dec34009f448a9578f27486001ea6,r_153f6f4b0d25713d8371,11,e78dcd2ea9088c453f153dac7ceaa97df3ea12520b49aac6b5e652420267f0bb
2026:4060220261512143735,p0003,c_5c674a62aa12b11745d8,b418a657b840d1e30548fe1790f507d91f7b3f5d0e18bb372694b4683a0fd7fc,r_e539c4db14c890028fc2,9,4ca381839bd88f09b6497e6b28b0e9fd49dab0305cc331b586fdd5be9c32099b
2026:4060220261512144325,p0019,c_901624a705dc2b59b73c,60a96c09f9af97a2edad24a0404902254939aa9787228efa746c6c3c65fd90fb,r_f842f8012b64a37416bc,9,22315f151d3c106b680bf59e70e44546b0587d68c3b5fe4af7756cb447e67b7d
2026:4060220261515176970,p0014,c_1822128dbb0e70f13b7d,e4a8d3aa33a0d77dd91bab146fa0415856a3af6bf30f32a028d89aa586e314ac,r_380f28d77df7a5db30a0,11,3730ea3adfe22f4ebbb2880a519ad669705118c89e210f07f7a9c1662d83b5e7
2026:4060220261519209533,p0003,c_5c674a62aa12b11745d8,458096b2d870b667f286ed21974b8855b05816811548e3bf9c67efa1f4c87409,r_e539c4db14c890028fc2,9,4ca381839bd88f09b6497e6b28b0e9fd49dab0305cc331b586fdd5be9c32099b
2026:4060220261519209541,p0002,c_43263d10d8d42de66ef1,00a0adbd9abe16c1ccc257df7d2667253780a7ba687ac314f67a2939e890a191,r_153f6f4b0d25713d8371,11,e78dcd2ea9088c453f153dac7ceaa97df3ea12520b49aac6b5e652420267f0bb
2026:4060320261520027756,p0009,c_b9c6825d43fd2209aee5,c8e4a0442a6b9e9264df47c4ebee87c9a2ace3137de2c6df907b9cdc4bac0122,r_dab5970845ebb9ffcf35,11,2f2727cdaad6c09f75103af92a1fbd8fabec12c1839c6a7bb33048d7f54c8e9f
2026:4060320261520089076,p0003,c_5c674a62aa12b11745d8,7c092202334341837bd22d5c289044a47ef9bd1896de5974686aea6ab2be318b,r_e539c4db14c890028fc2,9,4ca381839bd88f09b6497e6b28b0e9fd49dab0305cc331b586fdd5be9c32099b
2026:4060320261520089077,p0003,c_5c674a62aa12b11745d8,143436a2bcd9d3d1ac0d8a478863479f70b62f4a9640f528dd75b9ad4b529163,r_e539c4db14c890028fc2,9,4ca381839bd88f09b6497e6b28b0e9fd49dab0305cc331b586fdd5be9c32099b
2026:4060320261520089078,p0003,c_5c674a62aa12b11745d8,470f123f8ea7561284525a74ead1b6422e0dc4b6bdd672be4000a6df75f5b31c,r_e539c4db14c890028fc2,9,4ca381839bd88f09b6497e6b28b0e9fd49dab0305cc331b586fdd5be9c32099b
2026:4060420261520203423,p0001,c_3b4e2a05f2eee8ee1cdc,3f9c1269f2394c6898e1c62898175e30333fd3e42cf023964c565e8162c94eed,r_e75b91aaab70b14a204d,13,407c04763aab0fc3f8b35f9f14c99549bb8fd845574b08cdd3d7fefa486133b5
2026:4060420261520203425,p0001,c_3b4e2a05f2eee8ee1cdc,3864471ba1d08daaab2da1f86313dcf54f3a730249d4746aa532663bd77bc167,r_e75b91aaab70b14a204d,13,407c04763aab0fc3f8b35f9f14c99549bb8fd845574b08cdd3d7fefa486133b5
2026:4060420261520217987,p0002,c_43263d10d8d42de66ef1,5f309de33470141d4f2d1e9674f28d77d616a11b59f0ae8725350cc9b2d62e4a,r_153f6f4b0d25713d8371,11,e78dcd2ea9088c453f153dac7ceaa97df3ea12520b49aac6b5e652420267f0bb
2026:4060420261520217993,p0003,c_5c674a62aa12b11745d8,78f00b1ff653e8ff88aa1812316a133dbc1cc78962f824962281381f0761372d,r_e539c4db14c890028fc2,9,4ca381839bd88f09b6497e6b28b0e9fd49dab0305cc331b586fdd5be9c32099b
2026:4060520261520329719,p0002,c_43263d10d8d42de66ef1,6cea5fccc165a99765159376bce51ba5f814d92b20b3a9ea86cf9d211f8fd482,r_153f6f4b0d25713d8371,11,e78dcd2ea9088c453f153dac7ceaa97df3ea12520b49aac6b5e652420267f0bb
2026:4060520261520329732,p0003,c_5c674a62aa12b11745d8,79baf37496f8e63d84d6e807fec72c9380a0af30c644a7b2fda94c1ac9d808d4,r_e539c4db14c890028fc2,9,4ca381839bd88f09b6497e6b28b0e9fd49dab0305cc331b586fdd5be9c32099b
2026:4060820261520442516,p0009,c_b9c6825d43fd2209aee5,13fa7cb17bc2afd7ddeb21aff7320c74e48fc9b17f4168864c6cc63507fe918e,r_dab5970845ebb9ffcf35,11,2f2727cdaad6c09f75103af92a1fbd8fabec12c1839c6a7bb33048d7f54c8e9f
2026:4060820261520524400,p0003,c_5c674a62aa12b11745d8,ed677b8164d04679603530977872d77a474c21dfa97432d5d612a6f77d297a70,r_e539c4db14c890028fc2,9,4ca381839bd88f09b6497e6b28b0e9fd49dab0305cc331b586fdd5be9c32099b
2026:4060820261520524453,p0003,c_5c674a62aa12b11745d8,6a495d9cd9863b3b83a3218878d71cf144bb5c754cea0dff562b0ba48fcf3bc4,r_e539c4db14c890028fc2,9,4ca381839bd88f09b6497e6b28b0e9fd49dab0305cc331b586fdd5be9c32099b
2026:4061020261521066048,p0001,c_3b4e2a05f2eee8ee1cdc,995d0eeb103668b11114c9f4947b83662f9adbf95ea2a6ea52a0c632d921d38b,r_e75b91aaab70b14a204d,13,407c04763aab0fc3f8b35f9f14c99549bb8fd845574b08cdd3d7fefa486133b5
2026:4061020261521086085,p0015,c_dd05fcb5866322438262,57df7171ef0a1343ef9eb919793394bba574ed169fa259b5790b49ad2ae2138b,r_f7a1a92ebd7a39e06876,9,7c69c8ee5b184648674e1743a4d66931e8d0beb2c3d7b3bd790f1ab8a76ae1cc
2026:4061020261521113122,p0009,c_b9c6825d43fd2209aee5,49b07cec6294f65301444424938d05b9fdc9120da3c4d01bf3ee4defb94843b6,r_dab5970845ebb9ffcf35,11,2f2727cdaad6c09f75103af92a1fbd8fabec12c1839c6a7bb33048d7f54c8e9f
2026:4061020261521113123,p0009,c_b9c6825d43fd2209aee5,10a212054aa9d1120a581bf0dadd13171077bb57eaddf5f3d612da6b5eac4ac4,r_dab5970845ebb9ffcf35,11,2f2727cdaad6c09f75103af92a1fbd8fabec12c1839c6a7bb33048d7f54c8e9f
2026:4061020261521113124,p0009,c_b9c6825d43fd2209aee5,164f20626f90d567706671976d55a1644a5aa5a6b3312ffc7d962166b278b5ea,r_dab5970845ebb9ffcf35,11,2f2727cdaad6c09f75103af92a1fbd8fabec12c1839c6a7bb33048d7f54c8e9f
2026:4061120261521189382,p0003,c_5c674a62aa12b11745d8,3a7c85f5c26bb505f39e3c2dd0ed34243ad3ef3e75c99581b7c075b53269766b,r_e539c4db14c890028fc2,9,4ca381839bd88f09b6497e6b28b0e9fd49dab0305cc331b586fdd5be9c32099b
2026:4061120261521189383,p0003,c_5c674a62aa12b11745d8,ba74891cbb0908035a00c57169621ce89b49fd14e82b39bc6657a175c73e247d,r_e539c4db14c890028fc2,9,4ca381839bd88f09b6497e6b28b0e9fd49dab0305cc331b586fdd5be9c32099b
2026:4061220261521266439,p0003,c_5c674a62aa12b11745d8,fb240448479bc4df6a5038d7d154daeb470166897713c862d50ce985b23bbc4e,r_e539c4db14c890028fc2,9,4ca381839bd88f09b6497e6b28b0e9fd49dab0305cc331b586fdd5be9c32099b
2026:4061220261521266477,p0003,c_5c674a62aa12b11745d8,64353c3121d5a4d941a490d452da8637835a4ca1d45d7c2cd59abd40f35a38f7,r_e539c4db14c890028fc2,9,4ca381839bd88f09b6497e6b28b0e9fd49dab0305cc331b586fdd5be9c32099b
2026:4061220261521266567,p0002,c_93074feb823a261ff6ac,a4c4d6cd609c274713b5b4d7038725e206819a2f9355b965a435882d9e5e7f71,r_153f6f4b0d25713d8371,7,5207af2c56148a69ed2f53dd2387dbf36d1a49703b139ae816eddde8b6bee046
2026:4061220261521266602,p0002,c_93074feb823a261ff6ac,6d4c804e8560f7cdaab9b485cc35cd5b6963ea0b6c4929398a918b94fed1a147,r_153f6f4b0d25713d8371,7,5207af2c56148a69ed2f53dd2387dbf36d1a49703b139ae816eddde8b6bee046
2026:4061720261521513176,p0009,c_b9c6825d43fd2209aee5,30ad95f2e7ae53220bb4b19bcaae076710b209231cf6e1590e654c1078120cf6,r_dab5970845ebb9ffcf35,11,2f2727cdaad6c09f75103af92a1fbd8fabec12c1839c6a7bb33048d7f54c8e9f
2026:4061720261521558865,p0002,c_c61faf2eb8037da907c0,5c5f19c82a67c829831a4025750790a0cf9bcf1b1c1525f836578f820eafce46,r_153f6f4b0d25713d8371,8,e35aec72be5a48dbd00958dfdae9e140bee10396c010a9e128c4217386870869
2026:4061720261521558867,p0003,c_23a649ab363450f40f26,69dffb8615b14e2caaaabf2bb40a3aa4f26ed59f605f04b0041e580552b8e743,r_e539c4db14c890028fc2,7,80812a77bd7302f94d2baf66738e0f8eb8a143179622f286a358e1d0ca0152ec
2026:4061820261521615750,p0009,c_b9c6825d43fd2209aee5,0f5703324d53662cd9e866a17ee121e50fd1831e76a9516be2775377b1949e58,r_dab5970845ebb9ffcf35,11,2f2727cdaad6c09f75103af92a1fbd8fabec12c1839c6a7bb33048d7f54c8e9f
2026:4061820261521615751,p0009,c_b9c6825d43fd2209aee5,8f42d3e08e4935c512f99ad31f99436acd7f67a0b5e42bc6ac6db0fefd6c57e1,r_dab5970845ebb9ffcf35,11,2f2727cdaad6c09f75103af92a1fbd8fabec12c1839c6a7bb33048d7f54c8e9f
2026:4061820261521615752,p0009,c_b9c6825d43fd2209aee5,9780f4bbaac514f7a4b867ed71a63ffeec218e8a8838e1dad0c6c9143f21896b,r_dab5970845ebb9ffcf35,11,2f2727cdaad6c09f75103af92a1fbd8fabec12c1839c6a7bb33048d7f54c8e9f
2026:4061820261521630116,p0009,c_b9c6825d43fd2209aee5,0c11b33b70f10919b78fe1b3f06b7500237fb60025e02c41c704b5ba3d4a2238,r_dab5970845ebb9ffcf35,11,2f2727cdaad6c09f75103af92a1fbd8fabec12c1839c6a7bb33048d7f54c8e9f
2026:4062220261521891102,p0002,c_43263d10d8d42de66ef1,8174ac11b961099d34c240a5fb42ce3b2c60da3aedbb5ba53bdf93637fef10d1,r_153f6f4b0d25713d8371,11,e78dcd2ea9088c453f153dac7ceaa97df3ea12520b49aac6b5e652420267f0bb
2026:4062220261521891108,p0002,c_43263d10d8d42de66ef1,2076a02644be316c8f82297527a0d8ba0c029839f71e71691c0c7d55354949ac,r_153f6f4b0d25713d8371,11,e78dcd2ea9088c453f153dac7ceaa97df3ea12520b49aac6b5e652420267f0bb
2026:4062220261521891115,p0003,c_2c052641807a04c085cf,9257ccd3b3f5815d301b1ea983e5964d6682e3c2c074824f0009f1ce31986e66,r_e539c4db14c890028fc2,7,83b988697822dbb2054f3532ff10644708956e04f8e6eb68a50ea3fdd474e7a2
2026:4062220261521891116,p0003,c_2c052641807a04c085cf,d05cf13b9d7036a73533c54cf0f14ff29997f3680d73cd619bea7c26c2cb801f,r_e539c4db14c890028fc2,7,83b988697822dbb2054f3532ff10644708956e04f8e6eb68a50ea3fdd474e7a2
2026:4062220261521891580,p0009,c_b9c6825d43fd2209aee5,3e5d96bda9666a447ab7880f1c6292ce87472dd5ab8315fdd9b1e672d983ee38,r_dab5970845ebb9ffcf35,11,2f2727cdaad6c09f75103af92a1fbd8fabec12c1839c6a7bb33048d7f54c8e9f
2026:4062220261521930698,p0013,c_f403b4b143a23ffe823d,1ae4afe40121f0252cbb9ab48a9cb3b4aa724b547b83f80a3b77dec6b2b1bcdb,r_2e07349418abdd1528c5,9,938f5e5e31027a82502cc4f45931241a0dc1daa6c6b2e16061ada9c64d9ded82
2026:4062220261521930700,p0013,c_f403b4b143a23ffe823d,e5e1737b23134cc7c4d01d518f20441482a59b1e066473e99f26fbe885eee496,r_2e07349418abdd1528c5,9,938f5e5e31027a82502cc4f45931241a0dc1daa6c6b2e16061ada9c64d9ded82
2026:4062220261521930701,p0013,c_f403b4b143a23ffe823d,f5e4069cd52ce4dc3d9bf539e99df69a5a8a55e665c7cd8d78a65832f3cb6771,r_2e07349418abdd1528c5,9,938f5e5e31027a82502cc4f45931241a0dc1daa6c6b2e16061ada9c64d9ded82
2026:4062220261522023342,p0001,c_3b4e2a05f2eee8ee1cdc,47d87ba81a7c47bbcaf088c18bbeba92eb25a1fbb6b67ddcd3b245e08b5d9668,r_e75b91aaab70b14a204d,13,407c04763aab0fc3f8b35f9f14c99549bb8fd845574b08cdd3d7fefa486133b5
2026:4062220261522093913,p0019,c_8f805b8c99894bf05c9e,aaef2937308d3f566bfdc140adcc6ad002c463a14c6c99959f14d9290ca0940f,r_f842f8012b64a37416bc,9,fbb7dea7528c1e2682734e4ad5f21d9c72c7c901ef02b28eeda6fe36552ce896
2026:4062320251206787326,p0011,c_e33e4241ffae021efe44,5ff90419354634307ddc7c6c2260544c85b1ebd5548510c3d7452e5c033beb17,r_993179b21d5761402e8e,13,f759e3e78284d686fe105b8c5024b31812841e62142513d312812f0fc0b5b163
2026:4062320251206807751,p0009,c_b9c6825d43fd2209aee5,c8d70b40c5c65262f09b3e153abfd9151845378015b0962479f2fc19cc3ee560,r_dab5970845ebb9ffcf35,11,2f2727cdaad6c09f75103af92a1fbd8fabec12c1839c6a7bb33048d7f54c8e9f
2026:4062320251206833564,p0009,c_b9c6825d43fd2209aee5,70c46169eb3b42fff44c9aeed1ce01afd34e554c927e64c30993b51421c4803c,r_dab5970845ebb9ffcf35,11,2f2727cdaad6c09f75103af92a1fbd8fabec12c1839c6a7bb33048d7f54c8e9f
2026:4062320251206833565,p0009,c_b9c6825d43fd2209aee5,025486fc6dec2d8532129bbb96892d1add83e8e871499c086e08ee4728d9a9bf,r_dab5970845ebb9ffcf35,11,2f2727cdaad6c09f75103af92a1fbd8fabec12c1839c6a7bb33048d7f54c8e9f
2026:4062320251206848448,p0002,c_4b64baaa01dc4eca3d70,c74e4183480e2b232676248c50614b61316fd51f5f271f72266a53338fe69a15,r_153f6f4b0d25713d8371,11,ef446f70a3583fce1f4ac47f95eea9a1d202a1764f613d71fa79944220b4464e
2026:4062320251206848985,p0003,c_dcb61ff9a92a3152957c,2187cda7a7e8795508560f2e2a60eff31032e9d346bf0d107a266eeb6db9cf72,r_e539c4db14c890028fc2,9,4acb74a94e107976dd432d93e00ce54a9dc041ddc3de81dbcf9284d201005511
2026:4062320251206895241,p0002,c_4b64baaa01dc4eca3d70,473a0dd0a53b6505db827f74cbe50046ebd6e37e2b46f0ae0449de096a3e9040,r_153f6f4b0d25713d8371,11,ef446f70a3583fce1f4ac47f95eea9a1d202a1764f613d71fa79944220b4464e
2026:4062320251206895252,p0003,c_dcb61ff9a92a3152957c,f484e36d9c8fce6d518c1ab5e854214977acb41b84ba82f791125931ce706822,r_e539c4db14c890028fc2,9,4acb74a94e107976dd432d93e00ce54a9dc041ddc3de81dbcf9284d201005511
2026:4062320261522364627,p0002,c_43263d10d8d42de66ef1,2379c2ff037768b57d1d73616248e742877c6d484029b8c451e8e82969c91f16,r_153f6f4b0d25713d8371,11,e78dcd2ea9088c453f153dac7ceaa97df3ea12520b49aac6b5e652420267f0bb
2026:4062320261522365352,p0003,c_dcb61ff9a92a3152957c,49b215ba31b3c8e33533ea625a6da8158d09e2f96ac8330ab7b0d93a9d59f62f,r_e539c4db14c890028fc2,9,4acb74a94e107976dd432d93e00ce54a9dc041ddc3de81dbcf9284d201005511
2026:4062420251207000109,p0009,c_b9c6825d43fd2209aee5,6b022e54413a6a25830981e0db496d47fe08a0fd08369a59433802ca77742b6d,r_dab5970845ebb9ffcf35,11,2f2727cdaad6c09f75103af92a1fbd8fabec12c1839c6a7bb33048d7f54c8e9f
2026:4062620261522831036,p0009,c_b9c6825d43fd2209aee5,112250086aa78b6707061e13420504762089a2be8a4e433663fb586c1b7bf84c,r_dab5970845ebb9ffcf35,11,2f2727cdaad6c09f75103af92a1fbd8fabec12c1839c6a7bb33048d7f54c8e9f
2026:4062620261522899578,p0013,c_f403b4b143a23ffe823d,57b28d65949ce7f2f0b992da76612288e528ebd5c83f6d134552a6b115c6bb46,r_2e07349418abdd1528c5,9,938f5e5e31027a82502cc4f45931241a0dc1daa6c6b2e16061ada9c64d9ded82
2026:4062620261522899580,p0013,c_f403b4b143a23ffe823d,9b40abc46b283239c533b8165378620a280e81116d7d67b2227c8292a7a9202e,r_2e07349418abdd1528c5,9,938f5e5e31027a82502cc4f45931241a0dc1daa6c6b2e16061ada9c64d9ded82
2026:4062620261522900020,p0013,c_f403b4b143a23ffe823d,738ff9a6835f58272e8e693b8da0306e585134c54156c07ebcc8773c1be5f017,r_2e07349418abdd1528c5,9,938f5e5e31027a82502cc4f45931241a0dc1daa6c6b2e16061ada9c64d9ded82
2026:4062620261522900021,p0013,c_f403b4b143a23ffe823d,b6e77098740d5baa304da2b4ff73619c1fc05658126dc8d7e9f312fa4177e4cd,r_2e07349418abdd1528c5,9,938f5e5e31027a82502cc4f45931241a0dc1daa6c6b2e16061ada9c64d9ded82
2026:4062620261522900022,p0013,c_f403b4b143a23ffe823d,3f7eae626875a62c81207f7d115e4914a6efd6f7f7ec04ad670b05716f381a4c,r_2e07349418abdd1528c5,9,938f5e5e31027a82502cc4f45931241a0dc1daa6c6b2e16061ada9c64d9ded82
2026:4062620261522902698,p0013,c_f403b4b143a23ffe823d,fa62bd39ed2e29da7abcf7a7aa300a930c6a7d76365d2a37f1f4c8b840a2f4c1,r_2e07349418abdd1528c5,9,938f5e5e31027a82502cc4f45931241a0dc1daa6c6b2e16061ada9c64d9ded82
2026:4062620261522902700,p0013,c_f403b4b143a23ffe823d,f995556ae04ff421f8c47e048927f2caf93fa6ff5fe5b2e58376236efc646633,r_2e07349418abdd1528c5,9,938f5e5e31027a82502cc4f45931241a0dc1daa6c6b2e16061ada9c64d9ded82
2026:4063020261523206579,p0015,c_4c87f72fac6f21863992,36861aac629aa6f0625e45bcc2262c1a7ecb7d7ae97ae76c115b9d16db14e6ac,r_f7a1a92ebd7a39e06876,5,cce9c46f22d9f91dcbb82df3d2419575dbfb16ecdb16e88d5754f24311ed3f91
2026:4070120251207354122,p0009,c_b9c6825d43fd2209aee5,096b80366026f224f57d871e1dad1a9cadeb9f891f82330afa8d89c4677e5f2b,r_dab5970845ebb9ffcf35,11,2f2727cdaad6c09f75103af92a1fbd8fabec12c1839c6a7bb33048d7f54c8e9f
2026:4070120251207386768,p0009,c_b9c6825d43fd2209aee5,d34f6806859883fd7f1bfe92d407b7197043c25f5535ee1b630e5dc2ca19fbdd,r_dab5970845ebb9ffcf35,11,2f2727cdaad6c09f75103af92a1fbd8fabec12c1839c6a7bb33048d7f54c8e9f
2026:4070120251207386769,p0009,c_b9c6825d43fd2209aee5,cca60b2258c0f844a81e020d7fbfb7ffbc23428571a009b9dc2c225a9ab7075b,r_dab5970845ebb9ffcf35,11,2f2727cdaad6c09f75103af92a1fbd8fabec12c1839c6a7bb33048d7f54c8e9f
2026:4070120251207386770,p0009,c_b9c6825d43fd2209aee5,58391a60704a3e6c75dcf936196a0b4286612018c6ceb200a2d8a0e9f6792b39,r_dab5970845ebb9ffcf35,11,2f2727cdaad6c09f75103af92a1fbd8fabec12c1839c6a7bb33048d7f54c8e9f
2026:4070720261524670144,p0015,c_0fd42dcea3bc783c9277,6bc085a12b34ed4caac9d5caa50f304fb3edfc099d51473df005a5d7ed496a30,r_f7a1a92ebd7a39e06876,4,39f66eee0401d4f2e100c218775664800fdf49ebc7126a8765362bfa2f0631b2
2026:4070720261526561199,p0004,c_c99e4c1e04a65f2743c2,bb90c7fe56ec8735770a2ea2e1332bc3ab7641ba773fc5d384144a11facd6d2d,r_948475ee1ff681d1e65b,11,fa78e4ce8a403cc42a8258d033736cebf7575cd2d5196a97f8b946453fd73714
2026:4070720261527090853,p0014,c_1822128dbb0e70f13b7d,75c2d092713600c9d05d541fba981bf976537a1d28bf87d81c8aea34be2baee3,r_380f28d77df7a5db30a0,11,3730ea3adfe22f4ebbb2880a519ad669705118c89e210f07f7a9c1662d83b5e7
2026:4070720261527090854,p0014,c_1822128dbb0e70f13b7d,645d6fd0836e9626d6dc92f2b3a72b5decbb5858f44614164e91ff5d1a85a222,r_380f28d77df7a5db30a0,11,3730ea3adfe22f4ebbb2880a519ad669705118c89e210f07f7a9c1662d83b5e7
2026:4070720261528930996,p0013,c_762ca9a1aa00d8c259fd,f81399e6c7419904f30f071b7aef8af33034c6846cf0cc3595f1d6adb98ef5a9,r_2e07349418abdd1528c5,5,0c4d9541ccc0524cd017b9b41084689a223255c6e4b514c3247e0c75c9be3de0
2026:4070720261528930997,p0013,c_762ca9a1aa00d8c259fd,3304b8f3a5c7a4ed4101f437dc99f786839b909fcaa23e5b6f4ee87ff1424ba2,r_2e07349418abdd1528c5,5,0c4d9541ccc0524cd017b9b41084689a223255c6e4b514c3247e0c75c9be3de0
2026:4070720261528930998,p0013,c_762ca9a1aa00d8c259fd,fa752ddde8453e4fc644d0cd1ff11f39a655cd766dd24a5a2b3a79c2255e7758,r_2e07349418abdd1528c5,5,0c4d9541ccc0524cd017b9b41084689a223255c6e4b514c3247e0c75c9be3de0
2026:4070720261528930999,p0013,c_762ca9a1aa00d8c259fd,119de541ed5aec252ece643fe2df562d301c338987aaafdaf950500557aafc4d,r_2e07349418abdd1528c5,5,0c4d9541ccc0524cd017b9b41084689a223255c6e4b514c3247e0c75c9be3de0
2026:4070720261528931000,p0013,c_762ca9a1aa00d8c259fd,e0904ee03cc76c372c3ab46a643d0ac73cd67cf6bccdbf51607c56b4c858636b,r_2e07349418abdd1528c5,5,0c4d9541ccc0524cd017b9b41084689a223255c6e4b514c3247e0c75c9be3de0
2026:4070720261528932001,p0013,c_762ca9a1aa00d8c259fd,2725d007ad6871fa54914b89627d87dadba994e7b77cd6c861cbea7e0fe94738,r_2e07349418abdd1528c5,5,0c4d9541ccc0524cd017b9b41084689a223255c6e4b514c3247e0c75c9be3de0
2026:4070720261528932002,p0013,c_762ca9a1aa00d8c259fd,46e30ed0c221802ad2733b7997e1b8a9f655484f3b6ad022f92930ff1379a3fa,r_2e07349418abdd1528c5,5,0c4d9541ccc0524cd017b9b41084689a223255c6e4b514c3247e0c75c9be3de0
2026:4070720261528932003,p0013,c_762ca9a1aa00d8c259fd,fb8e27c12ed3731f578ee798a45b17911719d0589ec69638b40e658254734c65,r_2e07349418abdd1528c5,5,0c4d9541ccc0524cd017b9b41084689a223255c6e4b514c3247e0c75c9be3de0
2026:4070720261528932004,p0013,c_762ca9a1aa00d8c259fd,132f6d214c18630112d395274f93106cf042dace7be42a29091a859b8bebdef1,r_2e07349418abdd1528c5,5,0c4d9541ccc0524cd017b9b41084689a223255c6e4b514c3247e0c75c9be3de0
2026:4070720261528932005,p0013,c_762ca9a1aa00d8c259fd,a2071dc7ad65735c174799a94496748cfeaed6398a924a90a5f0920043f7136a,r_2e07349418abdd1528c5,5,0c4d9541ccc0524cd017b9b41084689a223255c6e4b514c3247e0c75c9be3de0
2026:4070720261528932006,p0013,c_762ca9a1aa00d8c259fd,b64b7b01131aefd7a32dcbe91a1869a33583f83befea225fb635ade142aa8fa9,r_2e07349418abdd1528c5,5,0c4d9541ccc0524cd017b9b41084689a223255c6e4b514c3247e0c75c9be3de0
2026:4070720261528932007,p0013,c_762ca9a1aa00d8c259fd,2f7646471daf5bb19c9db41ae18f6d5022f2a97e98f2c51b52ce255d40904c02,r_2e07349418abdd1528c5,5,0c4d9541ccc0524cd017b9b41084689a223255c6e4b514c3247e0c75c9be3de0
2026:4070720261528932008,p0013,c_762ca9a1aa00d8c259fd,87bec764a8120cfe0ed4d69205299d2b210554ae87a7ae57ae2e1cc3e27e0edf,r_2e07349418abdd1528c5,5,0c4d9541ccc0524cd017b9b41084689a223255c6e4b514c3247e0c75c9be3de0
2026:4070720261528932009,p0013,c_762ca9a1aa00d8c259fd,9354bec85bf26ddc89d6502e0eaf4f4d4a74fbb363dad37f69306b9f5e174518,r_2e07349418abdd1528c5,5,0c4d9541ccc0524cd017b9b41084689a223255c6e4b514c3247e0c75c9be3de0
2026:4070720261528932010,p0013,c_762ca9a1aa00d8c259fd,2f4a491c9ae8931ed37c732c106baa706a2cd171b956c0ee7cc2689de7a4114b,r_2e07349418abdd1528c5,5,0c4d9541ccc0524cd017b9b41084689a223255c6e4b514c3247e0c75c9be3de0
2026:4070720261528932011,p0013,c_762ca9a1aa00d8c259fd,f9e57bda176410fad2b68d1188c30e0910a542ab4a54979cc189c646ad80db5a,r_2e07349418abdd1528c5,5,0c4d9541ccc0524cd017b9b41084689a223255c6e4b514c3247e0c75c9be3de0
2026:4070720261528932012,p0013,c_762ca9a1aa00d8c259fd,913e7dcfe02cd98d80cd135e8b23eb9776702a6b0f0b40467e6dae4311d00dae,r_2e07349418abdd1528c5,5,0c4d9541ccc0524cd017b9b41084689a223255c6e4b514c3247e0c75c9be3de0
2026:4070720261528932013,p0013,c_762ca9a1aa00d8c259fd,4cf2e1197d1f2c97db5ca970a43d643a0489a663f6775421e622c5b02bd16503,r_2e07349418abdd1528c5,5,0c4d9541ccc0524cd017b9b41084689a223255c6e4b514c3247e0c75c9be3de0
2026:4070720261528932014,p0013,c_762ca9a1aa00d8c259fd,287c44d03312fa5f853dde80ad7cb6fc61f0927a0ca4378a5921972a3a912902,r_2e07349418abdd1528c5,5,0c4d9541ccc0524cd017b9b41084689a223255c6e4b514c3247e0c75c9be3de0
2026:4070720261528932015,p0013,c_762ca9a1aa00d8c259fd,dc9c35849f930a45af44a6816e2f2aa0de9399d47d61b1cf7d2d9e8950f64465,r_2e07349418abdd1528c5,5,0c4d9541ccc0524cd017b9b41084689a223255c6e4b514c3247e0c75c9be3de0
2026:4070820261533602628,p0002,c_43263d10d8d42de66ef1,eb9c2f85763e94fa76495b60f4ea9525cfcfde0541c7f1d96095b8472d496cb4,r_153f6f4b0d25713d8371,11,e78dcd2ea9088c453f153dac7ceaa97df3ea12520b49aac6b5e652420267f0bb
2026:4070820261533602629,p0003,c_5c674a62aa12b11745d8,4e0868d2ca80c2b5396c81c12afd5f3dee88ce2744decf6a51e1e7004523fc8b,r_e539c4db14c890028fc2,9,4ca381839bd88f09b6497e6b28b0e9fd49dab0305cc331b586fdd5be9c32099b
2026:4070820261533604616,p0009,c_b9c6825d43fd2209aee5,9542c8c421ad7ec63ac3d2120208090f82d830edbc20e29db924a40e2844662d,r_dab5970845ebb9ffcf35,11,2f2727cdaad6c09f75103af92a1fbd8fabec12c1839c6a7bb33048d7f54c8e9f
2026:4070820261533606257,p0002,c_ba6b8c476a6afc66cf9a,07038bd120617981ea384951cedee8d1c94f1026a5b8f118321b598cd24198e8,r_153f6f4b0d25713d8371,6,e1f8a1e4be0d9312232043b549a9911c3ec94550311a4e1ffe2fb085e062a972
2026:4070820261533606259,p0003,c_524b26b63f43fa5adc9c,4624c82a84049e1e8b58a45da81693a1d1f39aaed3fda092ce2230b60a032db5,r_e539c4db14c890028fc2,4,48dcd5c99ff49762ca1ae90d64b5034bb30da45c42591b42f095e5e7bba09934
2026:4070920261533665212,p0002,c_43263d10d8d42de66ef1,457bab01bbb411a7e1193bd945ff284ddc9e5ad5c4fc61099caa184e94c2831b,r_153f6f4b0d25713d8371,11,e78dcd2ea9088c453f153dac7ceaa97df3ea12520b49aac6b5e652420267f0bb
2026:4070920261533665214,p0003,c_5c674a62aa12b11745d8,619f9b8aa2481ed86ae578a48bf1eb38dad3edf43cf0f5737f13a18e0977ad4f,r_e539c4db14c890028fc2,9,4ca381839bd88f09b6497e6b28b0e9fd49dab0305cc331b586fdd5be9c32099b
2026:4071220261533751566,p0003,c_5c674a62aa12b11745d8,6f203594e72751e359f4eec86eb761091ed0150d33e5cfd7b27c4b7df0b32277,r_e539c4db14c890028fc2,9,4ca381839bd88f09b6497e6b28b0e9fd49dab0305cc331b586fdd5be9c32099b
2026:4071320261533896907,p0003,c_18316ee9bbb438c97bfc,9ebd47f18d5df90a9febc68f8579abf2decfaf8f9bb35755efa89afafb4bd9de,r_e539c4db14c890028fc2,9,a1c6ea5f2a2a62d0da48f64444bb2a204ac96a4d0fd25d772ae9112bdeb19dd1
2026:4071320261533911817,p0002,c_4b64baaa01dc4eca3d70,2b992fe5c2de59879997023411d99ea7bae1e8946c804c0682cbcd72c9570b03,r_153f6f4b0d25713d8371,11,ef446f70a3583fce1f4ac47f95eea9a1d202a1764f613d71fa79944220b4464e
2026:4071320261533911819,p0003,c_3f565dc57a11191b929b,ece46af0f333dfe9478a7abf2acb67369c8404f3ad1bef6dd960053b2aa0f599,r_e539c4db14c890028fc2,9,557ac4b2fcbc29dfbacdd67738e4da912cc55b77fd84a2d86e6dea25f46a662a
2026:4071320261533936105,p0002,c_ba6b8c476a6afc66cf9a,006413832064ef5c507017405a5d1413f5196f403b623d2afa319f9c033b9954,r_153f6f4b0d25713d8371,6,e1f8a1e4be0d9312232043b549a9911c3ec94550311a4e1ffe2fb085e062a972
2026:4071320261533936107,p0003,c_524b26b63f43fa5adc9c,16ce1c911973181544cde398e2e17a6e25e7481f9c65486bc09b8bd58d95fbe7,r_e539c4db14c890028fc2,4,48dcd5c99ff49762ca1ae90d64b5034bb30da45c42591b42f095e5e7bba09934
2026:4071420251208282296,p0011,c_6d78c941e832e66bc5f5,593800e86420d3da80e6bc27c2ebde5b7820454a955fec0d26197fa22711170d,r_993179b21d5761402e8e,13,136e23c2659e614f7daf19e0e365c8a536cafb725e086191dc5d2f4ac7fabb57
2026:4071420251208369327,p0002,c_43263d10d8d42de66ef1,bc6b864cc180c6b6db48c28dc0cc7bbf070a81cf6fe225ffef3207475783bf0f,r_153f6f4b0d25713d8371,11,e78dcd2ea9088c453f153dac7ceaa97df3ea12520b49aac6b5e652420267f0bb
2026:4071420251208369565,p0003,c_5c674a62aa12b11745d8,d5ffebe9b012057131264b8324a24d7d17ecb75395e86733976c3f020fafb215,r_e539c4db14c890028fc2,9,4ca381839bd88f09b6497e6b28b0e9fd49dab0305cc331b586fdd5be9c32099b
2026:4071420261533996456,p0013,c_f403b4b143a23ffe823d,ea1337feb082049ed1b0caf3b30a92c659c1df2d687a9636b0ab2dd511ca2170,r_2e07349418abdd1528c5,9,938f5e5e31027a82502cc4f45931241a0dc1daa6c6b2e16061ada9c64d9ded82
2026:4071420261533996457,p0013,c_f403b4b143a23ffe823d,474e35572eb5a1f34ea1e629012b6a33327b450a1247a38e77f919ad43b4bf5d,r_2e07349418abdd1528c5,9,938f5e5e31027a82502cc4f45931241a0dc1daa6c6b2e16061ada9c64d9ded82
2026:4071420261533996458,p0013,c_f403b4b143a23ffe823d,f665a1b975f619a1959def9c1375baf607ba8de080489d13eb4a6e5336576bb4,r_2e07349418abdd1528c5,9,938f5e5e31027a82502cc4f45931241a0dc1daa6c6b2e16061ada9c64d9ded82
2026:4071420261534043345,p0002,c_43263d10d8d42de66ef1,703fcb89536863bb2d27a492d5fe9c4e2d47c13d0d9c304d353148ab43b03c79,r_153f6f4b0d25713d8371,11,e78dcd2ea9088c453f153dac7ceaa97df3ea12520b49aac6b5e652420267f0bb
2026:4071420261534043348,p0003,c_5c674a62aa12b11745d8,4025f681bcb136611c6c8eabeae0f4bc23986871a068366ec821fb588edf4484,r_e539c4db14c890028fc2,9,4ca381839bd88f09b6497e6b28b0e9fd49dab0305cc331b586fdd5be9c32099b
2026:4071520251208486609,p0009,c_b9c6825d43fd2209aee5,37ae646a8da20dd73ca363ece8fb0a3e1163c034aeba831c730815622f3dee10,r_dab5970845ebb9ffcf35,11,2f2727cdaad6c09f75103af92a1fbd8fabec12c1839c6a7bb33048d7f54c8e9f
2026:4071520251208486629,p0011,c_6d78c941e832e66bc5f5,a58560e86909f2b2cb97aee58fe43765b6f1803e54845c070de55bc302987fde,r_993179b21d5761402e8e,13,136e23c2659e614f7daf19e0e365c8a536cafb725e086191dc5d2f4ac7fabb57
2026:4071520251208516115,p0003,c_5c674a62aa12b11745d8,979485ab165296260550e5347831956c30a1693d81226ef8fc683aa3decbbc11,r_e539c4db14c890028fc2,9,4ca381839bd88f09b6497e6b28b0e9fd49dab0305cc331b586fdd5be9c32099b
2026:4071520251208516116,p0002,c_43263d10d8d42de66ef1,ea262719cf9b7af7fe27f13bbd438831ce3513b85eea2074e2ebf541276d4063,r_153f6f4b0d25713d8371,11,e78dcd2ea9088c453f153dac7ceaa97df3ea12520b49aac6b5e652420267f0bb
2026:4071520261534086674,p0015,c_dd05fcb5866322438262,6cba7934e74272016112f7004d2556f2d596b29cb3336e1beaf89b93935ef1b5,r_f7a1a92ebd7a39e06876,9,7c69c8ee5b184648674e1743a4d66931e8d0beb2c3d7b3bd790f1ab8a76ae1cc
2026:4071520261534086675,p0015,c_dd05fcb5866322438262,e33e8be68245e54c338260204c13e0b92daacac6cd409531b18f828abac6bc9e,r_f7a1a92ebd7a39e06876,9,7c69c8ee5b184648674e1743a4d66931e8d0beb2c3d7b3bd790f1ab8a76ae1cc
2026:4071520261534186388,p0009,c_b9c6825d43fd2209aee5,9274ace72d80fbd35e55670e2e723e8c58764fe21a6eec54baba55eccb73cad7,r_dab5970845ebb9ffcf35,11,2f2727cdaad6c09f75103af92a1fbd8fabec12c1839c6a7bb33048d7f54c8e9f
2026:4071520261534477558,p0009,c_b9c6825d43fd2209aee5,273fc51151d568bf956b3167d047496e47a70e7a0659e707c068ee21181f1cc6,r_dab5970845ebb9ffcf35,11,2f2727cdaad6c09f75103af92a1fbd8fabec12c1839c6a7bb33048d7f54c8e9f
2026:4071520261534477559,p0009,c_b9c6825d43fd2209aee5,7745764d296d90b5d4bebe7e647576f99bcfb5e1df9a51d04db0e433d313bfea,r_dab5970845ebb9ffcf35,11,2f2727cdaad6c09f75103af92a1fbd8fabec12c1839c6a7bb33048d7f54c8e9f
2026:4071520261534477560,p0009,c_b9c6825d43fd2209aee5,0ddbcd8856ec364b29af85b3b048b459df4732a41d1d779e9f92a5f48e831eba,r_dab5970845ebb9ffcf35,11,2f2727cdaad6c09f75103af92a1fbd8fabec12c1839c6a7bb33048d7f54c8e9f
2026:4071620251208808564,p0015,c_dd05fcb5866322438262,271b4378123996557822736ee7378eec95363a75b06e0ed99e65ca5e8e69d567,r_f7a1a92ebd7a39e06876,9,7c69c8ee5b184648674e1743a4d66931e8d0beb2c3d7b3bd790f1ab8a76ae1cc
2026:4071620251208904076,p0002,c_43263d10d8d42de66ef1,b2a5209559d3fe36e29e808949940ceba4736c0402535caeeb21a5a30fb20980,r_153f6f4b0d25713d8371,11,e78dcd2ea9088c453f153dac7ceaa97df3ea12520b49aac6b5e652420267f0bb
2026:4071620251208904079,p0003,c_5c674a62aa12b11745d8,1eeb23873cd0015a00cd1da5a5ecc7049ac3cb4f9202d7829f2c2be68f5d8ec0,r_e539c4db14c890028fc2,9,4ca381839bd88f09b6497e6b28b0e9fd49dab0305cc331b586fdd5be9c32099b
2026:4071620251208931766,p0011,c_f20555fd7fcbfd000e4f,a28762b1b01d382c7e14c844546eb5c5dcfe075ac773acf20ce7877523cde707,r_993179b21d5761402e8e,13,f23f5f233c03f9154f58a21889380af4b43adf1fc1576ca8a3792486d10d325a
2026:4071620251208932121,p0009,c_b9c6825d43fd2209aee5,776a61ed22c62f042c61ac2f5dc7bbf44d616707911af1e549764fd4b61a910b,r_dab5970845ebb9ffcf35,11,2f2727cdaad6c09f75103af92a1fbd8fabec12c1839c6a7bb33048d7f54c8e9f
2026:4071620251208954137,p0001,c_3b4e2a05f2eee8ee1cdc,4ee536e0f291edd0878f37ffee8f8461b73d783f9ba89c2bbb8dd162f50bbbf7,r_e75b91aaab70b14a204d,13,407c04763aab0fc3f8b35f9f14c99549bb8fd845574b08cdd3d7fefa486133b5
2026:4071620261534553140,p0011,c_6d78c941e832e66bc5f5,2177992c02ac45a21756eb92645bf451aa66cb3c0f951f4f32992a2e371de6e1,r_993179b21d5761402e8e,13,136e23c2659e614f7daf19e0e365c8a536cafb725e086191dc5d2f4ac7fabb57
2026:4071720251209057661,p0004,c_c99e4c1e04a65f2743c2,6caacc7e15205685bdc77fc40bde503b30dc5640a3ef2acb6609088466b61580,r_948475ee1ff681d1e65b,11,fa78e4ce8a403cc42a8258d033736cebf7575cd2d5196a97f8b946453fd73714
2026:4071720251209090150,p0009,c_b9c6825d43fd2209aee5,b389893e6d570243fbf2b5989caa75b442f6f6c677b858b413752ce9df19c876,r_dab5970845ebb9ffcf35,11,2f2727cdaad6c09f75103af92a1fbd8fabec12c1839c6a7bb33048d7f54c8e9f
2026:4071720251209092614,p0009,c_b9c6825d43fd2209aee5,9aba142991d4f49ad8ef032ff6b5bab75dffb7872ace72bf19493e3616ddfb2b,r_dab5970845ebb9ffcf35,11,2f2727cdaad6c09f75103af92a1fbd8fabec12c1839c6a7bb33048d7f54c8e9f
2026:4071720251209144979,p0009,c_b9c6825d43fd2209aee5,501c705ce2570582f4671ef2e1c929afc581c498a9257eb556ee389e5257d2a3,r_dab5970845ebb9ffcf35,11,2f2727cdaad6c09f75103af92a1fbd8fabec12c1839c6a7bb33048d7f54c8e9f
2026:4071720251209148412,p0002,c_4b64baaa01dc4eca3d70,5fab0423695e8ff693c0b03c85e94cfd04ec9dec3a66d2ef86678e11e12508b8,r_153f6f4b0d25713d8371,11,ef446f70a3583fce1f4ac47f95eea9a1d202a1764f613d71fa79944220b4464e
2026:4071720251209148414,p0003,c_5c674a62aa12b11745d8,7a5293810a9bf9567299d36079721e5f579c4612e7992c8c87eb52b7c15a95c3,r_e539c4db14c890028fc2,9,4ca381839bd88f09b6497e6b28b0e9fd49dab0305cc331b586fdd5be9c32099b
2026:4071720251209149310,p0009,c_b9c6825d43fd2209aee5,afd91b9cc57d62a4c35abd54670aa3a04d52bb3eccb8fe5d9cfb7e6c6f886225,r_dab5970845ebb9ffcf35,11,2f2727cdaad6c09f75103af92a1fbd8fabec12c1839c6a7bb33048d7f54c8e9f
2026:4071720251209149891,p0010,c_433597abc27c16d5e313,8ec387ae8669dcd7949c108cfaec1a484b0f2657154bab82951cc2c143fac8e8,r_36381ff366645780c532,11,b26bdd1cce1031dd2c4f3810d9406c3fb9da4a10fd115591a3ab3bffd587c5a9
2026:4071720261534685792,p0002,c_43263d10d8d42de66ef1,ac6979255b3e3d33167be3e42bf1945ba5a66c4d03a362a2761c8fd562d1798a,r_153f6f4b0d25713d8371,11,e78dcd2ea9088c453f153dac7ceaa97df3ea12520b49aac6b5e652420267f0bb
2026:4071720261534685795,p0003,c_5c674a62aa12b11745d8,ffb2ff6a7bde04b15e994f056a7a43962723932152f1c2c4baa67513ab3cd5bd,r_e539c4db14c890028fc2,9,4ca381839bd88f09b6497e6b28b0e9fd49dab0305cc331b586fdd5be9c32099b
2026:4071820251209507275,p0009,c_b9c6825d43fd2209aee5,1b717058624b1c0be9e2c42fd413145026ab4d35c582b9f52900d5f021aeea3f,r_dab5970845ebb9ffcf35,11,2f2727cdaad6c09f75103af92a1fbd8fabec12c1839c6a7bb33048d7f54c8e9f
2026:4071820251209507276,p0009,c_b9c6825d43fd2209aee5,ad99ef896fdc437fb4f64ba4ae2b737a98f9253b60d2fc3f8fb29b85e28d5663,r_dab5970845ebb9ffcf35,11,2f2727cdaad6c09f75103af92a1fbd8fabec12c1839c6a7bb33048d7f54c8e9f
2026:4071820251209507277,p0009,c_b9c6825d43fd2209aee5,e84421ed77d70fdf2992c7d4d64bf39789a9c195b69ae5ef88f21fff6984ade0,r_dab5970845ebb9ffcf35,11,2f2727cdaad6c09f75103af92a1fbd8fabec12c1839c6a7bb33048d7f54c8e9f
2026:4071820261534794731,p0002,c_43263d10d8d42de66ef1,ff07f1ee0cbe83a99d91b6e4e0e6b53e202a53f3d0381c6068d5c777f2aa246d,r_153f6f4b0d25713d8371,11,e78dcd2ea9088c453f153dac7ceaa97df3ea12520b49aac6b5e652420267f0bb
2026:4071820261534807936,p0015,c_0fd42dcea3bc783c9277,82e4d1f486b7958c5be79bfee5c8355c5f0f177e0751dc55dcc8f3095241af91,r_f7a1a92ebd7a39e06876,4,39f66eee0401d4f2e100c218775664800fdf49ebc7126a8765362bfa2f0631b2
2026:4071920261534868519,p0013,c_f403b4b143a23ffe823d,83ee63e420f7fb248eecbf9cafc7de3aae337e2267c44a5772443dc43643047b,r_2e07349418abdd1528c5,9,938f5e5e31027a82502cc4f45931241a0dc1daa6c6b2e16061ada9c64d9ded82
2026:4072020261534904544,p0015,c_dd05fcb5866322438262,d2fdf6998c437e24b002e370ce90f5e52a31ae10a4de797bf3b766911e221c77,r_f7a1a92ebd7a39e06876,9,7c69c8ee5b184648674e1743a4d66931e8d0beb2c3d7b3bd790f1ab8a76ae1cc
2026:4072020261534904545,p0015,c_dd05fcb5866322438262,7dcf930574d8ccaaf7d4c96700b0f6766329f85609fd69c427794f85ec351320,r_f7a1a92ebd7a39e06876,9,7c69c8ee5b184648674e1743a4d66931e8d0beb2c3d7b3bd790f1ab8a76ae1cc
2026:4072020261534909209,p0015,c_dd05fcb5866322438262,a7d6d04f8495aa2f49dd2cc2c52f8831064fbfe5f579335fce8a2854e8866ba1,r_f7a1a92ebd7a39e06876,9,7c69c8ee5b184648674e1743a4d66931e8d0beb2c3d7b3bd790f1ab8a76ae1cc
2026:4072020261534932242,p0015,c_dd05fcb5866322438262,d8791014fd06f6fcdfca8d23f7fbc5ddee5e055b2a9254884a850cf7c33a38b3,r_f7a1a92ebd7a39e06876,9,7c69c8ee5b184648674e1743a4d66931e8d0beb2c3d7b3bd790f1ab8a76ae1cc
2026:4072020261535087924,p0015,c_dd05fcb5866322438262,63aac3fdca738a8cf497360fe9478ffa5f29a54c475bd0cda3822162946c1b18,r_f7a1a92ebd7a39e06876,9,7c69c8ee5b184648674e1743a4d66931e8d0beb2c3d7b3bd790f1ab8a76ae1cc
2026:4072120251209709159,p0019,c_901624a705dc2b59b73c,0c077ac842fc99eaebf1abc1a1bcf80f9520b8aec1f0e6806079679c30f53e4b,r_f842f8012b64a37416bc,9,22315f151d3c106b680bf59e70e44546b0587d68c3b5fe4af7756cb447e67b7d
2026:4072220251209938303,p0008,c_eb5f4b964135272e086d,d5e5a13e67120c830194d771250ccafada5a3363b3023b6295541d48c8135522,r_ea71451d245b6218d4f0,10,4104a539a5e79b0ac055d000d70e89d27ac78b43271d1b875a01d4f10bc71c93
2026:4072220261537632872,p0014,c_1822128dbb0e70f13b7d,43d8529ab3aa9831075f0c8f125caf2a72e082a984029c94d1d42a15a73bcc69,r_380f28d77df7a5db30a0,11,3730ea3adfe22f4ebbb2880a519ad669705118c89e210f07f7a9c1662d83b5e7
2026:4072320251210253697,p0010,c_433597abc27c16d5e313,929fcee7941902b21058ecf6f910443872fa7de26d709107012e55e66b89c49c,r_36381ff366645780c532,11,b26bdd1cce1031dd2c4f3810d9406c3fb9da4a10fd115591a3ab3bffd587c5a9
2026:4072320251211259906,p0009,c_d2add8e8e44618bef589,c12b93020222807b2bdc80d4a8d22d42e7157c0ce381401bfb84b19958b2d937,r_dab5970845ebb9ffcf35,6,6daa303f6e8ca730285dd7124ca1a4bb585eac0859f35f1aea8ad7bece917ec8
2026:4072320251211259907,p0009,c_d2add8e8e44618bef589,fbfca73953f3c715c9ea3d43ab115b1c2de5a94684b0c9304d73960c5a18f8d4,r_dab5970845ebb9ffcf35,6,6daa303f6e8ca730285dd7124ca1a4bb585eac0859f35f1aea8ad7bece917ec8
2026:4072320251211331529,p0015,c_dd05fcb5866322438262,ae946cfb6dbd82a24e9d0ae8df8245ab5655fd6557dfbace1207df4e42f77d67,r_f7a1a92ebd7a39e06876,9,7c69c8ee5b184648674e1743a4d66931e8d0beb2c3d7b3bd790f1ab8a76ae1cc
2026:4072320251211331530,p0015,c_dd05fcb5866322438262,a2b5b20ac0c9ec259ab4fe8dcf9ad7a8805a6dec9ffc838d2e4622f74ee0b4d0,r_f7a1a92ebd7a39e06876,9,7c69c8ee5b184648674e1743a4d66931e8d0beb2c3d7b3bd790f1ab8a76ae1cc
2026:4072320251211331540,p0003,c_5c674a62aa12b11745d8,f94ab1b022c78d890ba62295ca39f36ee47c8c2b185519f2ef23ad92b48231a0,r_e539c4db14c890028fc2,9,4ca381839bd88f09b6497e6b28b0e9fd49dab0305cc331b586fdd5be9c32099b
2026:4072320251211331624,p0004,c_c99e4c1e04a65f2743c2,fc91aa5ba8a5b811d3d1ad742f6166f879111e6cdc7806dd2603c3459f1e3723,r_948475ee1ff681d1e65b,11,fa78e4ce8a403cc42a8258d033736cebf7575cd2d5196a97f8b946453fd73714
2026:4072320251211331770,p0004,c_c99e4c1e04a65f2743c2,4029907df648323911d69caf55db795c489feb615a7160423772ac773ef5a54a,r_948475ee1ff681d1e65b,11,fa78e4ce8a403cc42a8258d033736cebf7575cd2d5196a97f8b946453fd73714
2026:4072320251211331817,p0003,c_5c674a62aa12b11745d8,ee7173b3baaa35554a0f841b5b2d2312bc9599159ec3fde9fa342033defd24ee,r_e539c4db14c890028fc2,9,4ca381839bd88f09b6497e6b28b0e9fd49dab0305cc331b586fdd5be9c32099b
2026:4072320251211332128,p0002,c_585e3c3ae6f9154d0a9c,0ae3aa3e1afb0b56e61c37712beab6fc1700badb5e7ef5c5ae9f98d1bd0677ad,r_153f6f4b0d25713d8371,7,9955fcf2eb3c9ef9c6ee797f0642f59db38bcdd164acf6d06da61662f8366d18
2026:4072320251211332430,p0002,c_585e3c3ae6f9154d0a9c,6d2c78e30717d93a74dac421fc95fd74edf4fd8e641a262860273c0efb5a979d,r_153f6f4b0d25713d8371,7,9955fcf2eb3c9ef9c6ee797f0642f59db38bcdd164acf6d06da61662f8366d18
2026:4072320251211332453,p0015,c_dd05fcb5866322438262,67f987f17c99a1aa6e7f1560efa6f06e1c29b8f3b37cf6854e259c46f318dbb5,r_f7a1a92ebd7a39e06876,9,7c69c8ee5b184648674e1743a4d66931e8d0beb2c3d7b3bd790f1ab8a76ae1cc
2026:4072320251211332454,p0015,c_dd05fcb5866322438262,e4737298a0d6a3e16d7ef64e0ac3676cc6ae087ac398a2242f2fd71c62783e29,r_f7a1a92ebd7a39e06876,9,7c69c8ee5b184648674e1743a4d66931e8d0beb2c3d7b3bd790f1ab8a76ae1cc
2026:4072320261537766905,p0004,c_c99e4c1e04a65f2743c2,2d297df22759aac70f045f3572ed750f8024c6c210806d4fab79bfeaa03a280d,r_948475ee1ff681d1e65b,11,fa78e4ce8a403cc42a8258d033736cebf7575cd2d5196a97f8b946453fd73714
2026:4072320261537827978,p0013,c_f403b4b143a23ffe823d,07c13bff22bbeaea6b9f65322aca5c72998805f0b12b5146836cda3f701cdc98,r_2e07349418abdd1528c5,9,938f5e5e31027a82502cc4f45931241a0dc1daa6c6b2e16061ada9c64d9ded82
2026:4072320261537828220,p0002,c_43263d10d8d42de66ef1,aa99cab1c2ec12004808d758182f1d1d46707e48c4512f21a1557957a84b0452,r_153f6f4b0d25713d8371,11,e78dcd2ea9088c453f153dac7ceaa97df3ea12520b49aac6b5e652420267f0bb
2026:4072320261537828245,p0003,c_5c674a62aa12b11745d8,eb57ad9581ee4a671151baa9bb829410ff2da5dc6bbb33910001e81df1166d0e,r_e539c4db14c890028fc2,9,4ca381839bd88f09b6497e6b28b0e9fd49dab0305cc331b586fdd5be9c32099b
2026:4072420251211643318,p0010,c_433597abc27c16d5e313,92a2e58db853418453434cf4d1490685b3778d063f159300767a89242c62dbd8,r_36381ff366645780c532,11,b26bdd1cce1031dd2c4f3810d9406c3fb9da4a10fd115591a3ab3bffd587c5a9
2026:4072420251211643439,p0010,c_433597abc27c16d5e313,5a2617d389bb27c097c224cc904192efc61812dd938e012e47d5e227331e9e45,r_36381ff366645780c532,11,b26bdd1cce1031dd2c4f3810d9406c3fb9da4a10fd115591a3ab3bffd587c5a9
2026:4072420251211675210,p0015,c_dd05fcb5866322438262,aa66213a5cf0a9103528e1cc6c5b9334155adbb849b5ff5fbb75c9418138dcff,r_f7a1a92ebd7a39e06876,9,7c69c8ee5b184648674e1743a4d66931e8d0beb2c3d7b3bd790f1ab8a76ae1cc
2026:4072420251211696430,p0019,c_8f805b8c99894bf05c9e,9e543975a4cb2736430522bbf50ed32af6d3cc9f9213dada2864bef42dfb9d87,r_f842f8012b64a37416bc,9,fbb7dea7528c1e2682734e4ad5f21d9c72c7c901ef02b28eeda6fe36552ce896
2026:4072520251211939088,p0002,c_43263d10d8d42de66ef1,bd098c6744518f12ed76a2ec0040da7c1fbed78a17f3aaf61bbd7cc0a6065c8d,r_153f6f4b0d25713d8371,11,e78dcd2ea9088c453f153dac7ceaa97df3ea12520b49aac6b5e652420267f0bb
2026:4072520251211939139,p0003,c_ad0072fdb81c09727da2,d6e43c78ecd48ac612522335283b0d71f9edc3b6821ba395c0d8aebdde97b679,r_e539c4db14c890028fc2,7,585ebb78196a56ffa2aaf8f2c404ee224da83c2c96a97c1c88b271c6cd57c42f
2026:4072620261538216181,p0013,c_f403b4b143a23ffe823d,da522312a555b00ffbbd68089a5ccbb8b9f113e40c83c128970cbc803c77da08,r_2e07349418abdd1528c5,9,938f5e5e31027a82502cc4f45931241a0dc1daa6c6b2e16061ada9c64d9ded82
2026:4072620261538216182,p0013,c_f403b4b143a23ffe823d,3ccbbc777b80d00cb0ec1a926ca27b5b0950ae5ef10260e6d241b3e26d0adbdc,r_2e07349418abdd1528c5,9,938f5e5e31027a82502cc4f45931241a0dc1daa6c6b2e16061ada9c64d9ded82
2026:4072620261538350991,p0002,c_43263d10d8d42de66ef1,625fc1f9d93d9f47a08c23e6ed42b441163c7a93f6c1cdfa5ced1d63ca4596c8,r_153f6f4b0d25713d8371,11,e78dcd2ea9088c453f153dac7ceaa97df3ea12520b49aac6b5e652420267f0bb
2026:4072620261538350994,p0003,c_5c674a62aa12b11745d8,7dfde966c626d4a0c67c91fa1c78d022db33d0476e3f9a6f92eff2286cdc7ccf,r_e539c4db14c890028fc2,9,4ca381839bd88f09b6497e6b28b0e9fd49dab0305cc331b586fdd5be9c32099b
2026:4072620261538351018,p0002,c_43263d10d8d42de66ef1,4ea5f2fcd460578b93faf3b66fa1f845392acb05e6bbd9bd31f998058c74a573,r_153f6f4b0d25713d8371,11,e78dcd2ea9088c453f153dac7ceaa97df3ea12520b49aac6b5e652420267f0bb
2026:4072620261538351020,p0003,c_dcb61ff9a92a3152957c,64099b482564e7aa17f6b25b42d01dbd3df29427b94f70a24d491ec858cc79ef,r_e539c4db14c890028fc2,9,4acb74a94e107976dd432d93e00ce54a9dc041ddc3de81dbcf9284d201005511
2026:4072720261538403315,p0013,c_f403b4b143a23ffe823d,643fdee405b355b360904982e4d3c1deb2914780517ecdd205ac11e5a01a77de,r_2e07349418abdd1528c5,9,938f5e5e31027a82502cc4f45931241a0dc1daa6c6b2e16061ada9c64d9ded82
2026:4072720261538403316,p0013,c_f403b4b143a23ffe823d,a31613cebba01ac8cfc1d44f56ad475f402c9beccb2335fd9e38cdde85dc3ea8,r_2e07349418abdd1528c5,9,938f5e5e31027a82502cc4f45931241a0dc1daa6c6b2e16061ada9c64d9ded82
2026:4072720261538403317,p0013,c_f403b4b143a23ffe823d,f5f4682d7e6ec68b7d138b5876ba731460eb8524395e8704beab2e074228410c,r_2e07349418abdd1528c5,9,938f5e5e31027a82502cc4f45931241a0dc1daa6c6b2e16061ada9c64d9ded82
2026:4072720261538500654,p0015,c_dd05fcb5866322438262,0f3b7c77305a9e2f881b633de157c105303475f3bc939e79a809b640f073c887,r_f7a1a92ebd7a39e06876,9,7c69c8ee5b184648674e1743a4d66931e8d0beb2c3d7b3bd790f1ab8a76ae1cc
2026:4072720261538500675,p0004,c_c99e4c1e04a65f2743c2,4c131a831e91a5852698253bf053c2642e96adbd98c3c82d74463371fd3257d1,r_948475ee1ff681d1e65b,11,fa78e4ce8a403cc42a8258d033736cebf7575cd2d5196a97f8b946453fd73714
2026:4072720261538812498,p0002,c_43263d10d8d42de66ef1,b2aa482aa2806d490ad98f9fafdea48dea41d839724cd6790c1203ef4b175bc1,r_153f6f4b0d25713d8371,11,e78dcd2ea9088c453f153dac7ceaa97df3ea12520b49aac6b5e652420267f0bb
2026:4072820251212005112,p0015,c_57d8e01958a38820d7b3,fe2fc3f8af366146a387101b38728c92bd770555a7f59a8786a494beb825d46c,r_f7a1a92ebd7a39e06876,9,e1eeb1a02cf0c5e8880dcde66101d22100d9d3cc549caee3ae648fbe1c2a9692
2026:4072820251212006534,p0015,c_dd05fcb5866322438262,aa6a7786887b187566aae3cf379506c3d04e52516d3cda9dd40c48c077d1e7e2,r_f7a1a92ebd7a39e06876,9,7c69c8ee5b184648674e1743a4d66931e8d0beb2c3d7b3bd790f1ab8a76ae1cc
2026:4072820251212016378,p0004,c_c5b7995bf680414a0436,ae6ae703212b7f46db3596033a50d0e920224ef8ce0a8592d81d17babc89a239,r_948475ee1ff681d1e65b,11,c34d288aa28210b6c2263fe274a7cab983f2c5feedd5885c5e03a71af74627dd
2026:4072820251212027844,p0004,c_c99e4c1e04a65f2743c2,7eaaa10670d98257e7a30f7511a18b0a2b06ffecd238a7f1942de4ae3ed8ca6b,r_948475ee1ff681d1e65b,11,fa78e4ce8a403cc42a8258d033736cebf7575cd2d5196a97f8b946453fd73714
2026:4072820251212027846,p0004,c_c99e4c1e04a65f2743c2,b30d5adb01ca71f65f9a254e6b394eee871fda5bd87b99aef24990a177f19a6f,r_948475ee1ff681d1e65b,11,fa78e4ce8a403cc42a8258d033736cebf7575cd2d5196a97f8b946453fd73714
2026:4072820251212030788,p0010,c_433597abc27c16d5e313,59ee364a06538758ac24b315b9a43e7a8430245d9c0ae60e51809d0fd285de6d,r_36381ff366645780c532,11,b26bdd1cce1031dd2c4f3810d9406c3fb9da4a10fd115591a3ab3bffd587c5a9
2026:4072820261539190196,p0009,c_b9c6825d43fd2209aee5,06d05dcd7a520a0a9a8eb4dbc6af3b3729af39e632015a63143c81f9287368ab,r_dab5970845ebb9ffcf35,11,2f2727cdaad6c09f75103af92a1fbd8fabec12c1839c6a7bb33048d7f54c8e9f
2026:4072820261539208950,p0001,c_b9a5e7e193ecf8972f61,e05188f0ba5033039146c1d5fd2768b89552d6a750aefbb819bd13ac34dcfb93,r_e75b91aaab70b14a204d,8,ec2db475c4c6e46cb25a35f6f051a391a5a59817ab2a3009f1e17160d6c2ba54
2026:4072820261539223769,p0009,c_41645df146712ff21625,e3c3d06be1bef9cfc721e878c7ef8f2128558ce8768fd9a64a51e357c7f775f4,r_dab5970845ebb9ffcf35,6,05c6fce4b5e5b82838b059110431587339ab40c1ac1cf501f4606878da9311d0
2026:4072920251212250865,p0015,c_dd05fcb5866322438262,48a04d7fc86796f08ba0b421514a2e45dd60145f9a841233279e4692dbd6d015,r_f7a1a92ebd7a39e06876,9,7c69c8ee5b184648674e1743a4d66931e8d0beb2c3d7b3bd790f1ab8a76ae1cc
2026:4072920251212268104,p0002,c_4b64baaa01dc4eca3d70,e3c4d6290a0dbfbac8be36a945ce34974346b9e8fd852812e9caf9b4dbb9e094,r_153f6f4b0d25713d8371,11,ef446f70a3583fce1f4ac47f95eea9a1d202a1764f613d71fa79944220b4464e
2026:4072920251212268106,p0003,c_dcb61ff9a92a3152957c,ea198eb4316daa5c09861cd0fe6f106b5ef302d5c25a380a2b07a2d035854ddb,r_e539c4db14c890028fc2,9,4acb74a94e107976dd432d93e00ce54a9dc041ddc3de81dbcf9284d201005511
2026:4072920251212291686,p0015,c_dd05fcb5866322438262,6b9d8f3e24b845175fa2a2eb9b26ac08fa2e947f3511ffc9cd5fde48df52e022,r_f7a1a92ebd7a39e06876,9,7c69c8ee5b184648674e1743a4d66931e8d0beb2c3d7b3bd790f1ab8a76ae1cc
2026:4072920251212317553,p0002,c_4b64baaa01dc4eca3d70,960e42d668037e23a23f219126e829d40323a4581f0ccc6c72da0c12e52683a2,r_153f6f4b0d25713d8371,11,ef446f70a3583fce1f4ac47f95eea9a1d202a1764f613d71fa79944220b4464e
2026:4072920251212317561,p0019,c_8f805b8c99894bf05c9e,6cef635fd15f32a219fe83698d9d98fa3fc48a1f7f7a18b862b6f8a437e03a80,r_f842f8012b64a37416bc,9,fbb7dea7528c1e2682734e4ad5f21d9c72c7c901ef02b28eeda6fe36552ce896
2026:4072920251212317566,p0003,c_5c674a62aa12b11745d8,0415ac9774aaf25d92c5edfe9c800ad355d9e478970562d6c2edadff4dceb3f5,r_e539c4db14c890028fc2,9,4ca381839bd88f09b6497e6b28b0e9fd49dab0305cc331b586fdd5be9c32099b
2026:4072920251212345535,p0002,c_43263d10d8d42de66ef1,61e12f488f8724f5d7932eedbe55d32fa4a080ac96b889666b1f293e78e8bf22,r_153f6f4b0d25713d8371,11,e78dcd2ea9088c453f153dac7ceaa97df3ea12520b49aac6b5e652420267f0bb
2026:4072920251212345537,p0003,c_5c674a62aa12b11745d8,6e4389bf60fbe3238d3f8d039316cda984f9e9044b412b048f462649f0d60650,r_e539c4db14c890028fc2,9,4ca381839bd88f09b6497e6b28b0e9fd49dab0305cc331b586fdd5be9c32099b
2026:4072920251212428741,p0011,c_6d78c941e832e66bc5f5,1a307026d2d40886134f4404dd31c36bba39c0f6ed718c52ca7c7043b28a23d2,r_993179b21d5761402e8e,13,136e23c2659e614f7daf19e0e365c8a536cafb725e086191dc5d2f4ac7fabb57
2026:4072920251212434350,p0002,c_43263d10d8d42de66ef1,ae535480a2eff491a4a29da66eb1b74de4dde9b6a315971dd3134246818020df,r_153f6f4b0d25713d8371,11,e78dcd2ea9088c453f153dac7ceaa97df3ea12520b49aac6b5e652420267f0bb
2026:4072920251212434351,p0002,c_43263d10d8d42de66ef1,85f1ace86cd109709641a4024fd1aa2be693b971382ff28af14776b11234e90a,r_153f6f4b0d25713d8371,11,e78dcd2ea9088c453f153dac7ceaa97df3ea12520b49aac6b5e652420267f0bb
2026:4072920251212434367,p0003,c_5c674a62aa12b11745d8,35c2e70164d8984e2ac114d8cd57c65f8180b2d3f1d30bb6d4085ddd42aa9c87,r_e539c4db14c890028fc2,9,4ca381839bd88f09b6497e6b28b0e9fd49dab0305cc331b586fdd5be9c32099b
2026:4072920261539261303,p0007,c_abf35d9c28f3a0f3c606,527ec081f47b1af9256045c97b52cf9f780dceb08be56ae306758b32a84a14e6,r_d781d1e025b21b40484f,9,64cf955fc1434b5ee319310f41aafef5420c58c28474c6a7c5880095a888f47c
2026:4072920261539297410,p0015,c_57d8e01958a38820d7b3,0f0ea70d01ec7d40b8a4923690675706ed58a61be60a7c0626224c3df4fad611,r_f7a1a92ebd7a39e06876,9,e1eeb1a02cf0c5e8880dcde66101d22100d9d3cc549caee3ae648fbe1c2a9692
2026:4072920261539307423,p0004,c_c99e4c1e04a65f2743c2,ddff638c9c5f9ab493ace400897ae352397b5dfb77245c833e11834c5cb93a13,r_948475ee1ff681d1e65b,11,fa78e4ce8a403cc42a8258d033736cebf7575cd2d5196a97f8b946453fd73714
2026:4073020251212601736,p0015,c_dd05fcb5866322438262,bd4865fb430d0047b007ab1a3597d34eebd366840a2820916f8d96a93bf4c003,r_f7a1a92ebd7a39e06876,9,7c69c8ee5b184648674e1743a4d66931e8d0beb2c3d7b3bd790f1ab8a76ae1cc
2026:4073020251212725094,p0010,c_433597abc27c16d5e313,63f3aed9fe3288841a5900baf7fbc3f28135d4b982d920060e0d78a929d306b6,r_36381ff366645780c532,11,b26bdd1cce1031dd2c4f3810d9406c3fb9da4a10fd115591a3ab3bffd587c5a9
2026:4073020251212743660,p0009,c_b9c6825d43fd2209aee5,3f039d151da2f4d23e73bbe0f9a5b326f2101d1b8b12000bc603e167b882260e,r_dab5970845ebb9ffcf35,11,2f2727cdaad6c09f75103af92a1fbd8fabec12c1839c6a7bb33048d7f54c8e9f
2026:4073020261539721068,p0003,c_5c674a62aa12b11745d8,3d7ca71693c765492286a15e68d9ea1564ffe1df86b902c8240e2e6862f16b65,r_e539c4db14c890028fc2,9,4ca381839bd88f09b6497e6b28b0e9fd49dab0305cc331b586fdd5be9c32099b
2026:4073020261539800731,p0007,c_9c859fb024183d8954a6,29788da09d0950f19003501635ddc2d13f88a8d3888856973bd1a0956d4e3d4c,r_d781d1e025b21b40484f,9,d2cbf8c001b7c6c6c5c99a6e795d669e85cd83b561f4980de9fb8c0e3702cedd
2026:4073020261539816319,p0007,c_9c859fb024183d8954a6,ef3fdcd07ae2bc22b566a6287c71ffdadaeab193f45ae870b986d123058c8739,r_d781d1e025b21b40484f,9,d2cbf8c001b7c6c6c5c99a6e795d669e85cd83b561f4980de9fb8c0e3702cedd
2026:4073020261539816320,p0007,c_9c859fb024183d8954a6,00ccf6a580b5aeda83670787c19fd347f862f87bcf108f17ddfb4d7399984bdd,r_d781d1e025b21b40484f,9,d2cbf8c001b7c6c6c5c99a6e795d669e85cd83b561f4980de9fb8c0e3702cedd
2026:4073020261539816321,p0007,c_9c859fb024183d8954a6,b29815f3d6c82be7f86e3c531988a98496f67e50412e05505190fb2eb1899e7a,r_d781d1e025b21b40484f,9,d2cbf8c001b7c6c6c5c99a6e795d669e85cd83b561f4980de9fb8c0e3702cedd
2026:4073020261539817263,p0014,c_1822128dbb0e70f13b7d,aab14d2695c402579e4e987521eda1abd7ad35155bef47b0ed1a33d05781e13e,r_380f28d77df7a5db30a0,11,3730ea3adfe22f4ebbb2880a519ad669705118c89e210f07f7a9c1662d83b5e7
2026:4073120251212833072,p0002,c_43263d10d8d42de66ef1,6600e98db0943d8a78faf70f92ea62cca2c797cedd5ec90f4e38e25dcc3f7fab,r_153f6f4b0d25713d8371,11,e78dcd2ea9088c453f153dac7ceaa97df3ea12520b49aac6b5e652420267f0bb
2026:4073120251212833077,p0003,c_dcb61ff9a92a3152957c,659f44d15d9b6214918e8907b6bc21a0ae2e61b42531c8a61db7979335edfb39,r_e539c4db14c890028fc2,9,4acb74a94e107976dd432d93e00ce54a9dc041ddc3de81dbcf9284d201005511
2026:4073120251212867866,p0015,c_dd05fcb5866322438262,43082837012fd0bcd9e1abf18b2eaeab6374c2952b3ecc6fe5b42049a0db5a58,r_f7a1a92ebd7a39e06876,9,7c69c8ee5b184648674e1743a4d66931e8d0beb2c3d7b3bd790f1ab8a76ae1cc
2026:4073120251212998072,p0003,c_5c674a62aa12b11745d8,47178eb902762f8e46fbcdee2a8c8a106c58afc573e5051cdb8e0df79c495b9d,r_e539c4db14c890028fc2,9,4ca381839bd88f09b6497e6b28b0e9fd49dab0305cc331b586fdd5be9c32099b
2026:4073120251212998073,p0003,c_5c674a62aa12b11745d8,92f6f6347e649a4d8204427931db57039b760ebfa13a1d6005ff6793221096f1,r_e539c4db14c890028fc2,9,4ca381839bd88f09b6497e6b28b0e9fd49dab0305cc331b586fdd5be9c32099b
2026:4073120261540029250,p0009,c_03c7c6670557a4a9a5fc,bae5471e1a0113c55bca7379a1e8b50f8a37990118ad8bdac8b287042a3aaa1d,r_dab5970845ebb9ffcf35,11,f61a269b438925d79cead079b9b1469a1d7f449907dca134dac2f7a18b3c007f
2026:4073120261540029251,p0009,c_03c7c6670557a4a9a5fc,7f7514e55628787da6952c00fa7a24e0e8fafca472afb113b99be208f1437c04,r_dab5970845ebb9ffcf35,11,f61a269b438925d79cead079b9b1469a1d7f449907dca134dac2f7a18b3c007f
2026:4073120261540029252,p0009,c_03c7c6670557a4a9a5fc,4baaac6022527de2976cce82d16544a0b5102691038e2f070aaff35236ef89d3,r_dab5970845ebb9ffcf35,11,f61a269b438925d79cead079b9b1469a1d7f449907dca134dac2f7a18b3c007f
2026:4073120261540029253,p0009,c_03c7c6670557a4a9a5fc,0793929406a185dc325d7bb51f864d1cf655466b0ddb46ee69f77f282ce582d1,r_dab5970845ebb9ffcf35,11,f61a269b438925d79cead079b9b1469a1d7f449907dca134dac2f7a18b3c007f
2026:4073120261540029254,p0009,c_03c7c6670557a4a9a5fc,346949cfedf1db206cb55e0127f725ee48683c74489ff2c9b239e08f9bd7935a,r_dab5970845ebb9ffcf35,11,f61a269b438925d79cead079b9b1469a1d7f449907dca134dac2f7a18b3c007f
2026:4073120261540035931,p0009,c_b9c6825d43fd2209aee5,97f24de0255c31c3e7a8a734553a771672914d39435e3c98c2c9ccae07393c20,r_dab5970845ebb9ffcf35,11,2f2727cdaad6c09f75103af92a1fbd8fabec12c1839c6a7bb33048d7f54c8e9f
2026:4080120251213056781,p0015,c_57d8e01958a38820d7b3,a81150b31c424849b64ab288e09282a0a6efd4678053d4df2da037a0887d9d58,r_f7a1a92ebd7a39e06876,9,e1eeb1a02cf0c5e8880dcde66101d22100d9d3cc549caee3ae648fbe1c2a9692
2026:4080120261540161965,p0013,c_f403b4b143a23ffe823d,517ae28a901af3c56899682559d6817e473b9fa13f50cba9d6ab4f1674ae87a3,r_2e07349418abdd1528c5,9,938f5e5e31027a82502cc4f45931241a0dc1daa6c6b2e16061ada9c64d9ded82
2026:4080120261540162029,p0013,c_f403b4b143a23ffe823d,c2c939c143b67aaeaedfcfe87b7d96d0a51cd65648924b1e5d79cff52f681e51,r_2e07349418abdd1528c5,9,938f5e5e31027a82502cc4f45931241a0dc1daa6c6b2e16061ada9c64d9ded82
2026:4080120261540307357,p0013,c_f403b4b143a23ffe823d,cdd7036c8ddac42fe9047fdc93178665dc16cee2127b53bc0b6424db1f62daf3,r_2e07349418abdd1528c5,9,938f5e5e31027a82502cc4f45931241a0dc1daa6c6b2e16061ada9c64d9ded82
2026:4080120261540307359,p0013,c_f403b4b143a23ffe823d,31d2ff30b5b06fb4569b949d4cab6144c6bc8a457b6e2638fa0b9dbdbffdf835,r_2e07349418abdd1528c5,9,938f5e5e31027a82502cc4f45931241a0dc1daa6c6b2e16061ada9c64d9ded82
2026:4080120261540324827,p0013,c_f403b4b143a23ffe823d,1e886ac89e709c7e713ec6d7a145360778843cc4aacccb99b3c6fbff4e623882,r_2e07349418abdd1528c5,9,938f5e5e31027a82502cc4f45931241a0dc1daa6c6b2e16061ada9c64d9ded82
2026:4080120261540364474,p0006,c_1f85837f806a7c541efe,1f4ff08c2ff67de5eab756b0dcdbabfc6086c57f0fcd1dbb4ba9e87226f9572d,r_28d8ea5a232d0e6cda03,9,2f0cabca30f88707b171c703919ca1e962bd0fbb20ddb63fc4b42213667556c7
2026:4080220261540425636,p0001,c_3b4e2a05f2eee8ee1cdc,975217fa3214608f42ed7840522b4f83f0b8021372f56b4b052e3b58757df514,r_e75b91aaab70b14a204d,13,407c04763aab0fc3f8b35f9f14c99549bb8fd845574b08cdd3d7fefa486133b5
2026:4080220261540425638,p0001,c_3b4e2a05f2eee8ee1cdc,6a333bfe2f18d03c4ef72e150a96f566f40821f12a6877d6e5240b3f98a1adda,r_e75b91aaab70b14a204d,13,407c04763aab0fc3f8b35f9f14c99549bb8fd845574b08cdd3d7fefa486133b5
2026:4080220261540425640,p0001,c_3b4e2a05f2eee8ee1cdc,5797c78224cc262180ce674e97f69a78c188e78b0fc69525cad16bbda773f9af,r_e75b91aaab70b14a204d,13,407c04763aab0fc3f8b35f9f14c99549bb8fd845574b08cdd3d7fefa486133b5
2026:4080220261540425642,p0001,c_3b4e2a05f2eee8ee1cdc,c87f73b025099c3446020cefbe087114b7c1f941659aa47d00413978ed75b570,r_e75b91aaab70b14a204d,13,407c04763aab0fc3f8b35f9f14c99549bb8fd845574b08cdd3d7fefa486133b5
2026:4080220261540428960,p0001,c_3b4e2a05f2eee8ee1cdc,80c15e56a12bc2dc7b92e99f9a7cf307f425d7335ce74f957485803c13b0e8dc,r_e75b91aaab70b14a204d,13,407c04763aab0fc3f8b35f9f14c99549bb8fd845574b08cdd3d7fefa486133b5
2026:4080220261540450854,p0013,c_f403b4b143a23ffe823d,281783566910d541fbfbc58b2192a0235ff75e6eabd40ab1cc2ba4961b516293,r_2e07349418abdd1528c5,9,938f5e5e31027a82502cc4f45931241a0dc1daa6c6b2e16061ada9c64d9ded82
2026:4080220261540450856,p0013,c_f403b4b143a23ffe823d,1ac8feb253c549936851496efcfe0947dbf1699cf060138c80fd1f6c22a71bc3,r_2e07349418abdd1528c5,9,938f5e5e31027a82502cc4f45931241a0dc1daa6c6b2e16061ada9c64d9ded82
2026:4080320261540661583,p0003,c_5c674a62aa12b11745d8,2c9ec612129c8112455616a9d1825547d3f6beb109bb53cdf9c7f234f9b26c82,r_e539c4db14c890028fc2,9,4ca381839bd88f09b6497e6b28b0e9fd49dab0305cc331b586fdd5be9c32099b
2026:4080320261540675494,p0013,c_f403b4b143a23ffe823d,798830e6e9b9d873f4b2c9288afe2270ec79760ef46291d9147830618f1d0a01,r_2e07349418abdd1528c5,9,938f5e5e31027a82502cc4f45931241a0dc1daa6c6b2e16061ada9c64d9ded82
2026:4080320261540675576,p0013,c_f403b4b143a23ffe823d,5048f612dc61216814ba8631a42e262401bf0bd55bd5415feed84a16f019acec,r_2e07349418abdd1528c5,9,938f5e5e31027a82502cc4f45931241a0dc1daa6c6b2e16061ada9c64d9ded82
2026:4080320261540822028,p0013,c_f403b4b143a23ffe823d,3145add6933a0436f7c6ea9aef85e64114251eee5bea8af13bf8cabe74b43c73,r_2e07349418abdd1528c5,9,938f5e5e31027a82502cc4f45931241a0dc1daa6c6b2e16061ada9c64d9ded82
2026:4080320261540822030,p0013,c_f403b4b143a23ffe823d,49cfa14c62602bda1179329082b2b16ab1cf5a64b1cbd1e3e0ba1b51c44f2652,r_2e07349418abdd1528c5,9,938f5e5e31027a82502cc4f45931241a0dc1daa6c6b2e16061ada9c64d9ded82
2026:4080320261540926727,p0009,c_b9c6825d43fd2209aee5,639b60516e0237e9c0e21f8c99d1456000d1486ba8ece9ec9e51cebbd00eff32,r_dab5970845ebb9ffcf35,11,2f2727cdaad6c09f75103af92a1fbd8fabec12c1839c6a7bb33048d7f54c8e9f
2026:4080320261540964801,p0009,c_d2add8e8e44618bef589,955cfcb0944aea93e32852a72e27837fac4782c72fd884607db83f8f750fd286,r_dab5970845ebb9ffcf35,6,6daa303f6e8ca730285dd7124ca1a4bb585eac0859f35f1aea8ad7bece917ec8
2026:4080320261540964858,p0009,c_d2add8e8e44618bef589,687b195f89bb287c1fa1308c17e8f05fac7985f4e05bbebd7b005b8def5336a8,r_dab5970845ebb9ffcf35,6,6daa303f6e8ca730285dd7124ca1a4bb585eac0859f35f1aea8ad7bece917ec8
2026:4080420251213165996,p0011,c_6d78c941e832e66bc5f5,a09b5d5f8d78c3611b5662b6ef0251e5f49a4120f31f7720178c82b80bf84d46,r_993179b21d5761402e8e,13,136e23c2659e614f7daf19e0e365c8a536cafb725e086191dc5d2f4ac7fabb57
2026:4080420251213169801,p0002,c_4b64baaa01dc4eca3d70,056f6895b0ad66a113360e0729062e9d76004cf5debbbefe9fe7c726b227c6e1,r_153f6f4b0d25713d8371,11,ef446f70a3583fce1f4ac47f95eea9a1d202a1764f613d71fa79944220b4464e
2026:4080420251213169805,p0003,c_5c674a62aa12b11745d8,ab5814d6e2e63792b28d79c2a3439fc307c52c65b01f1a46657622a171f59dd5,r_e539c4db14c890028fc2,9,4ca381839bd88f09b6497e6b28b0e9fd49dab0305cc331b586fdd5be9c32099b
2026:4080420251213174192,p0002,c_43263d10d8d42de66ef1,86761f2d1d20b02c9ea0bd00c65aebbf1fb20628cc91f9d7eb1f998c96a8f1b6,r_153f6f4b0d25713d8371,11,e78dcd2ea9088c453f153dac7ceaa97df3ea12520b49aac6b5e652420267f0bb
2026:4080420251213174194,p0003,c_dcb61ff9a92a3152957c,00880e05d62b31aa312da0c118d1bcae76287e7b05a2e90e67577adc7354ec25,r_e539c4db14c890028fc2,9,4acb74a94e107976dd432d93e00ce54a9dc041ddc3de81dbcf9284d201005511
2026:4080420251213174512,p0011,c_62f041317a9dedf290d4,5dfe5dddfbe5cd940ca3f32f0219815fbf60033f7d7e8ddb8867a6dfc814a6f0,r_993179b21d5761402e8e,11,1d9b6961bd88e4568e846107cf3b8ae775c12896476123fec884374b20e67425
2026:4080420261541065629,p0009,c_b9c6825d43fd2209aee5,7fc81c1f0a1070c6de6c3c9417186fdaddb8e52f05e4f60c5206f33d134c3d72,r_dab5970845ebb9ffcf35,11,2f2727cdaad6c09f75103af92a1fbd8fabec12c1839c6a7bb33048d7f54c8e9f
2026:4080420261541070147,p0013,c_f403b4b143a23ffe823d,7aa0f08a5015510b91fa12beeea6ae42e73c121a96dd3e2e1c76a5c64f67d1f6,r_2e07349418abdd1528c5,9,938f5e5e31027a82502cc4f45931241a0dc1daa6c6b2e16061ada9c64d9ded82
2026:4080420261541070148,p0013,c_f403b4b143a23ffe823d,ff457f4bc9075c54cfde4199063a4373f6d397bbe164ae798105437ad0797905,r_2e07349418abdd1528c5,9,938f5e5e31027a82502cc4f45931241a0dc1daa6c6b2e16061ada9c64d9ded82
2026:4080420261541070149,p0013,c_f403b4b143a23ffe823d,a2e934bd607672ca682fecbd6a622a3daa539b2a05ca9cc917ff42c79d89ba9f,r_2e07349418abdd1528c5,9,938f5e5e31027a82502cc4f45931241a0dc1daa6c6b2e16061ada9c64d9ded82
2026:4080420261541117748,p0002,c_43263d10d8d42de66ef1,8d8ebb8667754d26da6801a049269013b093082f0948f8e123dc9b8090108ca9,r_153f6f4b0d25713d8371,11,e78dcd2ea9088c453f153dac7ceaa97df3ea12520b49aac6b5e652420267f0bb
2026:4080420261541117751,p0003,c_5c674a62aa12b11745d8,8cbe3d92e84072ecf3151e59e40d4f5fc49e12c9ae71106fb060b6a34bf65f11,r_e539c4db14c890028fc2,9,4ca381839bd88f09b6497e6b28b0e9fd49dab0305cc331b586fdd5be9c32099b
2026:4080420261541178815,p0013,c_f403b4b143a23ffe823d,fa520694bf40a493acc695f39414d8c2f273ad57668f560a7085a3e6128f0ea6,r_2e07349418abdd1528c5,9,938f5e5e31027a82502cc4f45931241a0dc1daa6c6b2e16061ada9c64d9ded82
2026:4080420261541178816,p0013,c_f403b4b143a23ffe823d,00605fdd6b426f9e3d7a90f9d8f7df0f7a6c34aaa29d979e28d4109670f279b1,r_2e07349418abdd1528c5,9,938f5e5e31027a82502cc4f45931241a0dc1daa6c6b2e16061ada9c64d9ded82
2026:4080420261541178817,p0013,c_f403b4b143a23ffe823d,be27f1c1e808fc4b1fbdcc38bb77c1e799b6490f013e13fb864663513435dfbf,r_2e07349418abdd1528c5,9,938f5e5e31027a82502cc4f45931241a0dc1daa6c6b2e16061ada9c64d9ded82
2026:4080420261541201338,p0013,c_f403b4b143a23ffe823d,2cf875330f4e9f09431b0294ce3572b7805cd8faa0708fb562c64b6abaa4c734,r_2e07349418abdd1528c5,9,938f5e5e31027a82502cc4f45931241a0dc1daa6c6b2e16061ada9c64d9ded82
2026:4080420261541201339,p0013,c_f403b4b143a23ffe823d,c691e904ee8bc1803cb5bee9c2f0ff89593da9fb7e18c10d124906e3a5c08858,r_2e07349418abdd1528c5,9,938f5e5e31027a82502cc4f45931241a0dc1daa6c6b2e16061ada9c64d9ded82
2026:4080420261541261010,p0003,c_5c674a62aa12b11745d8,8bc2ee40d7485f47041a4f15ed904e9f6f12ed4a9ec00f32f3df614c91807f92,r_e539c4db14c890028fc2,9,4ca381839bd88f09b6497e6b28b0e9fd49dab0305cc331b586fdd5be9c32099b
2026:4080420261541261050,p0003,c_5c674a62aa12b11745d8,02b85a37a248d1a21a7f48ff5bb33d2e52480d111d031c54fbc2ea8f93b0dbd3,r_e539c4db14c890028fc2,9,4ca381839bd88f09b6497e6b28b0e9fd49dab0305cc331b586fdd5be9c32099b
2026:4080420261542013675,p0015,c_edff13caa61075e2d07b,097ca542bb7a5561a703e37bf197b5d7c352a3b7ccad9377b7c001823352b3b3,r_f7a1a92ebd7a39e06876,4,ace35e9722d1b28c4bb681e240965a7841d0394089aa337279f0a555db53f082
2026:4080420261549218009,p0009,c_b9c6825d43fd2209aee5,5c9b342a8ee89a0517ce2ddb2d6c72c08da3b221e7c72cec8ed8c11e631a9a31,r_dab5970845ebb9ffcf35,11,2f2727cdaad6c09f75103af92a1fbd8fabec12c1839c6a7bb33048d7f54c8e9f
2026:4080420261549232930,p0013,c_f403b4b143a23ffe823d,699eb93af9cfc1fc15fa1664dd85def00d894e9e3b1a0f3e1c044d573fae9bcc,r_2e07349418abdd1528c5,9,938f5e5e31027a82502cc4f45931241a0dc1daa6c6b2e16061ada9c64d9ded82
2026:4080420261549232951,p0013,c_f403b4b143a23ffe823d,702b405cdfa7d8f2abd2765b08612e5ad207e4179aae15c2d75588c66e5978aa,r_2e07349418abdd1528c5,9,938f5e5e31027a82502cc4f45931241a0dc1daa6c6b2e16061ada9c64d9ded82
2026:4080420261549233134,p0011,c_6d78c941e832e66bc5f5,4751871bd09b2a41cbe8a1dfff2e17c2b7d70bec6d03a6bc67088444202c1a61,r_993179b21d5761402e8e,13,136e23c2659e614f7daf19e0e365c8a536cafb725e086191dc5d2f4ac7fabb57
2026:4080520251213319085,p0002,c_43263d10d8d42de66ef1,cdda5cec45c30776af7ccbe9778e355bcacc68999eb72b7e8474d37525943373,r_153f6f4b0d25713d8371,11,e78dcd2ea9088c453f153dac7ceaa97df3ea12520b49aac6b5e652420267f0bb
2026:4080520251213319086,p0002,c_43263d10d8d42de66ef1,e9eb4d045fe1bbfaf5b9453d6603617354c5679d4c4d10cdf15123ca4dd0db7b,r_153f6f4b0d25713d8371,11,e78dcd2ea9088c453f153dac7ceaa97df3ea12520b49aac6b5e652420267f0bb
2026:4080520251213319127,p0003,c_5c674a62aa12b11745d8,735f2b66ae3be28c550bf8406699ff4c4b3ff8d150d3ff1c28386e164e103bae,r_e539c4db14c890028fc2,9,4ca381839bd88f09b6497e6b28b0e9fd49dab0305cc331b586fdd5be9c32099b
2026:4080520251213319128,p0003,c_5c674a62aa12b11745d8,1bfe5c0bc89a725bf63f8297a48ba2696867c9aad710fc793ef303efc6a0593b,r_e539c4db14c890028fc2,9,4ca381839bd88f09b6497e6b28b0e9fd49dab0305cc331b586fdd5be9c32099b
2026:4080520261555568749,p0015,c_57d8e01958a38820d7b3,3cf18bbcd210eec252159b29aebe793220e70e21c2e6681628f68bf5ea8ecfe7,r_f7a1a92ebd7a39e06876,9,e1eeb1a02cf0c5e8880dcde66101d22100d9d3cc549caee3ae648fbe1c2a9692
2026:4080520261555568750,p0015,c_57d8e01958a38820d7b3,e89f4b13a383f9588e0845f53558d7bfbe122e1abdc59fa82b401564e2c642fd,r_f7a1a92ebd7a39e06876,9,e1eeb1a02cf0c5e8880dcde66101d22100d9d3cc549caee3ae648fbe1c2a9692
2026:4080520261555574810,p0013,c_f403b4b143a23ffe823d,65e562772175633a2e38f2806c6663bc7c29e27752803d1b57194282584bda8c,r_2e07349418abdd1528c5,9,938f5e5e31027a82502cc4f45931241a0dc1daa6c6b2e16061ada9c64d9ded82
2026:4080520261555574812,p0013,c_f403b4b143a23ffe823d,ffc3e20f14e4cc418f1723e9b7f8db3d1b11cb0108652725ba4fab09c3a1ba2f,r_2e07349418abdd1528c5,9,938f5e5e31027a82502cc4f45931241a0dc1daa6c6b2e16061ada9c64d9ded82
2026:4080520261555596635,p0009,c_b9c6825d43fd2209aee5,0ce2321444f54ff5998260c4f15bc17cfeb3978620fa330819be7620b71fa2ee,r_dab5970845ebb9ffcf35,11,2f2727cdaad6c09f75103af92a1fbd8fabec12c1839c6a7bb33048d7f54c8e9f
2026:4080520261555600791,p0013,c_f403b4b143a23ffe823d,6dcfb8bc77ab5069fa0cdcac204b0b2665a73b5ce0620ebd19ed6b1e99b8e9d8,r_2e07349418abdd1528c5,9,938f5e5e31027a82502cc4f45931241a0dc1daa6c6b2e16061ada9c64d9ded82
2026:4080520261555600793,p0013,c_f403b4b143a23ffe823d,f94d961c939aa77c57564e798fd91fbd62c7b58c1049b1c470580cdb7b831a29,r_2e07349418abdd1528c5,9,938f5e5e31027a82502cc4f45931241a0dc1daa6c6b2e16061ada9c64d9ded82
2026:4080520261557297280,p0011,c_6d78c941e832e66bc5f5,c65afdd2df0599e385d5abee2ec98baa3a8b7f47f03bf4b5a3ba1f1e67b874b0,r_993179b21d5761402e8e,13,136e23c2659e614f7daf19e0e365c8a536cafb725e086191dc5d2f4ac7fabb57
2026:4080520261558485587,p0011,c_6d78c941e832e66bc5f5,0159f2cdd258a06e960f453f7d8f633e89bedd5ed246dbc715b8473159435e90,r_993179b21d5761402e8e,13,136e23c2659e614f7daf19e0e365c8a536cafb725e086191dc5d2f4ac7fabb57
2026:4080520261559986846,p0013,c_f403b4b143a23ffe823d,4c868565084aa3d9dd8749abca49025e512b31e09767eb818310141fe0393577,r_2e07349418abdd1528c5,9,938f5e5e31027a82502cc4f45931241a0dc1daa6c6b2e16061ada9c64d9ded82
2026:4080520261560052624,p0013,c_f403b4b143a23ffe823d,41969dfbb735505edb62441975fb0f9a4b7c78ae9d809f87e9e384fea20f1081,r_2e07349418abdd1528c5,9,938f5e5e31027a82502cc4f45931241a0dc1daa6c6b2e16061ada9c64d9ded82
2026:4080520261560282404,p0013,c_f403b4b143a23ffe823d,d528a9179052dba59c93877b62685192a83321a40a701d6d7296f551909bf5f1,r_2e07349418abdd1528c5,9,938f5e5e31027a82502cc4f45931241a0dc1daa6c6b2e16061ada9c64d9ded82
2026:4080520261560396003,p0013,c_f403b4b143a23ffe823d,ea7b0a207b41a36a6f059d28cb7956b2f207e6dbefc675a28dd934301892a987,r_2e07349418abdd1528c5,9,938f5e5e31027a82502cc4f45931241a0dc1daa6c6b2e16061ada9c64d9ded82
2026:4080520261560397215,p0009,c_b9c6825d43fd2209aee5,a5869f8206ddf6a6b9cd7cfed4c7ead560965e634ee7ebc849d656855087dfa2,r_dab5970845ebb9ffcf35,11,2f2727cdaad6c09f75103af92a1fbd8fabec12c1839c6a7bb33048d7f54c8e9f
2026:4080520261560475530,p0013,c_f403b4b143a23ffe823d,3383a08b632a159c9d58a9ae27869f3a549803d208e3a260847cd570ffb9035a,r_2e07349418abdd1528c5,9,938f5e5e31027a82502cc4f45931241a0dc1daa6c6b2e16061ada9c64d9ded82
2026:4080520261560528381,p0013,c_f403b4b143a23ffe823d,f2ced9dc2b7c1a69af02b11781e00cf55cd9cfee7e06a652668d67622294c72c,r_2e07349418abdd1528c5,9,938f5e5e31027a82502cc4f45931241a0dc1daa6c6b2e16061ada9c64d9ded82
2026:4080520261560588552,p0013,c_f403b4b143a23ffe823d,cfa79f03119149aa7df78984d37ff9035da44be918a03ba4581c22bce01db3fb,r_2e07349418abdd1528c5,9,938f5e5e31027a82502cc4f45931241a0dc1daa6c6b2e16061ada9c64d9ded82
2026:4080520261560624253,p0013,c_f403b4b143a23ffe823d,bef116eb9df26ff7291140b717af7ca83a313acf1631e91ed3b0ef90e7794fb1,r_2e07349418abdd1528c5,9,938f5e5e31027a82502cc4f45931241a0dc1daa6c6b2e16061ada9c64d9ded82
2026:4080520261560624913,p0013,c_f403b4b143a23ffe823d,639c8a65d78e16488233eda06b9f139150825ee2810740d2db07b8f2bbe0c946,r_2e07349418abdd1528c5,9,938f5e5e31027a82502cc4f45931241a0dc1daa6c6b2e16061ada9c64d9ded82
2026:4080520261560629491,p0013,c_f403b4b143a23ffe823d,41d8dabc04d4b56d2de18266f3e7ddda7e357b26d5f9d8156e923fe57b2e8885,r_2e07349418abdd1528c5,9,938f5e5e31027a82502cc4f45931241a0dc1daa6c6b2e16061ada9c64d9ded82
2026:4080520261560659625,p0013,c_f403b4b143a23ffe823d,b6e36a8f14e66ee2586545335177cb28d24cd5aebf449d6cce9c831b4dc57c86,r_2e07349418abdd1528c5,9,938f5e5e31027a82502cc4f45931241a0dc1daa6c6b2e16061ada9c64d9ded82
2026:4080520261560746319,p0013,c_f403b4b143a23ffe823d,27c7334e0ace52fc3426e6f3a4eb4427647c27e879a0ab82a558e438e9045acb,r_2e07349418abdd1528c5,9,938f5e5e31027a82502cc4f45931241a0dc1daa6c6b2e16061ada9c64d9ded82
2026:4080520261560845215,p0013,c_f403b4b143a23ffe823d,9da954c068780889cdb23fc4412904fc91d35b9f647e4d4477076d13bf6982ac,r_2e07349418abdd1528c5,9,938f5e5e31027a82502cc4f45931241a0dc1daa6c6b2e16061ada9c64d9ded82
2026:4080520261560857347,p0013,c_f403b4b143a23ffe823d,f555d320c0f9b59cec0f6a73649425ee57961032ac6ef8e22041a5c76a05d1dd,r_2e07349418abdd1528c5,9,938f5e5e31027a82502cc4f45931241a0dc1daa6c6b2e16061ada9c64d9ded82
2026:4080520261560893795,p0013,c_f403b4b143a23ffe823d,b4ff6bfe94a917c982cba007358ee4ed88a33ff8c32f6194baf9cbf4b4412009,r_2e07349418abdd1528c5,9,938f5e5e31027a82502cc4f45931241a0dc1daa6c6b2e16061ada9c64d9ded82
2026:4080520261560899617,p0013,c_f403b4b143a23ffe823d,f1b840805cb6478b9a96f72f1574fa483a8c1416f4e037272397b9d6f0326251,r_2e07349418abdd1528c5,9,938f5e5e31027a82502cc4f45931241a0dc1daa6c6b2e16061ada9c64d9ded82
2026:4080520261560907699,p0013,c_f403b4b143a23ffe823d,244b91077b4646e84f84510ae6e65eb6700d392c159ab9185930226fa3d0a98b,r_2e07349418abdd1528c5,9,938f5e5e31027a82502cc4f45931241a0dc1daa6c6b2e16061ada9c64d9ded82
2026:4080520261561232890,p0014,c_1822128dbb0e70f13b7d,d707abaa6d02fad0a160a4fec94d1b9933dc66d02148ddd3c2525a7128abdd9b,r_380f28d77df7a5db30a0,11,3730ea3adfe22f4ebbb2880a519ad669705118c89e210f07f7a9c1662d83b5e7
2026:4080520261563444454,p0009,c_b9c6825d43fd2209aee5,660857173e94c3d7fee74d1eb2448f5a3181fb5e7a46b1356e70abc7a56e1dc4,r_dab5970845ebb9ffcf35,11,2f2727cdaad6c09f75103af92a1fbd8fabec12c1839c6a7bb33048d7f54c8e9f
2026:4080520261563452209,p0009,c_b9c6825d43fd2209aee5,ccd98a8863b7bf8d3b27a246204afb6f5e84c4e85a3d258fca8f0a087a6d1eac,r_dab5970845ebb9ffcf35,11,2f2727cdaad6c09f75103af92a1fbd8fabec12c1839c6a7bb33048d7f54c8e9f
2026:4080520261563455421,p0009,c_b9c6825d43fd2209aee5,d01cacfac43c1820c495e91dcaa42d0e74f456b969afc96417f6c443d57b9cd7,r_dab5970845ebb9ffcf35,11,2f2727cdaad6c09f75103af92a1fbd8fabec12c1839c6a7bb33048d7f54c8e9f
2026:4080520261563458974,p0009,c_b9c6825d43fd2209aee5,37959491c13fa3d3d844c2b55db04e23080441568bef314e027c667980213248,r_dab5970845ebb9ffcf35,11,2f2727cdaad6c09f75103af92a1fbd8fabec12c1839c6a7bb33048d7f54c8e9f
2026:4080520261563487524,p0009,c_b9c6825d43fd2209aee5,e3751b373fae3e17c467f79207685dacbb3af4d25afd674e6ff7f70838952838,r_dab5970845ebb9ffcf35,11,2f2727cdaad6c09f75103af92a1fbd8fabec12c1839c6a7bb33048d7f54c8e9f
2026:4080520261563494648,p0009,c_b9c6825d43fd2209aee5,1cc567f1b4cc7bf7b4f07257d43efbc320cb40590a54381dc511d5cb05bac7c5,r_dab5970845ebb9ffcf35,11,2f2727cdaad6c09f75103af92a1fbd8fabec12c1839c6a7bb33048d7f54c8e9f
2026:4080520261563798213,p0013,c_f403b4b143a23ffe823d,6c2ed03078fa4e4906ba7f71bb8de7fee3553626549aaaf239d457847c81714c,r_2e07349418abdd1528c5,9,938f5e5e31027a82502cc4f45931241a0dc1daa6c6b2e16061ada9c64d9ded82
2026:4080520261563798214,p0013,c_f403b4b143a23ffe823d,7a5b84d50cc0c99699cce884919d0aba2c24cc6074e1a316dfa602afcae5d53c,r_2e07349418abdd1528c5,9,938f5e5e31027a82502cc4f45931241a0dc1daa6c6b2e16061ada9c64d9ded82
2026:4080520261563801080,p0013,c_3c4381231eeaf4ed1cf3,bda76373ba9689bef13af74765f67a2fba8da26db9d4f8ebea4247a0ad1dc8d1,r_2e07349418abdd1528c5,5,db552678aac2843dba2574783387d27801ee001fe29539deac1f6d1c3dd9676f
2026:4080520261563801082,p0013,c_3c4381231eeaf4ed1cf3,b05e29dd3f513ccd015889d18577b39d8babd23f8cbecf9ccff6697ddd666323,r_2e07349418abdd1528c5,5,db552678aac2843dba2574783387d27801ee001fe29539deac1f6d1c3dd9676f
2026:4080520261563811643,p0002,c_ab59e8afb75032c13440,6f02946f9168ab33916e78733e1a723405c0b7ad167db22242e5fb037e7b4f3f,r_153f6f4b0d25713d8371,9,1c83b520538d0ae735a1969bf60b263cb283469a8a8828bccef041fec06b56d3
2026:4080520261563885221,p0013,c_f403b4b143a23ffe823d,452832bdd0963c8b653464ef79497e6da04d04bab0255ea1eaf306df764b071b,r_2e07349418abdd1528c5,9,938f5e5e31027a82502cc4f45931241a0dc1daa6c6b2e16061ada9c64d9ded82
2026:4080520261563885222,p0013,c_f403b4b143a23ffe823d,2461468a250a823e042d2d4efe58db2cd33e4af1b5b2db50989e717a5562f04c,r_2e07349418abdd1528c5,9,938f5e5e31027a82502cc4f45931241a0dc1daa6c6b2e16061ada9c64d9ded82
2026:4080520261563885223,p0013,c_f403b4b143a23ffe823d,a05cb19d15ac582f03ba472e37f24c377932fd90ccd6cb225301e532b3d7238a,r_2e07349418abdd1528c5,9,938f5e5e31027a82502cc4f45931241a0dc1daa6c6b2e16061ada9c64d9ded82
2026:4080520261563964652,p0002,c_7483de417888bfb565df,276b4dd265d8f3908a98d6be305c750726b6c55005a20aacde4de13e5a0fe5f6,r_153f6f4b0d25713d8371,9,4b118fac0eae6d36d1f131bbc641a994b645ad26742601234ff416b4f677b43a
2026:4080520261563964655,p0003,c_32cf668c13defe40068b,69e5c2cbf4102722d636cdcc31b22642bb8aae7e71e63739fadf8544db73c991,r_e539c4db14c890028fc2,7,ffc99fabad2d3af4f60a7fc7706abfd14aa47313cb2469b0a0dc8aa19b32394c
2026:4080520261563975212,p0013,c_f403b4b143a23ffe823d,96be62c38293b627f5f080bc4dbca32a0b05a0b416e48957a60bee1f8ba95159,r_2e07349418abdd1528c5,9,938f5e5e31027a82502cc4f45931241a0dc1daa6c6b2e16061ada9c64d9ded82
2026:4080520261570240739,p0003,c_524b26b63f43fa5adc9c,d9617023dedf73f1f4872f155d73633a23f16653979c5cc82bd79775c51e8e9d,r_e539c4db14c890028fc2,4,48dcd5c99ff49762ca1ae90d64b5034bb30da45c42591b42f095e5e7bba09934
2026:4080520261570240781,p0002,c_ba6b8c476a6afc66cf9a,721db16199265ec6068f0ef0f906e90b1fd299f395d1d82f10e6061674880e08,r_153f6f4b0d25713d8371,6,e1f8a1e4be0d9312232043b549a9911c3ec94550311a4e1ffe2fb085e062a972
2026:4080620251215503106,p0014,c_1822128dbb0e70f13b7d,21df56577f113f9ad04ca0c5f4770b0391c8294746250662a40267a0d3da19ab,r_380f28d77df7a5db30a0,11,3730ea3adfe22f4ebbb2880a519ad669705118c89e210f07f7a9c1662d83b5e7
2026:4080620251215503209,p0004,c_c99e4c1e04a65f2743c2,e1c4d3ebbe00f777f26f4c0e4cc163582a679508d2f5b38addc73ead36533cab,r_948475ee1ff681d1e65b,11,fa78e4ce8a403cc42a8258d033736cebf7575cd2d5196a97f8b946453fd73714
2026:4080620251215507126,p0002,c_4b64baaa01dc4eca3d70,35bb2c82f1d454620c5cdc4b7265426132ca4b6fc54a719935b132046f424979,r_153f6f4b0d25713d8371,11,ef446f70a3583fce1f4ac47f95eea9a1d202a1764f613d71fa79944220b4464e
2026:4080620251215507154,p0003,c_5c674a62aa12b11745d8,d21c694684c2d4dce68fc44cf928a44038843e80133e51336780471f95012755,r_e539c4db14c890028fc2,9,4ca381839bd88f09b6497e6b28b0e9fd49dab0305cc331b586fdd5be9c32099b
2026:4080620251215512735,p0010,c_433597abc27c16d5e313,2e669859f14d88fde1351c90ba890c1209dc5a50b93a0e5189ac28ac942450ef,r_36381ff366645780c532,11,b26bdd1cce1031dd2c4f3810d9406c3fb9da4a10fd115591a3ab3bffd587c5a9
2026:4080620251215532320,p0014,c_1822128dbb0e70f13b7d,f5116d4f6d0c7656e7d6916794fd409275c2c05fcf975bfa7775a0afb1a5eea7,r_380f28d77df7a5db30a0,11,3730ea3adfe22f4ebbb2880a519ad669705118c89e210f07f7a9c1662d83b5e7
2026:4080620251215532450,p0003,c_5c674a62aa12b11745d8,4403e0e81e9293207f9a6008230d5777ae3248de5003c207eb58ec60ed104a5b,r_e539c4db14c890028fc2,9,4ca381839bd88f09b6497e6b28b0e9fd49dab0305cc331b586fdd5be9c32099b
2026:4080620251215533596,p0015,c_57d8e01958a38820d7b3,c8a9f61dd1a4a33b54b9b7eda77781d30df29b3a9f672dc6194e98666d61e84c,r_f7a1a92ebd7a39e06876,9,e1eeb1a02cf0c5e8880dcde66101d22100d9d3cc549caee3ae648fbe1c2a9692
2026:4080620251215533897,p0008,c_eb5f4b964135272e086d,77182b4839ea6e3e3cd9aa14f39e800fac1ed6c8cd39ebce2b91b085af096dcb,r_ea71451d245b6218d4f0,10,4104a539a5e79b0ac055d000d70e89d27ac78b43271d1b875a01d4f10bc71c93
2026:4080620251215534664,p0002,c_43263d10d8d42de66ef1,f161cd2cb6b25c0b2420a305c23a6adc2a30d0dbc578e9b8f0ea13f5f47b0047,r_153f6f4b0d25713d8371,11,e78dcd2ea9088c453f153dac7ceaa97df3ea12520b49aac6b5e652420267f0bb
2026:4080620251215534671,p0003,c_5c674a62aa12b11745d8,b59b9abcd302d3e28498e93e09d9d0d56e54a69cd3eedd6d5fc7afed845e1be5,r_e539c4db14c890028fc2,9,4ca381839bd88f09b6497e6b28b0e9fd49dab0305cc331b586fdd5be9c32099b
2026:4080620251215545268,p0004,c_c99e4c1e04a65f2743c2,8f3beaba57dda5ceed137c6b53216399c0a870fa966777b3f69cef19164f33ed,r_948475ee1ff681d1e65b,11,fa78e4ce8a403cc42a8258d033736cebf7575cd2d5196a97f8b946453fd73714
2026:4080620251215545270,p0004,c_c99e4c1e04a65f2743c2,19240146cd614d3630f32b32746d3faf7457c9bd5bbd08cde0897bfd0895671a,r_948475ee1ff681d1e65b,11,fa78e4ce8a403cc42a8258d033736cebf7575cd2d5196a97f8b946453fd73714
2026:4080620251215545271,p0004,c_c99e4c1e04a65f2743c2,392214fc86583c77825226b5f5b4187f223a28c5f8a91ef9e53f1c97c32a5894,r_948475ee1ff681d1e65b,11,fa78e4ce8a403cc42a8258d033736cebf7575cd2d5196a97f8b946453fd73714
2026:4080620261570288497,p0013,c_f403b4b143a23ffe823d,24f710313cc230adbb3684c5162c714608cc1afbd43fac5df1b3a3d4b8367ad7,r_2e07349418abdd1528c5,9,938f5e5e31027a82502cc4f45931241a0dc1daa6c6b2e16061ada9c64d9ded82
2026:4080620261570288499,p0013,c_f403b4b143a23ffe823d,1b1ff1f7746d28f5b505b4ffb8c08212975b3a706a684376148112372ed2932c,r_2e07349418abdd1528c5,9,938f5e5e31027a82502cc4f45931241a0dc1daa6c6b2e16061ada9c64d9ded82
2026:4080620261570364035,p0013,c_f403b4b143a23ffe823d,a5d96a3ee10bafa13db4d4194edc761708bdec190d47637b8ad70da8b755f53e,r_2e07349418abdd1528c5,9,938f5e5e31027a82502cc4f45931241a0dc1daa6c6b2e16061ada9c64d9ded82
2026:4080620261570364036,p0013,c_f403b4b143a23ffe823d,bb9fa75fa675704792cbf79c503767471adf150b1b7f48941b38607ae1819716,r_2e07349418abdd1528c5,9,938f5e5e31027a82502cc4f45931241a0dc1daa6c6b2e16061ada9c64d9ded82
2026:4080620261570364037,p0013,c_f403b4b143a23ffe823d,25bce19036912cc67a43929cae5fcdd745dce4292f617ce0b1a407f388621514,r_2e07349418abdd1528c5,9,938f5e5e31027a82502cc4f45931241a0dc1daa6c6b2e16061ada9c64d9ded82
2026:4080620261570425518,p0013,c_f403b4b143a23ffe823d,8043aef0f34b4b3e1e5a1524aa030b7db2ea2dbfa4a440b30ae6ac145e14aa4a,r_2e07349418abdd1528c5,9,938f5e5e31027a82502cc4f45931241a0dc1daa6c6b2e16061ada9c64d9ded82
2026:4080620261570425520,p0013,c_f403b4b143a23ffe823d,438ce3014a4a9d691072013594d0bfd628a736da59e27ff823f9cd690b820382,r_2e07349418abdd1528c5,9,938f5e5e31027a82502cc4f45931241a0dc1daa6c6b2e16061ada9c64d9ded82
2026:4080620261570425778,p0013,c_f403b4b143a23ffe823d,300c005d047b514545a4a169db3b6e5fd964d241960914db333fc65f531ec52f,r_2e07349418abdd1528c5,9,938f5e5e31027a82502cc4f45931241a0dc1daa6c6b2e16061ada9c64d9ded82
2026:4080620261570425780,p0013,c_f403b4b143a23ffe823d,13a9b5e1d6cb61d5a2bd892343e54d330cdedde545eaa022767c3597560e9d52,r_2e07349418abdd1528c5,9,938f5e5e31027a82502cc4f45931241a0dc1daa6c6b2e16061ada9c64d9ded82
2026:4080620261570426231,p0003,c_bb9af8b91632d1a8b3e3,cc524b669bbb581a80add513aa7866057ab2773a7d056caff9027878fa96bbb9,r_e539c4db14c890028fc2,5,5462ed7e771e55c111715e03aed65d88d788b345867467a478b6599393691f96
2026:4080620261570437172,p0003,c_5c674a62aa12b11745d8,dcd89110b98ab7c706abbb8c154a235b5629bef0dc23b28d4801c4c2d5da4c7f,r_e539c4db14c890028fc2,9,4ca381839bd88f09b6497e6b28b0e9fd49dab0305cc331b586fdd5be9c32099b
2026:4080620261570447648,p0003,c_524b26b63f43fa5adc9c,60e9dcd365a766dfadcfbcdbab238716c4a8e00cc5c5680e03d3d9f1ed60ce27,r_e539c4db14c890028fc2,4,48dcd5c99ff49762ca1ae90d64b5034bb30da45c42591b42f095e5e7bba09934
2026:4080620261570452385,p0011,c_79d82a83c0673ddaf64b,e707a99bacf5f164c5c45e8aef327558e2f27159632e996b469ff76c6bacdc7b,r_993179b21d5761402e8e,8,ab04c3dcc8637110443818adb8887d2ed340163a2438a311e937146d8dab6c2e
2026:4080720251215594882,p0002,c_4b5b997b9da430e98c9d,24510d588b447eb383c3e90436185cf083725aeaba41be42689cefccf22cce2d,r_153f6f4b0d25713d8371,9,c8a8fed34b0e906eca0b749002f9963ae2df182bcb7563df2b05648aff72e25a
2026:4080720251215594887,p0003,c_dcb61ff9a92a3152957c,31921850ddc127bf992b5d9f5466a94536ec6697f7984101a07881239b71d004,r_e539c4db14c890028fc2,9,4acb74a94e107976dd432d93e00ce54a9dc041ddc3de81dbcf9284d201005511
2026:4080720251215605876,p0011,c_6d78c941e832e66bc5f5,f18a0c9351762de1eb6eda35dc76ee7a6958cb0f4d927a4b8c08f0548cee34f6,r_993179b21d5761402e8e,13,136e23c2659e614f7daf19e0e365c8a536cafb725e086191dc5d2f4ac7fabb57
2026:4080720251215605877,p0011,c_6d78c941e832e66bc5f5,b1383a13d1804c69562e1255b9e7e6f3e16523c8e2d2843c336eb2d26f476284,r_993179b21d5761402e8e,13,136e23c2659e614f7daf19e0e365c8a536cafb725e086191dc5d2f4ac7fabb57
2026:4080720251215619991,p0010,c_433597abc27c16d5e313,243fdcef8c6bf39dcfb12f0762f3228a9e5c7078ebb46b0fcd6e8a2307cff95f,r_36381ff366645780c532,11,b26bdd1cce1031dd2c4f3810d9406c3fb9da4a10fd115591a3ab3bffd587c5a9
2026:4080720251215619992,p0010,c_433597abc27c16d5e313,71d753864ec35d941956eca8ca1fdbe4872602deb8c976bd3d53690a5bde5126,r_36381ff366645780c532,11,b26bdd1cce1031dd2c4f3810d9406c3fb9da4a10fd115591a3ab3bffd587c5a9
2026:4080720251215626754,p0009,c_b9c6825d43fd2209aee5,f76010edc963a19be3bac1a80e0c1b85709adea5818918af2f2afb02a3c046d8,r_dab5970845ebb9ffcf35,11,2f2727cdaad6c09f75103af92a1fbd8fabec12c1839c6a7bb33048d7f54c8e9f
2026:4080720251215630961,p0019,c_8f805b8c99894bf05c9e,84135f4b994806cc424eaf1d5172b73d47fc520c58a35db06505bb283b59165d,r_f842f8012b64a37416bc,9,fbb7dea7528c1e2682734e4ad5f21d9c72c7c901ef02b28eeda6fe36552ce896
2026:4080720251215630962,p0019,c_8f805b8c99894bf05c9e,3ad86d0b7c80ba731cab1e004d1092fd9a34686e7269eab26fe0057da6f0468b,r_f842f8012b64a37416bc,9,fbb7dea7528c1e2682734e4ad5f21d9c72c7c901ef02b28eeda6fe36552ce896
2026:4080720251215630963,p0019,c_8f805b8c99894bf05c9e,a16667e0197d4163b2799e63dabd9db92b55c3c48bb5643d8269086d06b92921,r_f842f8012b64a37416bc,9,fbb7dea7528c1e2682734e4ad5f21d9c72c7c901ef02b28eeda6fe36552ce896
2026:4080720251215653153,p0010,c_fa49063352bb702b8079,671d1b82c2767bed05b6ee1910e990449fb89614cbebb82cbf5da58ba1a3a196,r_36381ff366645780c532,6,69680e994fda0c54859a682b52d7af4bbf51f47963623ab53397a46f855b9faa
2026:4080720251215653154,p0010,c_fa49063352bb702b8079,602607ab6c2c14159386e2968011ba275db3095b06b761aa4a1456318f3ba6d0,r_36381ff366645780c532,6,69680e994fda0c54859a682b52d7af4bbf51f47963623ab53397a46f855b9faa
2026:4080720261570492597,p0013,c_f403b4b143a23ffe823d,f596a5bdfa937977c21708d5bb8e9d096c1878d08d8e3ad9824ea322a50e04a0,r_2e07349418abdd1528c5,9,938f5e5e31027a82502cc4f45931241a0dc1daa6c6b2e16061ada9c64d9ded82
2026:4080720261570492599,p0013,c_f403b4b143a23ffe823d,6ebba2be2f07067fb9ca13a31cebb7c21352bed9a9fe622465db0609bc854eb7,r_2e07349418abdd1528c5,9,938f5e5e31027a82502cc4f45931241a0dc1daa6c6b2e16061ada9c64d9ded82
2026:4080720261570524215,p0003,c_5c674a62aa12b11745d8,1a28d0ab14115d1b867d075e1192785000deb66c232beee4d7d1fa6997909a10,r_e539c4db14c890028fc2,9,4ca381839bd88f09b6497e6b28b0e9fd49dab0305cc331b586fdd5be9c32099b
2026:4080720261570537985,p0013,c_f403b4b143a23ffe823d,35a15beaba8c70d56ccf27ac7bd18b944199ce456cf25076e4af0ff76ed44a3f,r_2e07349418abdd1528c5,9,938f5e5e31027a82502cc4f45931241a0dc1daa6c6b2e16061ada9c64d9ded82
2026:4080720261570537987,p0013,c_f403b4b143a23ffe823d,944637957885e86f0067bca2f6ba8057c71c209681eb9c0eef9304c93079f47c,r_2e07349418abdd1528c5,9,938f5e5e31027a82502cc4f45931241a0dc1daa6c6b2e16061ada9c64d9ded82
2026:4080720261570537988,p0013,c_f403b4b143a23ffe823d,7b663f12c8ab0aef700622be2b9cccde9fa7287766b6b047fd646d63b9989719,r_2e07349418abdd1528c5,9,938f5e5e31027a82502cc4f45931241a0dc1daa6c6b2e16061ada9c64d9ded82
2026:4080720261570564149,p0013,c_f403b4b143a23ffe823d,19e02c481cc6e149de0aa2f20ddc7c25c58dd88c508acacf1580141684eccf92,r_2e07349418abdd1528c5,9,938f5e5e31027a82502cc4f45931241a0dc1daa6c6b2e16061ada9c64d9ded82
2026:4080720261570564151,p0013,c_f403b4b143a23ffe823d,5fa9caa0c9412c8f028bd242c578265d1b259674da568ef4c0e1ac305e7dd939,r_2e07349418abdd1528c5,9,938f5e5e31027a82502cc4f45931241a0dc1daa6c6b2e16061ada9c64d9ded82
2026:4080820251215677526,p0001,c_3b4e2a05f2eee8ee1cdc,4a456b08af74e0d94e8b53e912ea90ccd291e6a0b37b2aa6b4885b38f4fd6c6c,r_e75b91aaab70b14a204d,13,407c04763aab0fc3f8b35f9f14c99549bb8fd845574b08cdd3d7fefa486133b5
2026:4080820251215677527,p0001,c_3b4e2a05f2eee8ee1cdc,45775662b0b3f5baade8b3610e10dab04d4c075d0b31bd342e6a63a60306b0e7,r_e75b91aaab70b14a204d,13,407c04763aab0fc3f8b35f9f14c99549bb8fd845574b08cdd3d7fefa486133b5
2026:4080820251215677528,p0001,c_3b4e2a05f2eee8ee1cdc,8bb594de5999d010fb48c30f8b80504d1c38ac5c6d488365b8328404771feba5,r_e75b91aaab70b14a204d,13,407c04763aab0fc3f8b35f9f14c99549bb8fd845574b08cdd3d7fefa486133b5
2026:4080820251215706872,p0008,c_eb5f4b964135272e086d,49cd9882255253bff637371c93e7299de2ebb406c754926176cd64e155b71fa3,r_ea71451d245b6218d4f0,10,4104a539a5e79b0ac055d000d70e89d27ac78b43271d1b875a01d4f10bc71c93
2026:4080820251215706874,p0002,c_48d52fd38cd72bd4af64,bba696613c525862dcc18cb8a5d6fd5656f0c999c16650b1cabc00b7c621c20d,r_153f6f4b0d25713d8371,9,9b137dff5079ccab808ed6b01a5cd647f3fbe876a68f93a7d09deccaa132f797
2026:4080820251215706981,p0003,c_dcb61ff9a92a3152957c,2d93e0aae3bb72f698617d5dc121732820005db3a5740f14925861292c034799,r_e539c4db14c890028fc2,9,4acb74a94e107976dd432d93e00ce54a9dc041ddc3de81dbcf9284d201005511
2026:4080820251215712944,p0020,c_25346886cb66823b3264,49ffdc359c8fb0a65bf719892965d6c20bf067aff61f74381eb037e4a1779c7f,r_e1bc9fb32f1f0e4aaac5,6,5e0ffc28ab351d85327359d169f8f4beca1b11ad5553a762d6b8f23ae75ccbac
2026:4080820251215712946,p0020,c_25346886cb66823b3264,64a6724eb9404bd67f80630f17b76fcb1aab3746c0fe273e8a7cfe14dd5c8a24,r_e1bc9fb32f1f0e4aaac5,6,5e0ffc28ab351d85327359d169f8f4beca1b11ad5553a762d6b8f23ae75ccbac
2026:4081020261570652057,p0013,c_f403b4b143a23ffe823d,1c37f7b4e572ac74bc43794635fa80d36fe9a20b3e02892047a6b5afb9bd06d7,r_2e07349418abdd1528c5,9,938f5e5e31027a82502cc4f45931241a0dc1daa6c6b2e16061ada9c64d9ded82
2026:4081020261570652059,p0013,c_f403b4b143a23ffe823d,d4c6a1cf3eb03ef3161135c9a74e585ab4ed64894fa8c0b605b7b0165c0a2379,r_2e07349418abdd1528c5,9,938f5e5e31027a82502cc4f45931241a0dc1daa6c6b2e16061ada9c64d9ded82
2026:4081020261570669733,p0013,c_f403b4b143a23ffe823d,c16ba3f6cbf827b11902d9c2a07cc6352db120bd2c7859d4dd645e8e12de8679,r_2e07349418abdd1528c5,9,938f5e5e31027a82502cc4f45931241a0dc1daa6c6b2e16061ada9c64d9ded82
2026:4081020261570708478,p0013,c_f403b4b143a23ffe823d,e99647b15fe75b051787f9aafda882508b6897f8575176c2453f5f71680c1638,r_2e07349418abdd1528c5,9,938f5e5e31027a82502cc4f45931241a0dc1daa6c6b2e16061ada9c64d9ded82
2026:4081020261570708480,p0013,c_f403b4b143a23ffe823d,b8ab79196d9ef8f08012eae1c2c3ecab70e95d1ec9e5b187ebc88b3d60979672,r_2e07349418abdd1528c5,9,938f5e5e31027a82502cc4f45931241a0dc1daa6c6b2e16061ada9c64d9ded82
2026:4081020261570717997,p0013,c_f403b4b143a23ffe823d,45efdb866b334989a810ab879afdcd99345c54d373f12724232541eec76a17e5,r_2e07349418abdd1528c5,9,938f5e5e31027a82502cc4f45931241a0dc1daa6c6b2e16061ada9c64d9ded82
2026:4081020261570718444,p0013,c_f403b4b143a23ffe823d,ce44d7d5b92388944d6acd0de7b79185bfb52e05f9542636f45069810725612d,r_2e07349418abdd1528c5,9,938f5e5e31027a82502cc4f45931241a0dc1daa6c6b2e16061ada9c64d9ded82
2026:4081020261570735734,p0002,c_8d2a273f9bc22596f7f1,2e1d25ba1025b17b0b6e2d1e62e1b944d424229f41bdf307cc3e841d35d2a9ae,r_153f6f4b0d25713d8371,6,981aa5db695efd2ebf2b8dfe5ddc84fa83b8ad234f61bf822acebdf41d8d6df8
2026:4081020261570735864,p0003,c_524b26b63f43fa5adc9c,9e60ff675091f640ce18de0803e9d84f19e5b10c3348c0bf15703600ba6ebb7b,r_e539c4db14c890028fc2,4,48dcd5c99ff49762ca1ae90d64b5034bb30da45c42591b42f095e5e7bba09934
2026:4081020261570739434,p0001,c_b9a5e7e193ecf8972f61,b1cb0d97726f74e58fdd86078aeb9deabdfa085b5c8e139005e8835ecfc0d2f0,r_e75b91aaab70b14a204d,8,ec2db475c4c6e46cb25a35f6f051a391a5a59817ab2a3009f1e17160d6c2ba54
2026:4081020261570744028,p0009,c_651f7ed35a1ac790deb7,a6bd08251e5a692d51d4fa499b3d2af646566d251b67a5be34640f5ba8f7b374,r_dab5970845ebb9ffcf35,6,3be22a7f7e54e6d6cb87e97518423397b0c5f2ab526966693e93a25fd58891b5
2026:4081120251215773038,p0002,c_db11483102ea44f72255,5e2ee3eeacb22fe67f565dd364bb096876ae48912306f118fec260b0b78128a2,r_153f6f4b0d25713d8371,10,4e8e664333aad87a05ff50b714811e2914ad2bf89c126b49104faf14b36bcacb
2026:4081120251215773045,p0003,c_dcb61ff9a92a3152957c,632d977911f3b79e472a0d682a74726b0ffaa4cc4da076294e0df5a17264bfd9,r_e539c4db14c890028fc2,9,4acb74a94e107976dd432d93e00ce54a9dc041ddc3de81dbcf9284d201005511
2026:4081120251215775022,p0002,c_4b64baaa01dc4eca3d70,5e046b49ab5719720c75017e07b3a73afa44d2c100a5cd2cc6515daaeb4611a5,r_153f6f4b0d25713d8371,11,ef446f70a3583fce1f4ac47f95eea9a1d202a1764f613d71fa79944220b4464e
2026:4081120251215789686,p0003,c_5c674a62aa12b11745d8,a15a832c866bc4b26826c5e308e1ebf44c6569d25aab963be447a92d5d82de47,r_e539c4db14c890028fc2,9,4ca381839bd88f09b6497e6b28b0e9fd49dab0305cc331b586fdd5be9c32099b
2026:4081120251215803123,p0010,c_433597abc27c16d5e313,d2e5b956688f0c2067f24f221c7a0bc62903dfada1fb801022fe586011a786d9,r_36381ff366645780c532,11,b26bdd1cce1031dd2c4f3810d9406c3fb9da4a10fd115591a3ab3bffd587c5a9
2026:4081120251215803124,p0010,c_433597abc27c16d5e313,091b96b053a3b19630ad4db687cacc640db4f998304a8b1f34f2008f847bced6,r_36381ff366645780c532,11,b26bdd1cce1031dd2c4f3810d9406c3fb9da4a10fd115591a3ab3bffd587c5a9
2026:4081120251215803125,p0010,c_433597abc27c16d5e313,cf5e4655a8f5d7220ff744d5870ac0203376b4821b158b2c233487633b63536b,r_36381ff366645780c532,11,b26bdd1cce1031dd2c4f3810d9406c3fb9da4a10fd115591a3ab3bffd587c5a9
2026:4081120251215803126,p0010,c_433597abc27c16d5e313,e9bbe162adf8e8c566ba4986097324b0c3692bb5cdff98e04b419876865d8550,r_36381ff366645780c532,11,b26bdd1cce1031dd2c4f3810d9406c3fb9da4a10fd115591a3ab3bffd587c5a9
2026:4081120251215803127,p0010,c_433597abc27c16d5e313,217ca0d07eda737a0d24042a63709a1dda893aa7bc8c654bc152c5291faf12fd,r_36381ff366645780c532,11,b26bdd1cce1031dd2c4f3810d9406c3fb9da4a10fd115591a3ab3bffd587c5a9
2026:4081120251215805479,p0015,c_dd05fcb5866322438262,d99372bdd814e4522b7e3b03d3b2c02768e8821cd0769225663fe064adac5b4f,r_f7a1a92ebd7a39e06876,9,7c69c8ee5b184648674e1743a4d66931e8d0beb2c3d7b3bd790f1ab8a76ae1cc
2026:4081120251215810192,p0012,c_b3e9661b3b039eac4939,3b8851aa1fc2dd0ea005ebf4bb2d053bd712738f0d1d002b5372fd6707481b70,r_75b5cf0824e38d63503f,9,4a5b97fda9c7ade70a2518a37c3aac9dd5fa91f1a14d6447e281c5e0f7740f02
2026:4081120251215810573,p0010,c_433597abc27c16d5e313,73e6191323bc158a0394eec848bd56c821101b48f25fb052cb9cabe197139749,r_36381ff366645780c532,11,b26bdd1cce1031dd2c4f3810d9406c3fb9da4a10fd115591a3ab3bffd587c5a9
2026:4081120251215810574,p0010,c_433597abc27c16d5e313,5070f38934e6cb9f2c9360efec0ce6733f4ad757af0d92eea96df02255f503d0,r_36381ff366645780c532,11,b26bdd1cce1031dd2c4f3810d9406c3fb9da4a10fd115591a3ab3bffd587c5a9
2026:4081120251215810575,p0010,c_433597abc27c16d5e313,f8e33afd6d125d02ed26714c89edbc1f64160c9e78ba723bb3a313365b4970d6,r_36381ff366645780c532,11,b26bdd1cce1031dd2c4f3810d9406c3fb9da4a10fd115591a3ab3bffd587c5a9
2026:4081120251215830374,p0002,c_48d52fd38cd72bd4af64,6be17ec9038c8a816a27ea165c25ba82c80d6a378cb56d72e3f62f30b05f314e,r_153f6f4b0d25713d8371,9,9b137dff5079ccab808ed6b01a5cd647f3fbe876a68f93a7d09deccaa132f797
2026:4081120251215830393,p0003,c_5c674a62aa12b11745d8,c9af9e1039570342e52bd53d3aed1360f03908495fa7277c630b20b0ad890595,r_e539c4db14c890028fc2,9,4ca381839bd88f09b6497e6b28b0e9fd49dab0305cc331b586fdd5be9c32099b
2026:4081120251215831409,p0001,c_3b4e2a05f2eee8ee1cdc,d2abe3fa9e025705918c156e72ddf2ad4acc78bb0a6d047ac60ae7b08d7577bd,r_e75b91aaab70b14a204d,13,407c04763aab0fc3f8b35f9f14c99549bb8fd845574b08cdd3d7fefa486133b5
2026:4081120251215831410,p0001,c_3b4e2a05f2eee8ee1cdc,6f32ae04d0ed666d58452b1883cc712baf35f4b31f0652bc289d93edcf0400d0,r_e75b91aaab70b14a204d,13,407c04763aab0fc3f8b35f9f14c99549bb8fd845574b08cdd3d7fefa486133b5
2026:4081120251215831411,p0001,c_3b4e2a05f2eee8ee1cdc,9fabfb6bcc08486efc56087ee71f18f5c5935f8fec4f28361b233d09874c92bc,r_e75b91aaab70b14a204d,13,407c04763aab0fc3f8b35f9f14c99549bb8fd845574b08cdd3d7fefa486133b5
2026:4081120261570799219,p0013,c_762ca9a1aa00d8c259fd,a035ecd4d276d19842efd051e68643dcf2b305edb983d4b256d232554894c099,r_2e07349418abdd1528c5,5,0c4d9541ccc0524cd017b9b41084689a223255c6e4b514c3247e0c75c9be3de0
2026:4081120261570799221,p0013,c_762ca9a1aa00d8c259fd,a454ddeb1e7f47e791f9e21ef63ae408ed0e18e18edd563f4152d5e03a1b125f,r_2e07349418abdd1528c5,5,0c4d9541ccc0524cd017b9b41084689a223255c6e4b514c3247e0c75c9be3de0
2026:4081120261570804152,p0013,c_f403b4b143a23ffe823d,2905f7f2fb62448996f6a8a38bead86f3d20b46eca76bdb7ef04e9614e024fdf,r_2e07349418abdd1528c5,9,938f5e5e31027a82502cc4f45931241a0dc1daa6c6b2e16061ada9c64d9ded82
2026:4081120261570804154,p0013,c_f403b4b143a23ffe823d,9d5741bf690e436980eda03ebe5a2ff7402ed6edc9035ca190cc1e7faa9d8917,r_2e07349418abdd1528c5,9,938f5e5e31027a82502cc4f45931241a0dc1daa6c6b2e16061ada9c64d9ded82
2026:4081120261570806266,p0009,c_b9c6825d43fd2209aee5,550c76a492fb8de669ed28291c58f3a116c4b64c8ea1a7061dfc7f8fb28e35bf,r_dab5970845ebb9ffcf35,11,2f2727cdaad6c09f75103af92a1fbd8fabec12c1839c6a7bb33048d7f54c8e9f
2026:4081120261570818816,p0013,c_f403b4b143a23ffe823d,90320354833cdb4101af3d3646cb0fd88c140615e810686d8c1620d0f07a340f,r_2e07349418abdd1528c5,9,938f5e5e31027a82502cc4f45931241a0dc1daa6c6b2e16061ada9c64d9ded82
2026:4081120261570819270,p0004,c_c99e4c1e04a65f2743c2,b99e6c510919fd5c9fc5c85effb49f0841c7207dcb2c33258135668679caeab8,r_948475ee1ff681d1e65b,11,fa78e4ce8a403cc42a8258d033736cebf7575cd2d5196a97f8b946453fd73714
2026:4081120261570819336,p0014,c_1822128dbb0e70f13b7d,6e736c63ba821aafac9154cff05c37e637386cef5ead1f36144559ed54db795c,r_380f28d77df7a5db30a0,11,3730ea3adfe22f4ebbb2880a519ad669705118c89e210f07f7a9c1662d83b5e7
2026:4081120261570821017,p0013,c_f403b4b143a23ffe823d,ed3e5b0a5586fb2e801bb4e1f0558baa7b1b6f9d1f6904c76f72e7bd3934a2d2,r_2e07349418abdd1528c5,9,938f5e5e31027a82502cc4f45931241a0dc1daa6c6b2e16061ada9c64d9ded82
2026:4081120261570821019,p0013,c_f403b4b143a23ffe823d,532d98861d61ee8732bb2ad87ace5ebf9efcfbf00dc37c0bad9830df54ecc912,r_2e07349418abdd1528c5,9,938f5e5e31027a82502cc4f45931241a0dc1daa6c6b2e16061ada9c64d9ded82
2026:4081120261570826889,p0019,c_8f805b8c99894bf05c9e,5a77d1559bda5aa66010eb1cc79bc8777c8c0931c09a5c0871efa61d91db47f1,r_f842f8012b64a37416bc,9,fbb7dea7528c1e2682734e4ad5f21d9c72c7c901ef02b28eeda6fe36552ce896
2026:4081120261570958518,p0011,c_6d78c941e832e66bc5f5,cf0006a30a4db64589201a1c4a970725df5be08e172a6c5d8f092f7d9d1280fd,r_993179b21d5761402e8e,13,136e23c2659e614f7daf19e0e365c8a536cafb725e086191dc5d2f4ac7fabb57
2026:4081120261570970884,p0013,c_f403b4b143a23ffe823d,2f2a64cf2ffb9e1aaacea8e40c5263bea6953a97f031deb562608ad131db2ea3,r_2e07349418abdd1528c5,9,938f5e5e31027a82502cc4f45931241a0dc1daa6c6b2e16061ada9c64d9ded82
2026:4081120261570989363,p0013,c_8a1a5855130904f79704,49989ad57caf57d059d31d9613dc73658a06a51501365639e5038af4a61bc622,r_2e07349418abdd1528c5,5,449a1e87a9396841a143ae967583c35980120855d99a43f31b774666b5bf82f6
2026:4081120261570989365,p0013,c_8a1a5855130904f79704,0b2faa944963af5e0c7e097c8dcb1cc5aaa581265219610dceccdf44802582b6,r_2e07349418abdd1528c5,5,449a1e87a9396841a143ae967583c35980120855d99a43f31b774666b5bf82f6
2026:4081120261570992367,p0013,c_f403b4b143a23ffe823d,c1a26db7a4be17908a982689781a97efa7b7f9e5ca48e532126dcec320f90d10,r_2e07349418abdd1528c5,9,938f5e5e31027a82502cc4f45931241a0dc1daa6c6b2e16061ada9c64d9ded82
2026:4081120261570998714,p0013,c_f403b4b143a23ffe823d,1881e229082a29d0d9380c06ac8d61c734dc15590daf3bc000074187276005ec,r_2e07349418abdd1528c5,9,938f5e5e31027a82502cc4f45931241a0dc1daa6c6b2e16061ada9c64d9ded82
2026:4081120261571016862,p0002,c_43263d10d8d42de66ef1,b3f7f4bb8b7cc3e55e724a9d4fd5d24b61888812a67bbbe4108845d82b45f9cc,r_153f6f4b0d25713d8371,11,e78dcd2ea9088c453f153dac7ceaa97df3ea12520b49aac6b5e652420267f0bb
2026:4081120261571016863,p0002,c_43263d10d8d42de66ef1,4dd63f6ab697d1ce25593bdc55401be0ab3f949680534e7e77f20975c6b13b04,r_153f6f4b0d25713d8371,11,e78dcd2ea9088c453f153dac7ceaa97df3ea12520b49aac6b5e652420267f0bb
2026:4081120261571016922,p0003,c_5c674a62aa12b11745d8,ec59b71e28162817ab40dc11b1ba8375d4cac3000b97f6403c413cc12e9bf0dd,r_e539c4db14c890028fc2,9,4ca381839bd88f09b6497e6b28b0e9fd49dab0305cc331b586fdd5be9c32099b
2026:4081120261571016923,p0003,c_5c674a62aa12b11745d8,e67eb991e1bf6276f0ddef65c200aa3f2a138e901b9f9a8838092885ca435458,r_e539c4db14c890028fc2,9,4ca381839bd88f09b6497e6b28b0e9fd49dab0305cc331b586fdd5be9c32099b
2026:4081120261571025515,p0002,c_43263d10d8d42de66ef1,86da4e98c9a594b80361ec29bc928ca39a804623e5f2be5eeef84e29bfe2b5bf,r_153f6f4b0d25713d8371,11,e78dcd2ea9088c453f153dac7ceaa97df3ea12520b49aac6b5e652420267f0bb
2026:4081120261571025516,p0002,c_43263d10d8d42de66ef1,2374e265b4584af3fa368b245e45a968e3d5f455a104efb85eb0da2a4668912c,r_153f6f4b0d25713d8371,11,e78dcd2ea9088c453f153dac7ceaa97df3ea12520b49aac6b5e652420267f0bb
2026:4081120261571025589,p0003,c_5c674a62aa12b11745d8,21227a6b6d32953d6db50351ce077c91ae4d8176847c1de39914b7996793815e,r_e539c4db14c890028fc2,9,4ca381839bd88f09b6497e6b28b0e9fd49dab0305cc331b586fdd5be9c32099b
2026:4081120261571025590,p0003,c_5c674a62aa12b11745d8,6ae4a706210fef545e39a4a3644f7d6deb681cfdf18951c91c36fbb2392d7ca5,r_e539c4db14c890028fc2,9,4ca381839bd88f09b6497e6b28b0e9fd49dab0305cc331b586fdd5be9c32099b
2026:4081120261572009325,p0002,c_1b90a827020ec629fb4b,ef7f8128f5c4a8d6bce5fac5457f18071787e52baf59192411bba5df53dc8f07,r_153f6f4b0d25713d8371,6,0c2f032c20e1cd0f1a554b4c107fd345ba20a9fed9c5b824bcae187a05c28a89
2026:4081120261572009487,p0003,c_524b26b63f43fa5adc9c,fb0efb2293824a9bd2219ebc88d51c56929bf6f848cbb95c3957861e0a9410b1,r_e539c4db14c890028fc2,4,48dcd5c99ff49762ca1ae90d64b5034bb30da45c42591b42f095e5e7bba09934
2026:4081120261572009576,p0013,c_7f6679e9b620822a4285,c9e720d1027cdc50486e59306d8a096730dc57224bb995ef066ed7dd7298525d,r_2e07349418abdd1528c5,4,5972bbd9c4a10915f75a0ad9f99499c7f4dfded7f8938648af6415cfe7699ce8
2026:4081120261574007754,p0004,c_c99e4c1e04a65f2743c2,95603b83956134486a7d578819d552ab7331916fd4288c59ed3d20dfef8dccda,r_948475ee1ff681d1e65b,11,fa78e4ce8a403cc42a8258d033736cebf7575cd2d5196a97f8b946453fd73714
2026:4081120261574007755,p0004,c_c99e4c1e04a65f2743c2,b2b2d43cc1eb08782858849acc0a944d787f238a89c380add59aaba96aa827c8,r_948475ee1ff681d1e65b,11,fa78e4ce8a403cc42a8258d033736cebf7575cd2d5196a97f8b946453fd73714
2026:4081120261574564702,p0014,c_1822128dbb0e70f13b7d,b652640201f7f6420ddf97849514925e5499418aac5b75c18568cc85b8740b1c,r_380f28d77df7a5db30a0,11,3730ea3adfe22f4ebbb2880a519ad669705118c89e210f07f7a9c1662d83b5e7
2026:4081120261576576558,p0013,c_762ca9a1aa00d8c259fd,2bde00012871cee21a57c6a02895b19b3d8386154b71c1bab759b93113a00d70,r_2e07349418abdd1528c5,5,0c4d9541ccc0524cd017b9b41084689a223255c6e4b514c3247e0c75c9be3de0
2026:4081120261576576559,p0013,c_762ca9a1aa00d8c259fd,51666d90f0de22603ccb99d0f89c18bbe9d7089c34b2c8fa49dc8e29d6b551a0,r_2e07349418abdd1528c5,5,0c4d9541ccc0524cd017b9b41084689a223255c6e4b514c3247e0c75c9be3de0
2026:4081120261576576560,p0013,c_762ca9a1aa00d8c259fd,1839fc1dccc41c8fb787846a21734304fabeb31c166f529a9b85a3003987a290,r_2e07349418abdd1528c5,5,0c4d9541ccc0524cd017b9b41084689a223255c6e4b514c3247e0c75c9be3de0
2026:4081120261579504951,p0002,c_7322dbff25c5f604edd6,5c720993f204d2f7942af0ba8f6072107b24ebf96811c6aea76c70bbc108ba08,r_153f6f4b0d25713d8371,9,1f5dc4823db38174405e072a365fdf1851ba480b727f26d063d433b333ac549a
2026:4081120261579504952,p0002,c_7322dbff25c5f604edd6,161c3a00f65354a8484322522b7da9e9d45426cdecffbb1e4b0dfa45196e6e6e,r_153f6f4b0d25713d8371,9,1f5dc4823db38174405e072a365fdf1851ba480b727f26d063d433b333ac549a
2026:4081120261579506008,p0003,c_5e279189c3b095cd6c64,27fc73b78baeb0ad328740c87494c72a1b062a6b61d8b9cb476bd86d620bf85f,r_e539c4db14c890028fc2,8,139d0825b171c5ce58f97aa9917a54061904ea70391ed45fa551173e2a099c88
2026:4081120261579506009,p0003,c_5e279189c3b095cd6c64,e071f5609735f83a29df8a7e3041b6436194a3d6b1b6e76d2b4c2780e74495ed,r_e539c4db14c890028fc2,8,139d0825b171c5ce58f97aa9917a54061904ea70391ed45fa551173e2a099c88
2026:4081220251215897257,p0002,c_43263d10d8d42de66ef1,08525207cf22c5f22994da439dc5db15185784ebfcc29e2cfddf1e069547f91f,r_153f6f4b0d25713d8371,11,e78dcd2ea9088c453f153dac7ceaa97df3ea12520b49aac6b5e652420267f0bb
2026:4081220251215897263,p0003,c_5c674a62aa12b11745d8,e9159a7e484545a31ba35df4eb03fee348b1437168146812097563bf1d4d9040,r_e539c4db14c890028fc2,9,4ca381839bd88f09b6497e6b28b0e9fd49dab0305cc331b586fdd5be9c32099b
2026:4081220251215964068,p0011,c_6d78c941e832e66bc5f5,896780e7077a27ff6b29783adfaef0ed1b61195d387756d0eef88de9976a0ea9,r_993179b21d5761402e8e,13,136e23c2659e614f7daf19e0e365c8a536cafb725e086191dc5d2f4ac7fabb57
2026:4081220251215971103,p0002,c_43263d10d8d42de66ef1,c2a0f5b708b5824b123c308f15e83a3e24b84dac5549bb4c465a4dfbc678a925,r_153f6f4b0d25713d8371,11,e78dcd2ea9088c453f153dac7ceaa97df3ea12520b49aac6b5e652420267f0bb
2026:4081220251215971151,p0015,c_dd05fcb5866322438262,822398f5598ae33ec0cb9fac7e46550fbe3ca1a31d3af65ad243f5ab5c54f9e9,r_f7a1a92ebd7a39e06876,9,7c69c8ee5b184648674e1743a4d66931e8d0beb2c3d7b3bd790f1ab8a76ae1cc
2026:4081220251215971239,p0003,c_5c674a62aa12b11745d8,84066a812cb312a1fa4e0195744c7f1b68e99e639499cbfde1c414e7510dc764,r_e539c4db14c890028fc2,9,4ca381839bd88f09b6497e6b28b0e9fd49dab0305cc331b586fdd5be9c32099b
2026:4081220251215982076,p0015,c_dd05fcb5866322438262,1498db85aa09734c2051ad1ceb8f565d1940a4d52bf1f43a5e508b29a8541f35,r_f7a1a92ebd7a39e06876,9,7c69c8ee5b184648674e1743a4d66931e8d0beb2c3d7b3bd790f1ab8a76ae1cc
2026:4081220251215983795,p0015,c_dd05fcb5866322438262,82a2cb13b5e11cd0ff5012e03b0b2a9f5e90e11ce131499e8334689505f3ad0d,r_f7a1a92ebd7a39e06876,9,7c69c8ee5b184648674e1743a4d66931e8d0beb2c3d7b3bd790f1ab8a76ae1cc
2026:4081220251215983829,p0010,c_3fdba6477347f59d07e7,246be386dd3d978891ff7cda7285e90bbf48e694a05107064fcb52acb3a3dcaf,r_36381ff366645780c532,11,aae33bc963a30bd1536b10834ed6f80806e8990021acd020d7bae0c104ed85ec
2026:4081220261580775111,p0015,c_dd05fcb5866322438262,da598bd6e1793c496254374fc91a2f7c3f2884da8433b2f62fb54ee8e7dbd181,r_f7a1a92ebd7a39e06876,9,7c69c8ee5b184648674e1743a4d66931e8d0beb2c3d7b3bd790f1ab8a76ae1cc
2026:4081220261580865286,p0015,c_dd05fcb5866322438262,09bdb06f5fce391fd864277fbbc86e8e9ccb9dadbbc12b19ccb944113389d8bf,r_f7a1a92ebd7a39e06876,9,7c69c8ee5b184648674e1743a4d66931e8d0beb2c3d7b3bd790f1ab8a76ae1cc
2026:4081220261580865287,p0015,c_dd05fcb5866322438262,c5ccf7baca5c02f19a04ccf3ead5151e23696e20da80faf794174818816c1ddd,r_f7a1a92ebd7a39e06876,9,7c69c8ee5b184648674e1743a4d66931e8d0beb2c3d7b3bd790f1ab8a76ae1cc
2026:4081220261580865923,p0003,c_dcb61ff9a92a3152957c,9517a7e1c3659be11e2c0ba8fd4ca5d35d83eff449fe0957b26947686021ba69,r_e539c4db14c890028fc2,9,4acb74a94e107976dd432d93e00ce54a9dc041ddc3de81dbcf9284d201005511
2026:4081220261580865924,p0003,c_dcb61ff9a92a3152957c,63b5bf74c5dc2bfd700c20d4f59f734b502e77629f11e7278422672b893767ca,r_e539c4db14c890028fc2,9,4acb74a94e107976dd432d93e00ce54a9dc041ddc3de81dbcf9284d201005511
2026:4081320251216028332,p0009,c_b9c6825d43fd2209aee5,1b929e32e458e32ce0a7eada3047df3ffcf6e693f14681443b4855e32da9ad20,r_dab5970845ebb9ffcf35,11,2f2727cdaad6c09f75103af92a1fbd8fabec12c1839c6a7bb33048d7f54c8e9f
2026:4081320251216028486,p0009,c_b9c6825d43fd2209aee5,cee29d13e886f0d13dbec6437eae0d1053e913ec12283a557e222eaf38fc6827,r_dab5970845ebb9ffcf35,11,2f2727cdaad6c09f75103af92a1fbd8fabec12c1839c6a7bb33048d7f54c8e9f
2026:4081320251216037036,p0003,c_3ca089090d1c726fec8b,431c6d94f00903892a4a0aff3b15be7bef9af9e9733753a7aa1ab4269cf61253,r_e539c4db14c890028fc2,9,07b0c91c747dd0d8a99c76119f0e2e4fe29e43f63140aff75f25a520f58f3013
2026:4081320251217635173,p0002,c_28276834972bc20b7eea,e84866db5ef93d8d680217a8957f484d0abb4b269fb619eba3b570b824449335,r_153f6f4b0d25713d8371,11,90b9b2680efc5d8f943ab540286e8b0a4d0ab891f9e6ec8485eba968aa455310
2026:4081320251217635272,p0003,c_5c674a62aa12b11745d8,6fd3dc3059ebed92d4e7ce5dfdf3c8cfeee15a210cd573b2c2dba321b3624f3f,r_e539c4db14c890028fc2,9,4ca381839bd88f09b6497e6b28b0e9fd49dab0305cc331b586fdd5be9c32099b
2026:4081320251217783445,p0015,c_57d8e01958a38820d7b3,41ea84d94ac8699214f308be2cc84ff4af2f555e884cdc1903933aadb5a7b0a0,r_f7a1a92ebd7a39e06876,9,e1eeb1a02cf0c5e8880dcde66101d22100d9d3cc549caee3ae648fbe1c2a9692
2026:4081320251217865703,p0015,c_dd05fcb5866322438262,23262c3ec52f6885f976f34ece3c243712b95841da5b13adf76372ce4528b25f,r_f7a1a92ebd7a39e06876,9,7c69c8ee5b184648674e1743a4d66931e8d0beb2c3d7b3bd790f1ab8a76ae1cc
2026:4081420261580986779,p0003,c_3ca089090d1c726fec8b,b252031525db0cf04abe9e58eb692a8613a5af1e290bf80960f27058df2c7702,r_e539c4db14c890028fc2,9,07b0c91c747dd0d8a99c76119f0e2e4fe29e43f63140aff75f25a520f58f3013
2026:4081420261580996094,p0002,c_43263d10d8d42de66ef1,d2dfe4ef2ff4e0b1053521b8d8eef82e14799e1e9fd7e36092f4855b180442b5,r_153f6f4b0d25713d8371,11,e78dcd2ea9088c453f153dac7ceaa97df3ea12520b49aac6b5e652420267f0bb
2026:4081420261580996095,p0003,c_dcb61ff9a92a3152957c,4516c5190e78a52477453dada2978d7368774489863569e0736e61d7419a0422,r_e539c4db14c890028fc2,9,4acb74a94e107976dd432d93e00ce54a9dc041ddc3de81dbcf9284d201005511
2026:4081420261580996372,p0009,c_b9c6825d43fd2209aee5,a3448a2dbc4e9e58f318cd919096331e13cea648154fe9f2abd585e3a7f84c5e,r_dab5970845ebb9ffcf35,11,2f2727cdaad6c09f75103af92a1fbd8fabec12c1839c6a7bb33048d7f54c8e9f
2026:4081420261580996470,p0019,c_8f805b8c99894bf05c9e,0109fae66029e0f32b2f9cc0776b1d08cab37dbce9c3167b1acd0b8c2c3d9988,r_f842f8012b64a37416bc,9,fbb7dea7528c1e2682734e4ad5f21d9c72c7c901ef02b28eeda6fe36552ce896
2026:4081420261580996490,p0009,c_b9c6825d43fd2209aee5,2d087f01767a53209d89ca88d229772667ebef14feaca4c090c25cb7000f3a9b,r_dab5970845ebb9ffcf35,11,2f2727cdaad6c09f75103af92a1fbd8fabec12c1839c6a7bb33048d7f54c8e9f
2026:4081420261581018017,p0014,c_1822128dbb0e70f13b7d,1fb7e31fc96860aec59f581130d36899d5e8710378033c81132883dd5d21e4c0,r_380f28d77df7a5db30a0,11,3730ea3adfe22f4ebbb2880a519ad669705118c89e210f07f7a9c1662d83b5e7
2026:4081420261581018019,p0014,c_1822128dbb0e70f13b7d,b2d02abf9c8a8730705c89e164c357ee2efc070c5e59df0a2cb2b273d92b83cb,r_380f28d77df7a5db30a0,11,3730ea3adfe22f4ebbb2880a519ad669705118c89e210f07f7a9c1662d83b5e7
2026:4081520251218419085,p0010,c_433597abc27c16d5e313,df439f1316c93926ddff35e104e2fbd165aef0d60b5da6bf1f33905936c2eb81,r_36381ff366645780c532,11,b26bdd1cce1031dd2c4f3810d9406c3fb9da4a10fd115591a3ab3bffd587c5a9
2026:4081520251218419161,p0010,c_433597abc27c16d5e313,0e45419dc19e7e7075961b26ef2840ce5a916f848947a5e3e7548e46915dc09f,r_36381ff366645780c532,11,b26bdd1cce1031dd2c4f3810d9406c3fb9da4a10fd115591a3ab3bffd587c5a9
2026:4081720261581116304,p0003,c_5c674a62aa12b11745d8,261fb7bf8367195b997e9c1db786c20808886c4eccf068768e776cc6ce59538c,r_e539c4db14c890028fc2,9,4ca381839bd88f09b6497e6b28b0e9fd49dab0305cc331b586fdd5be9c32099b
2026:4081720261581116305,p0003,c_5c674a62aa12b11745d8,44dc0380c231784daa6159d24ba9259b380e96d71dbb150857b1813434a79985,r_e539c4db14c890028fc2,9,4ca381839bd88f09b6497e6b28b0e9fd49dab0305cc331b586fdd5be9c32099b
2026:4081820251218491747,p0001,c_3b4e2a05f2eee8ee1cdc,d78b18324b81ba7d52bd0c02cf966fc9c6dc55108d49f19d0f699d780b133eb8,r_e75b91aaab70b14a204d,13,407c04763aab0fc3f8b35f9f14c99549bb8fd845574b08cdd3d7fefa486133b5
2026:4081820251218491749,p0001,c_3b4e2a05f2eee8ee1cdc,dff9554eb1a480e9cf999491b027b31eb123ed37af373ab9717e450da7cf92c4,r_e75b91aaab70b14a204d,13,407c04763aab0fc3f8b35f9f14c99549bb8fd845574b08cdd3d7fefa486133b5
2026:4081820251218491750,p0001,c_3b4e2a05f2eee8ee1cdc,5b6bca796004e2aaa62d33ceafe057ce8381bc4cb560642304360ef9d1e62ba4,r_e75b91aaab70b14a204d,13,407c04763aab0fc3f8b35f9f14c99549bb8fd845574b08cdd3d7fefa486133b5
2026:4081820251218491751,p0001,c_3b4e2a05f2eee8ee1cdc,0a2bb492272f321f4f1b72093397da306a9d5100a5e1e22ed235cb5a460eb1ef,r_e75b91aaab70b14a204d,13,407c04763aab0fc3f8b35f9f14c99549bb8fd845574b08cdd3d7fefa486133b5
2026:4081820251218491756,p0001,c_3b4e2a05f2eee8ee1cdc,9500f1573d338cc4b5d454e3fadfd8e6e7ab4c6f73066187108359782d9b57b6,r_e75b91aaab70b14a204d,13,407c04763aab0fc3f8b35f9f14c99549bb8fd845574b08cdd3d7fefa486133b5
2026:4081820251218491758,p0001,c_3b4e2a05f2eee8ee1cdc,c8d44a24286788ce555b5c9d45e0d05badd0ba3531435374f3d186ee9aa02bec,r_e75b91aaab70b14a204d,13,407c04763aab0fc3f8b35f9f14c99549bb8fd845574b08cdd3d7fefa486133b5
2026:4081820251218491760,p0001,c_3b4e2a05f2eee8ee1cdc,2e6200e125c7c670989e0988b265cd7fa0f6d4738035ce6538f44497d76f1573,r_e75b91aaab70b14a204d,13,407c04763aab0fc3f8b35f9f14c99549bb8fd845574b08cdd3d7fefa486133b5
2026:4081820251218491767,p0001,c_3b4e2a05f2eee8ee1cdc,5b13be7a0691462951f1ecfea475ba992872f5b4bde54be7a03b89806d380ae9,r_e75b91aaab70b14a204d,13,407c04763aab0fc3f8b35f9f14c99549bb8fd845574b08cdd3d7fefa486133b5
2026:4081820251218491769,p0001,c_3b4e2a05f2eee8ee1cdc,64e6c6ee4fc2a7445c703782049e3f4cda4bd018d1c5eaafd1e8f5fb924b3c22,r_e75b91aaab70b14a204d,13,407c04763aab0fc3f8b35f9f14c99549bb8fd845574b08cdd3d7fefa486133b5
2026:4081820251218491771,p0001,c_3b4e2a05f2eee8ee1cdc,9113dc6156ee50ee7c0a322d00670eb62ad1a562b3f3cfa71b8d481f961dece2,r_e75b91aaab70b14a204d,13,407c04763aab0fc3f8b35f9f14c99549bb8fd845574b08cdd3d7fefa486133b5
2026:4081820261583776229,p0009,c_b9c6825d43fd2209aee5,c7f749f92d847ed3351c9e87891eeb79510131dad09916c3191ae2217756434f,r_dab5970845ebb9ffcf35,11,2f2727cdaad6c09f75103af92a1fbd8fabec12c1839c6a7bb33048d7f54c8e9f
2026:4081820261583776230,p0009,c_b9c6825d43fd2209aee5,4ffd21973ea646712940d553279b87918fbd32b011d7414239c68834b134e18c,r_dab5970845ebb9ffcf35,11,2f2727cdaad6c09f75103af92a1fbd8fabec12c1839c6a7bb33048d7f54c8e9f
2026:4081820261583776231,p0009,c_b9c6825d43fd2209aee5,0400c3ffd06902ac6f5f170efa4f1ecc70828395074bd54d7994acf7a6df74b3,r_dab5970845ebb9ffcf35,11,2f2727cdaad6c09f75103af92a1fbd8fabec12c1839c6a7bb33048d7f54c8e9f
2026:4081820261583782938,p0011,c_6d78c941e832e66bc5f5,74ee756ded1d7a3e792debdfdeea316d576d373eedb81274972b75ea0ab95996,r_993179b21d5761402e8e,13,136e23c2659e614f7daf19e0e365c8a536cafb725e086191dc5d2f4ac7fabb57
2026:4081820261583860094,p0014,c_1822128dbb0e70f13b7d,8e571809912fb4eb29e593a87c9b2f4a2ff271e238ac4ff6ce41a2e88be722f4,r_380f28d77df7a5db30a0,11,3730ea3adfe22f4ebbb2880a519ad669705118c89e210f07f7a9c1662d83b5e7
2026:4081820261583860096,p0014,c_1822128dbb0e70f13b7d,4e0193149b22b29fedd5f030af8084c622892e026a9a93f8a3adb2de8d8aef2e,r_380f28d77df7a5db30a0,11,3730ea3adfe22f4ebbb2880a519ad669705118c89e210f07f7a9c1662d83b5e7
2026:4081920251218696201,p0015,c_140f009e028a29449a1e,27a8f51f4f861baa096302b0ae1e7ccab5ce3fb78af62bc8749a81c6ffec5603,r_f7a1a92ebd7a39e06876,5,33c32739a7c221d65956399988a013b86881c5776e3714ff55816581a14a38a7
2026:4081920251218730852,p0002,c_4b64baaa01dc4eca3d70,abeb79ffd817b2820003d74c763eeacb2ee2b63ee175f92c26be3cac2325ea6e,r_153f6f4b0d25713d8371,11,ef446f70a3583fce1f4ac47f95eea9a1d202a1764f613d71fa79944220b4464e
2026:4081920251218730853,p0002,c_4b64baaa01dc4eca3d70,f39d9d535cd446581edfb95dca85033861726715012bf7dde452787ec4a26693,r_153f6f4b0d25713d8371,11,ef446f70a3583fce1f4ac47f95eea9a1d202a1764f613d71fa79944220b4464e
2026:4081920251218730892,p0003,c_5c674a62aa12b11745d8,cfc9951a06ca7345345e1c7f8bccaf53028c30a205ef4b8d7f3319e3266dcc88,r_e539c4db14c890028fc2,9,4ca381839bd88f09b6497e6b28b0e9fd49dab0305cc331b586fdd5be9c32099b
2026:4081920251218730893,p0003,c_5c674a62aa12b11745d8,7d197547f23b51a130f493a55dc7715d071b6344e36d0406f8d72f0325e52709,r_e539c4db14c890028fc2,9,4ca381839bd88f09b6497e6b28b0e9fd49dab0305cc331b586fdd5be9c32099b
2026:4081920251218730917,p0001,c_3b4e2a05f2eee8ee1cdc,4ece75bb591011e34a8325ab74e6dd6602df60821fbacea149fcbcd5048551a9,r_e75b91aaab70b14a204d,13,407c04763aab0fc3f8b35f9f14c99549bb8fd845574b08cdd3d7fefa486133b5
2026:4081920251218732137,p0015,c_57d8e01958a38820d7b3,6cf1f97e30cbb9787137fc978e11e3a71ad8b853cc6dfe288cf14d614dafbf5b,r_f7a1a92ebd7a39e06876,9,e1eeb1a02cf0c5e8880dcde66101d22100d9d3cc549caee3ae648fbe1c2a9692
2026:4081920261583911394,p0009,c_b9c6825d43fd2209aee5,08c6beb26601dbfc4ccae50cda7293d89b7d7a0058f1b4da736b3686a835e577,r_dab5970845ebb9ffcf35,11,2f2727cdaad6c09f75103af92a1fbd8fabec12c1839c6a7bb33048d7f54c8e9f
2026:4081920261583924750,p0013,c_f403b4b143a23ffe823d,5da0d090c59aa41df9e009c0588b6d0b40124bb5618326333fff7dd5675c4375,r_2e07349418abdd1528c5,9,938f5e5e31027a82502cc4f45931241a0dc1daa6c6b2e16061ada9c64d9ded82
2026:4081920261583925169,p0013,c_f403b4b143a23ffe823d,52b0316b593502413c0524fca2475a99a802c0d8a73e3681dd31b83711a457b5,r_2e07349418abdd1528c5,9,938f5e5e31027a82502cc4f45931241a0dc1daa6c6b2e16061ada9c64d9ded82
2026:4081920261583925171,p0013,c_f403b4b143a23ffe823d,e7c6ea0fb3eae5d876e239dec87d26128bc569e57d748ff9948ade0aa72c480d,r_2e07349418abdd1528c5,9,938f5e5e31027a82502cc4f45931241a0dc1daa6c6b2e16061ada9c64d9ded82
2026:4081920261583961998,p0004,c_c99e4c1e04a65f2743c2,92ae726776774382e4dd4f6a46b2d0b5643aa7760e808a43495a38af6873025f,r_948475ee1ff681d1e65b,11,fa78e4ce8a403cc42a8258d033736cebf7575cd2d5196a97f8b946453fd73714
2026:4081920261584033062,p0004,c_c99e4c1e04a65f2743c2,e06c0d089b444ed80807bbd5f26b4c9555bae246026a8890d523e8e3e4f47592,r_948475ee1ff681d1e65b,11,fa78e4ce8a403cc42a8258d033736cebf7575cd2d5196a97f8b946453fd73714
2026:4081920261584033063,p0004,c_c99e4c1e04a65f2743c2,400b48a4e70950528b37128a1e9ceef32be04d3ac6998cac0e2fbdb0cf5599ef,r_948475ee1ff681d1e65b,11,fa78e4ce8a403cc42a8258d033736cebf7575cd2d5196a97f8b946453fd73714
2026:4082420261584639554,p0003,c_5c674a62aa12b11745d8,3ee05ea5e942dc2f4cf9cbcaa45c67e8b9b8ee9fb2f673a81317090823a40769,r_e539c4db14c890028fc2,9,4ca381839bd88f09b6497e6b28b0e9fd49dab0305cc331b586fdd5be9c32099b
2026:4082420261584639613,p0002,c_4b64baaa01dc4eca3d70,fb479eff364306e6f08984212056db46b62a761e625789f123219e17703fdd37,r_153f6f4b0d25713d8371,11,ef446f70a3583fce1f4ac47f95eea9a1d202a1764f613d71fa79944220b4464e
2026:4082420261584655197,p0015,c_e985b2b60bfec40b9aab,e3ef3f8ad0aecb97c4398b69623e2f3b8527cd118f7f04f3acaa75fe4a39e832,r_f7a1a92ebd7a39e06876,5,21e89079cb55d7f33166aa20219cc132d19877728063437aa941d32b88091ef3
2026:4082520251233342235,p0019,c_8f805b8c99894bf05c9e,371fe0598ece80e0f9f3fa09dd59387386ace5b26e344494d170b36f8e881c1c,r_f842f8012b64a37416bc,9,fbb7dea7528c1e2682734e4ad5f21d9c72c7c901ef02b28eeda6fe36552ce896
2026:4082520251233399844,p0019,c_8f805b8c99894bf05c9e,7b69d2f749aaab26be21bd4bea752285b4c7764fa2d942ca084a0a01bb7faa55,r_f842f8012b64a37416bc,9,fbb7dea7528c1e2682734e4ad5f21d9c72c7c901ef02b28eeda6fe36552ce896
2026:4082520261584705073,p0009,c_b9c6825d43fd2209aee5,1728f4100af9d9ec359e936a0565eab0d249846c7ac7b6d37f56217def067a39,r_dab5970845ebb9ffcf35,11,2f2727cdaad6c09f75103af92a1fbd8fabec12c1839c6a7bb33048d7f54c8e9f
2026:4082520261584705074,p0009,c_b9c6825d43fd2209aee5,5c9dcc60d07d223ed3f1fcba8ba1c7295cdcf08a6e7256a3731730742070bd42,r_dab5970845ebb9ffcf35,11,2f2727cdaad6c09f75103af92a1fbd8fabec12c1839c6a7bb33048d7f54c8e9f
2026:4082520261584705075,p0009,c_b9c6825d43fd2209aee5,3e8a4e0e441c14905f6266a12cd856e739eb59b479b89a6c1c852c734fa65995,r_dab5970845ebb9ffcf35,11,2f2727cdaad6c09f75103af92a1fbd8fabec12c1839c6a7bb33048d7f54c8e9f
2026:4082520261584716762,p0015,c_dd05fcb5866322438262,ea1be09aca245a69670a988aa25583c460ca26e4d3457f0a0483622e6c98a4b9,r_f7a1a92ebd7a39e06876,9,7c69c8ee5b184648674e1743a4d66931e8d0beb2c3d7b3bd790f1ab8a76ae1cc
2026:4082520261584828817,p0013,c_7f6679e9b620822a4285,a0163017e7ab7bd2243be5def956760a5ce45a6490aa2f0ca16538ded5c82fd2,r_2e07349418abdd1528c5,4,5972bbd9c4a10915f75a0ad9f99499c7f4dfded7f8938648af6415cfe7699ce8
2026:4082520261584828818,p0013,c_7f6679e9b620822a4285,57a972dd06b0f9feb334bb686a2b958c546a5d9a5e856c38b7af5b35b2088c70,r_2e07349418abdd1528c5,4,5972bbd9c4a10915f75a0ad9f99499c7f4dfded7f8938648af6415cfe7699ce8
2026:4082520261584828819,p0013,c_7f6679e9b620822a4285,aac3f8139f72b002c59498077016e37282d992b96d421d4278adbc6b74eb0c82,r_2e07349418abdd1528c5,4,5972bbd9c4a10915f75a0ad9f99499c7f4dfded7f8938648af6415cfe7699ce8
2026:4082720261594276807,p0009,c_b9c6825d43fd2209aee5,d818ceab98cdbd6ecce6907c931aa359050ceaf95e1726871c06ab16281f9852,r_dab5970845ebb9ffcf35,11,2f2727cdaad6c09f75103af92a1fbd8fabec12c1839c6a7bb33048d7f54c8e9f
2026:4082720261594276808,p0009,c_b9c6825d43fd2209aee5,1dc51f48f3f59dcf8b9a63ab40fc1205b9a7b93b4f1de26500be759b1d689305,r_dab5970845ebb9ffcf35,11,2f2727cdaad6c09f75103af92a1fbd8fabec12c1839c6a7bb33048d7f54c8e9f
2026:4082720261594276809,p0009,c_b9c6825d43fd2209aee5,61a9a1b97cc0840fd15bdf95181c919ef3030b4e44733bb130ef9ff3254a4d32,r_dab5970845ebb9ffcf35,11,2f2727cdaad6c09f75103af92a1fbd8fabec12c1839c6a7bb33048d7f54c8e9f
2026:4082820251250637092,p0003,c_dcb61ff9a92a3152957c,9308a4ca3b20bd5a3205ba53b8d7b70d3dd92397b583f994690cdab687be94f7,r_e539c4db14c890028fc2,9,4acb74a94e107976dd432d93e00ce54a9dc041ddc3de81dbcf9284d201005511
2026:4082820251254591209,p0014,c_1822128dbb0e70f13b7d,40d60b32c5939b3cb114996399f99bfe3f002a4d7fe942b228549544f4742fe3,r_380f28d77df7a5db30a0,11,3730ea3adfe22f4ebbb2880a519ad669705118c89e210f07f7a9c1662d83b5e7
2026:4082820251254729774,p0015,c_0fd42dcea3bc783c9277,1a24446224ba68dc760caedf0f6a8ed2bf40a93b50d5ac896119040f95e6d862,r_f7a1a92ebd7a39e06876,4,39f66eee0401d4f2e100c218775664800fdf49ebc7126a8765362bfa2f0631b2
2026:4082820251255074375,p0008,c_eb5f4b964135272e086d,b3e7e4bc9e2951e088c90069b41537d3852e7dd447a1a1cc819fa090da5be0d1,r_ea71451d245b6218d4f0,10,4104a539a5e79b0ac055d000d70e89d27ac78b43271d1b875a01d4f10bc71c93
2026:4082820251256021647,p0004,c_c99e4c1e04a65f2743c2,b95e6a324493a8310f8bbadb96b6549e2b2162eb1788cef9beb3cfcb3dcf2f13,r_948475ee1ff681d1e65b,11,fa78e4ce8a403cc42a8258d033736cebf7575cd2d5196a97f8b946453fd73714
2026:4082820251256265661,p0004,c_c99e4c1e04a65f2743c2,5a5b57a0f79a364836ef3e153417a6c06e278db279ccee0944b8cbf552e8a863,r_948475ee1ff681d1e65b,11,fa78e4ce8a403cc42a8258d033736cebf7575cd2d5196a97f8b946453fd73714
2026:4082820251256439472,p0009,c_b9c6825d43fd2209aee5,366f83134ce472661ae093aaa0092255233352c0671f905384661fba6b8c97ae,r_dab5970845ebb9ffcf35,11,2f2727cdaad6c09f75103af92a1fbd8fabec12c1839c6a7bb33048d7f54c8e9f
2026:4082820251256448704,p0009,c_b9c6825d43fd2209aee5,405af62080644040deeb552e71d1c5383ceb8c35c0f8790b820846e22217c38a,r_dab5970845ebb9ffcf35,11,2f2727cdaad6c09f75103af92a1fbd8fabec12c1839c6a7bb33048d7f54c8e9f
2026:4082820251256813778,p0003,c_dcb61ff9a92a3152957c,e2fe3f5bcae3538c967fb7680586e28a4a8188bbdfd25e900989f1ca857d0229,r_e539c4db14c890028fc2,9,4acb74a94e107976dd432d93e00ce54a9dc041ddc3de81dbcf9284d201005511
2026:4082820251256822981,p0003,c_dcb61ff9a92a3152957c,a7190e6b9564e05bdb5d9df51141fdd674219861c20a92d0055ca1bc79574817,r_e539c4db14c890028fc2,9,4acb74a94e107976dd432d93e00ce54a9dc041ddc3de81dbcf9284d201005511
2026:4082820251256836431,p0003,c_dcb61ff9a92a3152957c,219f9d2716574e827d1050038c580d732117a9d82fa2e9bfe039cc9787096c91,r_e539c4db14c890028fc2,9,4acb74a94e107976dd432d93e00ce54a9dc041ddc3de81dbcf9284d201005511
2026:4082820251256841134,p0003,c_dcb61ff9a92a3152957c,854ea4db26923646377ec3ad81a3b7baae722f189a51ed3745b52bd643a7e883,r_e539c4db14c890028fc2,9,4acb74a94e107976dd432d93e00ce54a9dc041ddc3de81dbcf9284d201005511
2026:4082820251256841328,p0003,c_dcb61ff9a92a3152957c,7b085bafd6bd92e41579ce90dc41f586dd8aa9b8edefc22c9f508d66c632abb0,r_e539c4db14c890028fc2,9,4acb74a94e107976dd432d93e00ce54a9dc041ddc3de81dbcf9284d201005511
2026:4082820251256847273,p0003,c_dcb61ff9a92a3152957c,bec1b60f1f956d1bdd931aa0fcadbf0e9a03d8074730c1a2cb439e47a4f2580e,r_e539c4db14c890028fc2,9,4acb74a94e107976dd432d93e00ce54a9dc041ddc3de81dbcf9284d201005511
2026:4082820251259748237,p0015,c_dd05fcb5866322438262,5a80eac4708565fea0e566e1fa676dd487d173ab98515aaae72cd7326dfb7194,r_f7a1a92ebd7a39e06876,9,7c69c8ee5b184648674e1743a4d66931e8d0beb2c3d7b3bd790f1ab8a76ae1cc
2026:4082820251259748238,p0015,c_dd05fcb5866322438262,a7f534a9145cb40927cbb8bde1103abf556438f9d8b6e87b907777805038a368,r_f7a1a92ebd7a39e06876,9,7c69c8ee5b184648674e1743a4d66931e8d0beb2c3d7b3bd790f1ab8a76ae1cc
2026:4082820251259748239,p0015,c_dd05fcb5866322438262,b665b72207861ed511c6cb113fa63b8e3935f65016ffc0ebc8d0e7a9eb33109b,r_f7a1a92ebd7a39e06876,9,7c69c8ee5b184648674e1743a4d66931e8d0beb2c3d7b3bd790f1ab8a76ae1cc
2026:4082820251259748240,p0015,c_dd05fcb5866322438262,5645ced2b5d6eb05b997330d1955869cc3b8ffdc1a1131c50a27b5c0d611ddb0,r_f7a1a92ebd7a39e06876,9,7c69c8ee5b184648674e1743a4d66931e8d0beb2c3d7b3bd790f1ab8a76ae1cc
2026:4082820251259748241,p0015,c_dd05fcb5866322438262,9ef3539ed76c7cb3919d85d7def4af207236da3264207d602cb8d4704df53619,r_f7a1a92ebd7a39e06876,9,7c69c8ee5b184648674e1743a4d66931e8d0beb2c3d7b3bd790f1ab8a76ae1cc
2026:4082820251259749758,p0015,c_dd05fcb5866322438262,c70a0dae023e0dbaa472d4f3c9134d53841c89e204620cf82e872d565f901144,r_f7a1a92ebd7a39e06876,9,7c69c8ee5b184648674e1743a4d66931e8d0beb2c3d7b3bd790f1ab8a76ae1cc
2026:4082820251259749759,p0015,c_dd05fcb5866322438262,931acffde18f544c4c07ddce07960f54bfc3ac2114c0c7d646c2991f5278471b,r_f7a1a92ebd7a39e06876,9,7c69c8ee5b184648674e1743a4d66931e8d0beb2c3d7b3bd790f1ab8a76ae1cc
2026:4082820251259749761,p0015,c_dd05fcb5866322438262,556d5faf9cce93ac5eceed9ba18dfd7775dac32a8fc6ff0873b34c40a10f9d8d,r_f7a1a92ebd7a39e06876,9,7c69c8ee5b184648674e1743a4d66931e8d0beb2c3d7b3bd790f1ab8a76ae1cc
2026:4082820251259749762,p0015,c_dd05fcb5866322438262,6f559fd1076473b40e4a2f75b5fb16955948cb358a93986c25c295d5755bdebc,r_f7a1a92ebd7a39e06876,9,7c69c8ee5b184648674e1743a4d66931e8d0beb2c3d7b3bd790f1ab8a76ae1cc
2026:4082820251259749763,p0015,c_dd05fcb5866322438262,2ae17758c5bfe986f68abc9a18fffd95e73b9fb304ec92b356c451ab1d55012b,r_f7a1a92ebd7a39e06876,9,7c69c8ee5b184648674e1743a4d66931e8d0beb2c3d7b3bd790f1ab8a76ae1cc
2026:4082820251261095852,p0011,c_6d78c941e832e66bc5f5,d4b3745a8c8d18b15907e0bf6a0939d49fd804d96f125542cb6b18fa17a35e11,r_993179b21d5761402e8e,13,136e23c2659e614f7daf19e0e365c8a536cafb725e086191dc5d2f4ac7fabb57
2026:4082820251261111353,p0011,c_6d78c941e832e66bc5f5,7382041f6ccec6b0719a50ce2cf95ce0c9e687c5b7de9a9b99003e1d7f8f5cbb,r_993179b21d5761402e8e,13,136e23c2659e614f7daf19e0e365c8a536cafb725e086191dc5d2f4ac7fabb57
2026:4082820251263882970,p0004,c_c99e4c1e04a65f2743c2,5d933d7cdca3dfc1b10a453032d09e6ec3c46d45e9e336812cc3a2bead50e6e9,r_948475ee1ff681d1e65b,11,fa78e4ce8a403cc42a8258d033736cebf7575cd2d5196a97f8b946453fd73714
2026:4082820251268193850,p0020,c_25346886cb66823b3264,967f09ca17593e8a4e129bf0e5bcaa342540208ae26b4ba74b1490cabf704724,r_e1bc9fb32f1f0e4aaac5,6,5e0ffc28ab351d85327359d169f8f4beca1b11ad5553a762d6b8f23ae75ccbac
2026:4082820251268364751,p0014,c_1822128dbb0e70f13b7d,03a069fad07ded6e1c0868787cb16d9d0a8407d76016c42c1e2819fe03a815db,r_380f28d77df7a5db30a0,11,3730ea3adfe22f4ebbb2880a519ad669705118c89e210f07f7a9c1662d83b5e7
2026:4082820251269896226,p0004,c_c99e4c1e04a65f2743c2,24f2f95847382a37255279df1429fac0dd66df4ee23a4d65c36883c88c9e41ac,r_948475ee1ff681d1e65b,11,fa78e4ce8a403cc42a8258d033736cebf7575cd2d5196a97f8b946453fd73714
2026:4082820251290071147,p0009,c_b9c6825d43fd2209aee5,87637ae3ade1478813eea1084111e3f03574eb4df8e026fbce20c6de9e2b24ec,r_dab5970845ebb9ffcf35,11,2f2727cdaad6c09f75103af92a1fbd8fabec12c1839c6a7bb33048d7f54c8e9f
2026:4082820261595338050,p0003,c_d7cbfb640cbdfe7aef75,efe612295d5fb556f42979ddde2cd4132560aac055783f5e4733b8c8687259ba,r_e539c4db14c890028fc2,7,59914f4d5855be6c415ce5f4aafe20de4410d4c5309f5286081f658634499605
2026:4082820261595338051,p0003,c_d7cbfb640cbdfe7aef75,6e5e96f9c176db2e5c5d104310b5def858c23525aaa2f2028eb7eba440669243,r_e539c4db14c890028fc2,7,59914f4d5855be6c415ce5f4aafe20de4410d4c5309f5286081f658634499605
2026:4082820261595354536,p0003,c_5c674a62aa12b11745d8,14b5a5196245c3b251ebca95d101d0f5036cc6098d8d0d2b01da2da0924946ba,r_e539c4db14c890028fc2,9,4ca381839bd88f09b6497e6b28b0e9fd49dab0305cc331b586fdd5be9c32099b
2026:4090120261595547913,p0013,c_f403b4b143a23ffe823d,58a60b9a986686c8da987f6b5a7e409cf635c06f4b19b0be077e41e5c9026fbf,r_2e07349418abdd1528c5,9,938f5e5e31027a82502cc4f45931241a0dc1daa6c6b2e16061ada9c64d9ded82
2026:4090120261595550249,p0009,c_b9c6825d43fd2209aee5,d5e9b08170788e935996fdbb3a83951eb6006b804aa7feb05071c248bfa6080c,r_dab5970845ebb9ffcf35,11,2f2727cdaad6c09f75103af92a1fbd8fabec12c1839c6a7bb33048d7f54c8e9f
2026:4090220261595639961,p0012,c_b3e9661b3b039eac4939,b0ffd9698c32afdfcabe0e31bb4148424ba65c2442216075cddc48bcdd2f8977,r_75b5cf0824e38d63503f,9,4a5b97fda9c7ade70a2518a37c3aac9dd5fa91f1a14d6447e281c5e0f7740f02
2026:4090320251290262502,p0010,c_3fdba6477347f59d07e7,779b592659086acc9529080e4e35afda5b398a80b95059c813498493251e5db1,r_36381ff366645780c532,11,aae33bc963a30bd1536b10834ed6f80806e8990021acd020d7bae0c104ed85ec
2026:4090320251290262503,p0010,c_3fdba6477347f59d07e7,93d2688dd700547260facccaeb9ef35d6e43d3f58bde249a5bd903d1aa90a79e,r_36381ff366645780c532,11,aae33bc963a30bd1536b10834ed6f80806e8990021acd020d7bae0c104ed85ec
2026:4090320251290262504,p0010,c_3fdba6477347f59d07e7,f7b3170ae64a6b261f043d4663adefd5570f3848062e7ab53b3b497efadec5db,r_36381ff366645780c532,11,aae33bc963a30bd1536b10834ed6f80806e8990021acd020d7bae0c104ed85ec
2026:4090420251290293840,p0015,c_dd05fcb5866322438262,1fb51753c98499ccc9f7b9e7f04b408145ad0f1c5a3c7696b71b73bab509716a,r_f7a1a92ebd7a39e06876,9,7c69c8ee5b184648674e1743a4d66931e8d0beb2c3d7b3bd790f1ab8a76ae1cc
2026:4090820261595851228,p0002,c_43263d10d8d42de66ef1,30effb9d4f49d91ca6f3985678af653bb81b2067e49db74f86c937dad25f1228,r_153f6f4b0d25713d8371,11,e78dcd2ea9088c453f153dac7ceaa97df3ea12520b49aac6b5e652420267f0bb
2026:4090820261595851229,p0003,c_5c674a62aa12b11745d8,5dbb1f8be6451f5c530b6df09e3dbedbad09fcbcb3c04ff313cea97a4ab4c6a3,r_e539c4db14c890028fc2,9,4ca381839bd88f09b6497e6b28b0e9fd49dab0305cc331b586fdd5be9c32099b
2026:4090920251290437605,p0009,c_b9c6825d43fd2209aee5,b4e23b427aa656e026733f5136f16c007e41c6228ba9efac19dcd0157bcc3a47,r_dab5970845ebb9ffcf35,11,2f2727cdaad6c09f75103af92a1fbd8fabec12c1839c6a7bb33048d7f54c8e9f
2026:4090920251290437613,p0001,c_3b4e2a05f2eee8ee1cdc,3dec466ab0b190fe362ce7f00cd65b30e95a481e4dae4e74273d157480c45619,r_e75b91aaab70b14a204d,13,407c04763aab0fc3f8b35f9f14c99549bb8fd845574b08cdd3d7fefa486133b5
2026:4090920251290437614,p0001,c_3b4e2a05f2eee8ee1cdc,57545f05f74f25f94c42f0c39480c865ac8503f9d150486b0a9f5e06c364e2ee,r_e75b91aaab70b14a204d,13,407c04763aab0fc3f8b35f9f14c99549bb8fd845574b08cdd3d7fefa486133b5
2026:4090920251290437615,p0001,c_3b4e2a05f2eee8ee1cdc,25673fb309ea72e4e30f7d7de47bd75ecfd259e4bede78cfec76d7e8e495a567,r_e75b91aaab70b14a204d,13,407c04763aab0fc3f8b35f9f14c99549bb8fd845574b08cdd3d7fefa486133b5
2026:4090920261596048899,p0009,c_b9c6825d43fd2209aee5,c08ee0a9cc7beacb70f2044a3ee4215b90b6b8a54436685d9dc749e947a1e3c6,r_dab5970845ebb9ffcf35,11,2f2727cdaad6c09f75103af92a1fbd8fabec12c1839c6a7bb33048d7f54c8e9f
2026:4091220251291083986,p0009,c_b9c6825d43fd2209aee5,120602dbc8b35fa49027a7e1e485b561d527d1de478161a7072f8848172409ff,r_dab5970845ebb9ffcf35,11,2f2727cdaad6c09f75103af92a1fbd8fabec12c1839c6a7bb33048d7f54c8e9f
2026:4091820251291356833,p0003,c_dcb61ff9a92a3152957c,c9ba193e78f702b209b4c07038269e78bd9acea5a22e7dfbe616a67b142d3f06,r_e539c4db14c890028fc2,9,4acb74a94e107976dd432d93e00ce54a9dc041ddc3de81dbcf9284d201005511
2026:4091820251291356842,p0002,c_43263d10d8d42de66ef1,3879cc33e046129a0674dbdcd2556b8825f37bf17d6c1c03f7a90f40152f9517,r_153f6f4b0d25713d8371,11,e78dcd2ea9088c453f153dac7ceaa97df3ea12520b49aac6b5e652420267f0bb
2026:4092420251292200530,p0002,c_43263d10d8d42de66ef1,70aacb1f9699f62dfdee98028b3d84fdb3f73fc850bac8190a576ea4983246de,r_153f6f4b0d25713d8371,11,e78dcd2ea9088c453f153dac7ceaa97df3ea12520b49aac6b5e652420267f0bb
2026:4092420251292200573,p0003,c_5c674a62aa12b11745d8,27926f910f0a95155e834da1c999b5ade4514d23da08e5aee9f3cbf3fb0918bb,r_e539c4db14c890028fc2,9,4ca381839bd88f09b6497e6b28b0e9fd49dab0305cc331b586fdd5be9c32099b
2026:4092920251292465825,p0010,c_433597abc27c16d5e313,b0fbf829504bda8c132f09a0b76a1640b9940280f1cd60a4286c9c18dbe5029e,r_36381ff366645780c532,11,b26bdd1cce1031dd2c4f3810d9406c3fb9da4a10fd115591a3ab3bffd587c5a9
2026:4103020251293133019,p0002,c_43263d10d8d42de66ef1,11f2b416b2635264848d9395027516ab196621c135ebabc2806cfff43c1ebcca,r_153f6f4b0d25713d8371,11,e78dcd2ea9088c453f153dac7ceaa97df3ea12520b49aac6b5e652420267f0bb
2026:4103020251293133021,p0003,c_5c674a62aa12b11745d8,c9cd705695679bc5394805861000cd2aee5e278b6e60064f1e41c423120a1eee,r_e539c4db14c890028fc2,9,4ca381839bd88f09b6497e6b28b0e9fd49dab0305cc331b586fdd5be9c32099b
2026:4112420251294614282,p0009,c_b9c6825d43fd2209aee5,22d47ae83e59165a2cf1aa39695e36eada47bbbd398efed08c139ed56b9eea3e,r_dab5970845ebb9ffcf35,11,2f2727cdaad6c09f75103af92a1fbd8fabec12c1839c6a7bb33048d7f54c8e9f
2026:4112520251294834057,p0010,c_3fdba6477347f59d07e7,9f409455fa4f9792d00b90955ebf212fd70600f09387bfde7d75ead8b5b1f0a9,r_36381ff366645780c532,11,aae33bc963a30bd1536b10834ed6f80806e8990021acd020d7bae0c104ed85ec
2026:4112520251294834503,p0009,c_b9c6825d43fd2209aee5,69032e4d8102bc67e33e4e5e24d8b9e05df6cd4ffb4e5404f3492dbb7bf16b51,r_dab5970845ebb9ffcf35,11,2f2727cdaad6c09f75103af92a1fbd8fabec12c1839c6a7bb33048d7f54c8e9f
2026:4112620251294876009,p0015,c_57d8e01958a38820d7b3,53248b408da7e6c4201212a0db27cb9eb66363397ad9d95ff46413c5527bac1c,r_f7a1a92ebd7a39e06876,9,e1eeb1a02cf0c5e8880dcde66101d22100d9d3cc549caee3ae648fbe1c2a9692
2026:4112620251294880560,p0003,c_5c674a62aa12b11745d8,1b3de5150966a598f6acbb2f14ef98a51a43485e3fb0e690e38ee56069acdaef,r_e539c4db14c890028fc2,9,4ca381839bd88f09b6497e6b28b0e9fd49dab0305cc331b586fdd5be9c32099b
2026:4112620251294966387,p0015,c_8eb595baffbef3c23fb4,aa08ebb3cdfabc94d42db104ed547471276fcd72f9392dc966db60fe727f951d,r_f7a1a92ebd7a39e06876,4,4e1d6040801721312d663bc56b8e7e47dc00355caf53947fb86ebf6c99cd3806
2026:4112820251295012055,p0011,c_7e4fd8b95a6200e98887,1e8ce7e1700da8370c472ef8dc8c0c29b20ab8450748e39dfd7dc28dc972fcb4,r_993179b21d5761402e8e,9,d1e601134f4fe37164c07c87fd4d3661662da8c4dff3ac6edd8c2149ed36f8a1
2026:4120120251295154676,p0010,c_3fdba6477347f59d07e7,ffaf946cf728f9047893ea4e6a279436ead8c0ae6f9fd696bfb5d1bec2ca4091,r_36381ff366645780c532,11,aae33bc963a30bd1536b10834ed6f80806e8990021acd020d7bae0c104ed85ec
2026:4120120251295189262,p0002,c_43263d10d8d42de66ef1,69a4dcc070b7d45616f1fdb6451e0dd5a1bfd5f9aa67f8d95d6143efedc5ed82,r_153f6f4b0d25713d8371,11,e78dcd2ea9088c453f153dac7ceaa97df3ea12520b49aac6b5e652420267f0bb
2026:4120120251295196628,p0003,c_dcb61ff9a92a3152957c,8573609d56195482b60edc5e1065e178307dd6d5d8b3b2e56469f18767e7a539,r_e539c4db14c890028fc2,9,4acb74a94e107976dd432d93e00ce54a9dc041ddc3de81dbcf9284d201005511
2026:4120220251296451080,p0019,c_8f805b8c99894bf05c9e,831c4a5b01d9a9c712752f0c837296b67894ad511928116a26df298ad1d74c6f,r_f842f8012b64a37416bc,9,fbb7dea7528c1e2682734e4ad5f21d9c72c7c901ef02b28eeda6fe36552ce896
2026:4120220251296459472,p0015,c_57d8e01958a38820d7b3,d4694e63a71fac0e42378f4a7d96b00266b27e481faa27cd5a9b73fb0a684757,r_f7a1a92ebd7a39e06876,9,e1eeb1a02cf0c5e8880dcde66101d22100d9d3cc549caee3ae648fbe1c2a9692
2026:4120320251296638157,p0012,c_b3e9661b3b039eac4939,9a62563f0b9145a8ea74e131f248269c2b8d7ac85c8eeadcd8b1a49c04d87964,r_75b5cf0824e38d63503f,9,4a5b97fda9c7ade70a2518a37c3aac9dd5fa91f1a14d6447e281c5e0f7740f02
2026:4120320251296697170,p0019,c_8f805b8c99894bf05c9e,af1317338bbd82c331fa268b5bd2b801160db56cee6fe923761d568ca5a6e674,r_f842f8012b64a37416bc,9,fbb7dea7528c1e2682734e4ad5f21d9c72c7c901ef02b28eeda6fe36552ce896
2026:4120320251296697260,p0002,c_43263d10d8d42de66ef1,f7c3d0f15e4f58b269366701ea29cb1ac2e44523bc41636cdbc98c86c0241f86,r_153f6f4b0d25713d8371,11,e78dcd2ea9088c453f153dac7ceaa97df3ea12520b49aac6b5e652420267f0bb
2026:4120320251296697262,p0003,c_dcb61ff9a92a3152957c,3d71bd4c07c9925bc159eeaa718482c893d40c6091be4ffee3e424a70fb67a1d,r_e539c4db14c890028fc2,9,4acb74a94e107976dd432d93e00ce54a9dc041ddc3de81dbcf9284d201005511
2026:4120320251296700714,p0010,c_433597abc27c16d5e313,42ae3fe2d71453e75f3ba01dbabcd5562b3038be452ffb34e80cf2273fb7383c,r_36381ff366645780c532,11,b26bdd1cce1031dd2c4f3810d9406c3fb9da4a10fd115591a3ab3bffd587c5a9
2026:4120320251296700725,p0002,c_7d7cb7c29cca5e24886a,4a2562da2c5bdd353fcf6464c73d77708ffe0f695b61311254b125dfd3b7c76c,r_153f6f4b0d25713d8371,10,2d5332cb942b5b8d97739f388916d6e8ac2a616ff09b7ca5215731067983dc93
2026:4120320251296700726,p0003,c_927e2ea7aeaab6c6dadc,14731da04b8250d96648f1ee4947227406f64c67c715d0e0ac1c54cdb5ad405f,r_e539c4db14c890028fc2,8,342b06ba6f83230cb60a083b6b4f280646d4b4bda03341a01326e96484d8b8a4
2026:4120320251296701601,p0002,c_4b64baaa01dc4eca3d70,23a30fc88b492922c2355729a37bb8cc9bd910e5aa7a1d31e47bee56fff2f98d,r_153f6f4b0d25713d8371,11,ef446f70a3583fce1f4ac47f95eea9a1d202a1764f613d71fa79944220b4464e
2026:4120320251296701666,p0003,c_dcb61ff9a92a3152957c,d90f17f585f9160d21ba05272e6cb28e886140f77efcb3d7728f14a09d152d3e,r_e539c4db14c890028fc2,9,4acb74a94e107976dd432d93e00ce54a9dc041ddc3de81dbcf9284d201005511
2026:4120320251296701681,p0011,c_e33e4241ffae021efe44,7ba706cfbc12ccfc286e8e1f740f0f0797e57f0baf6777ea29c776062bfa80df,r_993179b21d5761402e8e,13,f759e3e78284d686fe105b8c5024b31812841e62142513d312812f0fc0b5b163
2026:4120320251296784396,p0002,c_4b64baaa01dc4eca3d70,4bc7478caff7646e32d92e1c8a39c64d121faadd8d5558a75fafc433c769bd66,r_153f6f4b0d25713d8371,11,ef446f70a3583fce1f4ac47f95eea9a1d202a1764f613d71fa79944220b4464e
2026:4120320251296784398,p0003,c_5c674a62aa12b11745d8,d57695064eebb286137f7646520a85c6af04223d1955304f31ce454d418ee9db,r_e539c4db14c890028fc2,9,4ca381839bd88f09b6497e6b28b0e9fd49dab0305cc331b586fdd5be9c32099b
2026:4120320251296858749,p0006,c_ad31e218ef3f5f13c332,0669794478d9dd9bde394b9c5f6f249a52b3b8fcff97bed6eb8c63fecafcaf0c,r_28d8ea5a232d0e6cda03,4,e9cde79f8bd0af66e4b5ce748283d51cd706a3eccfbb9d617329d0730f5292c1
2026:4120420251296889060,p0002,c_43263d10d8d42de66ef1,d2b8474c80796c481459974fa473b3273ba5bacde825f2b9a25d211b49be0d5b,r_153f6f4b0d25713d8371,11,e78dcd2ea9088c453f153dac7ceaa97df3ea12520b49aac6b5e652420267f0bb
2026:4120420251296889061,p0003,c_5c674a62aa12b11745d8,5cb94dc4802dd0cb6d349db97b2e0d1c17d6c383ff70f911811f4c20372e00da,r_e539c4db14c890028fc2,9,4ca381839bd88f09b6497e6b28b0e9fd49dab0305cc331b586fdd5be9c32099b
2026:4120420251296889100,p0001,c_3b4e2a05f2eee8ee1cdc,bc1bd37fd0440f096de62f3051328629a35439db18927956d2335dab6000d5da,r_e75b91aaab70b14a204d,13,407c04763aab0fc3f8b35f9f14c99549bb8fd845574b08cdd3d7fefa486133b5
2026:4120420251296956348,p0010,c_433597abc27c16d5e313,2b25e81ac2eeeee270ed8738d8bee7d4d6d1649ec4596d6f4ae160e6561c6000,r_36381ff366645780c532,11,b26bdd1cce1031dd2c4f3810d9406c3fb9da4a10fd115591a3ab3bffd587c5a9
2026:4120420251296956351,p0010,c_433597abc27c16d5e313,0fa3314afd53be60986f9907dd11c832c8a807d3034bd6c4688729b0b1be1d6d,r_36381ff366645780c532,11,b26bdd1cce1031dd2c4f3810d9406c3fb9da4a10fd115591a3ab3bffd587c5a9
2026:4120920251297543687,p0003,c_5c674a62aa12b11745d8,c7b26a8bd0952b23474a278eea2d3939acc29883c51a7873f2f0a55e2207c0a9,r_e539c4db14c890028fc2,9,4ca381839bd88f09b6497e6b28b0e9fd49dab0305cc331b586fdd5be9c32099b
2026:4120920251297544894,p0003,c_5c674a62aa12b11745d8,a93b3fa36a5ea8b652ec30b1408eaca6e030a8b41311850ee8ce0698ad6a65bb,r_e539c4db14c890028fc2,9,4ca381839bd88f09b6497e6b28b0e9fd49dab0305cc331b586fdd5be9c32099b
2026:4121020251297741867,p0003,c_5c674a62aa12b11745d8,d95e4ced2c5507571f561b95044e7ed27cd5d227a77fe36ebbe53a2107a201a6,r_e539c4db14c890028fc2,9,4ca381839bd88f09b6497e6b28b0e9fd49dab0305cc331b586fdd5be9c32099b
2026:4121020251297741868,p0003,c_5c674a62aa12b11745d8,233399b7d51668417014bb1d74cbd836294c8b80aceeac8e81ab712c552e3e2e,r_e539c4db14c890028fc2,9,4ca381839bd88f09b6497e6b28b0e9fd49dab0305cc331b586fdd5be9c32099b
2026:4121020251297765338,p0001,c_3b4e2a05f2eee8ee1cdc,1a70c229c71e5e5e86b786c40196d27bc3f7c828dc25c622be0a0a8b639c974b,r_e75b91aaab70b14a204d,13,407c04763aab0fc3f8b35f9f14c99549bb8fd845574b08cdd3d7fefa486133b5
2026:4121020251297767186,p0003,c_5c674a62aa12b11745d8,acc4ed975ccca778c506db7b3b23ed3bfd91337659e73fe2517454adce2f6fad,r_e539c4db14c890028fc2,9,4ca381839bd88f09b6497e6b28b0e9fd49dab0305cc331b586fdd5be9c32099b
2026:4121020251297770974,p0003,c_5c674a62aa12b11745d8,dc320b62f1cfae4d85c7e72697a36ce9e53209254a88768687f3fa0534d5cb6c,r_e539c4db14c890028fc2,9,4ca381839bd88f09b6497e6b28b0e9fd49dab0305cc331b586fdd5be9c32099b
2026:4121120251298298011,p0015,c_dd05fcb5866322438262,d0420a30aaf7d9d8bf377a0f2450a8d3ebf09ea224ddbd11bac895d20921c04c,r_f7a1a92ebd7a39e06876,9,7c69c8ee5b184648674e1743a4d66931e8d0beb2c3d7b3bd790f1ab8a76ae1cc
2026:4121120251298298012,p0015,c_dd05fcb5866322438262,28b0a8e8a24c74b0600d9ae75ff48cf0313d87cfc8b6aacf189faae89629a5a6,r_f7a1a92ebd7a39e06876,9,7c69c8ee5b184648674e1743a4d66931e8d0beb2c3d7b3bd790f1ab8a76ae1cc
2026:4121620251298873575,p0015,c_57d8e01958a38820d7b3,2aaa92e2fe32281d25b1390b0ac0d1737ea2c67343c11da1231c4fe1a60c5c25,r_f7a1a92ebd7a39e06876,9,e1eeb1a02cf0c5e8880dcde66101d22100d9d3cc549caee3ae648fbe1c2a9692
2026:4121620251298873576,p0015,c_57d8e01958a38820d7b3,00c96e668e7c7244fcb6d6470087c85b0ca95e7d2232d3d530ac55db95834920,r_f7a1a92ebd7a39e06876,9,e1eeb1a02cf0c5e8880dcde66101d22100d9d3cc549caee3ae648fbe1c2a9692
2026:4121620251298874033,p0003,c_dcb61ff9a92a3152957c,c28078e51593f5b1bb4f89d77f7032e42375ed1794426e40847bd3600a0e9fae,r_e539c4db14c890028fc2,9,4acb74a94e107976dd432d93e00ce54a9dc041ddc3de81dbcf9284d201005511
2026:4121620251298905267,p0003,c_5c674a62aa12b11745d8,191e87a2f715ac0921c4a6e3c152c69bb6687a08293ca0b81c67a1204c729a46,r_e539c4db14c890028fc2,9,4ca381839bd88f09b6497e6b28b0e9fd49dab0305cc331b586fdd5be9c32099b
2026:4121620251298905429,p0014,c_1822128dbb0e70f13b7d,99bd2e529a441ab248a5d950e357c301ea769e124272fc9a88032d4252b5c977,r_380f28d77df7a5db30a0,11,3730ea3adfe22f4ebbb2880a519ad669705118c89e210f07f7a9c1662d83b5e7
2026:4121720251299015959,p0010,c_433597abc27c16d5e313,2d64c436b132b7132284243c3608fdc6bf24fd7530445fa21a68dfb6380e5f78,r_36381ff366645780c532,11,b26bdd1cce1031dd2c4f3810d9406c3fb9da4a10fd115591a3ab3bffd587c5a9
2026:4121720251299015960,p0010,c_433597abc27c16d5e313,87df48e49f95dfaecd4e0f17258f5a18b75d86be1d81033bb755a3d03ce9910a,r_36381ff366645780c532,11,b26bdd1cce1031dd2c4f3810d9406c3fb9da4a10fd115591a3ab3bffd587c5a9
2026:4121720251299015961,p0010,c_433597abc27c16d5e313,127c40917884c8db86cf953e2426e672c569dd18c844ffc68b48d4ad9479ef93,r_36381ff366645780c532,11,b26bdd1cce1031dd2c4f3810d9406c3fb9da4a10fd115591a3ab3bffd587c5a9
2026:4121820251299084300,p0003,c_dcb61ff9a92a3152957c,d264acc1a5b6acc29d19bad32771d8f36eb2b22e8cc26d633633156610fc5eb3,r_e539c4db14c890028fc2,9,4acb74a94e107976dd432d93e00ce54a9dc041ddc3de81dbcf9284d201005511
2026:4121820251299116453,p0003,c_5c674a62aa12b11745d8,2fd2452840009fe02a4029e343b3e7e65aa414e33664b930e2902b8aaf7b48ca,r_e539c4db14c890028fc2,9,4ca381839bd88f09b6497e6b28b0e9fd49dab0305cc331b586fdd5be9c32099b
2026:4121820251299133848,p0003,c_5c674a62aa12b11745d8,df5b3f66f518376c5d36a088203f21fba0cc9289a6faceada87680f5171e5a01,r_e539c4db14c890028fc2,9,4ca381839bd88f09b6497e6b28b0e9fd49dab0305cc331b586fdd5be9c32099b
2026:4121920251299489481,p0015,c_5d63e693b133df68764a,b0a68ed966fa09c0dcc74654a0095343a250c89ddb9cf817906c5dbe850ee1c6,r_f7a1a92ebd7a39e06876,5,e71d2d9659fe5a0453a69f0ac212b8c6284d96deb38482e7cd68f5ec2a615b8b
2026:4121920251299489483,p0015,c_5d63e693b133df68764a,e69481f1c24400cccb6563511838f5b850682d80d4e382ee14bd258785ecf896,r_f7a1a92ebd7a39e06876,5,e71d2d9659fe5a0453a69f0ac212b8c6284d96deb38482e7cd68f5ec2a615b8b
2026:4121920251299513534,p0015,c_dd05fcb5866322438262,595ae86a64a416d8b32e4c08d77363a9b4b65c3219ee9ec42e2dda39eae25958,r_f7a1a92ebd7a39e06876,9,7c69c8ee5b184648674e1743a4d66931e8d0beb2c3d7b3bd790f1ab8a76ae1cc
2026:4122320251299629214,p0002,c_48d52fd38cd72bd4af64,15f12cc1e00a244b4be2fa1f796a86937e201e628cee7ca85a35372ff476853d,r_153f6f4b0d25713d8371,9,9b137dff5079ccab808ed6b01a5cd647f3fbe876a68f93a7d09deccaa132f797
2026:4122320251299629215,p0002,c_48d52fd38cd72bd4af64,b9255ca93c058b412122fb59494806e6a161dd478b158d9df3a598f774fd588e,r_153f6f4b0d25713d8371,9,9b137dff5079ccab808ed6b01a5cd647f3fbe876a68f93a7d09deccaa132f797
2026:4122320251299629305,p0003,c_dcb61ff9a92a3152957c,df9217ba6bbe183843d99e95171e19bd5841f03f06d738085152a8b7c0f5c77c,r_e539c4db14c890028fc2,9,4acb74a94e107976dd432d93e00ce54a9dc041ddc3de81dbcf9284d201005511
2026:4122320251299629306,p0003,c_dcb61ff9a92a3152957c,af19079105da135b02ef9fa9605f8daaf42d756cf66d20b0afd8da551c54f7ca,r_e539c4db14c890028fc2,9,4acb74a94e107976dd432d93e00ce54a9dc041ddc3de81dbcf9284d201005511
