case_id,person_id,record_id
c_8f2f2e4d6166bcb97055,p0009,2024:2021420251177270001
c_be8c2a6f3fcea39cc972,p0012,2024:2071120231753165010
c_c61d41dcfafa8e10375a,p0013,2024:4010220241813632667
c_2ceb7bcf2126b295ad21,p0012,2024:4010220241813677794
c_43263d10d8d42de66ef1,p0002,2024:4010320251125715893
c_dcb61ff9a92a3152957c,p0003,2024:4010320251125715895
c_b9c6825d43fd2209aee5,p0009,2024:4010320251125717039
c_b9c6825d43fd2209aee5,p0009,2024:4010320251125729669
c_d406572283b365b4b81a,p0017,2024:4010320251125732051
c_35cf7c0cfc9ebac675be,p0004,2024:4010520241814879404
c_35cf7c0cfc9ebac675be,p0004,2024:4010520241814884030
c_a6284eecf52c58ff6676,p0017,2024:4010620251126068210
c_cd3681efd13cb3833853,p0012,2024:4010620251126119834
c_ff6993ba2f374406ac24,p0020,2024:4010620251126158405
c_1c3339c6d2a90f5d5a92,p0017,2024:4010620251126703016
c_1c3339c6d2a90f5d5a92,p0017,2024:4010620251126737624
c_87a30b378f23fbf058df,p0013,2024:4010620251126746101
c_1c3339c6d2a90f5d5a92,p0017,2024:4010620251126804781
c_1cacfa042d1455d24a46,p0019,2024:4010620251126823719
c_28276834972bc20b7eea,p0002,2024:4010620251126924644
c_dcb61ff9a92a3152957c,p0003,2024:4010620251126926590
c_4e965f98e7e4e73d4cc0,p0007,2024:4010620251126942753
c_1974b3e7302f423a2a11,p0017,2024:4010620251126986326
c_4e965f98e7e4e73d4cc0,p0007,2024:4010620251127017398
c_437ce64814c1db55ad40,p0015,2024:4010720251127125613
c_437ce64814c1db55ad40,p0015,2024:4010720251127125614
c_437ce64814c1db55ad40,p0015,2024:4010720251127125615
c_437ce64814c1db55ad40,p0015,2024:4010720251127125616
c_437ce64814c1db55ad40,p0015,2024:4010720251127125617
c_437ce64814c1db55ad40,p0015,2024:4010720251127125618
c_437ce64814c1db55ad40,p0015,2024:4010720251127125619
c_437ce64814c1db55ad40,p0015,2024:4010720251127125620
c_437ce64814c1db55ad40,p0015,2024:4010720251127125621
c_437ce64814c1db55ad40,p0015,2024:4010720251127125622
c_437ce64814c1db55ad40,p0015,2024:4010720251127125623
c_437ce64814c1db55ad40,p0015,2024:4010720251127125624
c_437ce64814c1db55ad40,p0015,2024:4010720251127125625
c_437ce64814c1db55ad40,p0015,2024:4010720251127125626
c_437ce64814c1db55ad40,p0015,2024:4010720251127125627
c_437ce64814c1db55ad40,p0015,2024:4010720251127125628
c_437ce64814c1db55ad40,p0015,2024:4010720251127125629
c_1c00ab362939bb8042b3,p0017,2024:4010720251127139650
c_1c00ab362939bb8042b3,p0017,2024:4010720251127139651
c_1c00ab362939bb8042b3,p0017,2024:4010720251127139652
c_1c00ab362939bb8042b3,p0017,2024:4010720251127139653
c_1c00ab362939bb8042b3,p0017,2024:4010720251127139654
c_c99e4c1e04a65f2743c2,p0004,2024:4010720251127149488
c_c99e4c1e04a65f2743c2,p0004,2024:4010720251127149489
c_0e23ab4f855fffa4095e,p0007,2024:4010720251127188272
c_c99e4c1e04a65f2743c2,p0004,2024:4010720251127211298
c_c99e4c1e04a65f2743c2,p0004,2024:4010720251127211299
c_3fdba6477347f59d07e7,p0010,2024:4010720251127217130
c_5c674a62aa12b11745d8,p0003,2024:4010720251127273790
c_43263d10d8d42de66ef1,p0002,2024:4010720251127273982
c_c36487f09dc4a3432577,p0015,2024:4010720251127276677
c_c36487f09dc4a3432577,p0015,2024:4010720251127276679
c_c36487f09dc4a3432577,p0015,2024:4010720251127276681
c_c36487f09dc4a3432577,p0015,2024:4010720251127276683
c_c36487f09dc4a3432577,p0015,2024:4010720251127276685
c_c36487f09dc4a3432577,p0015,2024:4010720251127276687
c_c36487f09dc4a3432577,p0015,2024:4010720251127276689
c_c36487f09dc4a3432577,p0015,2024:4010720251127276691
c_c36487f09dc4a3432577,p0015,2024:4010720251127276693
c_c36487f09dc4a3432577,p0015,2024:4010720251127276695
c_c36487f09dc4a3432577,p0015,2024:4010720251127276697
c_c36487f09dc4a3432577,p0015,2024:4010720251127276699
c_57d8e01958a38820d7b3,p0015,2024:4010720251127424837
c_c99e4c1e04a65f2743c2,p0004,2024:4010720251127424885
c_dd05fcb5866322438262,p0015,2024:4010720261300203952
c_69dd66cbe024a59873ba,p0013,2024:4010820251127602993
c_69dd66cbe024a59873ba,p0013,2024:4010820251127602994
c_7167c777a6026e5eb76f,p0017,2024:4010820251127655817
c_dcb61ff9a92a3152957c,p0003,2024:4010820251127665743
c_831bbde25538066fc81b,p0002,2024:4010820251127665758
c_c3a7b8c95399e783947e,p0007,2024:4010920241815156167
c_c99e4c1e04a65f2743c2,p0004,2024:4011020251127843355
c_1c00ab362939bb8042b3,p0017,2024:4011020251127907663
c_1c00ab362939bb8042b3,p0017,2024:4011020251127907665
c_1c00ab362939bb8042b3,p0017,2024:4011020251127907667
c_1c00ab362939bb8042b3,p0017,2024:4011020251127907669
c_710a8c31b4a5e6923463,p0013,2024:4011020251127922827
c_1cacfa042d1455d24a46,p0019,2024:4011020251127924080
c_1cacfa042d1455d24a46,p0019,2024:4011020251127924478
c_97c4030d3b75d0462008,p0012,2024:4011020251127950730
c_97c4030d3b75d0462008,p0012,2024:4011020251127950731
c_97c4030d3b75d0462008,p0012,2024:4011020251127950732
c_97c4030d3b75d0462008,p0012,2024:4011120241815281269
c_97c4030d3b75d0462008,p0012,2024:4011120241815281270
c_97c4030d3b75d0462008,p0012,2024:4011120241815281271
c_c99e4c1e04a65f2743c2,p0004,2024:4011120251127998844
c_c66c8aa0fc3efc9b439b,p0013,2024:4011120251128039312
c_c66c8aa0fc3efc9b439b,p0013,2024:4011120251128039313
c_c66c8aa0fc3efc9b439b,p0013,2024:4011120251128039314
c_858bb887276ae6fc28b8,p0012,2024:4011120251128044154
c_858bb887276ae6fc28b8,p0012,2024:4011120251128044155
c_1822128dbb0e70f13b7d,p0014,2024:4011120251128081595
c_140f009e028a29449a1e,p0015,2024:4011120251128082213
c_1cacfa042d1455d24a46,p0019,2024:4011320251128144123
c_1cacfa042d1455d24a46,p0019,2024:4011320251128153551
c_1cacfa042d1455d24a46,p0019,2024:4011320251128169571
c_c99e4c1e04a65f2743c2,p0004,2024:4011320251128198473
c_c36487f09dc4a3432577,p0015,2024:4011320251128213914
c_c36487f09dc4a3432577,p0015,2024:4011320251128213916
c_c36487f09dc4a3432577,p0015,2024:4011320251128213918
c_c36487f09dc4a3432577,p0015,2024:4011320251128213920
c_c36487f09dc4a3432577,p0015,2024:4011320251128213922
c_c36487f09dc4a3432577,p0015,2024:4011320251128213924
c_c36487f09dc4a3432577,p0015,2024:4011320251128213926
c_c36487f09dc4a3432577,p0015,2024:4011320251128213928
c_c36487f09dc4a3432577,p0015,2024:4011320251128213930
c_c36487f09dc4a3432577,p0015,2024:4011320251128213932
c_c36487f09dc4a3432577,p0015,2024:4011320251128213934
c_c36487f09dc4a3432577,p0015,2024:4011320251128213936
c_c36487f09dc4a3432577,p0015,2024:4011320251128213938
c_c36487f09dc4a3432577,p0015,2024:4011320251128213940
c_c36487f09dc4a3432577,p0015,2024:4011320251128213942
c_c36487f09dc4a3432577,p0015,2024:4011320251128213944
c_c36487f09dc4a3432577,p0015,2024:4011320251128213946
c_c36487f09dc4a3432577,p0015,2024:4011320251128213948
c_c36487f09dc4a3432577,p0015,2024:4011320251128213950
c_c36487f09dc4a3432577,p0015,2024:4011320251128213952
c_c36487f09dc4a3432577,p0015,2024:4011320251128213954
c_c36487f09dc4a3432577,p0015,2024:4011320251128213956
c_c36487f09dc4a3432577,p0015,2024:4011320251128213958
c_31a809a60280c6866878,p0017,2024:4011320251128323756
c_b9d7a7552144943d55bc,p0013,2024:4011320251128332221
c_31a809a60280c6866878,p0017,2024:4011320251128468506
c_c3bb1061e1c3587ba003,p0013,2024:4011320251128537127
c_9bc9b39651db25dc90c3,p0013,2024:4011320251128537260
c_9bc9b39651db25dc90c3,p0013,2024:4011320251128537261
c_1c3339c6d2a90f5d5a92,p0017,2024:4011320251128613783
c_23ab08b344e71d8fd52d,p0017,2024:4011320251128725442
c_31a809a60280c6866878,p0017,2024:4011320251128823458
c_1c3339c6d2a90f5d5a92,p0017,2024:4011320251129035422
c_349cd209127ffc93f927,p0017,2024:4011320251129035423
c_349cd209127ffc93f927,p0017,2024:4011320251129035424
c_3f20e05d0b52e181d094,p0012,2024:4011320251129095006
c_8ca235e1f1ccd10d14d0,p0013,2024:4011320251129277142
c_b806704e477f93ed9def,p0012,2024:4011320251129282864
c_1c3339c6d2a90f5d5a92,p0017,2024:4011320251129308155
c_31a809a60280c6866878,p0017,2024:4011320251129572209
c_3f20e05d0b52e181d094,p0012,2024:4011320251129661826
c_5e8d3553242db6442190,p0015,2024:4011320251129677235
c_43263d10d8d42de66ef1,p0002,2024:4011320251129780938
c_5c674a62aa12b11745d8,p0003,2024:4011320251129780939
c_b8df517defe7e1c37294,p0012,2024:4011320251129793522
c_b8df517defe7e1c37294,p0012,2024:4011320251129798602
c_d406572283b365b4b81a,p0017,2024:4011320251129800295
c_d406572283b365b4b81a,p0017,2024:4011320251129800296
c_d406572283b365b4b81a,p0017,2024:4011320251129800297
c_884c84e52d72451c50a8,p0017,2024:4011320251129855781
c_433597abc27c16d5e313,p0010,2024:4011420251130074285
c_dcb61ff9a92a3152957c,p0003,2024:4011520251130261241
c_43263d10d8d42de66ef1,p0002,2024:4011520251130261331
c_1c00ab362939bb8042b3,p0017,2024:4011520251130301677
c_1c00ab362939bb8042b3,p0017,2024:4011520251130301679
c_6c350772278ad424d0b2,p0017,2024:4011520251130599088
c_2b7f9259412873649bca,p0013,2024:4011520251130653477
c_cd542770a05162888085,p0013,2024:4011520251130671813
c_4d2b759b329bb58cbcfa,p0012,2024:4011520251130766650
c_b9c6825d43fd2209aee5,p0009,2024:4011620241815512992
c_7d161046ac9781475228,p0017,2024:4011620241815551737
c_7d161046ac9781475228,p0017,2024:4011620241815553765
c_7f6679e9b620822a4285,p0013,2024:4011620251132157567
c_1189dd78c15d1d5856ad,p0004,2024:4011620251132180611
c_fa36c342df32d6568701,p0008,2024:4011620251132311336
c_6f9ce1910d5bc217008c,p0012,2024:4011620251132340137
c_3b4e2a05f2eee8ee1cdc,p0001,2024:4011620251132342892
c_3b4e2a05f2eee8ee1cdc,p0001,2024:4011620251132342893
c_3b4e2a05f2eee8ee1cdc,p0001,2024:4011620251132342894
c_3b4e2a05f2eee8ee1cdc,p0001,2024:4011620251132342895
c_3b4e2a05f2eee8ee1cdc,p0001,2024:4011620251132342896
c_3b4e2a05f2eee8ee1cdc,p0001,2024:4011620251132342898
c_3b4e2a05f2eee8ee1cdc,p0001,2024:4011620251132342902
c_3b4e2a05f2eee8ee1cdc,p0001,2024:4011620251132342904
c_3b4e2a05f2eee8ee1cdc,p0001,2024:4011620251132342906
c_3b4e2a05f2eee8ee1cdc,p0001,2024:4011620251132342908
c_3b4e2a05f2eee8ee1cdc,p0001,2024:4011620251132342910
c_43263d10d8d42de66ef1,p0002,2024:4011620251132356568
c_5c674a62aa12b11745d8,p0003,2024:4011620251132356569
c_06d7de6186fc2f081a9e,p0001,2024:4011620251132364570
c_cafb76dee8b810a50972,p0001,2024:4011620251132365648
c_6f9ce1910d5bc217008c,p0012,2024:4011620251132367923
c_5c674a62aa12b11745d8,p0003,2024:4011620251132373432
c_c99e4c1e04a65f2743c2,p0004,2024:4011620251132376021
c_c99e4c1e04a65f2743c2,p0004,2024:4011620251132376023
c_c99e4c1e04a65f2743c2,p0004,2024:4011620251132376024
c_5c674a62aa12b11745d8,p0003,2024:4011620251132377284
c_c3bb1061e1c3587ba003,p0013,2024:4011620251132392293
c_c3bb1061e1c3587ba003,p0013,2024:4011620251132395582
c_fafcaa6fd62e40760c86,p0008,2024:4011620251132415637
c_c55394898061fb1bce11,p0007,2024:4011620251132469759
c_43263d10d8d42de66ef1,p0002,2024:4011720241815683823
c_5c674a62aa12b11745d8,p0003,2024:4011720241815683826
c_43263d10d8d42de66ef1,p0002,2024:4011720251132615724
c_5c674a62aa12b11745d8,p0003,2024:4011720251132615736
c_fa36c342df32d6568701,p0008,2024:4011720251132804616
c_c99e4c1e04a65f2743c2,p0004,2024:4011720251132811788
c_6f9ce1910d5bc217008c,p0012,2024:4011720251132836861
c_127816033aeca7a4cf79,p0012,2024:4011720251132842389
c_127816033aeca7a4cf79,p0012,2024:4011720251132842391
c_1189dd78c15d1d5856ad,p0004,2024:4011720251132926804
c_458df3ce217eae5eebe8,p0012,2024:4011820241815762039
c_458df3ce217eae5eebe8,p0012,2024:4011820241815762040
c_7757f5fda2834ae1897f,p0020,2024:4011920241815787120
c_1f6b411c141ee055c02b,p0017,2024:4011920241815790961
c_4d2b759b329bb58cbcfa,p0012,2024:4012120251133039642
c_c99e4c1e04a65f2743c2,p0004,2024:4012220241815940600
c_dd05fcb5866322438262,p0015,2024:4012220241815964456
c_dd05fcb5866322438262,p0015,2024:4012220241815964457
c_dd05fcb5866322438262,p0015,2024:4012220241815964458
c_57d8e01958a38820d7b3,p0015,2024:4012220251133165226
c_1822128dbb0e70f13b7d,p0014,2024:4012220251133179420
c_c36487f09dc4a3432577,p0015,2024:4012220251133188164
c_c36487f09dc4a3432577,p0015,2024:4012220251133194258
c_c36487f09dc4a3432577,p0015,2024:4012220251133195183
c_c36487f09dc4a3432577,p0015,2024:4012220251133199866
c_c36487f09dc4a3432577,p0015,2024:4012220251133201841
c_c36487f09dc4a3432577,p0015,2024:4012220251133202052
c_c36487f09dc4a3432577,p0015,2024:4012220251133204820
c_c36487f09dc4a3432577,p0015,2024:4012220251133213053
c_c36487f09dc4a3432577,p0015,2024:4012220251133213662
c_c36487f09dc4a3432577,p0015,2024:4012220251133214958
c_c36487f09dc4a3432577,p0015,2024:4012220251133223298
c_c36487f09dc4a3432577,p0015,2024:4012220251133228739
c_c36487f09dc4a3432577,p0015,2024:4012220251133229747
c_c36487f09dc4a3432577,p0015,2024:4012220251133239690
c_c36487f09dc4a3432577,p0015,2024:4012220251133241460
c_c36487f09dc4a3432577,p0015,2024:4012220251133243396
c_7167c777a6026e5eb76f,p0017,2024:4012220251133425841
c_dd05fcb5866322438262,p0015,2024:4012220251133561893
c_6f9ce1910d5bc217008c,p0012,2024:4012220251133565390
c_c0e269b9ba20b2de8232,p0004,2024:4012320241816190471
c_6f9ce1910d5bc217008c,p0012,2024:4012320251133647914
c_fa36c342df32d6568701,p0008,2024:4012320251133650425
c_8a1a5855130904f79704,p0013,2024:4012320251133839282
c_8a1a5855130904f79704,p0013,2024:4012320251133839283
c_7642356f0441cf4f03fe,p0010,2024:4012320251133840830
c_6f9ce1910d5bc217008c,p0012,2024:4012320251133929658
c_c3bb1061e1c3587ba003,p0013,2024:4012320251133954505
c_c3bb1061e1c3587ba003,p0013,2024:4012320251133956480
c_7b75b5d9652d280e4cf7,p0002,2024:4012320251133993902
c_dcb61ff9a92a3152957c,p0003,2024:4012320251133994094
c_6f9ce1910d5bc217008c,p0012,2024:4012320251133998023
c_f02802a7481051de09c3,p0012,2024:4012320251134010982
c_6d0b0448efe8bd44b4d8,p0012,2024:4012320251134040207
c_f4a775e98fda668b17f7,p0019,2024:4012320251134041825
c_f4a775e98fda668b17f7,p0019,2024:4012320251134043319
c_f4a775e98fda668b17f7,p0019,2024:4012320251134044580
c_f4a775e98fda668b17f7,p0019,2024:4012320251134045121
c_f4a775e98fda668b17f7,p0019,2024:4012320251134045122
c_f4a775e98fda668b17f7,p0019,2024:4012320251134264261
c_f4a775e98fda668b17f7,p0019,2024:4012320251134264854
c_f4a775e98fda668b17f7,p0019,2024:4012320251134264855
c_f4a775e98fda668b17f7,p0019,2024:4012320251134266539
c_f4a775e98fda668b17f7,p0019,2024:4012320251134267214
c_f4a775e98fda668b17f7,p0019,2024:4012320251134267215
c_f4a775e98fda668b17f7,p0019,2024:4012320251134269036
c_437ce64814c1db55ad40,p0015,2024:4012320251134283096
c_437ce64814c1db55ad40,p0015,2024:4012320251134291454
c_437ce64814c1db55ad40,p0015,2024:4012320251134307665
c_437ce64814c1db55ad40,p0015,2024:4012320251134334470
c_437ce64814c1db55ad40,p0015,2024:4012320251134343847
c_c55394898061fb1bce11,p0007,2024:4012320251134345137
c_437ce64814c1db55ad40,p0015,2024:4012320251134348530
c_437ce64814c1db55ad40,p0015,2024:4012320251134350523
c_437ce64814c1db55ad40,p0015,2024:4012320251134353692
c_437ce64814c1db55ad40,p0015,2024:4012320251134356312
c_437ce64814c1db55ad40,p0015,2024:4012320251134359442
c_c55394898061fb1bce11,p0007,2024:4012320251134362846
c_437ce64814c1db55ad40,p0015,2024:4012320251134368083
c_c55394898061fb1bce11,p0007,2024:4012320251134371904
c_437ce64814c1db55ad40,p0015,2024:4012320251134378744
c_c55394898061fb1bce11,p0007,2024:4012320251134381438
c_437ce64814c1db55ad40,p0015,2024:4012320251134383983
c_437ce64814c1db55ad40,p0015,2024:4012320251134398184
c_437ce64814c1db55ad40,p0015,2024:4012320251134417376
c_437ce64814c1db55ad40,p0015,2024:4012320251134433378
c_437ce64814c1db55ad40,p0015,2024:4012320251134446870
c_6f9ce1910d5bc217008c,p0012,2024:4012320251134485465
c_a32d871e97d26f12c9c1,p0002,2024:4012320251134644200
c_6f9ce1910d5bc217008c,p0012,2024:4012320251134644974
c_1189dd78c15d1d5856ad,p0004,2024:4012320251134710481
c_7f6679e9b620822a4285,p0013,2024:4012320251134712967
c_c3a7b8c95399e783947e,p0007,2024:4012320251134808023
c_c66c8aa0fc3efc9b439b,p0013,2024:4012420241816225543
c_c66c8aa0fc3efc9b439b,p0013,2024:4012420241816225544
c_c66c8aa0fc3efc9b439b,p0013,2024:4012420241816225545
c_c5b7995bf680414a0436,p0004,2024:4012420241816227011
c_59658bec31da6b349e58,p0017,2024:4012420241816233261
c_c3bb1061e1c3587ba003,p0013,2024:4012420251134897709
c_c3bb1061e1c3587ba003,p0013,2024:4012420251134901622
c_c3bb1061e1c3587ba003,p0013,2024:4012420251134903374
c_c3bb1061e1c3587ba003,p0013,2024:4012420251134908082
c_902b3c3a6c06fc6c1ee1,p0013,2024:4012420251134924071
c_3a558418cef06cdd09ec,p0012,2024:4012420251135041871
c_ff6993ba2f374406ac24,p0020,2024:4012420251135045696
c_6f9ce1910d5bc217008c,p0012,2024:4012420251135045724
c_902b3c3a6c06fc6c1ee1,p0013,2024:4012420251135045746
c_c99e4c1e04a65f2743c2,p0004,2024:4012420251135047120
c_902b3c3a6c06fc6c1ee1,p0013,2024:4012420251135048647
c_dcb61ff9a92a3152957c,p0003,2024:4012420251135049588
c_c99e4c1e04a65f2743c2,p0004,2024:4012420251135050485
c_40acb4087a015405b5f1,p0013,2024:4012520241816360455
c_b9c6825d43fd2209aee5,p0009,2024:4012520241816362375
c_9482c33b8f0a32cee5b6,p0017,2024:4012520241816473452
c_43263d10d8d42de66ef1,p0002,2024:4012520241816484093
c_5c674a62aa12b11745d8,p0003,2024:4012520241816484096
c_5e8d3553242db6442190,p0015,2024:4012520241816507048
c_ff59c0ef8d551ff6dcf0,p0017,2024:4012620241816543820
c_23595521738d763cf25c,p0015,2024:4012620241816941552
c_c99e4c1e04a65f2743c2,p0004,2024:4012620241816944524
c_c99e4c1e04a65f2743c2,p0004,2024:4012620241816944672
c_c3a7b8c95399e783947e,p0007,2024:4012620241816982682
c_c99e4c1e04a65f2743c2,p0004,2024:4012620261303638975
c_c99e4c1e04a65f2743c2,p0004,2024:4012620261303638977
c_1822128dbb0e70f13b7d,p0014,2024:4012620261303639773
c_20d263f44b2467388a67,p0012,2024:4012720251135219174
c_9c859fb024183d8954a6,p0007,2024:4012720251135304588
c_b9c6825d43fd2209aee5,p0009,2024:4012720251135334429
c_e3dbff0472096b50e707,p0013,2024:4012720251135334461
c_e3dbff0472096b50e707,p0013,2024:4012720251135334462
c_a1384788d9ab5788d905,p0017,2024:4012720251135369517
c_ccbaf12b11578a6d6a41,p0004,2024:4012820251136221293
c_ccbaf12b11578a6d6a41,p0004,2024:4012820251136221294
c_c36487f09dc4a3432577,p0015,2024:4012820251137569386
c_c36487f09dc4a3432577,p0015,2024:4012820251137569388
c_c36487f09dc4a3432577,p0015,2024:4012820251137569390
c_c36487f09dc4a3432577,p0015,2024:4012820251137569392
c_c36487f09dc4a3432577,p0015,2024:4012820251137569394
c_c36487f09dc4a3432577,p0015,2024:4012820251137569396
c_c36487f09dc4a3432577,p0015,2024:4012820251137569398
c_c36487f09dc4a3432577,p0015,2024:4012820251137569400
c_c36487f09dc4a3432577,p0015,2024:4012820251137569402
c_c36487f09dc4a3432577,p0015,2024:4012820251137569404
c_c36487f09dc4a3432577,p0015,2024:4012820251137569406
c_cf0c16d166a8d060e8cd,p0017,2024:4012820251137591853
c_437ce64814c1db55ad40,p0015,2024:4012820251137615566
c_437ce64814c1db55ad40,p0015,2024:4012820251137624863
c_437ce64814c1db55ad40,p0015,2024:4012820251137638308
c_437ce64814c1db55ad40,p0015,2024:4012820251137639176
c_437ce64814c1db55ad40,p0015,2024:4012820251137644026
c_437ce64814c1db55ad40,p0015,2024:4012820251137659765
c_437ce64814c1db55ad40,p0015,2024:4012820251137664730
c_437ce64814c1db55ad40,p0015,2024:4012820251137667227
c_437ce64814c1db55ad40,p0015,2024:4012820251137672071
c_437ce64814c1db55ad40,p0015,2024:4012820251137672920
c_437ce64814c1db55ad40,p0015,2024:4012820251137675673
c_437ce64814c1db55ad40,p0015,2024:4012820251137676292
c_437ce64814c1db55ad40,p0015,2024:4012820251137686830
c_437ce64814c1db55ad40,p0015,2024:4012820251137686977
c_437ce64814c1db55ad40,p0015,2024:4012820251137688189
c_437ce64814c1db55ad40,p0015,2024:4012820251137689583
c_437ce64814c1db55ad40,p0015,2024:4012820251137690186
c_437ce64814c1db55ad40,p0015,2024:4012820251137690539
c_437ce64814c1db55ad40,p0015,2024:4012820251137692988
c_437ce64814c1db55ad40,p0015,2024:4012820251137710207
c_437ce64814c1db55ad40,p0015,2024:4012820251137710261
c_437ce64814c1db55ad40,p0015,2024:4012820251137710908
c_437ce64814c1db55ad40,p0015,2024:4012820251137714365
c_437ce64814c1db55ad40,p0015,2024:4012820251137720773
c_437ce64814c1db55ad40,p0015,2024:4012820251137722026
c_437ce64814c1db55ad40,p0015,2024:4012820251137727560
c_437ce64814c1db55ad40,p0015,2024:4012820251137727844
c_437ce64814c1db55ad40,p0015,2024:4012820251137727984
c_437ce64814c1db55ad40,p0015,2024:4012820251137732496
c_437ce64814c1db55ad40,p0015,2024:4012820251137741054
c_437ce64814c1db55ad40,p0015,2024:4012820251137750993
c_437ce64814c1db55ad40,p0015,2024:4012820251137759058
c_437ce64814c1db55ad40,p0015,2024:4012820251137762646
c_437ce64814c1db55ad40,p0015,2024:4012820251137762698
c_437ce64814c1db55ad40,p0015,2024:4012820251137766811
c_437ce64814c1db55ad40,p0015,2024:4012820251137770980
c_437ce64814c1db55ad40,p0015,2024:4012820251137773369
c_437ce64814c1db55ad40,p0015,2024:4012820251137775442
c_437ce64814c1db55ad40,p0015,2024:4012820251137778643
c_437ce64814c1db55ad40,p0015,2024:4012820251137782504
c_437ce64814c1db55ad40,p0015,2024:4012820251137783172
c_710a8c31b4a5e6923463,p0013,2024:4012820251137794532
c_334cfd4a63bde6659374,p0013,2024:4012820251137845195
c_c66c8aa0fc3efc9b439b,p0013,2024:4012820251137966740
c_c66c8aa0fc3efc9b439b,p0013,2024:4012820251137966741
c_c66c8aa0fc3efc9b439b,p0013,2024:4012820251137966742
c_c45d5a6fd1f3d47d8108,p0012,2024:4012820251137986806
c_c45d5a6fd1f3d47d8108,p0012,2024:4012820251137986807
c_ae93e5127b9a15b2e555,p0013,2024:4012820251137990568
c_ae93e5127b9a15b2e555,p0013,2024:4012820251137990569
c_43263d10d8d42de66ef1,p0002,2024:4012820251137998359
c_43263d10d8d42de66ef1,p0002,2024:4012820251137998360
c_5c674a62aa12b11745d8,p0003,2024:4012820251137998373
c_0ba6a1fa9730d43f811e,p0020,2024:4012920241817239865
c_4442ba39364418310f95,p0017,2024:4012920241817244228
c_6f9ce1910d5bc217008c,p0012,2024:4012920241817265500
c_66080c73d614f32ba39e,p0017,2024:4012920241817307719
c_f77092959014ce25e554,p0017,2024:4012920241817315573
c_f77092959014ce25e554,p0017,2024:4012920241817315574
c_f77092959014ce25e554,p0017,2024:4012920241817315575
c_437ce64814c1db55ad40,p0015,2024:4012920251138109601
c_7dce0291ee0e3586a06a,p0012,2024:4012920251138229417
c_7dce0291ee0e3586a06a,p0012,2024:4012920251138230093
c_6d78c941e832e66bc5f5,p0011,2024:4012920251138236732
c_05f378ba6c46d73aabf7,p0019,2024:4012920251138324231
c_05f378ba6c46d73aabf7,p0019,2024:4012920251138326691
c_05f378ba6c46d73aabf7,p0019,2024:4012920251138341201
c_05f378ba6c46d73aabf7,p0019,2024:4012920251138348409
c_05f378ba6c46d73aabf7,p0019,2024:4012920251138351395
c_05f378ba6c46d73aabf7,p0019,2024:4012920251138357307
c_05f378ba6c46d73aabf7,p0019,2024:4012920251138372823
c_05f378ba6c46d73aabf7,p0019,2024:4012920251138404377
c_335b847383ae31e6e8e8,p0012,2024:4012920251138484756
c_7d161046ac9781475228,p0017,2024:4013020241817447110
c_20d263f44b2467388a67,p0012,2024:4013020241817616405
c_20d263f44b2467388a67,p0012,2024:4013020241817616406
c_96283350464f14ae9131,p0017,2024:4013020241817625079
c_710a8c31b4a5e6923463,p0013,2024:4013020241817651988
c_5c674a62aa12b11745d8,p0003,2024:4013020241817658035
c_b9c6825d43fd2209aee5,p0009,2024:4013020241817674920
c_95618629f10022c60464,p0004,2024:4013020241817690458
c_97c4030d3b75d0462008,p0012,2024:4013020251138581598
c_97c4030d3b75d0462008,p0012,2024:4013020251138581599
c_97c4030d3b75d0462008,p0012,2024:4013020251138581600
c_6f9ce1910d5bc217008c,p0012,2024:4013020251138700652
c_437ce64814c1db55ad40,p0015,2024:4013020251138702312
c_437ce64814c1db55ad40,p0015,2024:4013020251138702314
c_437ce64814c1db55ad40,p0015,2024:4013020251138702316
c_437ce64814c1db55ad40,p0015,2024:4013020251138702318
c_437ce64814c1db55ad40,p0015,2024:4013020251138702320
c_437ce64814c1db55ad40,p0015,2024:4013020251138702322
c_437ce64814c1db55ad40,p0015,2024:4013020251138702324
c_437ce64814c1db55ad40,p0015,2024:4013020251138702326
c_437ce64814c1db55ad40,p0015,2024:4013020251138702328
c_437ce64814c1db55ad40,p0015,2024:4013020251138702330
c_437ce64814c1db55ad40,p0015,2024:4013020251138702332
c_437ce64814c1db55ad40,p0015,2024:4013020251138702334
c_437ce64814c1db55ad40,p0015,2024:4013020251138702336
c_437ce64814c1db55ad40,p0015,2024:4013020251138702338
c_437ce64814c1db55ad40,p0015,2024:4013020251138702340
c_2c41341c59945388f4f3,p0012,2024:4013020251138707811
c_437ce64814c1db55ad40,p0015,2024:4013020251138950518
c_437ce64814c1db55ad40,p0015,2024:4013020251138951676
c_14ce77846e433d31b76b,p0012,2024:4013020251139252501
c_170cc6395e2eace939c9,p0013,2024:4013120241817798622
c_170cc6395e2eace939c9,p0013,2024:4013120241817798624
c_43263d10d8d42de66ef1,p0002,2024:4013120241817812601
c_c9d7df587c8ebae06bc9,p0008,2024:4013120241817919098
c_7d161046ac9781475228,p0017,2024:4013120241818089492
c_3fdba6477347f59d07e7,p0010,2024:4013120241818089624
c_7d161046ac9781475228,p0017,2024:4013120241818089757
c_4cace8d09b215d03173e,p0017,2024:4013120241818090317
c_ff3c061d426e3231dc54,p0013,2024:4013120241818108490
c_d5b90a23360aee0f392a,p0006,2024:4013120241818114188
c_d5b90a23360aee0f392a,p0006,2024:4013120241818114189
c_c3bb1061e1c3587ba003,p0013,2024:4013120251140084069
c_ff6993ba2f374406ac24,p0020,2024:4020120241818246547
c_c99e4c1e04a65f2743c2,p0004,2024:4020120241818299709
c_1cacfa042d1455d24a46,p0019,2024:4020120241818305454
c_1cacfa042d1455d24a46,p0019,2024:4020120241818313443
c_1cacfa042d1455d24a46,p0019,2024:4020120241818321513
c_1cacfa042d1455d24a46,p0019,2024:4020120241818326573
c_1cacfa042d1455d24a46,p0019,2024:4020120241818331467
c_1cacfa042d1455d24a46,p0019,2024:4020120241818339759
c_1cacfa042d1455d24a46,p0019,2024:4020120241818344952
c_1cacfa042d1455d24a46,p0019,2024:4020120241818354566
c_1cacfa042d1455d24a46,p0019,2024:4020120241818361456
c_ff59c0ef8d551ff6dcf0,p0017,2024:4020120241818599694
c_01e6d06b628b57e57079,p0017,2024:4020120241818599960
c_9c859fb024183d8954a6,p0007,2024:4020120241818769073
c_9c859fb024183d8954a6,p0007,2024:4020120241818769074
c_9c859fb024183d8954a6,p0007,2024:4020120241818769075
c_c3bb1061e1c3587ba003,p0013,2024:4020120241818778830
c_c3bb1061e1c3587ba003,p0013,2024:4020120241818780658
c_c3bb1061e1c3587ba003,p0013,2024:4020120241818781093
c_69baaccaeada9f057780,p0007,2024:4020220241818927306
c_72bee3b135cc84fafaa8,p0012,2024:4020220241818937141
c_72bee3b135cc84fafaa8,p0012,2024:4020220241818941737
c_69baaccaeada9f057780,p0007,2024:4020220241818961100
c_72bee3b135cc84fafaa8,p0012,2024:4020220241818961206
c_72bee3b135cc84fafaa8,p0012,2024:4020220241818968528
c_72bee3b135cc84fafaa8,p0012,2024:4020220241818972840
c_72bee3b135cc84fafaa8,p0012,2024:4020220241818978593
c_69baaccaeada9f057780,p0007,2024:4020220241819005765
c_72bee3b135cc84fafaa8,p0012,2024:4020220241819006008
c_72bee3b135cc84fafaa8,p0012,2024:4020220241819006010
c_72bee3b135cc84fafaa8,p0012,2024:4020220241819006012
c_7d161046ac9781475228,p0017,2024:4020220241819098474
c_c99e4c1e04a65f2743c2,p0004,2024:4020220241819102268
c_c99e4c1e04a65f2743c2,p0004,2024:4020220241819102270
c_ff6993ba2f374406ac24,p0020,2024:4020220241819118119
c_ff59c0ef8d551ff6dcf0,p0017,2024:4020220241819130928
c_ff59c0ef8d551ff6dcf0,p0017,2024:4020220241819130930
c_0d281a01c065153b520a,p0015,2024:4020320251140240859
c_1c00ab362939bb8042b3,p0017,2024:4020320251140343344
c_1c00ab362939bb8042b3,p0017,2024:4020320251140343346
c_60e469ef9a791b7e7e38,p0013,2024:4020320251140645288
c_28944d9b3e24bf61b9ce,p0013,2024:4020320251140885905
c_dcb61ff9a92a3152957c,p0003,2024:4020320251140912791
c_831bbde25538066fc81b,p0002,2024:4020320251140929243
c_1c00ab362939bb8042b3,p0017,2024:4020420251141020180
c_1c00ab362939bb8042b3,p0017,2024:4020420251141020182
c_c5b7995bf680414a0436,p0004,2024:4020420251141060230
c_1cacfa042d1455d24a46,p0019,2024:4020420251141421930
c_69dd66cbe024a59873ba,p0013,2024:4020420251141513765
c_69dd66cbe024a59873ba,p0013,2024:4020420251141513766
c_69dd66cbe024a59873ba,p0013,2024:4020420251141513767
c_1974b3e7302f423a2a11,p0017,2024:4020420251142404177
c_4e965f98e7e4e73d4cc0,p0007,2024:4020420251142428861
c_ff6993ba2f374406ac24,p0020,2024:4020520241819430154
c_fa49063352bb702b8079,p0010,2024:4020520241819434205
c_fa49063352bb702b8079,p0010,2024:4020520241819434206
c_fa49063352bb702b8079,p0010,2024:4020520241819434207
c_57d8e01958a38820d7b3,p0015,2024:4020520241819436025
c_6f9ce1910d5bc217008c,p0012,2024:4020520241819437541
c_57d8e01958a38820d7b3,p0015,2024:4020520241819437878
c_82323571a3fa6db6af7d,p0012,2024:4020520241819446747
c_cd3681efd13cb3833853,p0012,2024:4020520241819461374
c_82323571a3fa6db6af7d,p0012,2024:4020520241819491594
c_be55d6a77f7c207d3129,p0015,2024:4020520241819532831
c_fa49063352bb702b8079,p0010,2024:4020520241819533110
c_79d82a83c0673ddaf64b,p0011,2024:4020520241819533193
c_858bb887276ae6fc28b8,p0012,2024:4020520251142594708
c_858bb887276ae6fc28b8,p0012,2024:4020520251142594709
c_858bb887276ae6fc28b8,p0012,2024:4020520251142594710
c_c99e4c1e04a65f2743c2,p0004,2024:4020520251142654884
c_1cacfa042d1455d24a46,p0019,2024:4020520251142983821
c_c99e4c1e04a65f2743c2,p0004,2024:4020520251143024383
c_c99e4c1e04a65f2743c2,p0004,2024:4020520251143024387
c_437ce64814c1db55ad40,p0015,2024:4020520251143040809
c_1c00ab362939bb8042b3,p0017,2024:4020520251143048233
c_1c00ab362939bb8042b3,p0017,2024:4020520251143048234
c_d406572283b365b4b81a,p0017,2024:4020520251143137104
c_d406572283b365b4b81a,p0017,2024:4020520251143137105
c_d406572283b365b4b81a,p0017,2024:4020520251143137106
c_cd3681efd13cb3833853,p0012,2024:4020520251143182612
c_87a30b378f23fbf058df,p0013,2024:4020620241819590405
c_842a9f30aa221c42aed0,p0017,2024:4020620241819600362
c_b9c6825d43fd2209aee5,p0009,2024:4020620241819829743
c_433597abc27c16d5e313,p0010,2024:4020620241819831585
c_433597abc27c16d5e313,p0010,2024:4020620241819831586
c_433597abc27c16d5e313,p0010,2024:4020620241819914296
c_71afeb97276f6dfe6fc4,p0017,2024:4020620241819942523
c_1c00ab362939bb8042b3,p0017,2024:4020620241820680928
c_433597abc27c16d5e313,p0010,2024:4020620241820769946
c_14ce77846e433d31b76b,p0012,2024:4020620241820771128
c_c61d41dcfafa8e10375a,p0013,2024:4020620241820818280
c_1cacfa042d1455d24a46,p0019,2024:4020620241822053415
c_1cacfa042d1455d24a46,p0019,2024:4020620241822063427
c_1cacfa042d1455d24a46,p0019,2024:4020620241822076729
c_43263d10d8d42de66ef1,p0002,2024:4020620241822088009
c_5c674a62aa12b11745d8,p0003,2024:4020620241822088010
c_bae5206bef31318ee7bd,p0018,2024:4020620241822091735
c_fa3477e641ab6b2cf2a3,p0013,2024:4020620241822095152
c_fa3477e641ab6b2cf2a3,p0013,2024:4020620241822095153
c_fa3477e641ab6b2cf2a3,p0013,2024:4020620241822095154
c_fa3477e641ab6b2cf2a3,p0013,2024:4020620241822095155
c_fa3477e641ab6b2cf2a3,p0013,2024:4020620241822095156
c_fa3477e641ab6b2cf2a3,p0013,2024:4020620241822095157
c_fa3477e641ab6b2cf2a3,p0013,2024:4020620241822095158
c_fa3477e641ab6b2cf2a3,p0013,2024:4020620241822095159
c_fa3477e641ab6b2cf2a3,p0013,2024:4020620241822095160
c_fa3477e641ab6b2cf2a3,p0013,2024:4020620241822095161
c_fa3477e641ab6b2cf2a3,p0013,2024:4020620241822095162
c_fa3477e641ab6b2cf2a3,p0013,2024:4020620241822095163
c_fa3477e641ab6b2cf2a3,p0013,2024:4020620241822095164
c_d462176daa66ae6f7c0c,p0020,2024:4020620241822129551
c_2ceb7bcf2126b295ad21,p0012,2024:4020620241822157235
c_82323571a3fa6db6af7d,p0012,2024:4020620241822182523
c_6f9ce1910d5bc217008c,p0012,2024:4020620241822289113
c_6f9ce1910d5bc217008c,p0012,2024:4020620241822289115
c_3fdba6477347f59d07e7,p0010,2024:4020620241822304843
c_4d2b759b329bb58cbcfa,p0012,2024:4020620241822305403
c_3fdba6477347f59d07e7,p0010,2024:4020620241822333358
c_dd05fcb5866322438262,p0015,2024:4020620241822335016
c_080020b0813fb6708855,p0013,2024:4020620241822341935
c_4d2b759b329bb58cbcfa,p0012,2024:4020620241822347287
c_1cacfa042d1455d24a46,p0019,2024:4020620251143303300
c_1cacfa042d1455d24a46,p0019,2024:4020620251143479122
c_1cacfa042d1455d24a46,p0019,2024:4020620251143479123
c_1cacfa042d1455d24a46,p0019,2024:4020620251143493039
c_1cacfa042d1455d24a46,p0019,2024:4020620251143503830
c_87a30b378f23fbf058df,p0013,2024:4020620251143505680
c_017d0ae7321d8ca855e5,p0017,2024:4020620251144035706
c_6f9ce1910d5bc217008c,p0012,2024:4020620251144166633
c_cd542770a05162888085,p0013,2024:4020620251144187974
c_dd05fcb5866322438262,p0015,2024:4020620251147319847
c_017d0ae7321d8ca855e5,p0017,2024:4020620251150097009
c_cd27217301e6927ff597,p0004,2024:4020620251151949019
c_c99e4c1e04a65f2743c2,p0004,2024:4020620251151949111
c_1822128dbb0e70f13b7d,p0014,2024:4020620251153453981
c_1822128dbb0e70f13b7d,p0014,2024:4020620251153453982
c_6d78c941e832e66bc5f5,p0011,2024:4020620251154819462
c_78af42459ffafa1ecaaa,p0013,2024:4020620251157864480
c_16e11d14570a45a07938,p0007,2024:4020620251159858905
c_ff6993ba2f374406ac24,p0020,2024:4020620251159960717
c_edf43d35712559a1028d,p0012,2024:4020620251160197036
c_b5b96610ab39f129194e,p0012,2024:4020620251160197122
c_13f5d1fd67b918434ded,p0014,2024:4020620251166471879
c_43263d10d8d42de66ef1,p0002,2024:4020720241823182533
c_dcb61ff9a92a3152957c,p0003,2024:4020720241823182571
c_572fc5a4feaed876d197,p0017,2024:4020720241823189655
c_572fc5a4feaed876d197,p0017,2024:4020720241823189656
c_572fc5a4feaed876d197,p0017,2024:4020720241823189657
c_d462176daa66ae6f7c0c,p0020,2024:4020720241823211900
c_6f9ce1910d5bc217008c,p0012,2024:4020720241823211930
c_c99e4c1e04a65f2743c2,p0004,2024:4020720241823255109
c_3fdba6477347f59d07e7,p0010,2024:4020720241823262503
c_7d161046ac9781475228,p0017,2024:4020720241823262504
c_09b35a66d840670a116d,p0013,2024:4020720241823269934
c_09b35a66d840670a116d,p0013,2024:4020720241823269935
c_7d161046ac9781475228,p0017,2024:4020720241823270530
c_5c674a62aa12b11745d8,p0003,2024:4020720241823272220
c_93074feb823a261ff6ac,p0002,2024:4020720241823272300
c_140f009e028a29449a1e,p0015,2024:4020720251166558880
c_433597abc27c16d5e313,p0010,2024:4020720251166568827
c_43263d10d8d42de66ef1,p0002,2024:4020720251166624683
c_5c674a62aa12b11745d8,p0003,2024:4020720251166625391
c_db11483102ea44f72255,p0002,2024:4020720251166626216
c_db11483102ea44f72255,p0002,2024:4020720251166678917
c_437ce64814c1db55ad40,p0015,2024:4020720251166687032
c_437ce64814c1db55ad40,p0015,2024:4020720251166687034
c_437ce64814c1db55ad40,p0015,2024:4020720251166687036
c_437ce64814c1db55ad40,p0015,2024:4020720251166687038
c_437ce64814c1db55ad40,p0015,2024:4020720251166687040
c_437ce64814c1db55ad40,p0015,2024:4020720251166687042
c_437ce64814c1db55ad40,p0015,2024:4020720251166687044
c_437ce64814c1db55ad40,p0015,2024:4020720251166687046
c_437ce64814c1db55ad40,p0015,2024:4020720251166687048
c_437ce64814c1db55ad40,p0015,2024:4020720251166687050
c_5c674a62aa12b11745d8,p0003,2024:4020720251166700298
c_437ce64814c1db55ad40,p0015,2024:4020720251166770092
c_437ce64814c1db55ad40,p0015,2024:4020720251166770094
c_437ce64814c1db55ad40,p0015,2024:4020720251166799373
c_b9c6825d43fd2209aee5,p0009,2024:4020820241823362913
c_7d161046ac9781475228,p0017,2024:4020820241823403528
c_7d161046ac9781475228,p0017,2024:4020820241823422205
c_57986ce665c3a8e7a556,p0017,2024:4020820241823423772
c_59658bec31da6b349e58,p0017,2024:4020820241823441940
c_59658bec31da6b349e58,p0017,2024:4020820241823441942
c_c61d41dcfafa8e10375a,p0013,2024:4020820241823462506
c_c61d41dcfafa8e10375a,p0013,2024:4020820241823462508
c_ff6993ba2f374406ac24,p0020,2024:4020820241823467308
c_58afacf4d83e61067246,p0012,2024:4020820241823467935
c_58afacf4d83e61067246,p0012,2024:4020820241823467937
c_ff59c0ef8d551ff6dcf0,p0017,2024:4020820241823481124
c_c0f6d325108489536f48,p0017,2024:4020820241823519564
c_4cace8d09b215d03173e,p0017,2024:4020820241823519731
c_842a9f30aa221c42aed0,p0017,2024:4020820241823548221
c_35cf7c0cfc9ebac675be,p0004,2024:4020820241823551537
c_35cf7c0cfc9ebac675be,p0004,2024:4020820241823551538
c_c99e4c1e04a65f2743c2,p0004,2024:4020820241823653068
c_7757f5fda2834ae1897f,p0020,2024:4020820241823653318
c_7757f5fda2834ae1897f,p0020,2024:4020820241823653319
c_585e3c3ae6f9154d0a9c,p0002,2024:4020820241823653446
c_5c674a62aa12b11745d8,p0003,2024:4020820241823653458
c_585e3c3ae6f9154d0a9c,p0002,2024:4020820241823653745
c_c99e4c1e04a65f2743c2,p0004,2024:4020820241823653791
c_5c674a62aa12b11745d8,p0003,2024:4020820241823653927
c_ff6993ba2f374406ac24,p0020,2024:4020820241823683451
c_43263d10d8d42de66ef1,p0002,2024:4020820251166868002
c_5c674a62aa12b11745d8,p0003,2024:4020820251166868003
c_edff13caa61075e2d07b,p0015,2024:4020820251166870009
c_ff59c0ef8d551ff6dcf0,p0017,2024:4020920241823931504
c_d462176daa66ae6f7c0c,p0020,2024:4020920241823931734
c_7d161046ac9781475228,p0017,2024:4020920241823956504
c_9731e91f7ecfec50c1c0,p0012,2024:4020920241823960071
c_9731e91f7ecfec50c1c0,p0012,2024:4020920241823960072
c_9c859fb024183d8954a6,p0007,2024:4020920241823978215
c_7d161046ac9781475228,p0017,2024:4020920241824006739
c_7d161046ac9781475228,p0017,2024:4020920241824006741
c_7d161046ac9781475228,p0017,2024:4020920241824006742
c_c99e4c1e04a65f2743c2,p0004,2024:4020920241824017841
c_437ce64814c1db55ad40,p0015,2024:4020920241824075616
c_437ce64814c1db55ad40,p0015,2024:4020920241824075618
c_437ce64814c1db55ad40,p0015,2024:4020920241824075620
c_437ce64814c1db55ad40,p0015,2024:4020920241824075622
c_437ce64814c1db55ad40,p0015,2024:4020920241824075624
c_437ce64814c1db55ad40,p0015,2024:4020920241824075626
c_437ce64814c1db55ad40,p0015,2024:4020920241824075628
c_437ce64814c1db55ad40,p0015,2024:4020920241824075630
c_437ce64814c1db55ad40,p0015,2024:4020920241824075632
c_437ce64814c1db55ad40,p0015,2024:4020920241824075634
c_437ce64814c1db55ad40,p0015,2024:4020920241824075636
c_437ce64814c1db55ad40,p0015,2024:4020920241824075638
c_437ce64814c1db55ad40,p0015,2024:4020920241824075640
c_437ce64814c1db55ad40,p0015,2024:4020920241824075642
c_437ce64814c1db55ad40,p0015,2024:4020920241824075644
c_437ce64814c1db55ad40,p0015,2024:4020920241824075646
c_437ce64814c1db55ad40,p0015,2024:4020920241824075648
c_437ce64814c1db55ad40,p0015,2024:4020920241824075650
c_437ce64814c1db55ad40,p0015,2024:4020920241824075652
c_437ce64814c1db55ad40,p0015,2024:4020920241824075654
c_437ce64814c1db55ad40,p0015,2024:4020920241824075656
c_437ce64814c1db55ad40,p0015,2024:4020920241824075658
c_437ce64814c1db55ad40,p0015,2024:4020920241824075660
c_437ce64814c1db55ad40,p0015,2024:4020920241824075662
c_437ce64814c1db55ad40,p0015,2024:4020920241824075664
c_437ce64814c1db55ad40,p0015,2024:4020920241824075666
c_437ce64814c1db55ad40,p0015,2024:4020920241824075668
c_437ce64814c1db55ad40,p0015,2024:4020920241824075670
c_437ce64814c1db55ad40,p0015,2024:4020920241824075672
c_1c00ab362939bb8042b3,p0017,2024:4020920241824286389
c_1cacfa042d1455d24a46,p0019,2024:4021020251166912955
c_1cacfa042d1455d24a46,p0019,2024:4021020251166914387
c_1cacfa042d1455d24a46,p0019,2024:4021020251166915494
c_1cacfa042d1455d24a46,p0019,2024:4021120241824426983
c_1cacfa042d1455d24a46,p0019,2024:4021120241824429001
c_3fdba6477347f59d07e7,p0010,2024:4021120241824430476
c_3fdba6477347f59d07e7,p0010,2024:4021120241824430477
c_3fdba6477347f59d07e7,p0010,2024:4021120241824430478
c_1cacfa042d1455d24a46,p0019,2024:4021120241824430802
c_b9a5e7e193ecf8972f61,p0001,2024:4021120251167888257
c_f4f25976a895b117f450,p0012,2024:4021120251170820899
c_f4f25976a895b117f450,p0012,2024:4021120251170820901
c_f4f25976a895b117f450,p0012,2024:4021120251170820903
c_f4f25976a895b117f450,p0012,2024:4021120251170820904
c_f4f25976a895b117f450,p0012,2024:4021120251170820908
c_f4f25976a895b117f450,p0012,2024:4021120251170820912
c_82323571a3fa6db6af7d,p0012,2024:4021120251170820917
c_82323571a3fa6db6af7d,p0012,2024:4021120251170820918
c_82323571a3fa6db6af7d,p0012,2024:4021120251170820928
c_bd65bfccbc53dd34359e,p0013,2024:4021120251171934959
c_bd65bfccbc53dd34359e,p0013,2024:4021120251171934960
c_284f76bb2a6dfd397fdc,p0013,2024:4021120251171945598
c_284f76bb2a6dfd397fdc,p0013,2024:4021120251171945599
c_4442ba39364418310f95,p0017,2024:4021220241824518714
c_1822128dbb0e70f13b7d,p0014,2024:4021220241824532717
c_57d8e01958a38820d7b3,p0015,2024:4021220241824541250
c_7d161046ac9781475228,p0017,2024:4021220241824550053
c_f77092959014ce25e554,p0017,2024:4021220241824557219
c_e0edf5bbcda564997df5,p0017,2024:4021220241824572312
c_e0edf5bbcda564997df5,p0017,2024:4021220241824572314
c_433597abc27c16d5e313,p0010,2024:4021220241824574388
c_dcb61ff9a92a3152957c,p0003,2024:4021220241824574550
c_7d161046ac9781475228,p0017,2024:4021220241824574634
c_4442ba39364418310f95,p0017,2024:4021220241824588119
c_cafb76dee8b810a50972,p0001,2024:4021220251172342812
c_edf43d35712559a1028d,p0012,2024:4021220251172380203
c_dcb61ff9a92a3152957c,p0003,2024:4021220251172381638
c_43263d10d8d42de66ef1,p0002,2024:4021220251172381644
c_43263d10d8d42de66ef1,p0002,2024:4021220251172393074
c_43263d10d8d42de66ef1,p0002,2024:4021220251172393075
c_5c674a62aa12b11745d8,p0003,2024:4021220251172393218
c_5c674a62aa12b11745d8,p0003,2024:4021220251172393220
c_83254365b3783483270d,p0007,2024:4021220251172447192
c_4cace8d09b215d03173e,p0017,2024:4021320241824629940
c_ff59c0ef8d551ff6dcf0,p0017,2024:4021320241824639898
c_ff59c0ef8d551ff6dcf0,p0017,2024:4021320241824642559
c_6f9ce1910d5bc217008c,p0012,2024:4021320241824645035
c_6f9ce1910d5bc217008c,p0012,2024:4021320241824645037
c_ff59c0ef8d551ff6dcf0,p0017,2024:4021320241824645526
c_b9c6825d43fd2209aee5,p0009,2024:4021320241824663040
c_b9c6825d43fd2209aee5,p0009,2024:4021320241824663042
c_127816033aeca7a4cf79,p0012,2024:4021320241824707598
c_2c214c57bfa0e57aaa83,p0020,2024:4021320241824712805
c_c99e4c1e04a65f2743c2,p0004,2024:4021320241824715931
c_b7ef2804bf57bb52fc74,p0015,2024:4021320241824733835
c_698cfb3eb5f805c9cff3,p0020,2024:4021320251172494226
c_6d78c941e832e66bc5f5,p0011,2024:4021320251172522843
c_3b4e2a05f2eee8ee1cdc,p0001,2024:4021320251172522916
c_005044bc4f2ddebdcd93,p0012,2024:4021320251172523806
c_43263d10d8d42de66ef1,p0002,2024:4021320251172618625
c_5c674a62aa12b11745d8,p0003,2024:4021320251172619795
c_1822128dbb0e70f13b7d,p0014,2024:4021320251172697578
c_4d2b759b329bb58cbcfa,p0012,2024:4021320251172859517
c_1cacfa042d1455d24a46,p0019,2024:4021420241824759082
c_1cacfa042d1455d24a46,p0019,2024:4021420241824759106
c_1cacfa042d1455d24a46,p0019,2024:4021420241824759137
c_1cacfa042d1455d24a46,p0019,2024:4021420241824759163
c_1cacfa042d1455d24a46,p0019,2024:4021420241824759186
c_1cacfa042d1455d24a46,p0019,2024:4021420241824759215
c_c99e4c1e04a65f2743c2,p0004,2024:4021420241824763617
c_c99e4c1e04a65f2743c2,p0004,2024:4021420241824763618
c_f77092959014ce25e554,p0017,2024:4021420241824764876
c_433597abc27c16d5e313,p0010,2024:4021420241824775464
c_4cace8d09b215d03173e,p0017,2024:4021420241824786486
c_25346886cb66823b3264,p0020,2024:4021420241824787645
c_d462176daa66ae6f7c0c,p0020,2024:4021420241824797009
c_43263d10d8d42de66ef1,p0002,2024:4021420241824800104
c_5c674a62aa12b11745d8,p0003,2024:4021420241824800105
c_43263d10d8d42de66ef1,p0002,2024:4021420241824800107
c_5c674a62aa12b11745d8,p0003,2024:4021420241824800108
c_c99e4c1e04a65f2743c2,p0004,2024:4021420241824813365
c_950982e1729fc928ad53,p0012,2024:4021420241824816450
c_950982e1729fc928ad53,p0012,2024:4021420241824816952
c_3fdba6477347f59d07e7,p0010,2024:4021420241824830084
c_3fdba6477347f59d07e7,p0010,2024:4021420241824830085
c_25346886cb66823b3264,p0020,2024:4021420241824831260
c_25346886cb66823b3264,p0020,2024:4021420241824831262
c_dd05fcb5866322438262,p0015,2024:4021420241824836687
c_dd05fcb5866322438262,p0015,2024:4021420241824836688
c_c99e4c1e04a65f2743c2,p0004,2024:4021420241824837508
c_c99e4c1e04a65f2743c2,p0004,2024:4021420241824837510
c_1822128dbb0e70f13b7d,p0014,2024:4021420241824837747
c_4cace8d09b215d03173e,p0017,2024:4021520241824941377
c_ff6993ba2f374406ac24,p0020,2024:4021520241824941522
c_c99e4c1e04a65f2743c2,p0004,2024:4021520241824941662
c_c99e4c1e04a65f2743c2,p0004,2024:4021520241824941725
c_d462176daa66ae6f7c0c,p0020,2024:4021520241825097638
c_d462176daa66ae6f7c0c,p0020,2024:4021520241825097640
c_9c859fb024183d8954a6,p0007,2024:4021520241825105894
c_ff6993ba2f374406ac24,p0020,2024:4021520241825114583
c_c99e4c1e04a65f2743c2,p0004,2024:4021620241825214377
c_c99e4c1e04a65f2743c2,p0004,2024:4021620241825214379
c_43263d10d8d42de66ef1,p0002,2024:4021620241825215173
c_5c674a62aa12b11745d8,p0003,2024:4021620241825215174
c_dd05fcb5866322438262,p0015,2024:4021620241825215176
c_737a04d661c568f0d1d2,p0017,2024:4021620241825215558
c_57d8e01958a38820d7b3,p0015,2024:4021620241825225740
c_57d8e01958a38820d7b3,p0015,2024:4021620241825225741
c_4cace8d09b215d03173e,p0017,2024:4021620241825245908
c_f77092959014ce25e554,p0017,2024:4021620241825249917
c_ff6993ba2f374406ac24,p0020,2024:4021620241825251196
c_6e8664926a8117bca86e,p0012,2024:4021620241825257396
c_6d78c941e832e66bc5f5,p0011,2024:4021620241825261403
c_b20c0f97b2ee20bd113a,p0020,2024:4021620241825263771
c_ff6993ba2f374406ac24,p0020,2024:4021620241825273062
c_7d161046ac9781475228,p0017,2024:4021620241825273186
c_ff6993ba2f374406ac24,p0020,2024:4021620241825279039
c_ccbaf12b11578a6d6a41,p0004,2024:4021620241825283724
c_d462176daa66ae6f7c0c,p0020,2024:4021720241825323816
c_7d161046ac9781475228,p0017,2024:4021720241825329194
c_7d161046ac9781475228,p0017,2024:4021720241825329281
c_ff6993ba2f374406ac24,p0020,2024:4021720241825333618
c_ff6993ba2f374406ac24,p0020,2024:4021820241825364952
c_ff6993ba2f374406ac24,p0020,2024:4021820241825365912
c_f77092959014ce25e554,p0017,2024:4021820241825366362
c_437ce64814c1db55ad40,p0015,2024:4021820251177377869
c_437ce64814c1db55ad40,p0015,2024:4021820251177379451
c_437ce64814c1db55ad40,p0015,2024:4021820251177379617
c_437ce64814c1db55ad40,p0015,2024:4021820251177380774
c_437ce64814c1db55ad40,p0015,2024:4021820251177385368
c_437ce64814c1db55ad40,p0015,2024:4021820251177386030
c_437ce64814c1db55ad40,p0015,2024:4021820251177386692
c_437ce64814c1db55ad40,p0015,2024:4021820251177387783
c_437ce64814c1db55ad40,p0015,2024:4021820251177391420
c_437ce64814c1db55ad40,p0015,2024:4021820251177392374
c_437ce64814c1db55ad40,p0015,2024:4021820251177393181
c_437ce64814c1db55ad40,p0015,2024:4021820251177393486
c_437ce64814c1db55ad40,p0015,2024:4021820251177393898
c_437ce64814c1db55ad40,p0015,2024:4021820251177393980
c_437ce64814c1db55ad40,p0015,2024:4021820251177397179
c_437ce64814c1db55ad40,p0015,2024:4021820251177401590
c_437ce64814c1db55ad40,p0015,2024:4021820251177401768
c_437ce64814c1db55ad40,p0015,2024:4021820251177403039
c_437ce64814c1db55ad40,p0015,2024:4021820251177404666
c_437ce64814c1db55ad40,p0015,2024:4021820251177408333
c_437ce64814c1db55ad40,p0015,2024:4021820251177409248
c_437ce64814c1db55ad40,p0015,2024:4021820251177409606
c_437ce64814c1db55ad40,p0015,2024:4021820251177410006
c_437ce64814c1db55ad40,p0015,2024:4021820251177413597
c_437ce64814c1db55ad40,p0015,2024:4021820251177415103
c_437ce64814c1db55ad40,p0015,2024:4021820251177415340
c_437ce64814c1db55ad40,p0015,2024:4021820251177415908
c_437ce64814c1db55ad40,p0015,2024:4021820251177416036
c_437ce64814c1db55ad40,p0015,2024:4021820251177416405
c_437ce64814c1db55ad40,p0015,2024:4021820251177416502
c_437ce64814c1db55ad40,p0015,2024:4021820251177416942
c_437ce64814c1db55ad40,p0015,2024:4021820251177418705
c_437ce64814c1db55ad40,p0015,2024:4021820251177420534
c_437ce64814c1db55ad40,p0015,2024:4021820251177421230
c_437ce64814c1db55ad40,p0015,2024:4021820251177421798
c_437ce64814c1db55ad40,p0015,2024:4021820251177421985
c_437ce64814c1db55ad40,p0015,2024:4021820251177422568
c_437ce64814c1db55ad40,p0015,2024:4021820251177423564
c_437ce64814c1db55ad40,p0015,2024:4021820251177424655
c_437ce64814c1db55ad40,p0015,2024:4021820251177424826
c_437ce64814c1db55ad40,p0015,2024:4021820251177427555
c_437ce64814c1db55ad40,p0015,2024:4021820251177430965
c_437ce64814c1db55ad40,p0015,2024:4021820251177431119
c_437ce64814c1db55ad40,p0015,2024:4021820251177431715
c_437ce64814c1db55ad40,p0015,2024:4021820251177433723
c_437ce64814c1db55ad40,p0015,2024:4021820251177434596
c_437ce64814c1db55ad40,p0015,2024:4021820251177435205
c_437ce64814c1db55ad40,p0015,2024:4021820251177436392
c_437ce64814c1db55ad40,p0015,2024:4021820251177436603
c_437ce64814c1db55ad40,p0015,2024:4021820251177438095
c_437ce64814c1db55ad40,p0015,2024:4021820251177438955
c_437ce64814c1db55ad40,p0015,2024:4021820251177438985
c_437ce64814c1db55ad40,p0015,2024:4021820251177439308
c_437ce64814c1db55ad40,p0015,2024:4021820251177440249
c_437ce64814c1db55ad40,p0015,2024:4021820251177440704
c_437ce64814c1db55ad40,p0015,2024:4021820251177440792
c_437ce64814c1db55ad40,p0015,2024:4021820251177442011
c_437ce64814c1db55ad40,p0015,2024:4021820251177445325
c_437ce64814c1db55ad40,p0015,2024:4021820251177446166
c_437ce64814c1db55ad40,p0015,2024:4021820251177446935
c_ff6993ba2f374406ac24,p0020,2024:4021820251177464987
c_c5b7995bf680414a0436,p0004,2024:4021920241825393518
c_4cace8d09b215d03173e,p0017,2024:4021920251177511675
c_c99e4c1e04a65f2743c2,p0004,2024:4021920251177523916
c_5c674a62aa12b11745d8,p0003,2024:4021920251177523978
c_5c674a62aa12b11745d8,p0003,2024:4021920251177524022
c_ba6b8c476a6afc66cf9a,p0002,2024:4021920251177524261
c_96283350464f14ae9131,p0017,2024:4022020241825423093
c_03c7c6670557a4a9a5fc,p0009,2024:4022020241825423423
c_ff6993ba2f374406ac24,p0020,2024:4022020241825428889
c_3fdba6477347f59d07e7,p0010,2024:4022020241825429457
c_3fdba6477347f59d07e7,p0010,2024:4022020241825429458
c_b20c0f97b2ee20bd113a,p0020,2024:4022020241825450254
c_ff59c0ef8d551ff6dcf0,p0017,2024:4022020241825466969
c_ff6993ba2f374406ac24,p0020,2024:4022020241825467438
c_9e36f74b929ac8e51254,p0016,2024:4022120231732484725
c_7d161046ac9781475228,p0017,2024:4022120241825517325
c_ff6993ba2f374406ac24,p0020,2024:4022120241825545856
c_f4ac2d09f244847984ae,p0004,2024:4022120241825546021
c_f4ac2d09f244847984ae,p0004,2024:4022120241825546022
c_4cace8d09b215d03173e,p0017,2024:4022120241825548759
c_c99e4c1e04a65f2743c2,p0004,2024:4022120241825555059
c_c0e269b9ba20b2de8232,p0004,2024:4022120241825567437
c_c0e269b9ba20b2de8232,p0004,2024:4022120241825572663
c_95618629f10022c60464,p0004,2024:4022120241825590046
c_b9c6825d43fd2209aee5,p0009,2024:4022120241825605751
c_ff6993ba2f374406ac24,p0020,2024:4022120241825613711
c_abf35d9c28f3a0f3c606,p0007,2024:4022120241825711490
c_abf35d9c28f3a0f3c606,p0007,2024:4022120241825711492
c_edf43d35712559a1028d,p0012,2024:4022120251177765682
c_b9c6825d43fd2209aee5,p0009,2024:4022220241825850299
c_dd05fcb5866322438262,p0015,2024:4022220241825856342
c_dd05fcb5866322438262,p0015,2024:4022220241825856343
c_dd05fcb5866322438262,p0015,2024:4022220241825856357
c_c5b7995bf680414a0436,p0004,2024:4022220241825934037
c_140f009e028a29449a1e,p0015,2024:4022220241825935446
c_c5b7995bf680414a0436,p0004,2024:4022220241825936646
c_c99e4c1e04a65f2743c2,p0004,2024:4022220241825973661
c_1cacfa042d1455d24a46,p0019,2024:4022220241826026495
c_17421b39064e971177c5,p0013,2024:4022220241826060207
c_288b4db220338833e03a,p0020,2024:4022220241826096064
c_be55d6a77f7c207d3129,p0015,2024:4022220241826106312
c_1cacfa042d1455d24a46,p0019,2024:4022220241826120782
c_1cacfa042d1455d24a46,p0019,2024:4022220241826125648
c_ff6993ba2f374406ac24,p0020,2024:4022220241826145751
c_ff59c0ef8d551ff6dcf0,p0017,2024:4022220241826148013
c_25b26b26fdc30aa859a6,p0017,2024:4022220241826160501
c_c99e4c1e04a65f2743c2,p0004,2024:4022220241826174991
c_ff6993ba2f374406ac24,p0020,2024:4022220241826175362
c_3bf74b2cda2b9ec1dfdc,p0012,2024:4022220241826175442
c_3fdba6477347f59d07e7,p0010,2024:4022220241826183199
c_3fdba6477347f59d07e7,p0010,2024:4022220241826183200
c_6457c46c7c83053cb979,p0020,2024:4022220241826239086
c_b20c0f97b2ee20bd113a,p0020,2024:4022320241826308123
c_43263d10d8d42de66ef1,p0002,2024:4022320241826405773
c_43263d10d8d42de66ef1,p0002,2024:4022320241826405774
c_5c674a62aa12b11745d8,p0003,2024:4022320241826406011
c_5c674a62aa12b11745d8,p0003,2024:4022320241826406013
c_b20c0f97b2ee20bd113a,p0020,2024:4022320241826406258
c_c3bb1061e1c3587ba003,p0013,2024:4022320241826413609
c_c3bb1061e1c3587ba003,p0013,2024:4022320241826414090
c_c3bb1061e1c3587ba003,p0013,2024:4022320241826414202
c_72bee3b135cc84fafaa8,p0012,2024:4022320241826469152
c_72bee3b135cc84fafaa8,p0012,2024:4022320241826497958
c_72bee3b135cc84fafaa8,p0012,2024:4022320241826497960
c_72bee3b135cc84fafaa8,p0012,2024:4022320241826509417
c_482f5d07501f4e238573,p0012,2024:4022420241826585140
c_1c00ab362939bb8042b3,p0017,2024:4022520251178504345
c_1c00ab362939bb8042b3,p0017,2024:4022520251178504347
c_1c00ab362939bb8042b3,p0017,2024:4022520251178504349
c_1c00ab362939bb8042b3,p0017,2024:4022520251178504351
c_1c00ab362939bb8042b3,p0017,2024:4022520251178504353
c_1c00ab362939bb8042b3,p0017,2024:4022520251178504355
c_1c00ab362939bb8042b3,p0017,2024:4022520251178504357
c_1c00ab362939bb8042b3,p0017,2024:4022520251178504359
c_1c00ab362939bb8042b3,p0017,2024:4022520251178517320
c_1c00ab362939bb8042b3,p0017,2024:4022520251178517322
c_1c00ab362939bb8042b3,p0017,2024:4022520251178517324
c_1c00ab362939bb8042b3,p0017,2024:4022520251178517326
c_1c00ab362939bb8042b3,p0017,2024:4022520251178531066
c_1c00ab362939bb8042b3,p0017,2024:4022520251178551220
c_1c00ab362939bb8042b3,p0017,2024:4022520251178551222
c_1c00ab362939bb8042b3,p0017,2024:4022520251178551224
c_1c00ab362939bb8042b3,p0017,2024:4022520251178551226
c_1c00ab362939bb8042b3,p0017,2024:4022520251178551228
c_1c00ab362939bb8042b3,p0017,2024:4022520251178551230
c_1c00ab362939bb8042b3,p0017,2024:4022520251178551232
c_1c00ab362939bb8042b3,p0017,2024:4022520251178613001
c_1c00ab362939bb8042b3,p0017,2024:4022520251178613003
c_1c00ab362939bb8042b3,p0017,2024:4022520251178613005
c_1c00ab362939bb8042b3,p0017,2024:4022520251178613007
c_1c00ab362939bb8042b3,p0017,2024:4022520251178613009
c_1c00ab362939bb8042b3,p0017,2024:4022520251178613011
c_b20c0f97b2ee20bd113a,p0020,2024:4022620241826631170
c_4848ea4060c1d21cdbab,p0015,2024:4022620241826666173
c_c61d41dcfafa8e10375a,p0013,2024:4022620251178705895
c_437ce64814c1db55ad40,p0015,2024:4022620251178712436
c_c55394898061fb1bce11,p0007,2024:4022620251178718374
c_c55394898061fb1bce11,p0007,2024:4022620251178720550
c_437ce64814c1db55ad40,p0015,2024:4022620251178732539
c_c55394898061fb1bce11,p0007,2024:4022620251178741192
c_c55394898061fb1bce11,p0007,2024:4022620251178754131
c_437ce64814c1db55ad40,p0015,2024:4022620251178755757
c_c55394898061fb1bce11,p0007,2024:4022620251178787177
c_437ce64814c1db55ad40,p0015,2024:4022620251178792760
c_c61d41dcfafa8e10375a,p0013,2024:4022620251178798868
c_437ce64814c1db55ad40,p0015,2024:4022620251178819185
c_437ce64814c1db55ad40,p0015,2024:4022620251178829921
c_c55394898061fb1bce11,p0007,2024:4022620251178848028
c_437ce64814c1db55ad40,p0015,2024:4022620251178849350
c_c55394898061fb1bce11,p0007,2024:4022620251178858504
c_c55394898061fb1bce11,p0007,2024:4022620251178863404
c_c61d41dcfafa8e10375a,p0013,2024:4022620251178886544
c_c55394898061fb1bce11,p0007,2024:4022620251178904926
c_437ce64814c1db55ad40,p0015,2024:4022620251178908194
c_437ce64814c1db55ad40,p0015,2024:4022620251178926305
c_c55394898061fb1bce11,p0007,2024:4022620251178928329
c_437ce64814c1db55ad40,p0015,2024:4022620251178934843
c_437ce64814c1db55ad40,p0015,2024:4022620251178950302
c_437ce64814c1db55ad40,p0015,2024:4022620251178973645
c_437ce64814c1db55ad40,p0015,2024:4022620251178992847
c_437ce64814c1db55ad40,p0015,2024:4022620251178997718
c_437ce64814c1db55ad40,p0015,2024:4022620251179014119
c_437ce64814c1db55ad40,p0015,2024:4022620251179024756
c_c55394898061fb1bce11,p0007,2024:4022620251179048818
c_437ce64814c1db55ad40,p0015,2024:4022620251179060773
c_c99e4c1e04a65f2743c2,p0004,2024:4022720241826938403
c_437ce64814c1db55ad40,p0015,2024:4022720241826960599
c_f4f25976a895b117f450,p0012,2024:4022720241827017206
c_82323571a3fa6db6af7d,p0012,2024:4022720241827023406
c_437ce64814c1db55ad40,p0015,2024:4022720241827050959
c_437ce64814c1db55ad40,p0015,2024:4022720241827052280
c_c61d41dcfafa8e10375a,p0013,2024:4022720241827072885
c_35a98cca362dafe88743,p0007,2024:4022720241827148168
c_c61d41dcfafa8e10375a,p0013,2024:4022720241827180334
c_c99e4c1e04a65f2743c2,p0004,2024:4022720241827332427
c_437ce64814c1db55ad40,p0015,2024:4022720241827814871
c_1c00ab362939bb8042b3,p0017,2024:4022720241827918649
c_1c00ab362939bb8042b3,p0017,2024:4022720241828069159
c_437ce64814c1db55ad40,p0015,2024:4022720241828348973
c_437ce64814c1db55ad40,p0015,2024:4022720241828364561
c_c61d41dcfafa8e10375a,p0013,2024:4022720241828549525
c_437ce64814c1db55ad40,p0015,2024:4022720241828552927
c_c61d41dcfafa8e10375a,p0013,2024:4022720241828611079
c_c61d41dcfafa8e10375a,p0013,2024:4022720241828616278
c_82323571a3fa6db6af7d,p0012,2024:4022720241828664889
c_f4f25976a895b117f450,p0012,2024:4022720241828682809
c_437ce64814c1db55ad40,p0015,2024:4022720241828760141
c_6f9ce1910d5bc217008c,p0012,2024:4022720241828992104
c_1c00ab362939bb8042b3,p0017,2024:4022720241829016006
c_c99e4c1e04a65f2743c2,p0004,2024:4022720241829123476
c_82323571a3fa6db6af7d,p0012,2024:4022720241829268003
c_1c00ab362939bb8042b3,p0017,2024:4022720241829603113
c_1c00ab362939bb8042b3,p0017,2024:4022720241829615057
c_c61d41dcfafa8e10375a,p0013,2024:4022720241829864814
c_1c00ab362939bb8042b3,p0017,2024:4022720241829903553
c_437ce64814c1db55ad40,p0015,2024:4022720241829960868
c_437ce64814c1db55ad40,p0015,2024:4022720241829964039
c_0fd42dcea3bc783c9277,p0015,2024:4022720241830035784
c_f4f25976a895b117f450,p0012,2024:4022720241830122657
c_437ce64814c1db55ad40,p0015,2024:4022720241830207139
c_437ce64814c1db55ad40,p0015,2024:4022720241830323398
c_1c00ab362939bb8042b3,p0017,2024:4022720241830400504
c_6f9ce1910d5bc217008c,p0012,2024:4022720241830512802
c_437ce64814c1db55ad40,p0015,2024:4022720241830525106
c_1c00ab362939bb8042b3,p0017,2024:4022720241830813559
c_f4f25976a895b117f450,p0012,2024:4022720241831000162
c_c61d41dcfafa8e10375a,p0013,2024:4022720241831090456
c_437ce64814c1db55ad40,p0015,2024:4022720241831332511
c_1c00ab362939bb8042b3,p0017,2024:4022720241831390376
c_f4f25976a895b117f450,p0012,2024:4022720241831415836
c_82323571a3fa6db6af7d,p0012,2024:4022720241831430808
c_c99e4c1e04a65f2743c2,p0004,2024:4022720241831467376
c_1c00ab362939bb8042b3,p0017,2024:4022720241831572518
c_437ce64814c1db55ad40,p0015,2024:4022720241831606609
c_c61d41dcfafa8e10375a,p0013,2024:4022720241831891473
c_437ce64814c1db55ad40,p0015,2024:4022720241831958111
c_82323571a3fa6db6af7d,p0012,2024:4022720241831976250
c_1f9ebd3d4c51367fd473,p0013,2024:4022720241832273127
c_1c00ab362939bb8042b3,p0017,2024:4022720241832279565
c_c61d41dcfafa8e10375a,p0013,2024:4022720241832673389
c_f4f25976a895b117f450,p0012,2024:4022720241832849957
c_437ce64814c1db55ad40,p0015,2024:4022720241833149775
c_c61d41dcfafa8e10375a,p0013,2024:4022720241833503411
c_1c00ab362939bb8042b3,p0017,2024:4022720241833693776
c_f4f25976a895b117f450,p0012,2024:4022720241833695320
c_5202165b63e92843040b,p0012,2024:4022720241834192330
c_437ce64814c1db55ad40,p0015,2024:4022720241834229445
c_c61d41dcfafa8e10375a,p0013,2024:4022720241834263940
c_1f9ebd3d4c51367fd473,p0013,2024:4022720241834354592
c_1c00ab362939bb8042b3,p0017,2024:4022720241834355936
c_437ce64814c1db55ad40,p0015,2024:4022720241834403225
c_437ce64814c1db55ad40,p0015,2024:4022720241834403343
c_437ce64814c1db55ad40,p0015,2024:4022720241834406243
c_82323571a3fa6db6af7d,p0012,2024:4022720241834565891
c_437ce64814c1db55ad40,p0015,2024:4022720241834718454
c_c99e4c1e04a65f2743c2,p0004,2024:4022720241834760332
c_c61d41dcfafa8e10375a,p0013,2024:4022720241834793831
c_f4f25976a895b117f450,p0012,2024:4022720241834918148
c_82323571a3fa6db6af7d,p0012,2024:4022720241834936863
c_c61d41dcfafa8e10375a,p0013,2024:4022720241834954901
c_c94ffb84405cb8bdcb63,p0008,2024:4022720241835195216
c_c61d41dcfafa8e10375a,p0013,2024:4022720241835303965
c_1c00ab362939bb8042b3,p0017,2024:4022720241835464899
c_437ce64814c1db55ad40,p0015,2024:4022720241835656113
c_d462176daa66ae6f7c0c,p0020,2024:4022720241835769853
c_f4f25976a895b117f450,p0012,2024:4022720241835963900
c_35a98cca362dafe88743,p0007,2024:4022720241836059638
c_c61d41dcfafa8e10375a,p0013,2024:4022720241836122090
c_437ce64814c1db55ad40,p0015,2024:4022720241836710465
c_c61d41dcfafa8e10375a,p0013,2024:4022720241836806352
c_c61d41dcfafa8e10375a,p0013,2024:4022720241836809660
c_437ce64814c1db55ad40,p0015,2024:4022720241836931608
c_f4f25976a895b117f450,p0012,2024:4022720241837151916
c_1c00ab362939bb8042b3,p0017,2024:4022720241837154668
c_1c00ab362939bb8042b3,p0017,2024:4022720241837318490
c_437ce64814c1db55ad40,p0015,2024:4022720241837384517
c_82323571a3fa6db6af7d,p0012,2024:4022720241837551481
c_f4f25976a895b117f450,p0012,2024:4022720241837560867
c_82323571a3fa6db6af7d,p0012,2024:4022720241837779302
c_c61d41dcfafa8e10375a,p0013,2024:4022720241838036685
c_437ce64814c1db55ad40,p0015,2024:4022720241838248303
c_1c00ab362939bb8042b3,p0017,2024:4022720241838408616
c_437ce64814c1db55ad40,p0015,2024:4022720241838610712
c_f4f25976a895b117f450,p0012,2024:4022720241838878166
c_437ce64814c1db55ad40,p0015,2024:4022720241839002860
c_c61d41dcfafa8e10375a,p0013,2024:4022720241839003726
c_c61d41dcfafa8e10375a,p0013,2024:4022720241839104286
c_6f9ce1910d5bc217008c,p0012,2024:4022720241839170874
c_6f9ce1910d5bc217008c,p0012,2024:4022720241839180094
c_6f9ce1910d5bc217008c,p0012,2024:4022720241839183186
c_6f9ce1910d5bc217008c,p0012,2024:4022720241839204612
c_6f9ce1910d5bc217008c,p0012,2024:4022720241839210781
c_c99e4c1e04a65f2743c2,p0004,2024:4022720241839440351
c_c99e4c1e04a65f2743c2,p0004,2024:4022720241839445829
c_437ce64814c1db55ad40,p0015,2024:4022720241839481530
c_35a98cca362dafe88743,p0007,2024:4022720241839624110
c_c61d41dcfafa8e10375a,p0013,2024:4022720241839652831
c_c99e4c1e04a65f2743c2,p0004,2024:4022720241839667938
c_1c00ab362939bb8042b3,p0017,2024:4022720241839749723
c_437ce64814c1db55ad40,p0015,2024:4022720241839884279
c_c99e4c1e04a65f2743c2,p0004,2024:4022720241840005308
c_437ce64814c1db55ad40,p0015,2024:4022720241840086057
c_f4f25976a895b117f450,p0012,2024:4022720241840100505
c_82323571a3fa6db6af7d,p0012,2024:4022720241840112836
c_c61d41dcfafa8e10375a,p0013,2024:4022720241840125676
c_437ce64814c1db55ad40,p0015,2024:4022720241840188335
c_f4f25976a895b117f450,p0012,2024:4022720241840190015
c_437ce64814c1db55ad40,p0015,2024:4022720241840256302
c_dcb61ff9a92a3152957c,p0003,2024:4022720241840295691
c_dcb61ff9a92a3152957c,p0003,2024:4022720241840316204
c_dcb61ff9a92a3152957c,p0003,2024:4022720241840317355
c_dcb61ff9a92a3152957c,p0003,2024:4022720241840332550
c_dcb61ff9a92a3152957c,p0003,2024:4022720241840334851
c_dcb61ff9a92a3152957c,p0003,2024:4022720241840341832
c_1c00ab362939bb8042b3,p0017,2024:4022720241840463195
c_1c00ab362939bb8042b3,p0017,2024:4022720241840575003
c_82323571a3fa6db6af7d,p0012,2024:4022720241840744529
c_f4f25976a895b117f450,p0012,2024:4022720241840800945
c_437ce64814c1db55ad40,p0015,2024:4022720241840843562
c_437ce64814c1db55ad40,p0015,2024:4022720241840906021
c_437ce64814c1db55ad40,p0015,2024:4022720241840933772
c_437ce64814c1db55ad40,p0015,2024:4022720241840949738
c_437ce64814c1db55ad40,p0015,2024:4022720241840955473
c_437ce64814c1db55ad40,p0015,2024:4022720241840974216
c_437ce64814c1db55ad40,p0015,2024:4022720241841178401
c_f4f25976a895b117f450,p0012,2024:4022720241841247023
c_1c00ab362939bb8042b3,p0017,2024:4022720241841363995
c_f4f25976a895b117f450,p0012,2024:4022720241841554099
c_c99e4c1e04a65f2743c2,p0004,2024:4022720241841615666
c_25346886cb66823b3264,p0020,2024:4022720241841826122
c_437ce64814c1db55ad40,p0015,2024:4022720241841834859
c_25346886cb66823b3264,p0020,2024:4022720241841840914
c_25346886cb66823b3264,p0020,2024:4022720241841864712
c_c99e4c1e04a65f2743c2,p0004,2024:4022720241841996087
c_c99e4c1e04a65f2743c2,p0004,2024:4022720241841996093
c_c61d41dcfafa8e10375a,p0013,2024:4022720241842266614
c_d462176daa66ae6f7c0c,p0020,2024:4022720241842330803
c_d462176daa66ae6f7c0c,p0020,2024:4022720241842330873
c_d462176daa66ae6f7c0c,p0020,2024:4022720241842330879
c_d462176daa66ae6f7c0c,p0020,2024:4022720241842331228
c_d462176daa66ae6f7c0c,p0020,2024:4022720241842336787
c_d462176daa66ae6f7c0c,p0020,2024:4022720241842337216
c_d462176daa66ae6f7c0c,p0020,2024:4022720241842337301
c_d462176daa66ae6f7c0c,p0020,2024:4022720241842339789
c_d462176daa66ae6f7c0c,p0020,2024:4022720241842342541
c_d462176daa66ae6f7c0c,p0020,2024:4022720241842342633
c_d462176daa66ae6f7c0c,p0020,2024:4022720241842345689
c_d462176daa66ae6f7c0c,p0020,2024:4022720241842346482
c_d462176daa66ae6f7c0c,p0020,2024:4022720241842346494
c_d462176daa66ae6f7c0c,p0020,2024:4022720241842351620
c_d462176daa66ae6f7c0c,p0020,2024:4022720241842355675
c_d462176daa66ae6f7c0c,p0020,2024:4022720241842355772
c_d462176daa66ae6f7c0c,p0020,2024:4022720241842357506
c_d462176daa66ae6f7c0c,p0020,2024:4022720241842358479
c_d462176daa66ae6f7c0c,p0020,2024:4022720241842363519
c_d462176daa66ae6f7c0c,p0020,2024:4022720241842363529
c_d462176daa66ae6f7c0c,p0020,2024:4022720241842366537
c_d462176daa66ae6f7c0c,p0020,2024:4022720241842366606
c_d462176daa66ae6f7c0c,p0020,2024:4022720241842369515
c_d462176daa66ae6f7c0c,p0020,2024:4022720241842377337
c_d462176daa66ae6f7c0c,p0020,2024:4022720241842379428
c_6f9ce1910d5bc217008c,p0012,2024:4022720241842382982
c_d462176daa66ae6f7c0c,p0020,2024:4022720241842383074
c_d462176daa66ae6f7c0c,p0020,2024:4022720241842385866
c_d462176daa66ae6f7c0c,p0020,2024:4022720241842386048
c_d462176daa66ae6f7c0c,p0020,2024:4022720241842386249
c_d462176daa66ae6f7c0c,p0020,2024:4022720241842386312
c_d462176daa66ae6f7c0c,p0020,2024:4022720241842386345
c_d462176daa66ae6f7c0c,p0020,2024:4022720241842392087
c_6f9ce1910d5bc217008c,p0012,2024:4022720241842394896
c_6f9ce1910d5bc217008c,p0012,2024:4022720241842400807
c_d462176daa66ae6f7c0c,p0020,2024:4022720241842403551
c_6f9ce1910d5bc217008c,p0012,2024:4022720241842409807
c_d462176daa66ae6f7c0c,p0020,2024:4022720241842413886
c_d462176daa66ae6f7c0c,p0020,2024:4022720241842414061
c_6d78c941e832e66bc5f5,p0011,2024:4022720241842416007
c_d462176daa66ae6f7c0c,p0020,2024:4022720241842416338
c_d462176daa66ae6f7c0c,p0020,2024:4022720241842416639
c_d462176daa66ae6f7c0c,p0020,2024:4022720241842416873
c_d462176daa66ae6f7c0c,p0020,2024:4022720241842419165
c_d462176daa66ae6f7c0c,p0020,2024:4022720241842421720
c_25346886cb66823b3264,p0020,2024:4022720241842423525
c_d462176daa66ae6f7c0c,p0020,2024:4022720241842427023
c_d462176daa66ae6f7c0c,p0020,2024:4022720241842438454
c_d462176daa66ae6f7c0c,p0020,2024:4022720241842438537
c_d462176daa66ae6f7c0c,p0020,2024:4022720241842441334
c_d462176daa66ae6f7c0c,p0020,2024:4022720241842445416
c_d462176daa66ae6f7c0c,p0020,2024:4022720241842445554
c_d462176daa66ae6f7c0c,p0020,2024:4022720241842463095
c_d462176daa66ae6f7c0c,p0020,2024:4022720241842463172
c_d462176daa66ae6f7c0c,p0020,2024:4022720241842465710
c_d462176daa66ae6f7c0c,p0020,2024:4022720241842465882
c_d462176daa66ae6f7c0c,p0020,2024:4022720241842468545
c_d462176daa66ae6f7c0c,p0020,2024:4022720241842471196
c_d462176daa66ae6f7c0c,p0020,2024:4022720241842471341
c_c61d41dcfafa8e10375a,p0013,2024:4022720241842523256
c_0fd42dcea3bc783c9277,p0015,2024:4022720241842634715
c_1c00ab362939bb8042b3,p0017,2024:4022720241842712364
c_f4f25976a895b117f450,p0012,2024:4022720241842715877
c_d462176daa66ae6f7c0c,p0020,2024:4022720241842741687
c_d462176daa66ae6f7c0c,p0020,2024:4022720241842741716
c_d462176daa66ae6f7c0c,p0020,2024:4022720241842766311
c_35a98cca362dafe88743,p0007,2024:4022720241842803526
c_c61d41dcfafa8e10375a,p0013,2024:4022720241842814411
c_f4f25976a895b117f450,p0012,2024:4022720241842968757
c_1c00ab362939bb8042b3,p0017,2024:4022720241842974220
c_5202165b63e92843040b,p0012,2024:4022720241843142694
c_c99e4c1e04a65f2743c2,p0004,2024:4022720241843149314
c_437ce64814c1db55ad40,p0015,2024:4022720241843363789
c_437ce64814c1db55ad40,p0015,2024:4022720241843394406
c_82323571a3fa6db6af7d,p0012,2024:4022720241843555292
c_f4f25976a895b117f450,p0012,2024:4022720241843643294
c_25346886cb66823b3264,p0020,2024:4022720241845039416
c_25346886cb66823b3264,p0020,2024:4022720241850792193
c_dd05fcb5866322438262,p0015,2024:4022720241857185021
c_c5b7995bf680414a0436,p0004,2024:4022720241857185036
c_c5b7995bf680414a0436,p0004,2024:4022720241857185037
c_c5b7995bf680414a0436,p0004,2024:4022720241857185038
c_c5b7995bf680414a0436,p0004,2024:4022720241857185039
c_c5b7995bf680414a0436,p0004,2024:4022720241857185040
c_c5b7995bf680414a0436,p0004,2024:4022720241857185041
c_c5b7995bf680414a0436,p0004,2024:4022720241857185042
c_c5b7995bf680414a0436,p0004,2024:4022720241857185043
c_c5b7995bf680414a0436,p0004,2024:4022720241857185044
c_c5b7995bf680414a0436,p0004,2024:4022720241857185045
c_dd05fcb5866322438262,p0015,2024:4022720241857185081
c_c5b7995bf680414a0436,p0004,2024:4022720241857185082
c_ff6993ba2f374406ac24,p0020,2024:4022720241857186671
c_b9c6825d43fd2209aee5,p0009,2024:4022720241857243878
c_b9c6825d43fd2209aee5,p0009,2024:4022720241857243879
c_b9c6825d43fd2209aee5,p0009,2024:4022720241857243880
c_57d8e01958a38820d7b3,p0015,2024:4022720251179160021
c_fd0f64580e1ed2dd0558,p0012,2024:4022720251179183915
c_fd0f64580e1ed2dd0558,p0012,2024:4022720251179191298
c_c3bb1061e1c3587ba003,p0013,2024:4022720251179201076
c_c3bb1061e1c3587ba003,p0013,2024:4022720251179208492
c_c3bb1061e1c3587ba003,p0013,2024:4022720251179209202
c_433597abc27c16d5e313,p0010,2024:4022820241857719779
c_3fdba6477347f59d07e7,p0010,2024:4022820241857733874
c_ebae3f8d13725897bf1b,p0015,2024:4022820241857832632
c_ebae3f8d13725897bf1b,p0015,2024:4022820241857832633
c_3fdba6477347f59d07e7,p0010,2024:4022820241857832673
c_3fdba6477347f59d07e7,p0010,2024:4022820241857832674
c_080020b0813fb6708855,p0013,2024:4022820241857832793
c_dcb61ff9a92a3152957c,p0003,2024:4022820241857834499
c_dcb61ff9a92a3152957c,p0003,2024:4022820241857834500
c_dcb61ff9a92a3152957c,p0003,2024:4022820241857834501
c_43263d10d8d42de66ef1,p0002,2024:4022820241857834535
c_1c00ab362939bb8042b3,p0017,2024:4022820241857895966
c_c99e4c1e04a65f2743c2,p0004,2024:4022820241857899802
c_c99e4c1e04a65f2743c2,p0004,2024:4022820241857899803
c_c99e4c1e04a65f2743c2,p0004,2024:4022820241857923473
c_c99e4c1e04a65f2743c2,p0004,2024:4022820241857923474
c_1c00ab362939bb8042b3,p0017,2024:4022820241857977125
c_1822128dbb0e70f13b7d,p0014,2024:4022820241857984628
c_1822128dbb0e70f13b7d,p0014,2024:4022820241857984629
c_1822128dbb0e70f13b7d,p0014,2024:4022820241857984630
c_1822128dbb0e70f13b7d,p0014,2024:4022820241858009077
c_1c00ab362939bb8042b3,p0017,2024:4022820241858069286
c_c3bb1061e1c3587ba003,p0013,2024:4022820241858238378
c_64bead7d768cf473c8b4,p0015,2024:4022820241858344463
c_64bead7d768cf473c8b4,p0015,2024:4022820241858347208
c_6d78c941e832e66bc5f5,p0011,2024:4022820241858368536
c_b7ef2804bf57bb52fc74,p0015,2024:4022820241858468233
c_c3bb1061e1c3587ba003,p0013,2024:4022820251179266245
c_c3bb1061e1c3587ba003,p0013,2024:4022820251179266246
c_9c859fb024183d8954a6,p0007,2024:4022920241859450690
c_5c674a62aa12b11745d8,p0003,2024:4022920241859572014
c_b9c6825d43fd2209aee5,p0009,2024:4022920241860456011
c_b9c6825d43fd2209aee5,p0009,2024:4022920241860982097
c_1cacfa042d1455d24a46,p0019,2024:4022920241861896032
c_b9c6825d43fd2209aee5,p0009,2024:4022920241862087452
c_6d78c941e832e66bc5f5,p0011,2024:4022920241862481781
c_6d78c941e832e66bc5f5,p0011,2024:4022920241862645892
c_1cacfa042d1455d24a46,p0019,2024:4022920241862897915
c_b9c6825d43fd2209aee5,p0009,2024:4022920241863291160
c_6d78c941e832e66bc5f5,p0011,2024:4022920241863709583
c_b9c6825d43fd2209aee5,p0009,2024:4022920241864085614
c_6d78c941e832e66bc5f5,p0011,2024:4022920241865363607
c_38ab008e5a7b2ffd1e30,p0012,2024:4022920241865630416
c_6d78c941e832e66bc5f5,p0011,2024:4022920241866648311
c_b9c6825d43fd2209aee5,p0009,2024:4022920241866771433
c_b9c6825d43fd2209aee5,p0009,2024:4022920241867193968
c_b9c6825d43fd2209aee5,p0009,2024:4022920241867443870
c_9c859fb024183d8954a6,p0007,2024:4022920241867508886
c_2efcd3c2f9f48e2e5a5b,p0013,2024:4022920241873849129
c_647b20f2179c4cdd36c2,p0013,2024:4022920241876694302
c_43263d10d8d42de66ef1,p0002,2024:4030120241877861398
c_43263d10d8d42de66ef1,p0002,2024:4030120241877861399
c_5c674a62aa12b11745d8,p0003,2024:4030120241877861519
c_5c674a62aa12b11745d8,p0003,2024:4030120241877861521
c_d462176daa66ae6f7c0c,p0020,2024:4030120241877861698
c_d462176daa66ae6f7c0c,p0020,2024:4030120241877862015
c_9482c33b8f0a32cee5b6,p0017,2024:4030120241877863502
c_b9c6825d43fd2209aee5,p0009,2024:4030320251179381182
c_6f9ce1910d5bc217008c,p0012,2024:4030520251179548812
c_6f9ce1910d5bc217008c,p0012,2024:4030520251179548813
c_6f9ce1910d5bc217008c,p0012,2024:4030520251179548814
c_6f9ce1910d5bc217008c,p0012,2024:4030520251179548815
c_6f9ce1910d5bc217008c,p0012,2024:4030520251179548816
c_6f9ce1910d5bc217008c,p0012,2024:4030520251179548817
c_6f9ce1910d5bc217008c,p0012,2024:4030520251179548818
c_6f9ce1910d5bc217008c,p0012,2024:4030520251179548819
c_6f9ce1910d5bc217008c,p0012,2024:4030520251179548820
c_6f9ce1910d5bc217008c,p0012,2024:4030520251179548821
c_c99e4c1e04a65f2743c2,p0004,2024:4030620241880342061
c_c99e4c1e04a65f2743c2,p0004,2024:4030620241880342062
c_c99e4c1e04a65f2743c2,p0004,2024:4030620241880342063
c_127816033aeca7a4cf79,p0012,2024:4030620241882757885
c_f959a318d376cccd0fe3,p0013,2024:4030820241884553143
c_d81905e0da56c32c83bd,p0004,2024:4031120251179905403
c_7dce0291ee0e3586a06a,p0012,2024:4031220241884722716
c_7dce0291ee0e3586a06a,p0012,2024:4031220241884723382
c_7dce0291ee0e3586a06a,p0012,2024:4031220241884724045
c_fa36c342df32d6568701,p0008,2024:4031220241884724653
c_c0e269b9ba20b2de8232,p0004,2024:4031220241884730724
c_57986ce665c3a8e7a556,p0017,2024:4031320241884767982
c_3fdba6477347f59d07e7,p0010,2024:4031320241884769260
c_c3bb1061e1c3587ba003,p0013,2024:4031420251180138186
c_25346886cb66823b3264,p0020,2024:4031520231734431181
c_1cacfa042d1455d24a46,p0019,2024:4031520241885042013
c_c3bb1061e1c3587ba003,p0013,2024:4031520241885047392
c_1cacfa042d1455d24a46,p0019,2024:4031520241885054750
c_5c674a62aa12b11745d8,p0003,2024:4031820241885179290
c_43263d10d8d42de66ef1,p0002,2024:4031820251180302042
c_dcb61ff9a92a3152957c,p0003,2024:4031820251180302075
c_95618629f10022c60464,p0004,2024:4031920241885264684
c_3fdba6477347f59d07e7,p0010,2024:4032020241885328305
c_3fdba6477347f59d07e7,p0010,2024:4032020241885328306
c_ebae3f8d13725897bf1b,p0015,2024:4032020241885328389
c_080020b0813fb6708855,p0013,2024:4032020241885328447
c_be55d6a77f7c207d3129,p0015,2024:4032020241885341854
c_87a30b378f23fbf058df,p0013,2024:4032120231736749303
c_127816033aeca7a4cf79,p0012,2024:4032120241885402828
c_57ff1d4160daea60fc87,p0013,2024:4032120241885403248
c_3fdba6477347f59d07e7,p0010,2024:4032120241885414087
c_25b26b26fdc30aa859a6,p0017,2024:4032120241885438561
c_1f6b411c141ee055c02b,p0017,2024:4032220241885484003
c_57d8e01958a38820d7b3,p0015,2024:4032420231738154560
c_c99e4c1e04a65f2743c2,p0004,2024:4032420231738169037
c_c5b7995bf680414a0436,p0004,2024:4032520241887491104
c_c5b7995bf680414a0436,p0004,2024:4032520241887491105
c_c5b7995bf680414a0436,p0004,2024:4032520241887491106
c_c5b7995bf680414a0436,p0004,2024:4032520241887491107
c_c5b7995bf680414a0436,p0004,2024:4032520241887491108
c_c5b7995bf680414a0436,p0004,2024:4032520241887491109
c_c5b7995bf680414a0436,p0004,2024:4032520241887491110
c_c5b7995bf680414a0436,p0004,2024:4032520241887491111
c_c5b7995bf680414a0436,p0004,2024:4032520241887491112
c_c5b7995bf680414a0436,p0004,2024:4032520241887491113
c_c5b7995bf680414a0436,p0004,2024:4032520241887491114
c_c5b7995bf680414a0436,p0004,2024:4032520241887491115
c_c5b7995bf680414a0436,p0004,2024:4032520241887491116
c_c5b7995bf680414a0436,p0004,2024:4032520241887491117
c_c5b7995bf680414a0436,p0004,2024:4032520241887491118
c_c5b7995bf680414a0436,p0004,2024:4032520241887491119
c_c5b7995bf680414a0436,p0004,2024:4032520241887491120
c_c5b7995bf680414a0436,p0004,2024:4032520241887491121
c_c5b7995bf680414a0436,p0004,2024:4032520241887491122
c_c5b7995bf680414a0436,p0004,2024:4032520241887491123
c_c5b7995bf680414a0436,p0004,2024:4032520241887491124
c_c5b7995bf680414a0436,p0004,2024:4032520241887491125
c_c5b7995bf680414a0436,p0004,2024:4032520241887491126
c_c5b7995bf680414a0436,p0004,2024:4032520241887491127
c_c5b7995bf680414a0436,p0004,2024:4032520241887491128
c_c5b7995bf680414a0436,p0004,2024:4032520241887491129
c_c5b7995bf680414a0436,p0004,2024:4032520241887491130
c_c5b7995bf680414a0436,p0004,2024:4032520241887491131
c_c5b7995bf680414a0436,p0004,2024:4032520241887491132
c_c5b7995bf680414a0436,p0004,2024:4032520241887491133
c_c5b7995bf680414a0436,p0004,2024:4032520241887491134
c_c5b7995bf680414a0436,p0004,2024:4032520241887491135
c_c5b7995bf680414a0436,p0004,2024:4032520241887491136
c_c5b7995bf680414a0436,p0004,2024:4032520241887491137
c_c5b7995bf680414a0436,p0004,2024:4032520241887491138
c_c5b7995bf680414a0436,p0004,2024:4032520241887491139
c_c5b7995bf680414a0436,p0004,2024:4032520241887491140
c_c5b7995bf680414a0436,p0004,2024:4032520241887491141
c_c5b7995bf680414a0436,p0004,2024:4032520241887491142
c_c5b7995bf680414a0436,p0004,2024:4032520241887491143
c_c5b7995bf680414a0436,p0004,2024:4032520241887491144
c_c5b7995bf680414a0436,p0004,2024:4032520241887491145
c_c5b7995bf680414a0436,p0004,2024:4032520241887491146
c_c5b7995bf680414a0436,p0004,2024:4032520241887491147
c_c5b7995bf680414a0436,p0004,2024:4032520241887491148
c_c5b7995bf680414a0436,p0004,2024:4032520241887491149
c_c5b7995bf680414a0436,p0004,2024:4032520241887491150
c_c5b7995bf680414a0436,p0004,2024:4032520241887491151
c_c5b7995bf680414a0436,p0004,2024:4032520241887491152
c_c5b7995bf680414a0436,p0004,2024:4032520241887491153
c_c5b7995bf680414a0436,p0004,2024:4032520241887491154
c_c5b7995bf680414a0436,p0004,2024:4032520241887491155
c_c5b7995bf680414a0436,p0004,2024:4032520241887491156
c_c5b7995bf680414a0436,p0004,2024:4032520241887491157
c_c5b7995bf680414a0436,p0004,2024:4032520241887491158
c_c5b7995bf680414a0436,p0004,2024:4032520241887491159
c_c5b7995bf680414a0436,p0004,2024:4032520241887491160
c_c5b7995bf680414a0436,p0004,2024:4032520241887491161
c_c5b7995bf680414a0436,p0004,2024:4032520241887491162
c_c5b7995bf680414a0436,p0004,2024:4032520241887491163
c_c5b7995bf680414a0436,p0004,2024:4032520241887491164
c_c5b7995bf680414a0436,p0004,2024:4032520241887491165
c_c5b7995bf680414a0436,p0004,2024:4032520241887491166
c_c5b7995bf680414a0436,p0004,2024:4032520241887491167
c_c5b7995bf680414a0436,p0004,2024:4032520241887491168
c_c5b7995bf680414a0436,p0004,2024:4032520241887491169
c_c5b7995bf680414a0436,p0004,2024:4032520241887491170
c_c5b7995bf680414a0436,p0004,2024:4032520241887491171
c_c5b7995bf680414a0436,p0004,2024:4032520241887491307
c_c61d41dcfafa8e10375a,p0013,2024:4032520251181293228
c_f403b4b143a23ffe823d,p0013,2024:4032520251181294195
c_f403b4b143a23ffe823d,p0013,2024:4032520251181298640
c_dcb61ff9a92a3152957c,p0003,2024:4032620241887526755
c_c99e4c1e04a65f2743c2,p0004,2024:4032620241887581283
c_c55394898061fb1bce11,p0007,2024:4032620241887652651
c_72bee3b135cc84fafaa8,p0012,2024:4032620241887652909
c_72bee3b135cc84fafaa8,p0012,2024:4032620241887679931
c_72bee3b135cc84fafaa8,p0012,2024:4032620241887693987
c_72bee3b135cc84fafaa8,p0012,2024:4032620241887693989
c_c0e269b9ba20b2de8232,p0004,2024:4032620241887747297
c_c0e269b9ba20b2de8232,p0004,2024:4032620241887768551
c_c99e4c1e04a65f2743c2,p0004,2024:4032720241887808217
c_c0e269b9ba20b2de8232,p0004,2024:4032720241887811573
c_5c674a62aa12b11745d8,p0003,2024:4032720251181485263
c_5c674a62aa12b11745d8,p0003,2024:4032720251181485264
c_43263d10d8d42de66ef1,p0002,2024:4032720251181489226
c_43263d10d8d42de66ef1,p0002,2024:4032720251181489227
c_c3bb1061e1c3587ba003,p0013,2024:4032720251181557564
c_c3bb1061e1c3587ba003,p0013,2024:4032720251181583687
c_c3bb1061e1c3587ba003,p0013,2024:4032720251181583689
c_c3bb1061e1c3587ba003,p0013,2024:4032720251181591705
c_c99e4c1e04a65f2743c2,p0004,2024:4032820241888160358
c_842a9f30aa221c42aed0,p0017,2024:4032920241888291250
c_842a9f30aa221c42aed0,p0017,2024:4032920241888294663
c_c5b7995bf680414a0436,p0004,2024:4033020241888418033
c_ff6993ba2f374406ac24,p0020,2024:4033120251181742467
c_ff6993ba2f374406ac24,p0020,2024:4033120251181742469
c_43263d10d8d42de66ef1,p0002,2024:4033120251181746524
c_dcb61ff9a92a3152957c,p0003,2024:4033120251181748027
c_43263d10d8d42de66ef1,p0002,2024:4033120251181752359
c_43263d10d8d42de66ef1,p0002,2024:4033120251181752360
c_43263d10d8d42de66ef1,p0002,2024:4033120251181752361
c_dcb61ff9a92a3152957c,p0003,2024:4033120251181754411
c_dcb61ff9a92a3152957c,p0003,2024:4033120251181754413
c_dcb61ff9a92a3152957c,p0003,2024:4033120251181754414
c_127816033aeca7a4cf79,p0012,2024:4033120251182160217
c_f8aa0ed50bda94b54e87,p0012,2024:4033120251182165130
c_c99e4c1e04a65f2743c2,p0004,2024:4040120241888451435
c_c99e4c1e04a65f2743c2,p0004,2024:4040120241888451935
c_c99e4c1e04a65f2743c2,p0004,2024:4040120241888451937
c_6d0b0448efe8bd44b4d8,p0012,2024:4040220251182596742
c_c3bb1061e1c3587ba003,p0013,2024:4040420241888692402
c_72bee3b135cc84fafaa8,p0012,2024:4040920251183514758
c_72bee3b135cc84fafaa8,p0012,2024:4040920251183514760
c_72bee3b135cc84fafaa8,p0012,2024:4040920251183514762
c_72bee3b135cc84fafaa8,p0012,2024:4040920251183514764
c_72bee3b135cc84fafaa8,p0012,2024:4040920251183514766
c_bf2cca26a88544bdcd1f,p0012,2024:4040920251183514768
c_845c34e3465c8e924984,p0012,2024:4040920251183514770
c_4cace8d09b215d03173e,p0017,2024:4041020241888882837
c_b9c6825d43fd2209aee5,p0009,2024:4041120231738728676
c_c99e4c1e04a65f2743c2,p0004,2024:4041120241889022852
c_c99e4c1e04a65f2743c2,p0004,2024:4041120241891206617
c_8a1a5855130904f79704,p0013,2024:4041120241892962320
c_16e11d14570a45a07938,p0007,2024:4041120241893542803
c_16e11d14570a45a07938,p0007,2024:4041120241893542804
c_127816033aeca7a4cf79,p0012,2024:4041120241893643726
c_127816033aeca7a4cf79,p0012,2024:4041120241893643733
c_127816033aeca7a4cf79,p0012,2024:4041120241893643734
c_127816033aeca7a4cf79,p0012,2024:4041120241893643735
c_c99e4c1e04a65f2743c2,p0004,2024:4041120241894958459
c_57d8e01958a38820d7b3,p0015,2024:4041120251183636038
c_58afacf4d83e61067246,p0012,2024:4041120251183636058
c_ff59c0ef8d551ff6dcf0,p0017,2024:4041120251183639033
c_dd05fcb5866322438262,p0015,2024:4041120251183643920
c_58afacf4d83e61067246,p0012,2024:4041120251183645261
c_f8aa0ed50bda94b54e87,p0012,2024:4041120251183650233
c_1822128dbb0e70f13b7d,p0014,2024:4041120251183678359
c_6f9ce1910d5bc217008c,p0012,2024:4041120251183683087
c_4d2b759b329bb58cbcfa,p0012,2024:4041120251183684853
c_ff679f50e36719296940,p0007,2024:4041120251183699576
c_437ce64814c1db55ad40,p0015,2024:4041120251183733723
c_437ce64814c1db55ad40,p0015,2024:4041120251183733725
c_437ce64814c1db55ad40,p0015,2024:4041120251183733727
c_437ce64814c1db55ad40,p0015,2024:4041120251183733729
c_437ce64814c1db55ad40,p0015,2024:4041120251183733731
c_437ce64814c1db55ad40,p0015,2024:4041120251183733733
c_437ce64814c1db55ad40,p0015,2024:4041120251183733735
c_437ce64814c1db55ad40,p0015,2024:4041120251183733737
c_437ce64814c1db55ad40,p0015,2024:4041120251183733739
c_437ce64814c1db55ad40,p0015,2024:4041120251183733741
c_437ce64814c1db55ad40,p0015,2024:4041120251183733743
c_437ce64814c1db55ad40,p0015,2024:4041120251183733745
c_437ce64814c1db55ad40,p0015,2024:4041120251183733747
c_437ce64814c1db55ad40,p0015,2024:4041120251183733749
c_437ce64814c1db55ad40,p0015,2024:4041120251183733751
c_437ce64814c1db55ad40,p0015,2024:4041120251183733753
c_437ce64814c1db55ad40,p0015,2024:4041120251183733755
c_437ce64814c1db55ad40,p0015,2024:4041120251183733757
c_437ce64814c1db55ad40,p0015,2024:4041120251183733759
c_437ce64814c1db55ad40,p0015,2024:4041120251183733761
c_845c34e3465c8e924984,p0012,2024:4041120251183860785
c_845c34e3465c8e924984,p0012,2024:4041120251183860787
c_845c34e3465c8e924984,p0012,2024:4041120251183860789
c_845c34e3465c8e924984,p0012,2024:4041120251183860791
c_845c34e3465c8e924984,p0012,2024:4041120251183860793
c_845c34e3465c8e924984,p0012,2024:4041120251183860795
c_933c93315e52e2c60383,p0012,2024:4041120251183860797
c_ff6993ba2f374406ac24,p0020,2024:4041220241895658082
c_57d8e01958a38820d7b3,p0015,2024:4041320231738892293
c_57d8e01958a38820d7b3,p0015,2024:4041320231738892294
c_6f9ce1910d5bc217008c,p0012,2024:4041320231738892381
c_c3a7b8c95399e783947e,p0007,2024:4041320231738902527
c_c99e4c1e04a65f2743c2,p0004,2024:4041320231739462241
c_c99e4c1e04a65f2743c2,p0004,2024:4041320231739462243
c_dcb61ff9a92a3152957c,p0003,2024:4041420251184131514
c_43263d10d8d42de66ef1,p0002,2024:4041420251184131567
c_c99e4c1e04a65f2743c2,p0004,2024:4041520251184184703
c_c99e4c1e04a65f2743c2,p0004,2024:4041520251184184704
c_7d161046ac9781475228,p0017,2024:4041620241895817088
c_79d82a83c0673ddaf64b,p0011,2024:4041620241895894475
c_83254365b3783483270d,p0007,2024:4041620241895895117
c_edf43d35712559a1028d,p0012,2024:4041620251184325050
c_127816033aeca7a4cf79,p0012,2024:4041620251184328439
c_b9c6825d43fd2209aee5,p0009,2024:4041720231742683152
c_7ab70f5f07011abc4353,p0019,2024:4041720231742692317
c_b9c6825d43fd2209aee5,p0009,2024:4041720231742692383
c_b9c6825d43fd2209aee5,p0009,2024:4041720231742702346
c_b9c6825d43fd2209aee5,p0009,2024:4041720241895940139
c_b9c6825d43fd2209aee5,p0009,2024:4041720241895940140
c_b9c6825d43fd2209aee5,p0009,2024:4041720241895940141
c_1cacfa042d1455d24a46,p0019,2024:4041720241896047737
c_1cacfa042d1455d24a46,p0019,2024:4041720241896050569
c_87a30b378f23fbf058df,p0013,2024:4041720241896051591
c_1cacfa042d1455d24a46,p0019,2024:4041720241896054708
c_1cacfa042d1455d24a46,p0019,2024:4041720241896056846
c_87a30b378f23fbf058df,p0013,2024:4041720241896057863
c_1cacfa042d1455d24a46,p0019,2024:4041720241896060888
c_87a30b378f23fbf058df,p0013,2024:4041720241896062089
c_1cacfa042d1455d24a46,p0019,2024:4041720241896063422
c_87a30b378f23fbf058df,p0013,2024:4041720241896064449
c_87a30b378f23fbf058df,p0013,2024:4041720241896064450
c_1cacfa042d1455d24a46,p0019,2024:4041720241896065851
c_1cacfa042d1455d24a46,p0019,2024:4041720241896072031
c_87a30b378f23fbf058df,p0013,2024:4041720241896075978
c_1cacfa042d1455d24a46,p0019,2024:4041720241896076957
c_b9c6825d43fd2209aee5,p0009,2024:4041720241896077259
c_f403b4b143a23ffe823d,p0013,2024:4041720241896079539
c_f403b4b143a23ffe823d,p0013,2024:4041720241896079540
c_1c00ab362939bb8042b3,p0017,2024:4041720251185124424
c_1c00ab362939bb8042b3,p0017,2024:4041720251185124426
c_1c00ab362939bb8042b3,p0017,2024:4041720251185124428
c_1c00ab362939bb8042b3,p0017,2024:4041720251185124430
c_1c00ab362939bb8042b3,p0017,2024:4041720251185124432
c_1c00ab362939bb8042b3,p0017,2024:4041720251185124434
c_1c00ab362939bb8042b3,p0017,2024:4041720251185124436
c_c99e4c1e04a65f2743c2,p0004,2024:4041720251185290013
c_1cacfa042d1455d24a46,p0019,2024:4041820231742994823
c_1cacfa042d1455d24a46,p0019,2024:4041820231742996064
c_1cacfa042d1455d24a46,p0019,2024:4041820231742997763
c_1cacfa042d1455d24a46,p0019,2024:4041820231742998612
c_1cacfa042d1455d24a46,p0019,2024:4041820231742999493
c_1cacfa042d1455d24a46,p0019,2024:4041820231743001200
c_1cacfa042d1455d24a46,p0019,2024:4041820231743002179
c_1cacfa042d1455d24a46,p0019,2024:4041820231743002911
c_1cacfa042d1455d24a46,p0019,2024:4041820231743004711
c_458df3ce217eae5eebe8,p0012,2024:4041820231743006939
c_458df3ce217eae5eebe8,p0012,2024:4041820231743006940
c_458df3ce217eae5eebe8,p0012,2024:4041820231743006941
c_b9c6825d43fd2209aee5,p0009,2024:4041820231743037950
c_df6d3f34e1cf6fceac5b,p0011,2024:4041820231743039744
c_433597abc27c16d5e313,p0010,2024:4041820231743042543
c_433597abc27c16d5e313,p0010,2024:4041820231743042544
c_c3bb1061e1c3587ba003,p0013,2024:4041820241896290042
c_c3bb1061e1c3587ba003,p0013,2024:4041820241896302129
c_c3bb1061e1c3587ba003,p0013,2024:4041820241896387026
c_c3bb1061e1c3587ba003,p0013,2024:4041820241896437239
c_c3bb1061e1c3587ba003,p0013,2024:4041820241896496289
c_d9782947d50e7e3725a0,p0018,2024:4041820241896547163
c_c3bb1061e1c3587ba003,p0013,2024:4041820241896640908
c_c99e4c1e04a65f2743c2,p0004,2024:4041820241896720031
c_b9c6825d43fd2209aee5,p0009,2024:4041820241896769031
c_140f009e028a29449a1e,p0015,2024:4041820241896781921
c_140f009e028a29449a1e,p0015,2024:4041820241896781922
c_140f009e028a29449a1e,p0015,2024:4041820241896781923
c_140f009e028a29449a1e,p0015,2024:4041820241896781925
c_c99e4c1e04a65f2743c2,p0004,2024:4041820241896797623
c_c99e4c1e04a65f2743c2,p0004,2024:4041820241896797625
c_c61d41dcfafa8e10375a,p0013,2024:4041820241896818031
c_c61d41dcfafa8e10375a,p0013,2024:4041820241896818033
c_433597abc27c16d5e313,p0010,2024:4041920231743261824
c_57d8e01958a38820d7b3,p0015,2024:4041920231743263440
c_dd05fcb5866322438262,p0015,2024:4041920231743264553
c_6f9ce1910d5bc217008c,p0012,2024:4041920231743264588
c_b9c6825d43fd2209aee5,p0009,2024:4041920231743272373
c_57d8e01958a38820d7b3,p0015,2024:4041920231743284746
c_b9c6825d43fd2209aee5,p0009,2024:4041920231743292263
c_be55d6a77f7c207d3129,p0015,2024:4041920231743312278
c_433597abc27c16d5e313,p0010,2024:4041920241896958446
c_43263d10d8d42de66ef1,p0002,2024:4041920241896958452
c_5c674a62aa12b11745d8,p0003,2024:4041920241896958456
c_105485716a971991d958,p0007,2024:4041920241896971259
c_72bee3b135cc84fafaa8,p0012,2024:4041920241897072953
c_c55394898061fb1bce11,p0007,2024:4041920241897098923
c_c55394898061fb1bce11,p0007,2024:4041920241897145965
c_72bee3b135cc84fafaa8,p0012,2024:4041920241897146499
c_72bee3b135cc84fafaa8,p0012,2024:4041920241897146501
c_72bee3b135cc84fafaa8,p0012,2024:4041920241897146503
c_f77092959014ce25e554,p0017,2024:4041920241897227064
c_c3a7b8c95399e783947e,p0007,2024:4041920241897230026
c_482f5d07501f4e238573,p0012,2024:4041920241897238851
c_c55394898061fb1bce11,p0007,2024:4041920241897284198
c_ba6b8c476a6afc66cf9a,p0002,2024:4041920241897326886
c_b8336e8bdd029d667e50,p0003,2024:4041920241897326912
c_b9c6825d43fd2209aee5,p0009,2024:4042020231743348384
c_b9c6825d43fd2209aee5,p0009,2024:4042020231743348385
c_b9c6825d43fd2209aee5,p0009,2024:4042020231743348386
c_b9c6825d43fd2209aee5,p0009,2024:4042020231743348826
c_b9c6825d43fd2209aee5,p0009,2024:4042020231743404975
c_dd05fcb5866322438262,p0015,2024:4042020231743431057
c_dd05fcb5866322438262,p0015,2024:4042020231743431059
c_25346886cb66823b3264,p0020,2024:4042020231743432493
c_25346886cb66823b3264,p0020,2024:4042020231743432495
c_b9c6825d43fd2209aee5,p0009,2024:4042020231743443803
c_41645df146712ff21625,p0009,2024:4042020231743497513
c_c99e4c1e04a65f2743c2,p0004,2024:4042120231743532464
c_c99e4c1e04a65f2743c2,p0004,2024:4042120231743532465
c_c99e4c1e04a65f2743c2,p0004,2024:4042120231743532466
c_1c00ab362939bb8042b3,p0017,2024:4042120231743576579
c_1c00ab362939bb8042b3,p0017,2024:4042120231743576581
c_ff59c0ef8d551ff6dcf0,p0017,2024:4042120251185522495
c_ff59c0ef8d551ff6dcf0,p0017,2024:4042120251185522497
c_9c859fb024183d8954a6,p0007,2024:4042220231743647602
c_3bf74b2cda2b9ec1dfdc,p0012,2024:4042220231743647653
c_dd05fcb5866322438262,p0015,2024:4042220231743647866
c_3bf74b2cda2b9ec1dfdc,p0012,2024:4042220231743647987
c_9c859fb024183d8954a6,p0007,2024:4042220231743648015
c_dd05fcb5866322438262,p0015,2024:4042220231743648081
c_9c859fb024183d8954a6,p0007,2024:4042220231743648480
c_b9c6825d43fd2209aee5,p0009,2024:4042220231743651502
c_b9c6825d43fd2209aee5,p0009,2024:4042220231743651503
c_f403b4b143a23ffe823d,p0013,2024:4042220241897437106
c_f403b4b143a23ffe823d,p0013,2024:4042220241897437107
c_433597abc27c16d5e313,p0010,2024:4042320231743698058
c_433597abc27c16d5e313,p0010,2024:4042320231743698059
c_433597abc27c16d5e313,p0010,2024:4042320231743698060
c_36870bd929148291333b,p0013,2024:4042320241897524529
c_43263d10d8d42de66ef1,p0002,2024:4042320241897575646
c_3ca089090d1c726fec8b,p0003,2024:4042320241897575652
c_6d78c941e832e66bc5f5,p0011,2024:4042320241897877793
c_6d78c941e832e66bc5f5,p0011,2024:4042320241898089924
c_d2add8e8e44618bef589,p0009,2024:4042320241898347920
c_36870bd929148291333b,p0013,2024:4042320241899348824
c_52f677e341e96f1ff8a6,p0013,2024:4042320241899353926
c_b9c6825d43fd2209aee5,p0009,2024:4042320241900874996
c_b4564c2da3f05bc9d7e3,p0017,2024:4042320241901074044
c_5c674a62aa12b11745d8,p0003,2024:4042320241901889288
c_b9c6825d43fd2209aee5,p0009,2024:4042320241902352126
c_b9c6825d43fd2209aee5,p0009,2024:4042320241902487802
c_b9c6825d43fd2209aee5,p0009,2024:4042320241902526004
c_b9c6825d43fd2209aee5,p0009,2024:4042320241902539125
c_b9c6825d43fd2209aee5,p0009,2024:4042320241902563367
c_b9c6825d43fd2209aee5,p0009,2024:4042320241902573105
c_b9c6825d43fd2209aee5,p0009,2024:4042320241902608118
c_b9c6825d43fd2209aee5,p0009,2024:4042320241902673302
c_b9c6825d43fd2209aee5,p0009,2024:4042320241902752391
c_b9c6825d43fd2209aee5,p0009,2024:4042320241902792450
c_c3bb1061e1c3587ba003,p0013,2024:4042320241903235559
c_874f555d87c87fd2bf26,p0018,2024:4042320241904003361
c_b9c6825d43fd2209aee5,p0009,2024:4042320241904540020
c_b9c6825d43fd2209aee5,p0009,2024:4042320241904542441
c_b9c6825d43fd2209aee5,p0009,2024:4042320241904574528
c_b9c6825d43fd2209aee5,p0009,2024:4042320241904655147
c_b9c6825d43fd2209aee5,p0009,2024:4042320241904669709
c_b9c6825d43fd2209aee5,p0009,2024:4042320241904748084
c_b9c6825d43fd2209aee5,p0009,2024:4042320241904764977
c_b9c6825d43fd2209aee5,p0009,2024:4042320241904765740
c_b9c6825d43fd2209aee5,p0009,2024:4042320241904813420
c_b9c6825d43fd2209aee5,p0009,2024:4042320241904833617
c_b9c6825d43fd2209aee5,p0009,2024:4042320241904848158
c_b9c6825d43fd2209aee5,p0009,2024:4042320241904874369
c_b9c6825d43fd2209aee5,p0009,2024:4042320241904895575
c_b9c6825d43fd2209aee5,p0009,2024:4042320241905041045
c_b9c6825d43fd2209aee5,p0009,2024:4042320241905093683
c_2056312eb6704cfbeb49,p0007,2024:4042320241911188896
c_be2d0f7b4e204fa1a06d,p0003,2024:4042320251186198706
c_7b75b5d9652d280e4cf7,p0002,2024:4042320251186199532
c_c5b7995bf680414a0436,p0004,2024:4042320251186310844
c_6f9ce1910d5bc217008c,p0012,2024:4042320251186311251
c_4171e57686c28c65303e,p0010,2024:4042420231743901626
c_f403b4b143a23ffe823d,p0013,2024:4042420241911277706
c_f403b4b143a23ffe823d,p0013,2024:4042420241911283119
c_f403b4b143a23ffe823d,p0013,2024:4042420241911283120
c_b9c6825d43fd2209aee5,p0009,2024:4042520231743964563
c_c44f40f0bdc0c2ae50c9,p0010,2024:4042520231744006402
c_c44f40f0bdc0c2ae50c9,p0010,2024:4042520231744006403
c_b9c6825d43fd2209aee5,p0009,2024:4042520231744008710
c_b9c6825d43fd2209aee5,p0009,2024:4042520231744011865
c_1cacfa042d1455d24a46,p0019,2024:4042520231744024076
c_1cacfa042d1455d24a46,p0019,2024:4042520231744027927
c_1cacfa042d1455d24a46,p0019,2024:4042520231744032238
c_b9c6825d43fd2209aee5,p0009,2024:4042520231744050368
c_f959a318d376cccd0fe3,p0013,2024:4042520241911362986
c_c3bb1061e1c3587ba003,p0013,2024:4042520241911372803
c_c3bb1061e1c3587ba003,p0013,2024:4042520241911375109
c_c3bb1061e1c3587ba003,p0013,2024:4042520241911379047
c_c3bb1061e1c3587ba003,p0013,2024:4042520241911379764
c_c3bb1061e1c3587ba003,p0013,2024:4042520241911383565
c_c3bb1061e1c3587ba003,p0013,2024:4042520241911393708
c_c3bb1061e1c3587ba003,p0013,2024:4042520241911394262
c_f403b4b143a23ffe823d,p0013,2024:4042520241911408412
c_f403b4b143a23ffe823d,p0013,2024:4042520241911423767
c_e33e4241ffae021efe44,p0011,2024:4042520241911480318
c_3fdba6477347f59d07e7,p0010,2024:4042520241911488203
c_3fdba6477347f59d07e7,p0010,2024:4042520241911488204
c_1c00ab362939bb8042b3,p0017,2024:4042520241911529251
c_c99e4c1e04a65f2743c2,p0004,2024:4042520241915111982
c_c99e4c1e04a65f2743c2,p0004,2024:4042520241915111983
c_b9c6825d43fd2209aee5,p0009,2024:4042520241916247010
c_b9c6825d43fd2209aee5,p0009,2024:4042520241916247011
c_16e11d14570a45a07938,p0007,2024:4042520241918282863
c_127816033aeca7a4cf79,p0012,2024:4042520241918429557
c_f8aa0ed50bda94b54e87,p0012,2024:4042520241918429568
c_fb77e87cfc4a475dc0e1,p0012,2024:4042520241918433976
c_1cacfa042d1455d24a46,p0019,2024:4042520251186681728
c_1cacfa042d1455d24a46,p0019,2024:4042520251186683351
c_1cacfa042d1455d24a46,p0019,2024:4042520251186684798
c_4171e57686c28c65303e,p0010,2024:4042620231744121336
c_4171e57686c28c65303e,p0010,2024:4042620231744121337
c_433597abc27c16d5e313,p0010,2024:4042620231744122634
c_433597abc27c16d5e313,p0010,2024:4042620231744122635
c_b9c6825d43fd2209aee5,p0009,2024:4042620231744122764
c_b9c6825d43fd2209aee5,p0009,2024:4042620231744750445
c_b9c6825d43fd2209aee5,p0009,2024:4042620231744750660
c_433597abc27c16d5e313,p0010,2024:4042620241920788639
c_c5b7995bf680414a0436,p0004,2024:4042620241920789445
c_dd05fcb5866322438262,p0015,2024:4042620241920820355
c_dd05fcb5866322438262,p0015,2024:4042620241920820453
c_458df3ce217eae5eebe8,p0012,2024:4042620241920821246
c_458df3ce217eae5eebe8,p0012,2024:4042620241920821247
c_9c859fb024183d8954a6,p0007,2024:4042620241920821466
c_3fdba6477347f59d07e7,p0010,2024:4042620241920827325
c_f403b4b143a23ffe823d,p0013,2024:4042620241920834817
c_b9c6825d43fd2209aee5,p0009,2024:4042720231744827401
c_b9c6825d43fd2209aee5,p0009,2024:4042720231744827506
c_b9c6825d43fd2209aee5,p0009,2024:4042720231744862267
c_b9c6825d43fd2209aee5,p0009,2024:4042720231744864267
c_b9c6825d43fd2209aee5,p0009,2024:4042720231744871755
c_b9c6825d43fd2209aee5,p0009,2024:4042720231744881784
c_b9c6825d43fd2209aee5,p0009,2024:4042720231744885684
c_b9c6825d43fd2209aee5,p0009,2024:4042720231744887841
c_b9c6825d43fd2209aee5,p0009,2024:4042720231744888618
c_b9c6825d43fd2209aee5,p0009,2024:4042720231744917449
c_b9c6825d43fd2209aee5,p0009,2024:4042820231745772398
c_b9c6825d43fd2209aee5,p0009,2024:4042820231745774346
c_437ce64814c1db55ad40,p0015,2024:4042820251186805400
c_437ce64814c1db55ad40,p0015,2024:4042820251186836413
c_437ce64814c1db55ad40,p0015,2024:4042820251186836986
c_437ce64814c1db55ad40,p0015,2024:4042820251186848872
c_437ce64814c1db55ad40,p0015,2024:4042820251186856827
c_437ce64814c1db55ad40,p0015,2024:4042820251186860963
c_437ce64814c1db55ad40,p0015,2024:4042820251186876790
c_017d0ae7321d8ca855e5,p0017,2024:4042820251186886532
c_437ce64814c1db55ad40,p0015,2024:4042820251186891605
c_437ce64814c1db55ad40,p0015,2024:4042820251186897319
c_437ce64814c1db55ad40,p0015,2024:4042820251186922787
c_437ce64814c1db55ad40,p0015,2024:4042820251186925917
c_437ce64814c1db55ad40,p0015,2024:4042820251186926353
c_437ce64814c1db55ad40,p0015,2024:4042820251186939749
c_437ce64814c1db55ad40,p0015,2024:4042820251186940981
c_437ce64814c1db55ad40,p0015,2024:4042820251186942378
c_437ce64814c1db55ad40,p0015,2024:4042820251186951459
c_437ce64814c1db55ad40,p0015,2024:4042820251186986208
c_437ce64814c1db55ad40,p0015,2024:4042820251187007160
c_437ce64814c1db55ad40,p0015,2024:4042820251187045227
c_437ce64814c1db55ad40,p0015,2024:4042820251187048047
c_437ce64814c1db55ad40,p0015,2024:4042820251187049522
c_437ce64814c1db55ad40,p0015,2024:4042820251187061900
c_437ce64814c1db55ad40,p0015,2024:4042820251187074359
c_437ce64814c1db55ad40,p0015,2024:4042820251187093225
c_437ce64814c1db55ad40,p0015,2024:4042820251187095813
c_437ce64814c1db55ad40,p0015,2024:4042820251187117245
c_437ce64814c1db55ad40,p0015,2024:4042820251187126693
c_437ce64814c1db55ad40,p0015,2024:4042820251187127064
c_7665643eb0ede4bd5a09,p0017,2024:4042920251187348273
c_31a809a60280c6866878,p0017,2024:4042920251187348274
c_edf43d35712559a1028d,p0012,2024:4042920251187898747
c_433597abc27c16d5e313,p0010,2024:4043020241920912488
c_433597abc27c16d5e313,p0010,2024:4043020241920912995
c_e33e4241ffae021efe44,p0011,2024:4043020241920918741
c_b9c6825d43fd2209aee5,p0009,2024:4043020241920927266
c_b9c6825d43fd2209aee5,p0009,2024:4043020241920928558
c_631863f4ecb7637974c4,p0016,2024:4043020241920952422
c_1d973e01b564fccf8f8e,p0012,2024:4043020241920975996
c_f403b4b143a23ffe823d,p0013,2024:4043020241921030081
c_f403b4b143a23ffe823d,p0013,2024:4043020241921030082
c_edf43d35712559a1028d,p0012,2024:4043020251188170239
c_c55394898061fb1bce11,p0007,2024:4043020251188185381
c_c55394898061fb1bce11,p0007,2024:4043020251188200328
c_c55394898061fb1bce11,p0007,2024:4043020251188205620
c_edf43d35712559a1028d,p0012,2024:4043020251188241360
c_c55394898061fb1bce11,p0007,2024:4043020251188267696
c_b9c6825d43fd2209aee5,p0009,2024:4050120231746084621
c_b9c6825d43fd2209aee5,p0009,2024:4050120231746084622
c_433597abc27c16d5e313,p0010,2024:4050120241921088185
c_dd05fcb5866322438262,p0015,2024:4050120241921143728
c_b9c6825d43fd2209aee5,p0009,2024:4050120241921232902
c_b9c6825d43fd2209aee5,p0009,2024:4050120241921232903
c_b9c6825d43fd2209aee5,p0009,2024:4050120241921232904
c_c3bb1061e1c3587ba003,p0013,2024:4050120241921257024
c_43263d10d8d42de66ef1,p0002,2024:4050120241921265013
c_dcb61ff9a92a3152957c,p0003,2024:4050120241921265022
c_c99e4c1e04a65f2743c2,p0004,2024:4050220241921312511
c_f403b4b143a23ffe823d,p0013,2024:4050220241921313131
c_f403b4b143a23ffe823d,p0013,2024:4050220241921313132
c_433597abc27c16d5e313,p0010,2024:4050220241921347354
c_433597abc27c16d5e313,p0010,2024:4050220241921347412
c_b9c6825d43fd2209aee5,p0009,2024:4050220241921370805
c_472247b8d827b7b530d4,p0017,2024:4050220241921371491
c_472247b8d827b7b530d4,p0017,2024:4050220241921371492
c_458df3ce217eae5eebe8,p0012,2024:4050220241921376545
c_b9c6825d43fd2209aee5,p0009,2024:4050320241921478645
c_c99e4c1e04a65f2743c2,p0004,2024:4050320241921481100
c_6d78c941e832e66bc5f5,p0011,2024:4050320241921484903
c_6d78c941e832e66bc5f5,p0011,2024:4050320241921484904
c_6d78c941e832e66bc5f5,p0011,2024:4050320241921484905
c_dd05fcb5866322438262,p0015,2024:4050320241921505526
c_dd05fcb5866322438262,p0015,2024:4050320241921505532
c_dd05fcb5866322438262,p0015,2024:4050320241921505533
c_f403b4b143a23ffe823d,p0013,2024:4050320241921543039
c_f403b4b143a23ffe823d,p0013,2024:4050320241921543040
c_c55394898061fb1bce11,p0007,2024:4050520241921628828
c_1cacfa042d1455d24a46,p0019,2024:4050620241921681472
c_1cacfa042d1455d24a46,p0019,2024:4050620241921683246
c_1cacfa042d1455d24a46,p0019,2024:4050620241921684881
c_43263d10d8d42de66ef1,p0002,2024:4050620241921713118
c_f403b4b143a23ffe823d,p0013,2024:4050620241921714732
c_f403b4b143a23ffe823d,p0013,2024:4050620241921714733
c_4f7073e3f43321b29fdb,p0013,2024:4050620241921722252
c_4f7073e3f43321b29fdb,p0013,2024:4050620241921722253
c_f403b4b143a23ffe823d,p0013,2024:4050620241921726720
c_f403b4b143a23ffe823d,p0013,2024:4050620241921726721
c_ee89dd14fae503ac540a,p0013,2024:4050620241921727323
c_ee89dd14fae503ac540a,p0013,2024:4050620241921727333
c_c99e4c1e04a65f2743c2,p0004,2024:4050620241921728169
c_c99e4c1e04a65f2743c2,p0004,2024:4050620241921730125
c_c99e4c1e04a65f2743c2,p0004,2024:4050620241921730127
c_c5b7995bf680414a0436,p0004,2024:4050620241921746211
c_c5b7995bf680414a0436,p0004,2024:4050620241921753125
c_9092d251bee82feafeb0,p0010,2024:4050620241921776027
c_1cacfa042d1455d24a46,p0019,2024:4050620251188816361
c_b9c6825d43fd2209aee5,p0009,2024:4050720241921801238
c_b9c6825d43fd2209aee5,p0009,2024:4050720241921801723
c_b9c6825d43fd2209aee5,p0009,2024:4050720241921804158
c_b9c6825d43fd2209aee5,p0009,2024:4050720241921804159
c_2a14752fbd61b05adf49,p0013,2024:4050720241921815009
c_2a14752fbd61b05adf49,p0013,2024:4050720241921815010
c_c34366b9812edc5d7584,p0012,2024:4050720241921815016
c_c3bb1061e1c3587ba003,p0013,2024:4050720241921818199
c_b20c0f97b2ee20bd113a,p0020,2024:4050720241921889763
c_dd05fcb5866322438262,p0015,2024:4050720241921889773
c_dd05fcb5866322438262,p0015,2024:4050720241921889776
c_abf35d9c28f3a0f3c606,p0007,2024:4050720241921889808
c_abf35d9c28f3a0f3c606,p0007,2024:4050720241921889810
c_b20c0f97b2ee20bd113a,p0020,2024:4050720241921895668
c_b9c6825d43fd2209aee5,p0009,2024:4050720251189002251
c_3134628a5065ffaa067c,p0007,2024:4050720251189002544
c_ab6f22ac1cfc156ccab4,p0012,2024:4050720251189031973
c_c3bb1061e1c3587ba003,p0013,2024:4050720251189032778
c_c3bb1061e1c3587ba003,p0013,2024:4050720251189032779
c_c3bb1061e1c3587ba003,p0013,2024:4050720251189032780
c_c3bb1061e1c3587ba003,p0013,2024:4050720251189033935
c_c3bb1061e1c3587ba003,p0013,2024:4050720251189033936
c_c3bb1061e1c3587ba003,p0013,2024:4050720251189034625
c_c3bb1061e1c3587ba003,p0013,2024:4050720251189034992
c_7f6679e9b620822a4285,p0013,2024:4050820241922051147
c_7f6679e9b620822a4285,p0013,2024:4050820241922051148
c_f403b4b143a23ffe823d,p0013,2024:4050820241922052449
c_f403b4b143a23ffe823d,p0013,2024:4050820241922052450
c_57ff1d4160daea60fc87,p0013,2024:4050820241922059799
c_1822128dbb0e70f13b7d,p0014,2024:4050820241922059871
c_1822128dbb0e70f13b7d,p0014,2024:4050820241922059962
c_57ff1d4160daea60fc87,p0013,2024:4050820241922060391
c_f403b4b143a23ffe823d,p0013,2024:4050820241922067962
c_f403b4b143a23ffe823d,p0013,2024:4050820241922067963
c_b20c0f97b2ee20bd113a,p0020,2024:4050820241922135998
c_f403b4b143a23ffe823d,p0013,2024:4050820241922165376
c_f403b4b143a23ffe823d,p0013,2024:4050820241922165377
c_f403b4b143a23ffe823d,p0013,2024:4050820241922166450
c_f403b4b143a23ffe823d,p0013,2024:4050820241922166451
c_b9c6825d43fd2209aee5,p0009,2024:4050820241922167638
c_1cacfa042d1455d24a46,p0019,2024:4050820251189164097
c_87a30b378f23fbf058df,p0013,2024:4050820251189207617
c_e33e4241ffae021efe44,p0011,2024:4050820251189219567
c_e33e4241ffae021efe44,p0011,2024:4050820251189251923
c_651f7ed35a1ac790deb7,p0009,2024:4050820251189312349
c_4cace8d09b215d03173e,p0017,2024:4050920241922392035
c_f403b4b143a23ffe823d,p0013,2024:4050920241922401082
c_f403b4b143a23ffe823d,p0013,2024:4050920241922401085
c_080020b0813fb6708855,p0013,2024:4050920241922402667
c_080020b0813fb6708855,p0013,2024:4050920241922402668
c_f403b4b143a23ffe823d,p0013,2024:4050920241922417700
c_f403b4b143a23ffe823d,p0013,2024:4050920241922417701
c_57ff1d4160daea60fc87,p0013,2024:4050920241922454927
c_57ff1d4160daea60fc87,p0013,2024:4050920241922454928
c_03c7c6670557a4a9a5fc,p0009,2024:4050920241922515571
c_1cacfa042d1455d24a46,p0019,2024:4050920241922517706
c_b9c6825d43fd2209aee5,p0009,2024:4050920241922523434
c_c99e4c1e04a65f2743c2,p0004,2024:4050920241922610959
c_b9c6825d43fd2209aee5,p0009,2024:4050920241922683145
c_c99e4c1e04a65f2743c2,p0004,2024:4050920241922684367
c_c0e269b9ba20b2de8232,p0004,2024:4050920241922691850
c_23595521738d763cf25c,p0015,2024:4050920241922708371
c_b9c6825d43fd2209aee5,p0009,2024:4050920251189341215
c_b9c6825d43fd2209aee5,p0009,2024:4050920251189341216
c_c3bb1061e1c3587ba003,p0013,2024:4050920251189348766
c_8f805b8c99894bf05c9e,p0019,2024:4050920251189363797
c_1cacfa042d1455d24a46,p0019,2024:4050920251189389407
c_17421b39064e971177c5,p0013,2024:4050920251189437360
c_3f86f8ab30aebad891f3,p0012,2024:4050920251189520208
c_3f86f8ab30aebad891f3,p0012,2024:4050920251189546281
c_845c34e3465c8e924984,p0012,2024:4050920251189640067
c_1189dd78c15d1d5856ad,p0004,2024:4050920251189755129
c_03c7c6670557a4a9a5fc,p0009,2024:4051020241922821566
c_b9c6825d43fd2209aee5,p0009,2024:4051020241922824682
c_b9c6825d43fd2209aee5,p0009,2024:4051020241922824683
c_b9c6825d43fd2209aee5,p0009,2024:4051020241922824684
c_c99e4c1e04a65f2743c2,p0004,2024:4051020241922866392
c_7f6679e9b620822a4285,p0013,2024:4051020241922869166
c_7f6679e9b620822a4285,p0013,2024:4051020241922869167
c_c99e4c1e04a65f2743c2,p0004,2024:4051020241922870601
c_8d4c3b19852bcbeca364,p0013,2024:4051020241922883297
c_8d4c3b19852bcbeca364,p0013,2024:4051020241922883298
c_8d4c3b19852bcbeca364,p0013,2024:4051020241922883299
c_f403b4b143a23ffe823d,p0013,2024:4051020241922887905
c_f403b4b143a23ffe823d,p0013,2024:4051020241922887906
c_b9c6825d43fd2209aee5,p0009,2024:4051020241922887968
c_b9c6825d43fd2209aee5,p0009,2024:4051020241922889956
c_9c859fb024183d8954a6,p0007,2024:4051020241922892823
c_9c859fb024183d8954a6,p0007,2024:4051020241922892824
c_9c859fb024183d8954a6,p0007,2024:4051020241922892825
c_845c34e3465c8e924984,p0012,2024:4051020251189895030
c_403474be62797f31d30e,p0017,2024:4051020251189963910
c_16e11d14570a45a07938,p0007,2024:4051020251190016899
c_845c34e3465c8e924984,p0012,2024:4051020251190018732
c_845c34e3465c8e924984,p0012,2024:4051020251190018734
c_57d8e01958a38820d7b3,p0015,2024:4051020251190062526
c_403474be62797f31d30e,p0017,2024:4051020251190255430
c_845c34e3465c8e924984,p0012,2024:4051020251190302912
c_edf43d35712559a1028d,p0012,2024:4051020251190426011
c_1a3f21da8e59b5279c76,p0013,2024:4051020251190501096
c_57d8e01958a38820d7b3,p0015,2024:4051020251190644565
c_845c34e3465c8e924984,p0012,2024:4051020251190741670
c_845c34e3465c8e924984,p0012,2024:4051020251190791928
c_13d5afa602db7e932cc1,p0012,2024:4051020251190886551
c_16e11d14570a45a07938,p0007,2024:4051020251191315420
c_16e11d14570a45a07938,p0007,2024:4051020251191364245
c_8dcee3e7cd74f9be1550,p0013,2024:4051020251191450103
c_13d5afa602db7e932cc1,p0012,2024:4051020251191581489
c_8dcee3e7cd74f9be1550,p0013,2024:4051020251191588316
c_bb8160576b403e2d703e,p0012,2024:4051020251191714366
c_57d8e01958a38820d7b3,p0015,2024:4051020251191723081
c_845c34e3465c8e924984,p0012,2024:4051020251191927161
c_57d8e01958a38820d7b3,p0015,2024:4051020251191938877
c_845c34e3465c8e924984,p0012,2024:4051020251192078286
c_845c34e3465c8e924984,p0012,2024:4051020251192119712
c_57d8e01958a38820d7b3,p0015,2024:4051020251192270384
c_8dcee3e7cd74f9be1550,p0013,2024:4051020251192369127
c_16e11d14570a45a07938,p0007,2024:4051020251192466558
c_845c34e3465c8e924984,p0012,2024:4051020251192485041
c_845c34e3465c8e924984,p0012,2024:4051020251192517599
c_403474be62797f31d30e,p0017,2024:4051020251192666243
c_57d8e01958a38820d7b3,p0015,2024:4051020251192922450
c_845c34e3465c8e924984,p0012,2024:4051020251192927462
c_403474be62797f31d30e,p0017,2024:4051020251192953847
c_845c34e3465c8e924984,p0012,2024:4051020251192970347
c_57d8e01958a38820d7b3,p0015,2024:4051020251192974363
c_edf43d35712559a1028d,p0012,2024:4051020251192975397
c_080020b0813fb6708855,p0013,2024:4051020251193065876
c_57d8e01958a38820d7b3,p0015,2024:4051020251193155402
c_4e3d7b97a5d9e4944909,p0017,2024:4051020251193189620
c_1b81ea66545c01956737,p0013,2024:4051120231747140253
c_c0e269b9ba20b2de8232,p0004,2024:4051120241922942597
c_105485716a971991d958,p0007,2024:4051220231747191786
c_c61d41dcfafa8e10375a,p0013,2024:4051220241923073413
c_c61d41dcfafa8e10375a,p0013,2024:4051220241923073415
c_c61d41dcfafa8e10375a,p0013,2024:4051220241923073417
c_4b64baaa01dc4eca3d70,p0002,2024:4051220251193609350
c_79d82a83c0673ddaf64b,p0011,2024:4051220251193610181
c_7a94289962f1de5171ed,p0007,2024:4051220251193610584
c_b9c6825d43fd2209aee5,p0009,2024:4051320241923162985
c_f403b4b143a23ffe823d,p0013,2024:4051320241923171607
c_f403b4b143a23ffe823d,p0013,2024:4051320241923171608
c_f403b4b143a23ffe823d,p0013,2024:4051320241923171609
c_f403b4b143a23ffe823d,p0013,2024:4051320241923171610
c_f403b4b143a23ffe823d,p0013,2024:4051320241923171611
c_433597abc27c16d5e313,p0010,2024:4051320241923171979
c_433597abc27c16d5e313,p0010,2024:4051320241923171980
c_6102391f2e5229fb88b4,p0013,2024:4051320241923175061
c_6102391f2e5229fb88b4,p0013,2024:4051320241923175067
c_433597abc27c16d5e313,p0010,2024:4051320241923175069
c_433597abc27c16d5e313,p0010,2024:4051320241923175150
c_c99e4c1e04a65f2743c2,p0004,2024:4051320241923183222
c_c99e4c1e04a65f2743c2,p0004,2024:4051320241923183764
c_edf43d35712559a1028d,p0012,2024:4051320251193660726
c_31a809a60280c6866878,p0017,2024:4051320251194389686
c_403474be62797f31d30e,p0017,2024:4051320251195501520
c_403474be62797f31d30e,p0017,2024:4051320251195508725
c_845c34e3465c8e924984,p0012,2024:4051320251195512340
c_77e5bcca8e14acd601c3,p0007,2024:4051320251195644280
c_f4a775e98fda668b17f7,p0019,2024:4051320251195797345
c_2a698887bb6b2db2c59b,p0013,2024:4051320251195904496
c_845c34e3465c8e924984,p0012,2024:4051320251195999069
c_8dcee3e7cd74f9be1550,p0013,2024:4051320251196001993
c_845c34e3465c8e924984,p0012,2024:4051320251196015165
c_845c34e3465c8e924984,p0012,2024:4051320251196296337
c_845c34e3465c8e924984,p0012,2024:4051320251196421943
c_403474be62797f31d30e,p0017,2024:4051320251196598846
c_8a1a5855130904f79704,p0013,2024:4051420241923228895
c_8a1a5855130904f79704,p0013,2024:4051420241923229085
c_c99e4c1e04a65f2743c2,p0004,2024:4051420241923230456
c_c99e4c1e04a65f2743c2,p0004,2024:4051420241923232865
c_f403b4b143a23ffe823d,p0013,2024:4051420241923233289
c_f403b4b143a23ffe823d,p0013,2024:4051420241923233357
c_c99e4c1e04a65f2743c2,p0004,2024:4051420241923234507
c_f403b4b143a23ffe823d,p0013,2024:4051420241923238938
c_f403b4b143a23ffe823d,p0013,2024:4051420241923239057
c_c3bb1061e1c3587ba003,p0013,2024:4051420241923296599
c_4b64baaa01dc4eca3d70,p0002,2024:4051420241923335496
c_f403b4b143a23ffe823d,p0013,2024:4051420241923462071
c_3fdba6477347f59d07e7,p0010,2024:4051420241923519782
c_3fdba6477347f59d07e7,p0010,2024:4051420241923519783
c_3fdba6477347f59d07e7,p0010,2024:4051420241923519784
c_6f9ce1910d5bc217008c,p0012,2024:4051420241923553786
c_6f9ce1910d5bc217008c,p0012,2024:4051420241923553788
c_16e11d14570a45a07938,p0007,2024:4051420251196731923
c_72bee3b135cc84fafaa8,p0012,2024:4051420251196732983
c_77da58c631464d1f20b8,p0012,2024:4051420251196732985
c_faacea0cb945261ce83a,p0013,2024:4051420251196981198
c_aa74eb66d895a535ad46,p0019,2024:4051420251197030532
c_72bee3b135cc84fafaa8,p0012,2024:4051420251197079387
c_865e960e015653e9cfd2,p0012,2024:4051420251197079389
c_92f6e218742426cb48e0,p0017,2024:4051420251197128699
c_16e11d14570a45a07938,p0007,2024:4051420251197176109
c_edf43d35712559a1028d,p0012,2024:4051420251197177863
c_edf43d35712559a1028d,p0012,2024:4051420251197177865
c_a6284eecf52c58ff6676,p0017,2024:4051420251197221805
c_72bee3b135cc84fafaa8,p0012,2024:4051420251197256511
c_72bee3b135cc84fafaa8,p0012,2024:4051420251197336009
c_16e11d14570a45a07938,p0007,2024:4051420251197405881
c_77da58c631464d1f20b8,p0012,2024:4051420251197406997
c_13d5afa602db7e932cc1,p0012,2024:4051420251197407033
c_a6284eecf52c58ff6676,p0017,2024:4051420251197443137
c_2a698887bb6b2db2c59b,p0013,2024:4051420251197470305
c_72bee3b135cc84fafaa8,p0012,2024:4051420251197478405
c_845c34e3465c8e924984,p0012,2024:4051420251197478407
c_92f6e218742426cb48e0,p0017,2024:4051420251197522454
c_16e11d14570a45a07938,p0007,2024:4051420251197738074
c_865e960e015653e9cfd2,p0012,2024:4051420251197740034
c_c36487f09dc4a3432577,p0015,2024:4051420251197886684
c_16e11d14570a45a07938,p0007,2024:4051420251197955962
c_72bee3b135cc84fafaa8,p0012,2024:4051420251197957798
c_72bee3b135cc84fafaa8,p0012,2024:4051420251197957800
c_7a6c1e3defd19dfef636,p0016,2024:4051420251197984743
c_c36487f09dc4a3432577,p0015,2024:4051420251197995751
c_c36487f09dc4a3432577,p0015,2024:4051420251197995753
c_c36487f09dc4a3432577,p0015,2024:4051420251197995755
c_92f6e218742426cb48e0,p0017,2024:4051420251198006917
c_c36487f09dc4a3432577,p0015,2024:4051420251198166226
c_a6284eecf52c58ff6676,p0017,2024:4051420251198177826
c_845c34e3465c8e924984,p0012,2024:4051420251198220450
c_c36487f09dc4a3432577,p0015,2024:4051420251198254947
c_16e11d14570a45a07938,p0007,2024:4051420251198314249
c_865e960e015653e9cfd2,p0012,2024:4051420251198391062
c_7487ef42f79287fc9422,p0015,2024:4051420251199287587
c_92f6e218742426cb48e0,p0017,2024:4051420251201300732
c_16e11d14570a45a07938,p0007,2024:4051420251201421736
c_72bee3b135cc84fafaa8,p0012,2024:4051420251201426112
c_77da58c631464d1f20b8,p0012,2024:4051420251201426114
c_845c34e3465c8e924984,p0012,2024:4051420251201426116
c_845c34e3465c8e924984,p0012,2024:4051420251201426118
c_865e960e015653e9cfd2,p0012,2024:4051420251201426120
c_13e7b952f9b5a1607d07,p0012,2024:4051420251201426122
c_017d0ae7321d8ca855e5,p0017,2024:4051420251201600716
c_92f6e218742426cb48e0,p0017,2024:4051420251201600718
c_a6284eecf52c58ff6676,p0017,2024:4051420251201600720
c_e4ec6698802669b40c96,p0013,2024:4051420251201750664
c_16e11d14570a45a07938,p0007,2024:4051420251201788512
c_16e11d14570a45a07938,p0007,2024:4051420251201788514
c_72bee3b135cc84fafaa8,p0012,2024:4051420251201795220
c_72bee3b135cc84fafaa8,p0012,2024:4051420251201795222
c_77da58c631464d1f20b8,p0012,2024:4051420251201795224
c_845c34e3465c8e924984,p0012,2024:4051420251201795226
c_865e960e015653e9cfd2,p0012,2024:4051420251201795228
c_92f6e218742426cb48e0,p0017,2024:4051420251201957339
c_a6284eecf52c58ff6676,p0017,2024:4051420251201957341
c_865e960e015653e9cfd2,p0012,2024:4051420251202086791
c_458df3ce217eae5eebe8,p0012,2024:4051520241923673511
c_458df3ce217eae5eebe8,p0012,2024:4051520241923673512
c_458df3ce217eae5eebe8,p0012,2024:4051620231747280738
c_458df3ce217eae5eebe8,p0012,2024:4051620231747280739
c_c3a7b8c95399e783947e,p0007,2024:4051620231747287437
c_4cace8d09b215d03173e,p0017,2024:4051620241949461061
c_4b64baaa01dc4eca3d70,p0002,2024:4051620241949465684
c_6d78c941e832e66bc5f5,p0011,2024:4051620241949475664
c_6d78c941e832e66bc5f5,p0011,2024:4051620241949475666
c_4b64baaa01dc4eca3d70,p0002,2024:4051620241949482616
c_4b64baaa01dc4eca3d70,p0002,2024:4051620241949482617
c_4b64baaa01dc4eca3d70,p0002,2024:4051620241949482618
c_43263d10d8d42de66ef1,p0002,2024:4051620241949500474
c_e33e4241ffae021efe44,p0011,2024:4051620251202927031
c_6f9ce1910d5bc217008c,p0012,2024:4051720241949557195
c_c5b7995bf680414a0436,p0004,2024:4051720241949557532
c_6d78c941e832e66bc5f5,p0011,2024:4051720241949567889
c_433597abc27c16d5e313,p0010,2024:4051720241949581185
c_25b26b26fdc30aa859a6,p0017,2024:4051720241949595210
c_b9c6825d43fd2209aee5,p0009,2024:4051820231747788427
c_8f805b8c99894bf05c9e,p0019,2024:4051920231747834942
c_dd05fcb5866322438262,p0015,2024:4052020231747925841
c_3fdba6477347f59d07e7,p0010,2024:4052020231747930715
c_dd05fcb5866322438262,p0015,2024:4052020231747940103
c_c3a7b8c95399e783947e,p0007,2024:4052020241949687535
c_dd05fcb5866322438262,p0015,2024:4052020241949707280
c_c99e4c1e04a65f2743c2,p0004,2024:4052020241949707281
c_dd05fcb5866322438262,p0015,2024:4052020241949727269
c_cd542770a05162888085,p0013,2024:4052120241949796473
c_25b26b26fdc30aa859a6,p0017,2024:4052120241949811889
c_c66c8aa0fc3efc9b439b,p0013,2024:4052120241949820934
c_c36487f09dc4a3432577,p0015,2024:4052120241949851388
c_c36487f09dc4a3432577,p0015,2024:4052120241949851390
c_c36487f09dc4a3432577,p0015,2024:4052120241949851392
c_c36487f09dc4a3432577,p0015,2024:4052120241949851394
c_c36487f09dc4a3432577,p0015,2024:4052120241949851396
c_c36487f09dc4a3432577,p0015,2024:4052120241949851398
c_5c674a62aa12b11745d8,p0003,2024:4052120241949862850
c_4b64baaa01dc4eca3d70,p0002,2024:4052120241949862852
c_4b64baaa01dc4eca3d70,p0002,2024:4052120241949996392
c_5c674a62aa12b11745d8,p0003,2024:4052120241949996394
c_c55394898061fb1bce11,p0007,2024:4052120241950033556
c_c61d41dcfafa8e10375a,p0013,2024:4052220241950154615
c_72bee3b135cc84fafaa8,p0012,2024:4052220241950157395
c_c55394898061fb1bce11,p0007,2024:4052220241950202767
c_72bee3b135cc84fafaa8,p0012,2024:4052220241950203167
c_72bee3b135cc84fafaa8,p0012,2024:4052220241950203169
c_72bee3b135cc84fafaa8,p0012,2024:4052220241950219551
c_1822128dbb0e70f13b7d,p0014,2024:4052220251203713558
c_eb5f4b964135272e086d,p0008,2024:4052220251203713619
c_57d8e01958a38820d7b3,p0015,2024:4052220251203713742
c_c5b7995bf680414a0436,p0004,2024:4052320241950415904
c_1c00ab362939bb8042b3,p0017,2024:4052320241950427472
c_1c00ab362939bb8042b3,p0017,2024:4052320241950427473
c_b9c6825d43fd2209aee5,p0009,2024:4052320241950460951
c_87a30b378f23fbf058df,p0013,2024:4052320241950498129
c_87a30b378f23fbf058df,p0013,2024:4052320241950498130
c_87a30b378f23fbf058df,p0013,2024:4052320241950500873
c_17421b39064e971177c5,p0013,2024:4052320241950524855
c_1cacfa042d1455d24a46,p0019,2024:4052320241950554318
c_17421b39064e971177c5,p0013,2024:4052320241950574550
c_f403b4b143a23ffe823d,p0013,2024:4052320241950600142
c_f403b4b143a23ffe823d,p0013,2024:4052320241950600143
c_b29ca74e8840c8e11343,p0005,2024:4052320251204077495
c_b1822eb2c012b8949fc3,p0008,2024:4052420241950723208
c_b1822eb2c012b8949fc3,p0008,2024:4052420241950723210
c_b05fb31d3b8cc52fa1e0,p0015,2024:4052420241950723761
c_b05fb31d3b8cc52fa1e0,p0015,2024:4052420241950723763
c_1cacfa042d1455d24a46,p0019,2024:4052620241950812324
c_1cacfa042d1455d24a46,p0019,2024:4052620241950814955
c_1cacfa042d1455d24a46,p0019,2024:4052620241950816959
c_1cacfa042d1455d24a46,p0019,2024:4052620241950818987
c_1cacfa042d1455d24a46,p0019,2024:4052620241950821148
c_1cacfa042d1455d24a46,p0019,2024:4052620241950822836
c_c61d41dcfafa8e10375a,p0013,2024:4052620241950864069
c_349cd209127ffc93f927,p0017,2024:4052820241950963515
c_349cd209127ffc93f927,p0017,2024:4052820241950997990
c_43263d10d8d42de66ef1,p0002,2024:4052820251204279420
c_3f565dc57a11191b929b,p0003,2024:4052820251204284833
c_dd05fcb5866322438262,p0015,2024:4052920241951101005
c_dd05fcb5866322438262,p0015,2024:4052920241951140924
c_dd05fcb5866322438262,p0015,2024:4052920241951140928
c_28276834972bc20b7eea,p0002,2024:4052920241951165423
c_dcb61ff9a92a3152957c,p0003,2024:4052920241951166162
c_c0e269b9ba20b2de8232,p0004,2024:4052920241951202246
c_ff6993ba2f374406ac24,p0020,2024:4053020241951345425
c_dd05fcb5866322438262,p0015,2024:4053020241951401887
c_dd05fcb5866322438262,p0015,2024:4053020241951401888
c_58a4e001d26f1ec0d876,p0020,2024:4053020241951450295
c_58a4e001d26f1ec0d876,p0020,2024:4053020241951454836
c_ff6993ba2f374406ac24,p0020,2024:4053020241951570416
c_d863815e2b55ef872f21,p0017,2024:4053020241951583540
c_d863815e2b55ef872f21,p0017,2024:4053020241951583658
c_6b0a1d881dc2efb46c31,p0013,2024:4053020241951589324
c_6b0a1d881dc2efb46c31,p0013,2024:4053020241951589325
c_5c674a62aa12b11745d8,p0003,2024:4053020241951592577
c_dd05fcb5866322438262,p0015,2024:4053020241951635263
c_25346886cb66823b3264,p0020,2024:4053020241951652001
c_25346886cb66823b3264,p0020,2024:4053020241951652010
c_6457c46c7c83053cb979,p0020,2024:4053120241951743958
c_b9c6825d43fd2209aee5,p0009,2024:4060220231748659029
c_b29ca74e8840c8e11343,p0005,2024:4060220251204382146
c_b29ca74e8840c8e11343,p0005,2024:4060220251204382163
c_b29ca74e8840c8e11343,p0005,2024:4060220251204382194
c_b29ca74e8840c8e11343,p0005,2024:4060220251204382209
c_b29ca74e8840c8e11343,p0005,2024:4060220251204382328
c_c99e4c1e04a65f2743c2,p0004,2024:4060220251204382334
c_b29ca74e8840c8e11343,p0005,2024:4060220251204382371
c_b29ca74e8840c8e11343,p0005,2024:4060220251204382378
c_1822128dbb0e70f13b7d,p0014,2024:4060220251204382380
c_c36487f09dc4a3432577,p0015,2024:4060320241951910430
c_c36487f09dc4a3432577,p0015,2024:4060320241951910432
c_c36487f09dc4a3432577,p0015,2024:4060320241951910434
c_c36487f09dc4a3432577,p0015,2024:4060320241951910436
c_c36487f09dc4a3432577,p0015,2024:4060320241951910438
c_c36487f09dc4a3432577,p0015,2024:4060320241951910440
c_c36487f09dc4a3432577,p0015,2024:4060320241951910442
c_c36487f09dc4a3432577,p0015,2024:4060320241951910444
c_c36487f09dc4a3432577,p0015,2024:4060320241951910446
c_c36487f09dc4a3432577,p0015,2024:4060320241951910448
c_c36487f09dc4a3432577,p0015,2024:4060320241951910450
c_c36487f09dc4a3432577,p0015,2024:4060320241951910452
c_c36487f09dc4a3432577,p0015,2024:4060320241951910454
c_c36487f09dc4a3432577,p0015,2024:4060320241951910456
c_c36487f09dc4a3432577,p0015,2024:4060320241951915492
c_c36487f09dc4a3432577,p0015,2024:4060320241951915494
c_c36487f09dc4a3432577,p0015,2024:4060320241951915496
c_c36487f09dc4a3432577,p0015,2024:4060320241951915498
c_c36487f09dc4a3432577,p0015,2024:4060320241951915500
c_c36487f09dc4a3432577,p0015,2024:4060320241951915502
c_c36487f09dc4a3432577,p0015,2024:4060320241951915504
c_c36487f09dc4a3432577,p0015,2024:4060320241951915506
c_c36487f09dc4a3432577,p0015,2024:4060320241951915508
c_c36487f09dc4a3432577,p0015,2024:4060320241951915510
c_c36487f09dc4a3432577,p0015,2024:4060320241951915512
c_c36487f09dc4a3432577,p0015,2024:4060320241951915514
c_c36487f09dc4a3432577,p0015,2024:4060320241951915516
c_c36487f09dc4a3432577,p0015,2024:4060320241951915518
c_6d78c941e832e66bc5f5,p0011,2024:4060320241951921425
c_6d78c941e832e66bc5f5,p0011,2024:4060320241951925879
c_6d78c941e832e66bc5f5,p0011,2024:4060320241951925880
c_c99e4c1e04a65f2743c2,p0004,2024:4060320241951934024
c_1c00ab362939bb8042b3,p0017,2024:4060320241951985423
c_1c00ab362939bb8042b3,p0017,2024:4060320241951985424
c_1c00ab362939bb8042b3,p0017,2024:4060320241951985425
c_1c00ab362939bb8042b3,p0017,2024:4060320241951985426
c_1c00ab362939bb8042b3,p0017,2024:4060320241951985427
c_1c00ab362939bb8042b3,p0017,2024:4060320241951985428
c_1c00ab362939bb8042b3,p0017,2024:4060320241951985429
c_b03053b07a3671976c7a,p0017,2024:4060320241952110910
c_ff6993ba2f374406ac24,p0020,2024:4060320241952177121
c_c99e4c1e04a65f2743c2,p0004,2024:4060320241952181306
c_38ab008e5a7b2ffd1e30,p0012,2024:4060320241952361204
c_f403b4b143a23ffe823d,p0013,2024:4060320241953355809
c_f403b4b143a23ffe823d,p0013,2024:4060320241953355810
c_f403b4b143a23ffe823d,p0013,2024:4060320241953355811
c_f403b4b143a23ffe823d,p0013,2024:4060320241953355812
c_f403b4b143a23ffe823d,p0013,2024:4060320241953355813
c_1c00ab362939bb8042b3,p0017,2024:4060420241953410613
c_1c00ab362939bb8042b3,p0017,2024:4060420241953413687
c_1c00ab362939bb8042b3,p0017,2024:4060420241953413689
c_1c00ab362939bb8042b3,p0017,2024:4060420241953416996
c_1c00ab362939bb8042b3,p0017,2024:4060420241953416998
c_1c00ab362939bb8042b3,p0017,2024:4060420241953417000
c_1c00ab362939bb8042b3,p0017,2024:4060420241953420369
c_1c00ab362939bb8042b3,p0017,2024:4060420241953420371
c_b1822eb2c012b8949fc3,p0008,2024:4060420241953506184
c_18afbae2dc222f7bf657,p0015,2024:4060420241954117861
c_c99e4c1e04a65f2743c2,p0004,2024:4060420241955695965
c_6d78c941e832e66bc5f5,p0011,2024:4060420241956542740
c_6d78c941e832e66bc5f5,p0011,2024:4060420241956542741
c_127816033aeca7a4cf79,p0012,2024:4060420241958219323
c_127816033aeca7a4cf79,p0012,2024:4060420241958219324
c_127816033aeca7a4cf79,p0012,2024:4060420241958219325
c_127816033aeca7a4cf79,p0012,2024:4060420241958219326
c_127816033aeca7a4cf79,p0012,2024:4060420241958219327
c_f8aa0ed50bda94b54e87,p0012,2024:4060420241958219337
c_cd3681efd13cb3833853,p0012,2024:4060420251204570337
c_a6284eecf52c58ff6676,p0017,2024:4060420251204650053
c_3146b5bed5e5cbfd43a3,p0007,2024:4060420251204654054
c_cd3681efd13cb3833853,p0012,2024:4060420251204679565
c_a6284eecf52c58ff6676,p0017,2024:4060420251204687681
c_a6284eecf52c58ff6676,p0017,2024:4060420251204744587
c_b13ce6be697c29cb4522,p0012,2024:4060420251204754865
c_cd3681efd13cb3833853,p0012,2024:4060420251204766368
c_a6284eecf52c58ff6676,p0017,2024:4060420251204773757
c_a6284eecf52c58ff6676,p0017,2024:4060420251204785353
c_458df3ce217eae5eebe8,p0012,2024:4060620231748738710
c_458df3ce217eae5eebe8,p0012,2024:4060620231748738711
c_769d7412aa7241ebace9,p0012,2024:4060620241960271419
c_c99e4c1e04a65f2743c2,p0004,2024:4060620241960271459
c_c99e4c1e04a65f2743c2,p0004,2024:4060620241960271477
c_c99e4c1e04a65f2743c2,p0004,2024:4060620241960280280
c_c99e4c1e04a65f2743c2,p0004,2024:4060620241960280466
c_b9c6825d43fd2209aee5,p0009,2024:4060720241960309863
c_b9c6825d43fd2209aee5,p0009,2024:4060720241960321131
c_b9c6825d43fd2209aee5,p0009,2024:4060720241960321132
c_b9c6825d43fd2209aee5,p0009,2024:4060720241960321133
c_b9c6825d43fd2209aee5,p0009,2024:4060720241960327754
c_b9c6825d43fd2209aee5,p0009,2024:4060720241960327755
c_b9c6825d43fd2209aee5,p0009,2024:4060720241960327756
c_03c7c6670557a4a9a5fc,p0009,2024:4060920231749118053
c_af6a1c95dba4762390b9,p0009,2024:4061020241960403010
c_6d78c941e832e66bc5f5,p0011,2024:4061020241960415830
c_fa3477e641ab6b2cf2a3,p0013,2024:4061020241960417976
c_458df3ce217eae5eebe8,p0012,2024:4061020241960419887
c_458df3ce217eae5eebe8,p0012,2024:4061020241960419888
c_c99e4c1e04a65f2743c2,p0004,2024:4061120241960461942
c_c99e4c1e04a65f2743c2,p0004,2024:4061120241960465590
c_dd05fcb5866322438262,p0015,2024:4061120241960482219
c_127816033aeca7a4cf79,p0012,2024:4061120241960491627
c_6b1ea6868fb8f457dd95,p0005,2024:4061120241960514241
c_de8ca08405194dec6edb,p0012,2024:4061120241960569854
c_de8ca08405194dec6edb,p0012,2024:4061120241960571331
c_3ca089090d1c726fec8b,p0003,2024:4061120241960580220
c_57d8e01958a38820d7b3,p0015,2024:4061220231749171546
c_f403b4b143a23ffe823d,p0013,2024:4061220231749184685
c_3bf74b2cda2b9ec1dfdc,p0012,2024:4061220231749187524
c_57d8e01958a38820d7b3,p0015,2024:4061220231749192499
c_f403b4b143a23ffe823d,p0013,2024:4061220241960622807
c_f403b4b143a23ffe823d,p0013,2024:4061220241960622808
c_7dfdf2ad62a7df923319,p0013,2024:4061320241960670234
c_7dfdf2ad62a7df923319,p0013,2024:4061320241960670322
c_43263d10d8d42de66ef1,p0002,2024:4061320241960684704
c_5c674a62aa12b11745d8,p0003,2024:4061320241960684760
c_c99e4c1e04a65f2743c2,p0004,2024:4061420241960798785
c_c99e4c1e04a65f2743c2,p0004,2024:4061420241960800866
c_22e9f26ccfbf5553797d,p0012,2024:4061520231750516816
c_b9c6825d43fd2209aee5,p0009,2024:4061720231750585099
c_3ca089090d1c726fec8b,p0003,2024:4061720241960929966
c_3ca089090d1c726fec8b,p0003,2024:4061720241960929968
c_97c4030d3b75d0462008,p0012,2024:4061720241960931563
c_c66c8aa0fc3efc9b439b,p0013,2024:4061720241960947814
c_c66c8aa0fc3efc9b439b,p0013,2024:4061720241960947815
c_c66c8aa0fc3efc9b439b,p0013,2024:4061720241960947816
c_c99e4c1e04a65f2743c2,p0004,2024:4061820241961064826
c_6d78c941e832e66bc5f5,p0011,2024:4061820241961065399
c_c99e4c1e04a65f2743c2,p0004,2024:4061820241961065562
c_e985b2b60bfec40b9aab,p0015,2024:4061820241961071567
c_e985b2b60bfec40b9aab,p0015,2024:4061820241961075730
c_e985b2b60bfec40b9aab,p0015,2024:4061820241961076260
c_6f9ce1910d5bc217008c,p0012,2024:4061820241961077110
c_6f9ce1910d5bc217008c,p0012,2024:4061820241961077536
c_6f9ce1910d5bc217008c,p0012,2024:4061820241961077898
c_c3a7b8c95399e783947e,p0007,2024:4061820241961084066
c_f8aa0ed50bda94b54e87,p0012,2024:4061820241961094764
c_f403b4b143a23ffe823d,p0013,2024:4061820241961107971
c_f403b4b143a23ffe823d,p0013,2024:4061820241961107972
c_c99e4c1e04a65f2743c2,p0004,2024:4061820241961569222
c_c99e4c1e04a65f2743c2,p0004,2024:4062020241961665617
c_572fc5a4feaed876d197,p0017,2024:4062020241961768174
c_572fc5a4feaed876d197,p0017,2024:4062020241961768175
c_572fc5a4feaed876d197,p0017,2024:4062020241961768176
c_c55394898061fb1bce11,p0007,2024:4062020251206209807
c_c55394898061fb1bce11,p0007,2024:4062020251206229238
c_c55394898061fb1bce11,p0007,2024:4062020251206412074
c_c55394898061fb1bce11,p0007,2024:4062020251206432558
c_c55394898061fb1bce11,p0007,2024:4062020251206471954
c_c55394898061fb1bce11,p0007,2024:4062020251206477305
c_c55394898061fb1bce11,p0007,2024:4062020251206501331
c_c55394898061fb1bce11,p0007,2024:4062020251206512817
c_c55394898061fb1bce11,p0007,2024:4062020251206539291
c_c55394898061fb1bce11,p0007,2024:4062020251206586992
c_c55394898061fb1bce11,p0007,2024:4062020251206606082
c_572fc5a4feaed876d197,p0017,2024:4062120231750788399
c_572fc5a4feaed876d197,p0017,2024:4062120231750788400
c_1b81ea66545c01956737,p0013,2024:4062120231750797938
c_1b81ea66545c01956737,p0013,2024:4062120231750797939
c_f0a3e616c5f7f618853e,p0012,2024:4062120231750854028
c_3ca089090d1c726fec8b,p0003,2024:4062120241961847456
c_3bf74b2cda2b9ec1dfdc,p0012,2024:4062120241961881873
c_4e965f98e7e4e73d4cc0,p0007,2024:4062220231752128319
c_c3a7b8c95399e783947e,p0007,2024:4062320231752319928
c_f403b4b143a23ffe823d,p0013,2024:4062320251206907603
c_f403b4b143a23ffe823d,p0013,2024:4062320251206907604
c_e7481bdb5a5200e8a09e,p0012,2024:4062320251206913847
c_6457c46c7c83053cb979,p0020,2024:4062420241962035225
c_c3bb1061e1c3587ba003,p0013,2024:4062520241962172640
c_c3bb1061e1c3587ba003,p0013,2024:4062520241962179568
c_92f6e218742426cb48e0,p0017,2024:4062520241962269998
c_c61d41dcfafa8e10375a,p0013,2024:4062520241962279112
c_72bee3b135cc84fafaa8,p0012,2024:4062520241962281756
c_16e11d14570a45a07938,p0007,2024:4062520241962307379
c_92f6e218742426cb48e0,p0017,2024:4062520241962322743
c_72bee3b135cc84fafaa8,p0012,2024:4062520241962337935
c_16e11d14570a45a07938,p0007,2024:4062520241962397313
c_72bee3b135cc84fafaa8,p0012,2024:4062520241962398333
c_72bee3b135cc84fafaa8,p0012,2024:4062520241962398335
c_87a30b378f23fbf058df,p0013,2024:4062520241962519111
c_289efbf121ce864fb991,p0012,2024:4062520241962573807
c_17421b39064e971177c5,p0013,2024:4062520241962579722
c_dd05fcb5866322438262,p0015,2024:4062520241962662874
c_5c674a62aa12b11745d8,p0003,2024:4062520241962666677
c_b9c6825d43fd2209aee5,p0009,2024:4062520241962726251
c_b9c6825d43fd2209aee5,p0009,2024:4062520241962726252
c_b9c6825d43fd2209aee5,p0009,2024:4062620241962811709
c_ff59c0ef8d551ff6dcf0,p0017,2024:4062620241962812107
c_ca260149d52b63d2d9a4,p0013,2024:4062620241962815764
c_ca260149d52b63d2d9a4,p0013,2024:4062620241962815765
c_335b847383ae31e6e8e8,p0012,2024:4062620241962816364
c_335b847383ae31e6e8e8,p0012,2024:4062620241962816365
c_335b847383ae31e6e8e8,p0012,2024:4062620241962816366
c_43263d10d8d42de66ef1,p0002,2024:4062620241962823145
c_5c674a62aa12b11745d8,p0003,2024:4062620241962823146
c_c99e4c1e04a65f2743c2,p0004,2024:4062620241962828449
c_140f009e028a29449a1e,p0015,2024:4062720241962932448
c_0e23ab4f855fffa4095e,p0007,2024:4062720241962945861
c_1822128dbb0e70f13b7d,p0014,2024:4062720241962964959
c_1822128dbb0e70f13b7d,p0014,2024:4062720241962964960
c_1822128dbb0e70f13b7d,p0014,2024:4062720241962978463
c_1189dd78c15d1d5856ad,p0004,2024:4062720241962989731
c_0e23ab4f855fffa4095e,p0007,2024:4062820241963039291
c_91fe8a87665c16dc8fe3,p0015,2024:4062820241963046461
c_91fe8a87665c16dc8fe3,p0015,2024:4062820241963046701
c_6f9ce1910d5bc217008c,p0012,2024:4062820241963046997
c_3fdba6477347f59d07e7,p0010,2024:4070120241963121658
c_4d2b759b329bb58cbcfa,p0012,2024:4070120241963127242
c_4d2b759b329bb58cbcfa,p0012,2024:4070120241963127243
c_4d2b759b329bb58cbcfa,p0012,2024:4070120241963131278
c_4d2b759b329bb58cbcfa,p0012,2024:4070120241963131279
c_14ce77846e433d31b76b,p0012,2024:4070120241963131583
c_c0e269b9ba20b2de8232,p0004,2024:4070120241963142663
c_b1822eb2c012b8949fc3,p0008,2024:4070220241964668335
c_c99e4c1e04a65f2743c2,p0004,2024:4070220241967569822
c_5c674a62aa12b11745d8,p0003,2024:4070220241967625897
c_5c674a62aa12b11745d8,p0003,2024:4070220241967625898
c_5c674a62aa12b11745d8,p0003,2024:4070220241967625899
c_5c674a62aa12b11745d8,p0003,2024:4070220241967625900
c_5c674a62aa12b11745d8,p0003,2024:4070220241967625901
c_5c674a62aa12b11745d8,p0003,2024:4070220241967625902
c_5c674a62aa12b11745d8,p0003,2024:4070220241967625903
c_5c674a62aa12b11745d8,p0003,2024:4070220241967625904
c_5c674a62aa12b11745d8,p0003,2024:4070220241967625905
c_5c674a62aa12b11745d8,p0003,2024:4070220241967625906
c_5c674a62aa12b11745d8,p0003,2024:4070220241967625907
c_5c674a62aa12b11745d8,p0003,2024:4070220241967625908
c_1822128dbb0e70f13b7d,p0014,2024:4070220241968091237
c_1822128dbb0e70f13b7d,p0014,2024:4070220241968091238
c_ff6993ba2f374406ac24,p0020,2024:4070220241970339520
c_ff6993ba2f374406ac24,p0020,2024:4070220241970339521
c_ff6993ba2f374406ac24,p0020,2024:4070220241970339522
c_f8aa0ed50bda94b54e87,p0012,2024:4070220241970431617
c_127816033aeca7a4cf79,p0012,2024:4070220251207418551
c_1cacfa042d1455d24a46,p0019,2024:4070420251207466180
c_c107e777b98346b8c76e,p0017,2024:4070420251207472204
c_c107e777b98346b8c76e,p0017,2024:4070420251207478797
c_1cacfa042d1455d24a46,p0019,2024:4070420251207497097
c_c107e777b98346b8c76e,p0017,2024:4070420251207497466
c_1cacfa042d1455d24a46,p0019,2024:4070420251207544460
c_c107e777b98346b8c76e,p0017,2024:4070420251207556477
c_c3bb1061e1c3587ba003,p0013,2024:4070420251207560056
c_c3bb1061e1c3587ba003,p0013,2024:4070420251207569893
c_c107e777b98346b8c76e,p0017,2024:4070420251207578832
c_43263d10d8d42de66ef1,p0002,2024:4070720241972065073
c_5c674a62aa12b11745d8,p0003,2024:4070720241972065076
c_c3bb1061e1c3587ba003,p0013,2024:4070720251207695154
c_fa36c342df32d6568701,p0008,2024:4070720251207701598
c_c3bb1061e1c3587ba003,p0013,2024:4070720251207722516
c_c3bb1061e1c3587ba003,p0013,2024:4070720251207764498
c_2ef0d538fc7ec75c3731,p0012,2024:4070720251207765423
c_1cacfa042d1455d24a46,p0019,2024:4070720251207821047
c_c3bb1061e1c3587ba003,p0013,2024:4070720251207828937
c_1cacfa042d1455d24a46,p0019,2024:4070720251207829556
c_1cacfa042d1455d24a46,p0019,2024:4070720251207837990
c_03c2b70910a53d28a0f1,p0015,2024:4070720251207842989
c_1cacfa042d1455d24a46,p0019,2024:4070720251207881265
c_2ef0d538fc7ec75c3731,p0012,2024:4070720251207882851
c_03c2b70910a53d28a0f1,p0015,2024:4070720251207892942
c_c3bb1061e1c3587ba003,p0013,2024:4070720251207895794
c_1cacfa042d1455d24a46,p0019,2024:4070720251207899114
c_c3bb1061e1c3587ba003,p0013,2024:4070720251207921594
c_c3bb1061e1c3587ba003,p0013,2024:4070720251207921595
c_1cacfa042d1455d24a46,p0019,2024:4070720251207925957
c_c3bb1061e1c3587ba003,p0013,2024:4070720251207939173
c_c3bb1061e1c3587ba003,p0013,2024:4070720251207939174
c_1cacfa042d1455d24a46,p0019,2024:4070720251207946655
c_1cacfa042d1455d24a46,p0019,2024:4070720251207952384
c_c3bb1061e1c3587ba003,p0013,2024:4070720251207952829
c_1cacfa042d1455d24a46,p0019,2024:4070720251207960263
c_c3bb1061e1c3587ba003,p0013,2024:4070820241972115611
c_127816033aeca7a4cf79,p0012,2024:4070820241972159768
c_43263d10d8d42de66ef1,p0002,2024:4070820241972245355
c_3ca089090d1c726fec8b,p0003,2024:4070820241972245396
c_3ca089090d1c726fec8b,p0003,2024:4070820241972245423
c_43263d10d8d42de66ef1,p0002,2024:4070820241972245437
c_c36487f09dc4a3432577,p0015,2024:4070820241972280715
c_c36487f09dc4a3432577,p0015,2024:4070820241972282683
c_c36487f09dc4a3432577,p0015,2024:4070920241972625732
c_c36487f09dc4a3432577,p0015,2024:4070920241972625734
c_c36487f09dc4a3432577,p0015,2024:4070920241972625736
c_c36487f09dc4a3432577,p0015,2024:4070920241972625738
c_c36487f09dc4a3432577,p0015,2024:4070920241972625740
c_c36487f09dc4a3432577,p0015,2024:4070920241972625742
c_c36487f09dc4a3432577,p0015,2024:4070920241972625744
c_c36487f09dc4a3432577,p0015,2024:4070920241972625746
c_c36487f09dc4a3432577,p0015,2024:4070920241972625748
c_c36487f09dc4a3432577,p0015,2024:4070920241972625750
c_b9c6825d43fd2209aee5,p0009,2024:4070920241972639147
c_ff6993ba2f374406ac24,p0020,2024:4071020241972688253
c_4d8f63aa9392eedba6e2,p0013,2024:4071020241972688725
c_4d8f63aa9392eedba6e2,p0013,2024:4071020241972688726
c_7d161046ac9781475228,p0017,2024:4071020241972695265
c_f5767e7ace14a94f10cc,p0011,2024:4071020241972704173
c_f403b4b143a23ffe823d,p0013,2024:4071120241972765551
c_f403b4b143a23ffe823d,p0013,2024:4071120241972765552
c_b9c6825d43fd2209aee5,p0009,2024:4071120241972766874
c_b9c6825d43fd2209aee5,p0009,2024:4071320231753184379
c_dd05fcb5866322438262,p0015,2024:4071420231753451301
c_c3bb1061e1c3587ba003,p0013,2024:4071420251208296848
c_1cacfa042d1455d24a46,p0019,2024:4071420251208302044
c_c3bb1061e1c3587ba003,p0013,2024:4071420251208315527
c_c3bb1061e1c3587ba003,p0013,2024:4071420251208317384
c_1cacfa042d1455d24a46,p0019,2024:4071420251208321060
c_1cacfa042d1455d24a46,p0019,2024:4071420251208328422
c_1cacfa042d1455d24a46,p0019,2024:4071420251208334913
c_c99e4c1e04a65f2743c2,p0004,2024:4071520241973094151
c_5c674a62aa12b11745d8,p0003,2024:4071520241973167253
c_5c674a62aa12b11745d8,p0003,2024:4071520241973167290
c_6d78c941e832e66bc5f5,p0011,2024:4071520241973167553
c_5b68075da3761a46c1e4,p0002,2024:4071520241973167721
c_5b68075da3761a46c1e4,p0002,2024:4071520241973167722
c_b39e6edd22efee3ff6ff,p0017,2024:4071520241973169441
c_41645df146712ff21625,p0009,2024:4071520241973281864
c_1cacfa042d1455d24a46,p0019,2024:4071520241973355126
c_1cacfa042d1455d24a46,p0019,2024:4071520241973361674
c_1cacfa042d1455d24a46,p0019,2024:4071520241973370549
c_1cacfa042d1455d24a46,p0019,2024:4071520241973375351
c_1cacfa042d1455d24a46,p0019,2024:4071520241973380107
c_87a30b378f23fbf058df,p0013,2024:4071520241973385833
c_1cacfa042d1455d24a46,p0019,2024:4071520241973388395
c_1cacfa042d1455d24a46,p0019,2024:4071520241973393816
c_1cacfa042d1455d24a46,p0019,2024:4071520241973402617
c_1cacfa042d1455d24a46,p0019,2024:4071520241973410828
c_edff13caa61075e2d07b,p0015,2024:4071520241973471542
c_db61a635c25714580e1f,p0003,2024:4071520241973471811
c_9092d251bee82feafeb0,p0010,2024:4071520241973471858
c_e49a9ca92cbe99ff85a0,p0007,2024:4071520241973472303
c_25346886cb66823b3264,p0020,2024:4071520241973472311
c_f403b4b143a23ffe823d,p0013,2024:4071620241973651365
c_f403b4b143a23ffe823d,p0013,2024:4071620241973651366
c_29c30cfb939bb51369e2,p0017,2024:4071620241973710749
c_29c30cfb939bb51369e2,p0017,2024:4071620241973710750
c_0a9799dce7de420d996e,p0012,2024:4071620241974360907
c_349cd209127ffc93f927,p0017,2024:4071620241974782169
c_349cd209127ffc93f927,p0017,2024:4071620241974881479
c_7ec31a9fab03e98cddb1,p0012,2024:4071620241974913069
c_349cd209127ffc93f927,p0017,2024:4071620241974958331
c_b806704e477f93ed9def,p0012,2024:4071620241974987931
c_43263d10d8d42de66ef1,p0002,2024:4071620241975073781
c_5c674a62aa12b11745d8,p0003,2024:4071620241975073793
c_43263d10d8d42de66ef1,p0002,2024:4071620241975074179
c_5c674a62aa12b11745d8,p0003,2024:4071620241975074180
c_77e5bcca8e14acd601c3,p0007,2024:4071620241975199458
c_dd05fcb5866322438262,p0015,2024:4071620241975362305
c_845c34e3465c8e924984,p0012,2024:4071620241975453455
c_127816033aeca7a4cf79,p0012,2024:4071620241975461201
c_c61d41dcfafa8e10375a,p0013,2024:4071620241975679497
c_c61d41dcfafa8e10375a,p0013,2024:4071620241975679499
c_901624a705dc2b59b73c,p0019,2024:4071620241975834964
c_43263d10d8d42de66ef1,p0002,2024:4071720231753656365
c_5c674a62aa12b11745d8,p0003,2024:4071720231753656412
c_1cacfa042d1455d24a46,p0019,2024:4071720231753662338
c_1cacfa042d1455d24a46,p0019,2024:4071720231753662340
c_1cacfa042d1455d24a46,p0019,2024:4071720231753662342
c_57d8e01958a38820d7b3,p0015,2024:4071720241975938608
c_1822128dbb0e70f13b7d,p0014,2024:4071720241975939977
c_43263d10d8d42de66ef1,p0002,2024:4071720241975953893
c_5c674a62aa12b11745d8,p0003,2024:4071720241975953894
c_127816033aeca7a4cf79,p0012,2024:4071720241976156518
c_127816033aeca7a4cf79,p0012,2024:4071720241976156520
c_7665643eb0ede4bd5a09,p0017,2024:4071720241976362474
c_4b64baaa01dc4eca3d70,p0002,2024:4071720241977352200
c_4b64baaa01dc4eca3d70,p0002,2024:4071720241977352201
c_5c674a62aa12b11745d8,p0003,2024:4071720241977352215
c_4b64baaa01dc4eca3d70,p0002,2024:4071720241977353359
c_5c674a62aa12b11745d8,p0003,2024:4071720241977353367
c_1cacfa042d1455d24a46,p0019,2024:4071720241977361194
c_1cacfa042d1455d24a46,p0019,2024:4071720241977371058
c_1cacfa042d1455d24a46,p0019,2024:4071720241977373074
c_b9c6825d43fd2209aee5,p0009,2024:4071720241977610579
c_8d4c3b19852bcbeca364,p0013,2024:4071720241977734888
c_af6a1c95dba4762390b9,p0009,2024:4071820231753707532
c_03c7c6670557a4a9a5fc,p0009,2024:4071820231753719359
c_25346886cb66823b3264,p0020,2024:4071820231753772663
c_25346886cb66823b3264,p0020,2024:4071820231753772758
c_6d78c941e832e66bc5f5,p0011,2024:4071820231753774817
c_6d78c941e832e66bc5f5,p0011,2024:4071820231753774818
c_6d78c941e832e66bc5f5,p0011,2024:4071820231753774819
c_c3bb1061e1c3587ba003,p0013,2024:4071820231753775073
c_c3bb1061e1c3587ba003,p0013,2024:4071820231753775074
c_9c859fb024183d8954a6,p0007,2024:4071820231753788853
c_6d78c941e832e66bc5f5,p0011,2024:4071820231753847435
c_577be7b058a187137f42,p0015,2024:4071820241977850474
c_dd05fcb5866322438262,p0015,2024:4071820241977850519
c_dd05fcb5866322438262,p0015,2024:4071820241977850520
c_6d78c941e832e66bc5f5,p0011,2024:4071820241977936350
c_57d8e01958a38820d7b3,p0015,2024:4071820241977997315
c_43263d10d8d42de66ef1,p0002,2024:4071820241978015996
c_1189dd78c15d1d5856ad,p0004,2024:4071820241978058493
c_127816033aeca7a4cf79,p0012,2024:4071820241978058537
c_edff13caa61075e2d07b,p0015,2024:4071820241978062253
c_5e8d3553242db6442190,p0015,2024:4071820241978067171
c_5e8d3553242db6442190,p0015,2024:4071820241978067172
c_ed564e46613f1c64de1d,p0010,2024:4071920231753983086
c_ed564e46613f1c64de1d,p0010,2024:4071920231753983087
c_dd05fcb5866322438262,p0015,2024:4071920231754002690
c_9c859fb024183d8954a6,p0007,2024:4071920231754003230
c_43263d10d8d42de66ef1,p0002,2024:4071920231754011484
c_3f565dc57a11191b929b,p0003,2024:4071920231754011490
c_1cacfa042d1455d24a46,p0019,2024:4071920231754023035
c_1cacfa042d1455d24a46,p0019,2024:4071920231754023036
c_1cacfa042d1455d24a46,p0019,2024:4071920231754024162
c_1cacfa042d1455d24a46,p0019,2024:4071920231754027445
c_1cacfa042d1455d24a46,p0019,2024:4071920231754031831
c_1cacfa042d1455d24a46,p0019,2024:4071920231754031832
c_1cacfa042d1455d24a46,p0019,2024:4071920231754036181
c_1cacfa042d1455d24a46,p0019,2024:4071920231754040224
c_1cacfa042d1455d24a46,p0019,2024:4071920231754043045
c_1cacfa042d1455d24a46,p0019,2024:4071920231754047908
c_1cacfa042d1455d24a46,p0019,2024:4071920231754052613
c_b9c6825d43fd2209aee5,p0009,2024:4071920231754053907
c_c99e4c1e04a65f2743c2,p0004,2024:4071920231754064038
c_c99e4c1e04a65f2743c2,p0004,2024:4071920231754064040
c_1822128dbb0e70f13b7d,p0014,2024:4071920231754588218
c_eb5f4b964135272e086d,p0008,2024:4071920231754588917
c_c99e4c1e04a65f2743c2,p0004,2024:4071920231754589842
c_eb5f4b964135272e086d,p0008,2024:4071920231754590069
c_dd05fcb5866322438262,p0015,2024:4071920231754597223
c_c94ffb84405cb8bdcb63,p0008,2024:4071920231754627356
c_c3bb1061e1c3587ba003,p0013,2024:4071920241978132708
c_43263d10d8d42de66ef1,p0002,2024:4071920241978176041
c_5c674a62aa12b11745d8,p0003,2024:4071920241978178381
c_c3a7b8c95399e783947e,p0007,2024:4071920241978206543
c_4b64baaa01dc4eca3d70,p0002,2024:4071920241978218294
c_c3a7b8c95399e783947e,p0007,2024:4072020231755175389
c_1b81ea66545c01956737,p0013,2024:4072020231756082412
c_1b81ea66545c01956737,p0013,2024:4072020231756082413
c_1b81ea66545c01956737,p0013,2024:4072020231756082414
c_458df3ce217eae5eebe8,p0012,2024:4072120231756181306
c_458df3ce217eae5eebe8,p0012,2024:4072120231756181307
c_572fc5a4feaed876d197,p0017,2024:4072120231756290420
c_572fc5a4feaed876d197,p0017,2024:4072120231756290421
c_572fc5a4feaed876d197,p0017,2024:4072120231756290422
c_6f9ce1910d5bc217008c,p0012,2024:4072120231756293470
c_6f9ce1910d5bc217008c,p0012,2024:4072120231756293725
c_57d8e01958a38820d7b3,p0015,2024:4072120231756336510
c_57d8e01958a38820d7b3,p0015,2024:4072120231756336511
c_b9c6825d43fd2209aee5,p0009,2024:4072120231756477654
c_2029254363df9fc2c376,p0015,2024:4072120231756478518
c_2029254363df9fc2c376,p0015,2024:4072120231756478519
c_c99e4c1e04a65f2743c2,p0004,2024:4072220231756581316
c_c99e4c1e04a65f2743c2,p0004,2024:4072220231756583571
c_dcb61ff9a92a3152957c,p0003,2024:4072220241978328316
c_43263d10d8d42de66ef1,p0002,2024:4072220241978328337
c_5c674a62aa12b11745d8,p0003,2024:4072220241978334876
c_43263d10d8d42de66ef1,p0002,2024:4072220241978334902
c_29c30cfb939bb51369e2,p0017,2024:4072320241978406605
c_43263d10d8d42de66ef1,p0002,2024:4072320241978428484
c_5c674a62aa12b11745d8,p0003,2024:4072320241978428485
c_c99e4c1e04a65f2743c2,p0004,2024:4072320241978428607
c_6f9ce1910d5bc217008c,p0012,2024:4072320241978616648
c_1cacfa042d1455d24a46,p0019,2024:4072420231756719407
c_17421b39064e971177c5,p0013,2024:4072420231756743046
c_87a30b378f23fbf058df,p0013,2024:4072420231756753862
c_43263d10d8d42de66ef1,p0002,2024:4072420241978659431
c_127816033aeca7a4cf79,p0012,2024:4072420241978688856
c_c99e4c1e04a65f2743c2,p0004,2024:4072420241978689188
c_c99e4c1e04a65f2743c2,p0004,2024:4072420241978689230
c_127816033aeca7a4cf79,p0012,2024:4072420241978689575
c_c61d41dcfafa8e10375a,p0013,2024:4072420241978774839
c_c61d41dcfafa8e10375a,p0013,2024:4072420241978774841
c_1822128dbb0e70f13b7d,p0014,2024:4072420241978812399
c_43263d10d8d42de66ef1,p0002,2024:4072420241978828138
c_43263d10d8d42de66ef1,p0002,2024:4072420241978828139
c_dcb61ff9a92a3152957c,p0003,2024:4072420241978828162
c_dcb61ff9a92a3152957c,p0003,2024:4072420241978828164
c_c99e4c1e04a65f2743c2,p0004,2024:4072420241978836083
c_ab73718ff803d4c406bf,p0013,2024:4072420241978841054
c_ab73718ff803d4c406bf,p0013,2024:4072420241978841485
c_dd05fcb5866322438262,p0015,2024:4072420241978841586
c_5c674a62aa12b11745d8,p0003,2024:4072420241978841671
c_93074feb823a261ff6ac,p0002,2024:4072420241978841693
c_5c674a62aa12b11745d8,p0003,2024:4072420241978841803
c_93074feb823a261ff6ac,p0002,2024:4072420241978841811
c_dbd5295397123723f4bc,p0020,2024:4072420241978841919
c_c99e4c1e04a65f2743c2,p0004,2024:4072420241978898578
c_f959a318d376cccd0fe3,p0013,2024:4072420241978902739
c_f959a318d376cccd0fe3,p0013,2024:4072420241978902740
c_9c859fb024183d8954a6,p0007,2024:4072420241978903928
c_6d78c941e832e66bc5f5,p0011,2024:4072420241978914651
c_7f6679e9b620822a4285,p0013,2024:4072420241978955586
c_b9c6825d43fd2209aee5,p0009,2024:4072520231756916001
c_b9c6825d43fd2209aee5,p0009,2024:4072520231756946765
c_dd05fcb5866322438262,p0015,2024:4072520231757138608
c_dd05fcb5866322438262,p0015,2024:4072520231757138609
c_c99e4c1e04a65f2743c2,p0004,2024:4072520241978987385
c_6b0a1d881dc2efb46c31,p0013,2024:4072520241979079034
c_6b0a1d881dc2efb46c31,p0013,2024:4072520241979079035
c_c61d41dcfafa8e10375a,p0013,2024:4072520241979151330
c_77da58c631464d1f20b8,p0012,2024:4072520241979154774
c_72bee3b135cc84fafaa8,p0012,2024:4072520241979154776
c_72bee3b135cc84fafaa8,p0012,2024:4072520241979154778
c_72bee3b135cc84fafaa8,p0012,2024:4072520241979154779
c_92f6e218742426cb48e0,p0017,2024:4072520241979270806
c_92f6e218742426cb48e0,p0017,2024:4072520241979270808
c_92f6e218742426cb48e0,p0017,2024:4072520241979270810
c_92f6e218742426cb48e0,p0017,2024:4072520241979270812
c_017d0ae7321d8ca855e5,p0017,2024:4072520241979270814
c_16e11d14570a45a07938,p0007,2024:4072520241979337336
c_72bee3b135cc84fafaa8,p0012,2024:4072520241979339720
c_72bee3b135cc84fafaa8,p0012,2024:4072520241979339722
c_77da58c631464d1f20b8,p0012,2024:4072520241979339724
c_72bee3b135cc84fafaa8,p0012,2024:4072520241979339726
c_03c7c6670557a4a9a5fc,p0009,2024:4072620231757191970
c_c99e4c1e04a65f2743c2,p0004,2024:4072620231757217877
c_c99e4c1e04a65f2743c2,p0004,2024:4072620231757254975
c_c99e4c1e04a65f2743c2,p0004,2024:4072620231757254976
c_fa3477e641ab6b2cf2a3,p0013,2024:4072620231757516075
c_fa3477e641ab6b2cf2a3,p0013,2024:4072620231757516076
c_fa3477e641ab6b2cf2a3,p0013,2024:4072620231757516077
c_c99e4c1e04a65f2743c2,p0004,2024:4072620241979765481
c_4b64baaa01dc4eca3d70,p0002,2024:4072620241979807482
c_f959a318d376cccd0fe3,p0013,2024:4072620241979808215
c_3f565dc57a11191b929b,p0003,2024:4072620241979808486
c_b9c6825d43fd2209aee5,p0009,2024:4072620241979853404
c_f20555fd7fcbfd000e4f,p0011,2024:4072620241979867618
c_6f9ce1910d5bc217008c,p0012,2024:4072620241979872854
c_3fdba6477347f59d07e7,p0010,2024:4072620241979887617
c_6f9ce1910d5bc217008c,p0012,2024:4072720231757584946
c_6f9ce1910d5bc217008c,p0012,2024:4072720231757584948
c_97c4030d3b75d0462008,p0012,2024:4072720231757606747
c_97c4030d3b75d0462008,p0012,2024:4072720231757606748
c_97c4030d3b75d0462008,p0012,2024:4072720231757606749
c_c99e4c1e04a65f2743c2,p0004,2024:4072720231757612411
c_6f9ce1910d5bc217008c,p0012,2024:4072720231757612882
c_6f9ce1910d5bc217008c,p0012,2024:4072720231757612884
c_6f9ce1910d5bc217008c,p0012,2024:4072720231757612885
c_6d78c941e832e66bc5f5,p0011,2024:4072720231757614158
c_53e6984d50179a4e1068,p0020,2024:4072720231757614617
c_53e6984d50179a4e1068,p0020,2024:4072720231757614619
c_b9c6825d43fd2209aee5,p0009,2024:4072820231758259379
c_b9c6825d43fd2209aee5,p0009,2024:4072820231758259467
c_43263d10d8d42de66ef1,p0002,2024:4072920241979975255
c_43263d10d8d42de66ef1,p0002,2024:4072920241979975256
c_dcb61ff9a92a3152957c,p0003,2024:4072920241979975627
c_1cacfa042d1455d24a46,p0019,2024:4072920241980304642
c_1cacfa042d1455d24a46,p0019,2024:4072920241980306195
c_1cacfa042d1455d24a46,p0019,2024:4072920241980307707
c_8f805b8c99894bf05c9e,p0019,2024:4072920241980349355
c_698cfb3eb5f805c9cff3,p0020,2024:4072920241980403685
c_1822128dbb0e70f13b7d,p0014,2024:4072920241980423560
c_57d8e01958a38820d7b3,p0015,2024:4073020231758330541
c_c99e4c1e04a65f2743c2,p0004,2024:4073020231758330644
c_c99e4c1e04a65f2743c2,p0004,2024:4073020231758330646
c_c99e4c1e04a65f2743c2,p0004,2024:4073020241980464569
c_8f805b8c99894bf05c9e,p0019,2024:4073020241980467278
c_43263d10d8d42de66ef1,p0002,2024:4073020241980467465
c_dcb61ff9a92a3152957c,p0003,2024:4073020241980467469
c_6d78c941e832e66bc5f5,p0011,2024:4073020241980470667
c_dcb61ff9a92a3152957c,p0003,2024:4073020241980484582
c_6d78c941e832e66bc5f5,p0011,2024:4073020241980484606
c_4b64baaa01dc4eca3d70,p0002,2024:4073020241980484650
c_ba311ac8533b0668af49,p0019,2024:4073020241980485481
c_6d78c941e832e66bc5f5,p0011,2024:4073020241980577711
c_20265d113088167dcd72,p0002,2024:4073020241980579390
c_5c674a62aa12b11745d8,p0003,2024:4073020241980579535
c_43263d10d8d42de66ef1,p0002,2024:4073020241980580824
c_dcb61ff9a92a3152957c,p0003,2024:4073020241980580828
c_b9c6825d43fd2209aee5,p0009,2024:4073020241981082809
c_dd05fcb5866322438262,p0015,2024:4073020241981084447
c_0fd42dcea3bc783c9277,p0015,2024:4073020241981084448
c_ccbaf12b11578a6d6a41,p0004,2024:4073020241981095337
c_412f3c1badf7f1a2b55b,p0015,2024:4073120231758471005
c_698cfb3eb5f805c9cff3,p0020,2024:4073120231758476126
c_b05fb31d3b8cc52fa1e0,p0015,2024:4073120241981133587
c_43263d10d8d42de66ef1,p0002,2024:4073120241981187854
c_43263d10d8d42de66ef1,p0002,2024:4073120241981187855
c_43263d10d8d42de66ef1,p0002,2024:4073120241981187856
c_dcb61ff9a92a3152957c,p0003,2024:4073120241981188305
c_dcb61ff9a92a3152957c,p0003,2024:4073120241981188306
c_dcb61ff9a92a3152957c,p0003,2024:4073120241981188307
c_43263d10d8d42de66ef1,p0002,2024:4073120241981196396
c_4403e73f71b7bb0ddeb6,p0012,2024:4073120241981196825
c_b9c6825d43fd2209aee5,p0009,2024:4073120241981582361
c_5c674a62aa12b11745d8,p0003,2024:4073120241981760912
c_5c674a62aa12b11745d8,p0003,2024:4073120241981907574
c_5c674a62aa12b11745d8,p0003,2024:4073120241981983302
c_5c674a62aa12b11745d8,p0003,2024:4073120241981995479
c_5c674a62aa12b11745d8,p0003,2024:4073120241982010369
c_5c674a62aa12b11745d8,p0003,2024:4073120241982040571
c_5c674a62aa12b11745d8,p0003,2024:4073120241982055885
c_5c674a62aa12b11745d8,p0003,2024:4073120241982146784
c_5c674a62aa12b11745d8,p0003,2024:4073120241982334301
c_5c674a62aa12b11745d8,p0003,2024:4073120241982361405
c_6d78c941e832e66bc5f5,p0011,2024:4073120241983130394
c_6d78c941e832e66bc5f5,p0011,2024:4073120241983221724
c_6d78c941e832e66bc5f5,p0011,2024:4073120241983267004
c_6d78c941e832e66bc5f5,p0011,2024:4073120241983498693
c_6d78c941e832e66bc5f5,p0011,2024:4073120241983504739
c_c3bb1061e1c3587ba003,p0013,2024:4073120241983624416
c_5c674a62aa12b11745d8,p0003,2024:4073120241984167267
c_38ab008e5a7b2ffd1e30,p0012,2024:4073120241984321656
c_c3bb1061e1c3587ba003,p0013,2024:4073120241984356749
c_5c674a62aa12b11745d8,p0003,2024:4073120241984388842
c_c3bb1061e1c3587ba003,p0013,2024:4073120241984428277
c_6d78c941e832e66bc5f5,p0011,2024:4073120241986202449
c_5c674a62aa12b11745d8,p0003,2024:4073120241986359823
c_6d78c941e832e66bc5f5,p0011,2024:4073120241986638330
c_6d78c941e832e66bc5f5,p0011,2024:4073120241986678121
c_b806704e477f93ed9def,p0012,2024:4073120241987216048
c_7ec31a9fab03e98cddb1,p0012,2024:4073120241987654077
c_b39e6edd22efee3ff6ff,p0017,2024:4073120241989154258
c_5c674a62aa12b11745d8,p0003,2024:4073120241989385404
c_c3bb1061e1c3587ba003,p0013,2024:4073120241989689036
c_5c674a62aa12b11745d8,p0003,2024:4073120241989734956
c_5c674a62aa12b11745d8,p0003,2024:4073120241989756340
c_5c674a62aa12b11745d8,p0003,2024:4073120241989797465
c_5c674a62aa12b11745d8,p0003,2024:4073120241989944746
c_9c859fb024183d8954a6,p0007,2024:4073120241990302395
c_4916ea98506339ce4912,p0012,2024:4073120241990938607
c_335b847383ae31e6e8e8,p0012,2024:4073120241990960650
c_b9c6825d43fd2209aee5,p0009,2024:4073120241990966488
c_fa0a4ac1c84eb19de873,p0013,2024:4073120241999138509
c_41645df146712ff21625,p0009,2024:4073120241999159910
c_c3bb1061e1c3587ba003,p0013,2024:4073120241999165224
c_6d78c941e832e66bc5f5,p0011,2024:4080120231758600602
c_8f805b8c99894bf05c9e,p0019,2024:4080120241999342775
c_4b64baaa01dc4eca3d70,p0002,2024:4080120241999342836
c_dcb61ff9a92a3152957c,p0003,2024:4080120241999342839
c_3fdba6477347f59d07e7,p0010,2024:4080120241999348189
c_c3bb1061e1c3587ba003,p0013,2024:4080120241999353603
c_3bf74b2cda2b9ec1dfdc,p0012,2024:4080120241999368637
c_4d2b759b329bb58cbcfa,p0012,2024:4080120241999369285
c_43263d10d8d42de66ef1,p0002,2024:4080120241999375208
c_5c674a62aa12b11745d8,p0003,2024:4080120241999375457
c_127816033aeca7a4cf79,p0012,2024:4080120241999380278
c_4d2b759b329bb58cbcfa,p0012,2024:4080120241999381907
c_a5d445a0d05ac18650cb,p0012,2024:4080120241999384188
c_127816033aeca7a4cf79,p0012,2024:4080120241999398115
c_6f9ce1910d5bc217008c,p0012,2024:4080120241999423130
c_127816033aeca7a4cf79,p0012,2024:4080120241999424379
c_d5accca598a03ce825f2,p0015,2024:4080120241999424531
c_5c674a62aa12b11745d8,p0003,2024:4080120241999428121
c_43263d10d8d42de66ef1,p0002,2024:4080120241999428129
c_4b64baaa01dc4eca3d70,p0002,2024:4080120241999430200
c_5c674a62aa12b11745d8,p0003,2024:4080120241999430222
c_dcb61ff9a92a3152957c,p0003,2024:4080120241999430283
c_d403cd0fb2ff974799ef,p0002,2024:4080120241999430323
c_6d78c941e832e66bc5f5,p0011,2024:4080120251213053431
c_57d8e01958a38820d7b3,p0015,2024:4080220231759273222
c_57d8e01958a38820d7b3,p0015,2024:4080220231759275002
c_6f9ce1910d5bc217008c,p0012,2024:4080220231760651619
c_dd05fcb5866322438262,p0015,2024:4080220231760653279
c_dd05fcb5866322438262,p0015,2024:4080220231760654084
c_c99e4c1e04a65f2743c2,p0004,2024:4080220231760656559
c_6f9ce1910d5bc217008c,p0012,2024:4080220231760659387
c_c99e4c1e04a65f2743c2,p0004,2024:4080220231760659749
c_3fdba6477347f59d07e7,p0010,2024:4080220231762712599
c_3fdba6477347f59d07e7,p0010,2024:4080220231762713059
c_76e8b2ac6f7d7fb25c03,p0012,2024:4080220241999557678
c_43263d10d8d42de66ef1,p0002,2024:4080220241999560989
c_dcb61ff9a92a3152957c,p0003,2024:4080220241999562331
c_433597abc27c16d5e313,p0010,2024:4080320231762764853
c_6f9ce1910d5bc217008c,p0012,2024:4080320231762778971
c_dd05fcb5866322438262,p0015,2024:4080320231762802159
c_dd05fcb5866322438262,p0015,2024:4080420231762865729
c_43263d10d8d42de66ef1,p0002,2024:4080420231762867149
c_3f565dc57a11191b929b,p0003,2024:4080420231762867434
c_a618d274a9dc59ca4063,p0007,2024:4080420231762879869
c_a618d274a9dc59ca4063,p0007,2024:4080420231762879870
c_a618d274a9dc59ca4063,p0007,2024:4080420231762879871
c_58a4e001d26f1ec0d876,p0020,2024:4080420231762893184
c_dd05fcb5866322438262,p0015,2024:4080420231763232177
c_140f009e028a29449a1e,p0015,2024:4080420231763254078
c_140f009e028a29449a1e,p0015,2024:4080420231763254156
c_dd05fcb5866322438262,p0015,2024:4080420231763295351
c_0fd42dcea3bc783c9277,p0015,2024:4080420231763298679
c_a958b9f528b36618c505,p0012,2024:4080420251213164695
c_c99e4c1e04a65f2743c2,p0004,2024:4080520241999649312
c_c99e4c1e04a65f2743c2,p0004,2024:4080520241999650850
c_c99e4c1e04a65f2743c2,p0004,2024:4080520241999663808
c_433597abc27c16d5e313,p0010,2024:4080520241999678224
c_eb5f4b964135272e086d,p0008,2024:4080520241999807707
c_18afbae2dc222f7bf657,p0015,2024:4080520242001178535
c_017d0ae7321d8ca855e5,p0017,2024:4080520242002287222
c_5c674a62aa12b11745d8,p0003,2024:4080520242003305225
c_5c674a62aa12b11745d8,p0003,2024:4080520242003305226
c_5c674a62aa12b11745d8,p0003,2024:4080520242003305227
c_5c674a62aa12b11745d8,p0003,2024:4080520242003305228
c_5c674a62aa12b11745d8,p0003,2024:4080520242003305229
c_5c674a62aa12b11745d8,p0003,2024:4080520242003305230
c_5c674a62aa12b11745d8,p0003,2024:4080520242003305231
c_5c674a62aa12b11745d8,p0003,2024:4080520242003305232
c_5c674a62aa12b11745d8,p0003,2024:4080520242003305233
c_5c674a62aa12b11745d8,p0003,2024:4080520242003305234
c_5c674a62aa12b11745d8,p0003,2024:4080520242003305235
c_5c674a62aa12b11745d8,p0003,2024:4080520242003305236
c_5c674a62aa12b11745d8,p0003,2024:4080520242003305237
c_5c674a62aa12b11745d8,p0003,2024:4080520242003305238
c_5c674a62aa12b11745d8,p0003,2024:4080520242003305239
c_5c674a62aa12b11745d8,p0003,2024:4080520242003305240
c_5c674a62aa12b11745d8,p0003,2024:4080520242003305241
c_5c674a62aa12b11745d8,p0003,2024:4080520242003305242
c_1822128dbb0e70f13b7d,p0014,2024:4080520242003958414
c_1f9ebd3d4c51367fd473,p0013,2024:4080520242006129416
c_16e11d14570a45a07938,p0007,2024:4080520242007183448
c_16e11d14570a45a07938,p0007,2024:4080520242007183450
c_ff6993ba2f374406ac24,p0020,2024:4080520242007235446
c_127816033aeca7a4cf79,p0012,2024:4080520242007368700
c_127816033aeca7a4cf79,p0012,2024:4080520242007368701
c_127816033aeca7a4cf79,p0012,2024:4080520242007368702
c_127816033aeca7a4cf79,p0012,2024:4080520242007368703
c_127816033aeca7a4cf79,p0012,2024:4080520242007368704
c_127816033aeca7a4cf79,p0012,2024:4080520242007368705
c_127816033aeca7a4cf79,p0012,2024:4080520242007368706
c_bf6fcd5ff63bf7c72f75,p0019,2024:4080620242011007078
c_c5b7995bf680414a0436,p0004,2024:4080620242011055504
c_dcb61ff9a92a3152957c,p0003,2024:4080620242011055511
c_dcb61ff9a92a3152957c,p0003,2024:4080620242011055513
c_b9c6825d43fd2209aee5,p0009,2024:4080620242011058138
c_43263d10d8d42de66ef1,p0002,2024:4080620242011091336
c_43263d10d8d42de66ef1,p0002,2024:4080620242011091337
c_e33e4241ffae021efe44,p0011,2024:4080620242011094209
c_4b64baaa01dc4eca3d70,p0002,2024:4080620242011096283
c_3f565dc57a11191b929b,p0003,2024:4080620242011096401
c_6d78c941e832e66bc5f5,p0011,2024:4080620242011097954
c_43263d10d8d42de66ef1,p0002,2024:4080620242011099314
c_5c674a62aa12b11745d8,p0003,2024:4080620242011099843
c_ff6993ba2f374406ac24,p0020,2024:4080620242011100761
c_3fdba6477347f59d07e7,p0010,2024:4080620251215549048
c_3fdba6477347f59d07e7,p0010,2024:4080620251215549049
c_57d8e01958a38820d7b3,p0015,2024:4080720231763376311
c_6f9ce1910d5bc217008c,p0012,2024:4080720231763389827
c_2029254363df9fc2c376,p0015,2024:4080720231763400013
c_57d8e01958a38820d7b3,p0015,2024:4080720231763407491
c_f403b4b143a23ffe823d,p0013,2024:4080720231763420641
c_3bf74b2cda2b9ec1dfdc,p0012,2024:4080720231763423482
c_57d8e01958a38820d7b3,p0015,2024:4080720231763428461
c_c5b7995bf680414a0436,p0004,2024:4080720242011173159
c_6f9ce1910d5bc217008c,p0012,2024:4080720242011174257
c_c5b7995bf680414a0436,p0004,2024:4080720242011178025
c_43263d10d8d42de66ef1,p0002,2024:4080720242011235410
c_5c674a62aa12b11745d8,p0003,2024:4080720242011235544
c_43263d10d8d42de66ef1,p0002,2024:4080720242011249198
c_dcb61ff9a92a3152957c,p0003,2024:4080720242011249265
c_f403b4b143a23ffe823d,p0013,2024:4080720242011258645
c_f403b4b143a23ffe823d,p0013,2024:4080720242011258646
c_fdab70860f3e4c99824e,p0004,2024:4080720242011274106
c_5c674a62aa12b11745d8,p0003,2024:4080820242011315464
c_4b64baaa01dc4eca3d70,p0002,2024:4080820242011315604
c_4b64baaa01dc4eca3d70,p0002,2024:4080820242011326323
c_4b64baaa01dc4eca3d70,p0002,2024:4080820242011326324
c_dcb61ff9a92a3152957c,p0003,2024:4080820242011326526
c_dcb61ff9a92a3152957c,p0003,2024:4080820242011326528
c_28276834972bc20b7eea,p0002,2024:4080820242011335109
c_dcb61ff9a92a3152957c,p0003,2024:4080820242011335165
c_43263d10d8d42de66ef1,p0002,2024:4080820242011353740
c_dcb61ff9a92a3152957c,p0003,2024:4080820242011353936
c_c99e4c1e04a65f2743c2,p0004,2024:4080820242011357298
c_1f9ebd3d4c51367fd473,p0013,2024:4080820242011357459
c_c99e4c1e04a65f2743c2,p0004,2024:4080820242011385272
c_43263d10d8d42de66ef1,p0002,2024:4080820242011386561
c_dcb61ff9a92a3152957c,p0003,2024:4080820242011386890
c_433597abc27c16d5e313,p0010,2024:4080820242011437740
c_433597abc27c16d5e313,p0010,2024:4080820242011437741
c_433597abc27c16d5e313,p0010,2024:4080820242011437742
c_433597abc27c16d5e313,p0010,2024:4080820242011437743
c_433597abc27c16d5e313,p0010,2024:4080820242011437744
c_c99e4c1e04a65f2743c2,p0004,2024:4080920231764974586
c_901624a705dc2b59b73c,p0019,2024:4080920231764981705
c_b9c6825d43fd2209aee5,p0009,2024:4080920242011503221
c_8f805b8c99894bf05c9e,p0019,2024:4080920242011503395
c_db11483102ea44f72255,p0002,2024:4080920242011510079
c_dcb61ff9a92a3152957c,p0003,2024:4080920242011510159
c_c99e4c1e04a65f2743c2,p0004,2024:4080920242011526259
c_c99e4c1e04a65f2743c2,p0004,2024:4080920242011526261
c_c99e4c1e04a65f2743c2,p0004,2024:4081020231765039690
c_43263d10d8d42de66ef1,p0002,2024:4081020231765317149
c_4b64baaa01dc4eca3d70,p0002,2024:4081020231765317150
c_dd05fcb5866322438262,p0015,2024:4081020231768051191
c_0fd42dcea3bc783c9277,p0015,2024:4081020231768051211
c_1c00ab362939bb8042b3,p0017,2024:4081020231770773770
c_1c00ab362939bb8042b3,p0017,2024:4081020231770773772
c_1c00ab362939bb8042b3,p0017,2024:4081020231770773774
c_1c00ab362939bb8042b3,p0017,2024:4081020231770773775
c_1c00ab362939bb8042b3,p0017,2024:4081020231770773776
c_1c00ab362939bb8042b3,p0017,2024:4081020231770773779
c_1c00ab362939bb8042b3,p0017,2024:4081020231770773785
c_1c00ab362939bb8042b3,p0017,2024:4081020231770773786
c_c99e4c1e04a65f2743c2,p0004,2024:4081020231772687697
c_c99e4c1e04a65f2743c2,p0004,2024:4081020231772687698
c_c99e4c1e04a65f2743c2,p0004,2024:4081020231772687699
c_c99e4c1e04a65f2743c2,p0004,2024:4081020231772687700
c_c99e4c1e04a65f2743c2,p0004,2024:4081020231772687701
c_c99e4c1e04a65f2743c2,p0004,2024:4081020231772687702
c_c99e4c1e04a65f2743c2,p0004,2024:4081020231772687703
c_c99e4c1e04a65f2743c2,p0004,2024:4081020231772687704
c_c99e4c1e04a65f2743c2,p0004,2024:4081020231772687705
c_c99e4c1e04a65f2743c2,p0004,2024:4081020231772687706
c_c99e4c1e04a65f2743c2,p0004,2024:4081020231772687707
c_3f565dc57a11191b929b,p0003,2024:4081020231772853118
c_3f565dc57a11191b929b,p0003,2024:4081020231772853119
c_1822128dbb0e70f13b7d,p0014,2024:4081020231774240386
c_b9c6825d43fd2209aee5,p0009,2024:4081020231775717614
c_25346886cb66823b3264,p0020,2024:4081020231780793755
c_25346886cb66823b3264,p0020,2024:4081020231780793756
c_25346886cb66823b3264,p0020,2024:4081020231780793757
c_25346886cb66823b3264,p0020,2024:4081020231780793758
c_d462176daa66ae6f7c0c,p0020,2024:4081020231780793759
c_d462176daa66ae6f7c0c,p0020,2024:4081020231780793760
c_6f9ce1910d5bc217008c,p0012,2024:4081020231781058039
c_6f9ce1910d5bc217008c,p0012,2024:4081020231781058040
c_6f9ce1910d5bc217008c,p0012,2024:4081020231781058041
c_6f9ce1910d5bc217008c,p0012,2024:4081020231781058042
c_6f9ce1910d5bc217008c,p0012,2024:4081020231781058047
c_f4f25976a895b117f450,p0012,2024:4081020231781058053
c_6f9ce1910d5bc217008c,p0012,2024:4081020231781058055
c_6f9ce1910d5bc217008c,p0012,2024:4081020231781058056
c_6f9ce1910d5bc217008c,p0012,2024:4081020231781058057
c_f4f25976a895b117f450,p0012,2024:4081020231781058061
c_fb77e87cfc4a475dc0e1,p0012,2024:4081020231781067299
c_abf35d9c28f3a0f3c606,p0007,2024:4081020231785446158
c_437ce64814c1db55ad40,p0015,2024:4081120231788057582
c_458df3ce217eae5eebe8,p0012,2024:4081220242011658512
c_458df3ce217eae5eebe8,p0012,2024:4081220242011658513
c_fa3477e641ab6b2cf2a3,p0013,2024:4081220242011662814
c_fa3477e641ab6b2cf2a3,p0013,2024:4081220242011662815
c_97c4030d3b75d0462008,p0012,2024:4081220242011674815
c_97c4030d3b75d0462008,p0012,2024:4081220242011674816
c_4916ea98506339ce4912,p0012,2024:4081220242011734362
c_14ce77846e433d31b76b,p0012,2024:4081220242011736145
c_c99e4c1e04a65f2743c2,p0004,2024:4081220242011741546
c_b9c6825d43fd2209aee5,p0009,2024:4081320242011806166
c_2769a4150add3c0532b2,p0012,2024:4081320242011864027
c_dd05fcb5866322438262,p0015,2024:4081320242011867193
c_c99e4c1e04a65f2743c2,p0004,2024:4081320242011883686
c_c99e4c1e04a65f2743c2,p0004,2024:4081320242011886244
c_c99e4c1e04a65f2743c2,p0004,2024:4081320242011897337
c_6f9ce1910d5bc217008c,p0012,2024:4081320251216058078
c_6457c46c7c83053cb979,p0020,2024:4081320251217872564
c_edf43d35712559a1028d,p0012,2024:4081320251217936739
c_e7481bdb5a5200e8a09e,p0012,2024:4081420231788105821
c_43263d10d8d42de66ef1,p0002,2024:4081420242011961255
c_dcb61ff9a92a3152957c,p0003,2024:4081420242011961745
c_c66c8aa0fc3efc9b439b,p0013,2024:4081420242011966595
c_c66c8aa0fc3efc9b439b,p0013,2024:4081420242011966596
c_4b64baaa01dc4eca3d70,p0002,2024:4081420242011975813
c_5c674a62aa12b11745d8,p0003,2024:4081420242011990643
c_0e23ab4f855fffa4095e,p0007,2024:4081420242012004183
c_0e23ab4f855fffa4095e,p0007,2024:4081420242012004184
c_433597abc27c16d5e313,p0010,2024:4081420242012017073
c_6f9ce1910d5bc217008c,p0012,2024:4081420242012021826
c_b9c6825d43fd2209aee5,p0009,2024:4081420251217985882
c_b9c6825d43fd2209aee5,p0009,2024:4081420251218359588
c_1b81ea66545c01956737,p0013,2024:4081520231788142270
c_1b81ea66545c01956737,p0013,2024:4081520231788142271
c_6636ab0d5c666ab715b3,p0015,2024:4081520231788267056
c_458df3ce217eae5eebe8,p0012,2024:4081520231788284979
c_458df3ce217eae5eebe8,p0012,2024:4081520231788284980
c_4b64baaa01dc4eca3d70,p0002,2024:4081520242013127301
c_dcb61ff9a92a3152957c,p0003,2024:4081520242013127367
c_f8aa0ed50bda94b54e87,p0012,2024:4081520242013157206
c_f403b4b143a23ffe823d,p0013,2024:4081520242013342753
c_f403b4b143a23ffe823d,p0013,2024:4081520242013342754
c_5c674a62aa12b11745d8,p0003,2024:4081520242013377034
c_c3a7b8c95399e783947e,p0007,2024:4081620231788334673
c_7d6e1628c24599b6bda9,p0015,2024:4081620242013469756
c_6cb3cb01bc156ed415b7,p0012,2024:4081620242013481390
c_c99e4c1e04a65f2743c2,p0004,2024:4081620242013978085
c_ab6f22ac1cfc156ccab4,p0012,2024:4081620242013979181
c_ab6f22ac1cfc156ccab4,p0012,2024:4081620242013979385
c_c99e4c1e04a65f2743c2,p0004,2024:4081620242014027127
c_c99e4c1e04a65f2743c2,p0004,2024:4081620242014027264
c_458df3ce217eae5eebe8,p0012,2024:4081620242014056976
c_458df3ce217eae5eebe8,p0012,2024:4081620242014056977
c_bae5206bef31318ee7bd,p0018,2024:4081620242014057515
c_fa3477e641ab6b2cf2a3,p0013,2024:4081620242014058020
c_fa3477e641ab6b2cf2a3,p0013,2024:4081620242014058021
c_c3bb1061e1c3587ba003,p0013,2024:4081720231789401307
c_b9c6825d43fd2209aee5,p0009,2024:4081720231789839602
c_b9c6825d43fd2209aee5,p0009,2024:4081720231790017632
c_b9c6825d43fd2209aee5,p0009,2024:4081720231790018240
c_b9c6825d43fd2209aee5,p0009,2024:4081720231790049349
c_b9c6825d43fd2209aee5,p0009,2024:4081720231790053058
c_b9c6825d43fd2209aee5,p0009,2024:4081720231790075483
c_b9c6825d43fd2209aee5,p0009,2024:4081720231790105586
c_b9c6825d43fd2209aee5,p0009,2024:4081720231790130716
c_b9c6825d43fd2209aee5,p0009,2024:4081720231790132414
c_b9c6825d43fd2209aee5,p0009,2024:4081720231790142786
c_c3bb1061e1c3587ba003,p0013,2024:4081720231790145466
c_b9c6825d43fd2209aee5,p0009,2024:4081720231790468753
c_b9c6825d43fd2209aee5,p0009,2024:4081720231790480776
c_b9c6825d43fd2209aee5,p0009,2024:4081720231790487559
c_b9c6825d43fd2209aee5,p0009,2024:4081720231790497499
c_b9c6825d43fd2209aee5,p0009,2024:4081720231790498346
c_b9c6825d43fd2209aee5,p0009,2024:4081720231790501315
c_b9c6825d43fd2209aee5,p0009,2024:4081720231790505114
c_b9c6825d43fd2209aee5,p0009,2024:4081720231790516017
c_b9c6825d43fd2209aee5,p0009,2024:4081720231790516249
c_b9c6825d43fd2209aee5,p0009,2024:4081720231790519363
c_b9c6825d43fd2209aee5,p0009,2024:4081720231790523648
c_b9c6825d43fd2209aee5,p0009,2024:4081720231790524116
c_b9c6825d43fd2209aee5,p0009,2024:4081720231790543044
c_b9c6825d43fd2209aee5,p0009,2024:4081720231790556205
c_b9c6825d43fd2209aee5,p0009,2024:4081720231790560600
c_b9c6825d43fd2209aee5,p0009,2024:4081720231790565862
c_b9c6825d43fd2209aee5,p0009,2024:4081720231790583582
c_b9c6825d43fd2209aee5,p0009,2024:4081720231790592015
c_b9c6825d43fd2209aee5,p0009,2024:4081720231790597798
c_b9c6825d43fd2209aee5,p0009,2024:4081720231790606389
c_b9c6825d43fd2209aee5,p0009,2024:4081720231790630382
c_b9c6825d43fd2209aee5,p0009,2024:4081720231790634370
c_b9c6825d43fd2209aee5,p0009,2024:4081720231790640678
c_b9c6825d43fd2209aee5,p0009,2024:4081720231790688854
c_b9c6825d43fd2209aee5,p0009,2024:4081720231790723551
c_b9c6825d43fd2209aee5,p0009,2024:4081720231790780486
c_6d78c941e832e66bc5f5,p0011,2024:4081720231792251753
c_6d78c941e832e66bc5f5,p0011,2024:4081720231792259910
c_b9c6825d43fd2209aee5,p0009,2024:4081720231792441469
c_b9c6825d43fd2209aee5,p0009,2024:4081720231793160108
c_b9c6825d43fd2209aee5,p0009,2024:4081720231793679742
c_41645df146712ff21625,p0009,2024:4081720231799501511
c_97c4030d3b75d0462008,p0012,2024:4081820231799696867
c_97c4030d3b75d0462008,p0012,2024:4081820231799696868
c_335b847383ae31e6e8e8,p0012,2024:4081920242014152532
c_127816033aeca7a4cf79,p0012,2024:4081920242014165095
c_97c4030d3b75d0462008,p0012,2024:4081920242014166707
c_97c4030d3b75d0462008,p0012,2024:4081920242014166708
c_c66c8aa0fc3efc9b439b,p0013,2024:4081920242014177841
c_c66c8aa0fc3efc9b439b,p0013,2024:4081920242014177842
c_29c30cfb939bb51369e2,p0017,2024:4082020242014243095
c_901624a705dc2b59b73c,p0019,2024:4082020242014271940
c_c36487f09dc4a3432577,p0015,2024:4082020242014290530
c_c36487f09dc4a3432577,p0015,2024:4082020242014293847
c_c36487f09dc4a3432577,p0015,2024:4082020242014294156
c_c36487f09dc4a3432577,p0015,2024:4082020242014295297
c_c36487f09dc4a3432577,p0015,2024:4082020242014296678
c_c36487f09dc4a3432577,p0015,2024:4082020242014302739
c_c36487f09dc4a3432577,p0015,2024:4082020242014303783
c_c36487f09dc4a3432577,p0015,2024:4082020242014306880
c_c36487f09dc4a3432577,p0015,2024:4082020242014307351
c_c36487f09dc4a3432577,p0015,2024:4082020242014307786
c_c36487f09dc4a3432577,p0015,2024:4082020242014311189
c_c36487f09dc4a3432577,p0015,2024:4082020242014317251
c_c36487f09dc4a3432577,p0015,2024:4082020242014317850
c_c36487f09dc4a3432577,p0015,2024:4082020242014317916
c_c36487f09dc4a3432577,p0015,2024:4082020242014321676
c_c36487f09dc4a3432577,p0015,2024:4082020242014322869
c_c36487f09dc4a3432577,p0015,2024:4082020242014322999
c_c36487f09dc4a3432577,p0015,2024:4082020242014324324
c_c36487f09dc4a3432577,p0015,2024:4082020242014329571
c_5c674a62aa12b11745d8,p0003,2024:4082020242014345500
c_5c674a62aa12b11745d8,p0003,2024:4082020242014345501
c_5c674a62aa12b11745d8,p0003,2024:4082020242014345502
c_43263d10d8d42de66ef1,p0002,2024:4082020242014346177
c_43263d10d8d42de66ef1,p0002,2024:4082020242014346178
c_43263d10d8d42de66ef1,p0002,2024:4082020242014346179
c_c36487f09dc4a3432577,p0015,2024:4082020242014409569
c_c36487f09dc4a3432577,p0015,2024:4082020242014409571
c_c36487f09dc4a3432577,p0015,2024:4082020242014409573
c_c36487f09dc4a3432577,p0015,2024:4082020242014409575
c_c36487f09dc4a3432577,p0015,2024:4082020242014409577
c_c55394898061fb1bce11,p0007,2024:4082020251219102266
c_c55394898061fb1bce11,p0007,2024:4082020251219102268
c_c55394898061fb1bce11,p0007,2024:4082020251219102270
c_845c34e3465c8e924984,p0012,2024:4082020251219103663
c_845c34e3465c8e924984,p0012,2024:4082020251219103665
c_3fdba6477347f59d07e7,p0010,2024:4082120231799878103
c_572fc5a4feaed876d197,p0017,2024:4082120231799903520
c_572fc5a4feaed876d197,p0017,2024:4082120231799903521
c_6f9ce1910d5bc217008c,p0012,2024:4082120231799951830
c_b9c6825d43fd2209aee5,p0009,2024:4082120231799953975
c_dd05fcb5866322438262,p0015,2024:4082120231799956273
c_dd05fcb5866322438262,p0015,2024:4082120231799956274
c_1c00ab362939bb8042b3,p0017,2024:4082120231799968968
c_d406572283b365b4b81a,p0017,2024:4082120242014535407
c_d406572283b365b4b81a,p0017,2024:4082120242014535408
c_c99e4c1e04a65f2743c2,p0004,2024:4082120242014537127
c_a5d445a0d05ac18650cb,p0012,2024:4082220231800046642
c_a958b9f528b36618c505,p0012,2024:4082220231800070138
c_6f9ce1910d5bc217008c,p0012,2024:4082220231800072928
c_6f9ce1910d5bc217008c,p0012,2024:4082220231800073710
c_c36487f09dc4a3432577,p0015,2024:4082220242014665835
c_c36487f09dc4a3432577,p0015,2024:4082220242014665837
c_c36487f09dc4a3432577,p0015,2024:4082220242014665839
c_c36487f09dc4a3432577,p0015,2024:4082220242014665841
c_c36487f09dc4a3432577,p0015,2024:4082220242014665843
c_c36487f09dc4a3432577,p0015,2024:4082220242014665845
c_c36487f09dc4a3432577,p0015,2024:4082220242014665847
c_c36487f09dc4a3432577,p0015,2024:4082220242014665849
c_c36487f09dc4a3432577,p0015,2024:4082220242014665851
c_c36487f09dc4a3432577,p0015,2024:4082220242014737986
c_c36487f09dc4a3432577,p0015,2024:4082220242014737988
c_c36487f09dc4a3432577,p0015,2024:4082220242014737990
c_c36487f09dc4a3432577,p0015,2024:4082220242014737992
c_c36487f09dc4a3432577,p0015,2024:4082220242014737994
c_c36487f09dc4a3432577,p0015,2024:4082220242014737996
c_ff679f50e36719296940,p0007,2024:4082220242014750794
c_c99e4c1e04a65f2743c2,p0004,2024:4082620242015034515
c_4d2b759b329bb58cbcfa,p0012,2024:4082620242015034528
c_034695b7315d564e73d5,p0012,2024:4082620242015046976
c_b9d7a7552144943d55bc,p0013,2024:4082720242015152413
c_4e965f98e7e4e73d4cc0,p0007,2024:4082820242016721808
c_17256bbd9b27cf71596a,p0017,2024:4082820242016782544
c_1cacfa042d1455d24a46,p0019,2024:4082820242016813394
c_17421b39064e971177c5,p0013,2024:4082820242016866129
c_d517f41871cdf58faa51,p0012,2024:4082820242016875563
c_57d8e01958a38820d7b3,p0015,2024:4082820242016963935
c_57d8e01958a38820d7b3,p0015,2024:4082820242016963936
c_0e23ab4f855fffa4095e,p0007,2024:4082820242016991055
c_57d8e01958a38820d7b3,p0015,2024:4082820242017001601
c_57d8e01958a38820d7b3,p0015,2024:4082820242017001602
c_c99e4c1e04a65f2743c2,p0004,2024:4083020242017155017
c_c99e4c1e04a65f2743c2,p0004,2024:4083020242017155019
c_3fdba6477347f59d07e7,p0010,2024:4083020242017155221
c_3fdba6477347f59d07e7,p0010,2024:4083020242017155222
c_03c7c6670557a4a9a5fc,p0009,2024:4090120231801002341
c_4d2b759b329bb58cbcfa,p0012,2024:4090120231801364534
c_6f9ce1910d5bc217008c,p0012,2024:4090320242017259286
c_5c674a62aa12b11745d8,p0003,2024:4090320242017276121
c_43263d10d8d42de66ef1,p0002,2024:4090320242017276123
c_43263d10d8d42de66ef1,p0002,2024:4090420242038824235
c_4d2b759b329bb58cbcfa,p0012,2024:4090420242038842336
c_b9a5e7e193ecf8972f61,p0001,2024:4090520242040183860
c_43263d10d8d42de66ef1,p0002,2024:4090520242040183880
c_5c674a62aa12b11745d8,p0003,2024:4090520242040183922
c_43263d10d8d42de66ef1,p0002,2024:4090520242040183925
c_57d8e01958a38820d7b3,p0015,2024:4091120251290662248
c_57d8e01958a38820d7b3,p0015,2024:4091120251290704259
c_57d8e01958a38820d7b3,p0015,2024:4091120251290716249
c_57d8e01958a38820d7b3,p0015,2024:4091120251290724929
c_3bf74b2cda2b9ec1dfdc,p0012,2024:4091120251290810826
c_b20c0f97b2ee20bd113a,p0020,2024:4091120251290844589
c_3bf74b2cda2b9ec1dfdc,p0012,2024:4091120251290849297
c_b20c0f97b2ee20bd113a,p0020,2024:4091120251290850709
c_c99e4c1e04a65f2743c2,p0004,2024:4091120251290871626
c_5c674a62aa12b11745d8,p0003,2024:4091120251290918225
c_4b64baaa01dc4eca3d70,p0002,2024:4091120251290938222
c_57ff1d4160daea60fc87,p0013,2024:4091120251290999963
c_57ff1d4160daea60fc87,p0013,2024:4091120251291002166
c_437ce64814c1db55ad40,p0015,2024:4091120251291004745
c_437ce64814c1db55ad40,p0015,2024:4091120251291008399
c_437ce64814c1db55ad40,p0015,2024:4091120251291008711
c_437ce64814c1db55ad40,p0015,2024:4091120251291012678
c_437ce64814c1db55ad40,p0015,2024:4091120251291013630
c_437ce64814c1db55ad40,p0015,2024:4091120251291015176
c_437ce64814c1db55ad40,p0015,2024:4091120251291016287
c_437ce64814c1db55ad40,p0015,2024:4091120251291017557
c_437ce64814c1db55ad40,p0015,2024:4091120251291021167
c_437ce64814c1db55ad40,p0015,2024:4091120251291022407
c_437ce64814c1db55ad40,p0015,2024:4091120251291025979
c_437ce64814c1db55ad40,p0015,2024:4091120251291032628
c_437ce64814c1db55ad40,p0015,2024:4091120251291033235
c_437ce64814c1db55ad40,p0015,2024:4091120251291035992
c_437ce64814c1db55ad40,p0015,2024:4091120251291036123
c_437ce64814c1db55ad40,p0015,2024:4091120251291036738
c_437ce64814c1db55ad40,p0015,2024:4091120251291037310
c_437ce64814c1db55ad40,p0015,2024:4091120251291040714
c_01f3ed574b20578e14d3,p0012,2024:4091320231802099242
c_43263d10d8d42de66ef1,p0002,2024:4091320242040629296
c_5c674a62aa12b11745d8,p0003,2024:4091320242040629387
c_ab6f22ac1cfc156ccab4,p0012,2024:4091620242040762567
c_6d78c941e832e66bc5f5,p0011,2024:4091620242040771018
c_d462176daa66ae6f7c0c,p0020,2024:4091620242040771758
c_fa3477e641ab6b2cf2a3,p0013,2024:4091720242040824077
c_fa3477e641ab6b2cf2a3,p0013,2024:4091720242040824078
c_fa3477e641ab6b2cf2a3,p0013,2024:4091720242040824079
c_458df3ce217eae5eebe8,p0012,2024:4091720242040827826
c_458df3ce217eae5eebe8,p0012,2024:4091720242040827827
c_458df3ce217eae5eebe8,p0012,2024:4091720242040827828
c_b9c6825d43fd2209aee5,p0009,2024:4091720242040832902
c_c36487f09dc4a3432577,p0015,2024:4091720242040835466
c_c36487f09dc4a3432577,p0015,2024:4091720242040835468
c_ff6993ba2f374406ac24,p0020,2024:4091720242040848705
c_c3a7b8c95399e783947e,p0007,2024:4091720242040853614
c_4d2b759b329bb58cbcfa,p0012,2024:4091820231802344599
c_eb5f4b964135272e086d,p0008,2024:4091820242040942371
c_1822128dbb0e70f13b7d,p0014,2024:4091820242040944574
c_1822128dbb0e70f13b7d,p0014,2024:4091820242040944576
c_dcb61ff9a92a3152957c,p0003,2024:4091820242040967415
c_43263d10d8d42de66ef1,p0002,2024:4091820242040967452
c_c3a7b8c95399e783947e,p0007,2024:4091920231802436396
c_458df3ce217eae5eebe8,p0012,2024:4091920231802457421
c_458df3ce217eae5eebe8,p0012,2024:4091920231802457422
c_458df3ce217eae5eebe8,p0012,2024:4091920231802457423
c_1b81ea66545c01956737,p0013,2024:4091920231802467026
c_1b81ea66545c01956737,p0013,2024:4091920231802467027
c_335b847383ae31e6e8e8,p0012,2024:4091920242041047649
c_c66c8aa0fc3efc9b439b,p0013,2024:4091920242041065534
c_c66c8aa0fc3efc9b439b,p0013,2024:4091920242041065535
c_6f9ce1910d5bc217008c,p0012,2024:4092020231802533267
c_eec2a0a10697a413c6b2,p0010,2024:4092020231802568171
c_97c4030d3b75d0462008,p0012,2024:4092020231802568818
c_97c4030d3b75d0462008,p0012,2024:4092020231802568819
c_76e8b2ac6f7d7fb25c03,p0012,2024:4092020231802645594
c_284f76bb2a6dfd397fdc,p0013,2024:4092020242041112336
c_284f76bb2a6dfd397fdc,p0013,2024:4092020242041112552
c_97c4030d3b75d0462008,p0012,2024:4092020242041114941
c_97c4030d3b75d0462008,p0012,2024:4092020242041114942
c_b9c6825d43fd2209aee5,p0009,2024:4092120231802696405
c_b9c6825d43fd2209aee5,p0009,2024:4092120231802696407
c_572fc5a4feaed876d197,p0017,2024:4092220231802779945
c_572fc5a4feaed876d197,p0017,2024:4092220231802779946
c_b9c6825d43fd2209aee5,p0009,2024:4092220231802788096
c_43263d10d8d42de66ef1,p0002,2024:4092320242041350356
c_3f565dc57a11191b929b,p0003,2024:4092320242041350359
c_d406572283b365b4b81a,p0017,2024:4092320242041357567
c_d406572283b365b4b81a,p0017,2024:4092320242041357568
c_cd542770a05162888085,p0013,2024:4092420242041534391
c_c99e4c1e04a65f2743c2,p0004,2024:4092420242041537988
c_8f805b8c99894bf05c9e,p0019,2024:4092420242041554688
c_4d2b759b329bb58cbcfa,p0012,2024:4092520231802866802
c_6f9ce1910d5bc217008c,p0012,2024:4092520231802879227
c_1cacfa042d1455d24a46,p0019,2024:4092520231802922545
c_17421b39064e971177c5,p0013,2024:4092520231802948378
c_9e36f74b929ac8e51254,p0016,2024:4092520231802996686
c_b7ef2804bf57bb52fc74,p0015,2024:4092520231803039083
c_c36487f09dc4a3432577,p0015,2024:4092520242041665561
c_c36487f09dc4a3432577,p0015,2024:4092520242041665563
c_c36487f09dc4a3432577,p0015,2024:4092520242041665565
c_c36487f09dc4a3432577,p0015,2024:4092520242041665567
c_c36487f09dc4a3432577,p0015,2024:4092520242041665569
c_c36487f09dc4a3432577,p0015,2024:4092520242041665571
c_c36487f09dc4a3432577,p0015,2024:4092520242041665573
c_c36487f09dc4a3432577,p0015,2024:4092520242041665575
c_c36487f09dc4a3432577,p0015,2024:4092520242041665577
c_c36487f09dc4a3432577,p0015,2024:4092520242041665579
c_c36487f09dc4a3432577,p0015,2024:4092520242041665581
c_c36487f09dc4a3432577,p0015,2024:4092520242041665583
c_c36487f09dc4a3432577,p0015,2024:4092520242041665585
c_c36487f09dc4a3432577,p0015,2024:4092520242041665587
c_c36487f09dc4a3432577,p0015,2024:4092520242041665589
c_ff59c0ef8d551ff6dcf0,p0017,2024:4092520242041684821
c_dbd5295397123723f4bc,p0020,2024:4092520242041725027
c_43263d10d8d42de66ef1,p0002,2024:4092520242041737370
c_5c674a62aa12b11745d8,p0003,2024:4092520242041737373
c_b9c6825d43fd2209aee5,p0009,2024:4092520242041853329
c_4d2b759b329bb58cbcfa,p0012,2024:4092520242041854854
c_8a1a5855130904f79704,p0013,2024:4092520242041854991
c_8a1a5855130904f79704,p0013,2024:4092520242041854992
c_8f805b8c99894bf05c9e,p0019,2024:4092520242041855129
c_1189dd78c15d1d5856ad,p0004,2024:4092520242041862312
c_76e8b2ac6f7d7fb25c03,p0012,2024:4092620231803074429
c_c99e4c1e04a65f2743c2,p0004,2024:4092620242041927035
c_c55394898061fb1bce11,p0007,2024:4092620242042028886
c_c55394898061fb1bce11,p0007,2024:4092620242042028888
c_c55394898061fb1bce11,p0007,2024:4092620242042028890
c_c55394898061fb1bce11,p0007,2024:4092620242042028892
c_72bee3b135cc84fafaa8,p0012,2024:4092620242042030722
c_72bee3b135cc84fafaa8,p0012,2024:4092620242042030724
c_72bee3b135cc84fafaa8,p0012,2024:4092620242042030726
c_72bee3b135cc84fafaa8,p0012,2024:4092620242042030728
c_72bee3b135cc84fafaa8,p0012,2024:4092620242042030730
c_72bee3b135cc84fafaa8,p0012,2024:4092620242042030732
c_72bee3b135cc84fafaa8,p0012,2024:4092620242042030734
c_72bee3b135cc84fafaa8,p0012,2024:4092620242042030736
c_72bee3b135cc84fafaa8,p0012,2024:4092620242042030738
c_72bee3b135cc84fafaa8,p0012,2024:4092620242042030740
c_a14bc0815e757c6ff1e8,p0012,2024:4092620242042030850
c_c99e4c1e04a65f2743c2,p0004,2024:4092620242042056481
c_c99e4c1e04a65f2743c2,p0004,2024:4092620242042056482
c_f403b4b143a23ffe823d,p0013,2024:4092720242042608229
c_f403b4b143a23ffe823d,p0013,2024:4092720242042608230
c_b9c6825d43fd2209aee5,p0009,2024:4092920231803441829
c_c3bb1061e1c3587ba003,p0013,2024:4093020242042831238
c_87a30b378f23fbf058df,p0013,2024:4100120242043511598
c_1cacfa042d1455d24a46,p0019,2024:4100120242043528648
c_17421b39064e971177c5,p0013,2024:4100120242043589742
c_87a30b378f23fbf058df,p0013,2024:4100120242043601918
c_017d0ae7321d8ca855e5,p0017,2024:4100120242049794477
c_5c674a62aa12b11745d8,p0003,2024:4100120242051951595
c_5c674a62aa12b11745d8,p0003,2024:4100120242051951596
c_5c674a62aa12b11745d8,p0003,2024:4100120242051951597
c_5c674a62aa12b11745d8,p0003,2024:4100120242051951598
c_5c674a62aa12b11745d8,p0003,2024:4100120242051951599
c_5c674a62aa12b11745d8,p0003,2024:4100120242051951600
c_5c674a62aa12b11745d8,p0003,2024:4100120242051951601
c_5c674a62aa12b11745d8,p0003,2024:4100120242051951602
c_5c674a62aa12b11745d8,p0003,2024:4100120242051951603
c_5c674a62aa12b11745d8,p0003,2024:4100120242051951604
c_5c674a62aa12b11745d8,p0003,2024:4100120242051951605
c_5c674a62aa12b11745d8,p0003,2024:4100120242051951606
c_5c674a62aa12b11745d8,p0003,2024:4100120242051951607
c_5c674a62aa12b11745d8,p0003,2024:4100120242051951608
c_5c674a62aa12b11745d8,p0003,2024:4100120242051951609
c_5fc5242c9b8edbe6edf2,p0003,2024:4100120242051951611
c_ff6993ba2f374406ac24,p0020,2024:4100120242060098774
c_76e8b2ac6f7d7fb25c03,p0012,2024:4100120242060343242
c_127816033aeca7a4cf79,p0012,2024:4100120242060343257
c_127816033aeca7a4cf79,p0012,2024:4100120242060343258
c_127816033aeca7a4cf79,p0012,2024:4100120242060343259
c_127816033aeca7a4cf79,p0012,2024:4100120242060343260
c_127816033aeca7a4cf79,p0012,2024:4100120242060343261
c_127816033aeca7a4cf79,p0012,2024:4100120242060343262
c_127816033aeca7a4cf79,p0012,2024:4100120242060343263
c_127816033aeca7a4cf79,p0012,2024:4100120242060343264
c_127816033aeca7a4cf79,p0012,2024:4100120242060343265
c_127816033aeca7a4cf79,p0012,2024:4100120242060343266
c_127816033aeca7a4cf79,p0012,2024:4100120242060343267
c_127816033aeca7a4cf79,p0012,2024:4100120242060343268
c_127816033aeca7a4cf79,p0012,2024:4100120242060343269
c_127816033aeca7a4cf79,p0012,2024:4100120242060343270
c_edf43d35712559a1028d,p0012,2024:4100120242060343275
c_edf43d35712559a1028d,p0012,2024:4100120242060343276
c_edf43d35712559a1028d,p0012,2024:4100120242060343279
c_edf43d35712559a1028d,p0012,2024:4100120242060343287
c_edf43d35712559a1028d,p0012,2024:4100120242060343288
c_edf43d35712559a1028d,p0012,2024:4100120242060343289
c_edf43d35712559a1028d,p0012,2024:4100120242060343290
c_0cd49619e1395cc52f95,p0012,2024:4100120242060343301
c_edf43d35712559a1028d,p0012,2024:4100120242060343312
c_edf43d35712559a1028d,p0012,2024:4100120242060343313
c_edf43d35712559a1028d,p0012,2024:4100120242060343314
c_edf43d35712559a1028d,p0012,2024:4100120242060343315
c_edf43d35712559a1028d,p0012,2024:4100120242060343317
c_edf43d35712559a1028d,p0012,2024:4100120242066580870
c_43263d10d8d42de66ef1,p0002,2024:4100120242066582930
c_43263d10d8d42de66ef1,p0002,2024:4100120242066582931
c_f0f89e1690073bd5fc99,p0003,2024:4100120242066584177
c_f0f89e1690073bd5fc99,p0003,2024:4100120242066584178
c_f0f89e1690073bd5fc99,p0003,2024:4100120242066584179
c_dd05fcb5866322438262,p0015,2024:4100120242066587427
c_dd05fcb5866322438262,p0015,2024:4100120242066587429
c_c5b7995bf680414a0436,p0004,2024:4100120242066587642
c_c61d41dcfafa8e10375a,p0013,2024:4100120242066755743
c_92f6e218742426cb48e0,p0017,2024:4100120242066892863
c_c55394898061fb1bce11,p0007,2024:4100120242067030149
c_77da58c631464d1f20b8,p0012,2024:4100120242067034973
c_77da58c631464d1f20b8,p0012,2024:4100120242067034975
c_c55394898061fb1bce11,p0007,2024:4100120242067296996
c_72bee3b135cc84fafaa8,p0012,2024:4100120242067301422
c_edf43d35712559a1028d,p0012,2024:4100120242067301424
c_845c34e3465c8e924984,p0012,2024:4100120242067301426
c_92f6e218742426cb48e0,p0017,2024:4100120242067422177
c_c55394898061fb1bce11,p0007,2024:4100120242067531805
c_92f6e218742426cb48e0,p0017,2024:4100120242067745074
c_017d0ae7321d8ca855e5,p0017,2024:4100120242067745078
c_5fc5242c9b8edbe6edf2,p0003,2024:4100120242067796176
c_c55394898061fb1bce11,p0007,2024:4100120242067995342
c_72bee3b135cc84fafaa8,p0012,2024:4100120242068003604
c_0cd49619e1395cc52f95,p0012,2024:4100120242068003606
c_72bee3b135cc84fafaa8,p0012,2024:4100120242068003608
c_72bee3b135cc84fafaa8,p0012,2024:4100120242068226770
c_a6284eecf52c58ff6676,p0017,2024:4100120242068308638
c_92f6e218742426cb48e0,p0017,2024:4100120242068308640
c_c55394898061fb1bce11,p0007,2024:4100120242068374446
c_c55394898061fb1bce11,p0007,2024:4100120242068374448
c_72bee3b135cc84fafaa8,p0012,2024:4100120242068376212
c_77da58c631464d1f20b8,p0012,2024:4100120242068376214
c_e7481bdb5a5200e8a09e,p0012,2024:4100320231803799763
c_8418d19e025631ac6d61,p0015,2024:4100620231803939120
c_8418d19e025631ac6d61,p0015,2024:4100620231803939121
c_b9c6825d43fd2209aee5,p0009,2024:4100620231803948889
c_fa3477e641ab6b2cf2a3,p0013,2024:4100820242069255148
c_fa3477e641ab6b2cf2a3,p0013,2024:4100820242069255149
c_458df3ce217eae5eebe8,p0012,2024:4100820242069257232
c_458df3ce217eae5eebe8,p0012,2024:4100820242069257233
c_6f9ce1910d5bc217008c,p0012,2024:4100820242069275140
c_d462176daa66ae6f7c0c,p0020,2024:4100820242069276818
c_698cfb3eb5f805c9cff3,p0020,2024:4101020231804028487
c_698cfb3eb5f805c9cff3,p0020,2024:4101020231804028488
c_458df3ce217eae5eebe8,p0012,2024:4101020231804052908
c_458df3ce217eae5eebe8,p0012,2024:4101020231804052909
c_b9c6825d43fd2209aee5,p0009,2024:4101020242069376754
c_b9c6825d43fd2209aee5,p0009,2024:4101120231804084799
c_b9c6825d43fd2209aee5,p0009,2024:4101120231804090703
c_6f9ce1910d5bc217008c,p0012,2024:4101120242069465815
c_f8de5558806450a1d6ca,p0002,2024:4101120242069469618
c_dcb61ff9a92a3152957c,p0003,2024:4101120242069469834
c_c66c8aa0fc3efc9b439b,p0013,2024:4101320231804295983
c_c66c8aa0fc3efc9b439b,p0013,2024:4101320231804295984
c_6f9ce1910d5bc217008c,p0012,2024:4101320231804478408
c_127816033aeca7a4cf79,p0012,2024:4101320231804489844
c_127816033aeca7a4cf79,p0012,2024:4101320231804489848
c_cf0c16d166a8d060e8cd,p0017,2024:4101520242069596722
c_cf0c16d166a8d060e8cd,p0017,2024:4101520242069596723
c_cf0c16d166a8d060e8cd,p0017,2024:4101520242069596724
c_c36487f09dc4a3432577,p0015,2024:4101520242069750961
c_c36487f09dc4a3432577,p0015,2024:4101520242069750963
c_c36487f09dc4a3432577,p0015,2024:4101520242069750965
c_c36487f09dc4a3432577,p0015,2024:4101520242069750967
c_c36487f09dc4a3432577,p0015,2024:4101520242069750969
c_c36487f09dc4a3432577,p0015,2024:4101520242069750971
c_c36487f09dc4a3432577,p0015,2024:4101520242069750973
c_c36487f09dc4a3432577,p0015,2024:4101520242069750975
c_c36487f09dc4a3432577,p0015,2024:4101520242069750977
c_c36487f09dc4a3432577,p0015,2024:4101520242069750979
c_c36487f09dc4a3432577,p0015,2024:4101520242069750981
c_c36487f09dc4a3432577,p0015,2024:4101520242069750983
c_c36487f09dc4a3432577,p0015,2024:4101520242069750985
c_c36487f09dc4a3432577,p0015,2024:4101520242069750987
c_c36487f09dc4a3432577,p0015,2024:4101520242069750989
c_c36487f09dc4a3432577,p0015,2024:4101520242069750991
c_c36487f09dc4a3432577,p0015,2024:4101520242069750993
c_c36487f09dc4a3432577,p0015,2024:4101520242069750995
c_c36487f09dc4a3432577,p0015,2024:4101520242069750997
c_c36487f09dc4a3432577,p0015,2024:4101520242069750999
c_c36487f09dc4a3432577,p0015,2024:4101520242069751001
c_c36487f09dc4a3432577,p0015,2024:4101520242069751003
c_c36487f09dc4a3432577,p0015,2024:4101520242069751005
c_c36487f09dc4a3432577,p0015,2024:4101520242069751007
c_c36487f09dc4a3432577,p0015,2024:4101520242069751009
c_c36487f09dc4a3432577,p0015,2024:4101520242069751011
c_c36487f09dc4a3432577,p0015,2024:4101520242069751013
c_c36487f09dc4a3432577,p0015,2024:4101520242069751015
c_c36487f09dc4a3432577,p0015,2024:4101520242069751017
c_c36487f09dc4a3432577,p0015,2024:4101520242069751019
c_c36487f09dc4a3432577,p0015,2024:4101520242069751021
c_c36487f09dc4a3432577,p0015,2024:4101520242069751023
c_c36487f09dc4a3432577,p0015,2024:4101520242069751025
c_c36487f09dc4a3432577,p0015,2024:4101520242069751027
c_c36487f09dc4a3432577,p0015,2024:4101520242069751029
c_c36487f09dc4a3432577,p0015,2024:4101520242069751031
c_c36487f09dc4a3432577,p0015,2024:4101520242069751033
c_c36487f09dc4a3432577,p0015,2024:4101520242069751035
c_c36487f09dc4a3432577,p0015,2024:4101520242069751037
c_c36487f09dc4a3432577,p0015,2024:4101520242069751039
c_c36487f09dc4a3432577,p0015,2024:4101520242069751041
c_c36487f09dc4a3432577,p0015,2024:4101520242069751043
c_c36487f09dc4a3432577,p0015,2024:4101520242069751045
c_c36487f09dc4a3432577,p0015,2024:4101520242069751047
c_c36487f09dc4a3432577,p0015,2024:4101520242069751049
c_c36487f09dc4a3432577,p0015,2024:4101520242069751051
c_c36487f09dc4a3432577,p0015,2024:4101520242069751053
c_c36487f09dc4a3432577,p0015,2024:4101520242069751055
c_c36487f09dc4a3432577,p0015,2024:4101520242069751057
c_c36487f09dc4a3432577,p0015,2024:4101520242069751059
c_c36487f09dc4a3432577,p0015,2024:4101520242069751061
c_c36487f09dc4a3432577,p0015,2024:4101520242069751063
c_c36487f09dc4a3432577,p0015,2024:4101520242069751065
c_c36487f09dc4a3432577,p0015,2024:4101520242069751067
c_c36487f09dc4a3432577,p0015,2024:4101520242069751069
c_c36487f09dc4a3432577,p0015,2024:4101520242069751071
c_97c4030d3b75d0462008,p0012,2024:4101520242069851980
c_97c4030d3b75d0462008,p0012,2024:4101520242069851981
c_b9c6825d43fd2209aee5,p0009,2024:4101620231804558541
c_c99e4c1e04a65f2743c2,p0004,2024:4101620231804573855
c_dd05fcb5866322438262,p0015,2024:4101620231804592463
c_1cacfa042d1455d24a46,p0019,2024:4101620231804597644
c_1cacfa042d1455d24a46,p0019,2024:4101620231804603989
c_1cacfa042d1455d24a46,p0019,2024:4101620231804610745
c_1cacfa042d1455d24a46,p0019,2024:4101620231804610746
c_1cacfa042d1455d24a46,p0019,2024:4101620231804618148
c_1cacfa042d1455d24a46,p0019,2024:4101620231804625117
c_1cacfa042d1455d24a46,p0019,2024:4101620231804628155
c_1cacfa042d1455d24a46,p0019,2024:4101620231804635022
c_1cacfa042d1455d24a46,p0019,2024:4101620231804641464
c_c99e4c1e04a65f2743c2,p0004,2024:4101620231804707099
c_c99e4c1e04a65f2743c2,p0004,2024:4101620231804707101
c_c99e4c1e04a65f2743c2,p0004,2024:4101620242069906391
c_6f9ce1910d5bc217008c,p0012,2024:4101620242069915556
c_6d78c941e832e66bc5f5,p0011,2024:4101720231804744175
c_6d78c941e832e66bc5f5,p0011,2024:4101720231804744177
c_6d78c941e832e66bc5f5,p0011,2024:4101720231804746456
c_e33e4241ffae021efe44,p0011,2024:4101720231804799975
c_cd3681efd13cb3833853,p0012,2024:4101720231804831655
c_6d78c941e832e66bc5f5,p0011,2024:4101720231805169095
c_25346886cb66823b3264,p0020,2024:4101720231805407303
c_651f7ed35a1ac790deb7,p0009,2024:4101720231805409484
c_c99e4c1e04a65f2743c2,p0004,2024:4101720242069946662
c_5c674a62aa12b11745d8,p0003,2024:4101720242069948881
c_6d78c941e832e66bc5f5,p0011,2024:4101720242069948913
c_710a8c31b4a5e6923463,p0013,2024:4101720242069961537
c_c99e4c1e04a65f2743c2,p0004,2024:4101820231805435468
c_c99e4c1e04a65f2743c2,p0004,2024:4101820231805533027
c_c99e4c1e04a65f2743c2,p0004,2024:4101820231805533042
c_31a809a60280c6866878,p0017,2024:4101820242073417093
c_31a809a60280c6866878,p0017,2024:4101820242073417094
c_b9d7a7552144943d55bc,p0013,2024:4101820242073447893
c_349cd209127ffc93f927,p0017,2024:4101820242073525712
c_349cd209127ffc93f927,p0017,2024:4101820242073562239
c_8ca235e1f1ccd10d14d0,p0013,2024:4101820242073690576
c_349cd209127ffc93f927,p0017,2024:4101820242073727353
c_9d38b6864276a25ab76b,p0013,2024:4101820242073742369
c_9d38b6864276a25ab76b,p0013,2024:4101820242073844847
c_68654ffbc3280c8f2022,p0013,2024:4101820242074021579
c_c3bb1061e1c3587ba003,p0013,2024:4101820242074199012
c_2ef0d538fc7ec75c3731,p0012,2024:4101820242074339185
c_44b9ffe3737dd0265442,p0012,2024:4101820242074421792
c_44b9ffe3737dd0265442,p0012,2024:4101820242074637149
c_b806704e477f93ed9def,p0012,2024:4101820242074872172
c_44b9ffe3737dd0265442,p0012,2024:4101820242074893539
c_1c3339c6d2a90f5d5a92,p0017,2024:4101820242074915645
c_c3bb1061e1c3587ba003,p0013,2024:4101820242074971514
c_c3bb1061e1c3587ba003,p0013,2024:4101820242075012091
c_68654ffbc3280c8f2022,p0013,2024:4101820242075012092
c_3732a154c03de9b48811,p0007,2024:4101820242075051169
c_c3bb1061e1c3587ba003,p0013,2024:4101820242075075278
c_c3bb1061e1c3587ba003,p0013,2024:4101820242075075279
c_2ef0d538fc7ec75c3731,p0012,2024:4101820242075140511
c_c3bb1061e1c3587ba003,p0013,2024:4101820242075297187
c_7ec31a9fab03e98cddb1,p0012,2024:4101820242075304915
c_c3bb1061e1c3587ba003,p0013,2024:4101820242075391806
c_c3a7b8c95399e783947e,p0007,2024:4101920231805794638
c_1cacfa042d1455d24a46,p0019,2024:4101920231805810832
c_1cacfa042d1455d24a46,p0019,2024:4101920231805818218
c_1cacfa042d1455d24a46,p0019,2024:4101920231805821550
c_72bee3b135cc84fafaa8,p0012,2024:4101920231805862142
c_72bee3b135cc84fafaa8,p0012,2024:4101920231805869754
c_72bee3b135cc84fafaa8,p0012,2024:4101920231805871291
c_72bee3b135cc84fafaa8,p0012,2024:4101920231805885996
c_72bee3b135cc84fafaa8,p0012,2024:4101920231805885998
c_57d8e01958a38820d7b3,p0015,2024:4102020231805994780
c_87a30b378f23fbf058df,p0013,2024:4102120242075677708
c_87a30b378f23fbf058df,p0013,2024:4102120242075678490
c_87a30b378f23fbf058df,p0013,2024:4102120242075679446
c_87a30b378f23fbf058df,p0013,2024:4102120242075680881
c_1cacfa042d1455d24a46,p0019,2024:4102320231806832157
c_17421b39064e971177c5,p0013,2024:4102320231806861644
c_b9c6825d43fd2209aee5,p0009,2024:4102320231806887401
c_92f6e218742426cb48e0,p0017,2024:4102320242076243243
c_92f6e218742426cb48e0,p0017,2024:4102320242076243245
c_77da58c631464d1f20b8,p0012,2024:4102320242076293485
c_92f6e218742426cb48e0,p0017,2024:4102320242076342235
c_017d0ae7321d8ca855e5,p0017,2024:4102320242076342237
c_c61d41dcfafa8e10375a,p0013,2024:4102320242076376933
c_72bee3b135cc84fafaa8,p0012,2024:4102320242076387159
c_92f6e218742426cb48e0,p0017,2024:4102320242076486346
c_cd27217301e6927ff597,p0004,2024:4102320242076510028
c_c55394898061fb1bce11,p0007,2024:4102320242076608758
c_92f6e218742426cb48e0,p0017,2024:4102320242076720634
c_72bee3b135cc84fafaa8,p0012,2024:4102320242076808460
c_a14bc0815e757c6ff1e8,p0012,2024:4102320242076808544
c_72bee3b135cc84fafaa8,p0012,2024:4102320242076903911
c_c55394898061fb1bce11,p0007,2024:4102320242076974477
c_72bee3b135cc84fafaa8,p0012,2024:4102320242076975687
c_92f6e218742426cb48e0,p0017,2024:4102320242077025246
c_edf43d35712559a1028d,p0012,2024:4102320242077080276
c_72bee3b135cc84fafaa8,p0012,2024:4102320242077080278
c_92f6e218742426cb48e0,p0017,2024:4102320242079011270
c_80eb9359f1e6d60719f4,p0017,2024:4102320242079098933
c_a6284eecf52c58ff6676,p0017,2024:4102320242079098959
c_77da58c631464d1f20b8,p0012,2024:4102320242079209787
c_845c34e3465c8e924984,p0012,2024:4102320242079209789
c_92f6e218742426cb48e0,p0017,2024:4102320242079375238
c_92f6e218742426cb48e0,p0017,2024:4102320242079375240
c_c55394898061fb1bce11,p0007,2024:4102320242079557504
c_20ec4b965fb870abec27,p0007,2024:4102320242079557506
c_72bee3b135cc84fafaa8,p0012,2024:4102320242079563736
c_77da58c631464d1f20b8,p0012,2024:4102320242079563738
c_72bee3b135cc84fafaa8,p0012,2024:4102320242079563740
c_13e7b952f9b5a1607d07,p0012,2024:4102320242079563744
c_13d5afa602db7e932cc1,p0012,2024:4102320242079563998
c_a6284eecf52c58ff6676,p0017,2024:4102320242079671739
c_4b7349433b8bd22d018a,p0004,2024:4102320242079834117
c_c55394898061fb1bce11,p0007,2024:4102320242079927337
c_c55394898061fb1bce11,p0007,2024:4102320242079927339
c_72bee3b135cc84fafaa8,p0012,2024:4102320242079931275
c_72bee3b135cc84fafaa8,p0012,2024:4102320242079931277
c_8073cb58faa686a81f27,p0019,2024:4102320242080047727
c_92f6e218742426cb48e0,p0017,2024:4102320242080062803
c_72bee3b135cc84fafaa8,p0012,2024:4102320242080191737
c_72bee3b135cc84fafaa8,p0012,2024:4102320242080191739
c_72bee3b135cc84fafaa8,p0012,2024:4102320242080191741
c_845c34e3465c8e924984,p0012,2024:4102320242080191743
c_865e960e015653e9cfd2,p0012,2024:4102320242080191745
c_865e960e015653e9cfd2,p0012,2024:4102320242080191747
c_c55394898061fb1bce11,p0007,2024:4102320242080318043
c_72bee3b135cc84fafaa8,p0012,2024:4102320242080319549
c_1cacfa042d1455d24a46,p0019,2024:4102420231807002683
c_1cacfa042d1455d24a46,p0019,2024:4102420231807005003
c_1cacfa042d1455d24a46,p0019,2024:4102420231807006951
c_433597abc27c16d5e313,p0010,2024:4102420231807015996
c_433597abc27c16d5e313,p0010,2024:4102420231807015997
c_433597abc27c16d5e313,p0010,2024:4102420231807015998
c_87a30b378f23fbf058df,p0013,2024:4102420242081314531
c_87a30b378f23fbf058df,p0013,2024:4102420242081319909
c_dd05fcb5866322438262,p0015,2024:4102420242081445018
c_16e11d14570a45a07938,p0007,2024:4102420242081469598
c_16e11d14570a45a07938,p0007,2024:4102420242081469600
c_1c00ab362939bb8042b3,p0017,2024:4102520231807189282
c_b9c6825d43fd2209aee5,p0009,2024:4102520231807255787
c_c99e4c1e04a65f2743c2,p0004,2024:4102520231807269611
c_c99e4c1e04a65f2743c2,p0004,2024:4102520231807269613
c_97c4030d3b75d0462008,p0012,2024:4102520231807278398
c_97c4030d3b75d0462008,p0012,2024:4102520231807278399
c_1822128dbb0e70f13b7d,p0014,2024:4102520242081517057
c_1822128dbb0e70f13b7d,p0014,2024:4102520242081517058
c_1822128dbb0e70f13b7d,p0014,2024:4102520242081517059
c_1822128dbb0e70f13b7d,p0014,2024:4102520242081517060
c_1822128dbb0e70f13b7d,p0014,2024:4102520242081517062
c_1822128dbb0e70f13b7d,p0014,2024:4102520242081517063
c_43263d10d8d42de66ef1,p0002,2024:4102520242081522474
c_dcb61ff9a92a3152957c,p0003,2024:4102520242081522476
c_43263d10d8d42de66ef1,p0002,2024:4102520242081888456
c_5c674a62aa12b11745d8,p0003,2024:4102520242081978706
c_c55394898061fb1bce11,p0007,2024:4102520242082063366
c_c55394898061fb1bce11,p0007,2024:4102520242082063368
c_651f7ed35a1ac790deb7,p0009,2024:4102720231807525529
c_651f7ed35a1ac790deb7,p0009,2024:4102720231807525530
c_6a71d490174c2b11b76c,p0013,2024:4102820241010511098
c_5a36d48c1caf845431cf,p0013,2024:4102820241010527501
c_5a36d48c1caf845431cf,p0013,2024:4102820241010543395
c_5a36d48c1caf845431cf,p0013,2024:4102820241010610429
c_5a36d48c1caf845431cf,p0013,2024:4102820241010662177
c_5a36d48c1caf845431cf,p0013,2024:4102820241010724272
c_5a36d48c1caf845431cf,p0013,2024:4102820241010748354
c_fa7b3ad08ffa674e0c3a,p0012,2024:4102820242084793478
c_bc2d7c151744f80a0afa,p0012,2024:4102820242087415933
c_c3bb1061e1c3587ba003,p0013,2024:4102820242089648004
c_9c859fb024183d8954a6,p0007,2024:4102820242091099489
c_bc2d7c151744f80a0afa,p0012,2024:4102820242091407489
c_c3bb1061e1c3587ba003,p0013,2024:4102820242091649722
c_c3bb1061e1c3587ba003,p0013,2024:4102820242091817632
c_121f63f4e938456d8e27,p0012,2024:4102820242092333131
c_b806704e477f93ed9def,p0012,2024:4102820242093423078
c_b806704e477f93ed9def,p0012,2024:4102820242093868901
c_b806704e477f93ed9def,p0012,2024:4102820242094074452
c_b9c6825d43fd2209aee5,p0009,2024:4102820242095927809
c_5c674a62aa12b11745d8,p0003,2024:4102820242098383322
c_c36487f09dc4a3432577,p0015,2024:4102920241010811009
c_c36487f09dc4a3432577,p0015,2024:4102920241010811011
c_c36487f09dc4a3432577,p0015,2024:4102920241010811013
c_c36487f09dc4a3432577,p0015,2024:4102920241010811015
c_c36487f09dc4a3432577,p0015,2024:4102920241010811017
c_c36487f09dc4a3432577,p0015,2024:4102920241010811019
c_c36487f09dc4a3432577,p0015,2024:4102920241010811021
c_c36487f09dc4a3432577,p0015,2024:4102920241010811023
c_c36487f09dc4a3432577,p0015,2024:4102920241010811025
c_c36487f09dc4a3432577,p0015,2024:4102920241010811027
c_c36487f09dc4a3432577,p0015,2024:4102920241010811029
c_c36487f09dc4a3432577,p0015,2024:4102920241010811031
c_c36487f09dc4a3432577,p0015,2024:4102920241010811033
c_c36487f09dc4a3432577,p0015,2024:4102920241010811035
c_c36487f09dc4a3432577,p0015,2024:4102920241010811037
c_c36487f09dc4a3432577,p0015,2024:4102920241010811039
c_c36487f09dc4a3432577,p0015,2024:4102920241010811041
c_c36487f09dc4a3432577,p0015,2024:4102920241010811043
c_1cacfa042d1455d24a46,p0019,2024:4102920241010839262
c_1cacfa042d1455d24a46,p0019,2024:4102920241010850307
c_c61d41dcfafa8e10375a,p0013,2024:4102920241011084408
c_c55394898061fb1bce11,p0007,2024:4102920241011096094
c_c55394898061fb1bce11,p0007,2024:4102920241011096096
c_72bee3b135cc84fafaa8,p0012,2024:4102920241011098056
c_72bee3b135cc84fafaa8,p0012,2024:4102920241011098058
c_72bee3b135cc84fafaa8,p0012,2024:4102920241011098060
c_72bee3b135cc84fafaa8,p0012,2024:4102920241011098062
c_72bee3b135cc84fafaa8,p0012,2024:4102920241011098064
c_72bee3b135cc84fafaa8,p0012,2024:4102920241011098066
c_bf2cca26a88544bdcd1f,p0012,2024:4102920241011098068
c_72bee3b135cc84fafaa8,p0012,2024:4102920241011098070
c_72bee3b135cc84fafaa8,p0012,2024:4102920241011098072
c_72bee3b135cc84fafaa8,p0012,2024:4102920241011098074
c_57d8e01958a38820d7b3,p0015,2024:4102920241011128313
c_72bee3b135cc84fafaa8,p0012,2024:4102920241011134415
c_c61d41dcfafa8e10375a,p0013,2024:4102920241011260898
c_c55394898061fb1bce11,p0007,2024:4102920241011277734
c_c55394898061fb1bce11,p0007,2024:4102920241011277736
c_c55394898061fb1bce11,p0007,2024:4102920241011277738
c_72bee3b135cc84fafaa8,p0012,2024:4102920241011280516
c_72bee3b135cc84fafaa8,p0012,2024:4102920241011280518
c_72bee3b135cc84fafaa8,p0012,2024:4102920241011280520
c_72bee3b135cc84fafaa8,p0012,2024:4102920241011280522
c_72bee3b135cc84fafaa8,p0012,2024:4102920241011280524
c_72bee3b135cc84fafaa8,p0012,2024:4102920241011280526
c_72bee3b135cc84fafaa8,p0012,2024:4102920241011280528
c_72bee3b135cc84fafaa8,p0012,2024:4102920241011280530
c_72bee3b135cc84fafaa8,p0012,2024:4102920241011280532
c_72bee3b135cc84fafaa8,p0012,2024:4102920241011280534
c_72bee3b135cc84fafaa8,p0012,2024:4102920241011280536
c_72bee3b135cc84fafaa8,p0012,2024:4102920241011280538
c_72bee3b135cc84fafaa8,p0012,2024:4102920241011280540
c_1822128dbb0e70f13b7d,p0014,2024:4103020231807661633
c_c61d41dcfafa8e10375a,p0013,2024:4103020231807701800
c_1822128dbb0e70f13b7d,p0014,2024:4103020231807720285
c_14ce77846e433d31b76b,p0012,2024:4103020241011368050
c_c55394898061fb1bce11,p0007,2024:4103020241011448135
c_c55394898061fb1bce11,p0007,2024:4103020241011448137
c_14ce77846e433d31b76b,p0012,2024:4103020241011470628
c_14ce77846e433d31b76b,p0012,2024:4103020241011470629
c_437ce64814c1db55ad40,p0015,2024:4103020241011593278
c_57d8e01958a38820d7b3,p0015,2024:4103020241011595849
c_43263d10d8d42de66ef1,p0002,2024:4103020241011597926
c_5c674a62aa12b11745d8,p0003,2024:4103020241011597927
c_437ce64814c1db55ad40,p0015,2024:4103020241011597968
c_437ce64814c1db55ad40,p0015,2024:4103020241011606053
c_437ce64814c1db55ad40,p0015,2024:4103020241011607054
c_437ce64814c1db55ad40,p0015,2024:4103020241011607364
c_437ce64814c1db55ad40,p0015,2024:4103020241011613016
c_437ce64814c1db55ad40,p0015,2024:4103020241011621080
c_437ce64814c1db55ad40,p0015,2024:4103020241011626685
c_437ce64814c1db55ad40,p0015,2024:4103020241011627158
c_437ce64814c1db55ad40,p0015,2024:4103020241011629543
c_1d973e01b564fccf8f8e,p0012,2024:4103020241011629759
c_437ce64814c1db55ad40,p0015,2024:4103020241011632515
c_437ce64814c1db55ad40,p0015,2024:4103020241011635834
c_c99e4c1e04a65f2743c2,p0004,2024:4103020241011656583
c_e33e4241ffae021efe44,p0011,2024:4103020241013627912
c_dcb61ff9a92a3152957c,p0003,2024:4103020241013627954
c_2ef0d538fc7ec75c3731,p0012,2024:4103020241014305403
c_b9d7a7552144943d55bc,p0013,2024:4103020241014338649
c_572fc5a4feaed876d197,p0017,2024:4103120231807756074
c_572fc5a4feaed876d197,p0017,2024:4103120231807756075
c_8418d19e025631ac6d61,p0015,2024:4103120231807823895
c_eec2a0a10697a413c6b2,p0010,2024:4103120231807826078
c_eec2a0a10697a413c6b2,p0010,2024:4103120231807826079
c_437ce64814c1db55ad40,p0015,2024:4103120241015147583
c_437ce64814c1db55ad40,p0015,2024:4103120241015147584
c_437ce64814c1db55ad40,p0015,2024:4103120241015147585
c_437ce64814c1db55ad40,p0015,2024:4103120241015147586
c_437ce64814c1db55ad40,p0015,2024:4103120241015147587
c_437ce64814c1db55ad40,p0015,2024:4103120241015147588
c_437ce64814c1db55ad40,p0015,2024:4103120241015147589
c_437ce64814c1db55ad40,p0015,2024:4103120241015147590
c_437ce64814c1db55ad40,p0015,2024:4103120241015147591
c_437ce64814c1db55ad40,p0015,2024:4103120241015147592
c_437ce64814c1db55ad40,p0015,2024:4103120241015147593
c_437ce64814c1db55ad40,p0015,2024:4103120241015147594
c_437ce64814c1db55ad40,p0015,2024:4103120241015147595
c_437ce64814c1db55ad40,p0015,2024:4103120241015147596
c_437ce64814c1db55ad40,p0015,2024:4103120241015147597
c_530ce985d7729c731153,p0007,2024:4103120241015195200
c_0e23ab4f855fffa4095e,p0007,2024:4103120241015195201
c_0e23ab4f855fffa4095e,p0007,2024:4103120241015195202
c_6f9ce1910d5bc217008c,p0012,2024:4103120241015220941
c_c61d41dcfafa8e10375a,p0013,2024:4103120241015247090
c_c61d41dcfafa8e10375a,p0013,2024:4103120241015253915
c_c61d41dcfafa8e10375a,p0013,2024:4103120241015276368
c_6f9ce1910d5bc217008c,p0012,2024:4103120241015284410
c_c61d41dcfafa8e10375a,p0013,2024:4103120241015385083
c_c61d41dcfafa8e10375a,p0013,2024:4103120241015412111
c_c61d41dcfafa8e10375a,p0013,2024:4103120241015452558
c_c61d41dcfafa8e10375a,p0013,2024:4103120241015528295
c_c61d41dcfafa8e10375a,p0013,2024:4103120241015528297
c_437ce64814c1db55ad40,p0015,2024:4103120241015731651
c_437ce64814c1db55ad40,p0015,2024:4103120241015731652
c_437ce64814c1db55ad40,p0015,2024:4103120241015731653
c_437ce64814c1db55ad40,p0015,2024:4103120241015731654
c_437ce64814c1db55ad40,p0015,2024:4103120241015731655
c_437ce64814c1db55ad40,p0015,2024:4103120241015731656
c_437ce64814c1db55ad40,p0015,2024:4103120241015731657
c_437ce64814c1db55ad40,p0015,2024:4103120241015731658
c_437ce64814c1db55ad40,p0015,2024:4103120241015731659
c_1c00ab362939bb8042b3,p0017,2024:4103120241015737848
c_1c00ab362939bb8042b3,p0017,2024:4103120241015737849
c_0e23ab4f855fffa4095e,p0007,2024:4103120241015758691
c_83254365b3783483270d,p0007,2024:4103120241016273671
c_aa74eb66d895a535ad46,p0019,2024:4103120241021583774
c_4e3d7b97a5d9e4944909,p0017,2024:4103120241022938435
c_5c674a62aa12b11745d8,p0003,2024:4103120241025240857
c_5c674a62aa12b11745d8,p0003,2024:4103120241025240858
c_5c674a62aa12b11745d8,p0003,2024:4103120241025240859
c_5c674a62aa12b11745d8,p0003,2024:4103120241025240860
c_5c674a62aa12b11745d8,p0003,2024:4103120241025240861
c_5c674a62aa12b11745d8,p0003,2024:4103120241025240862
c_5c674a62aa12b11745d8,p0003,2024:4103120241025240863
c_5c674a62aa12b11745d8,p0003,2024:4103120241025240864
c_5c674a62aa12b11745d8,p0003,2024:4103120241025240866
c_5c674a62aa12b11745d8,p0003,2024:4103120241025240867
c_5c674a62aa12b11745d8,p0003,2024:4103120241025240868
c_5c674a62aa12b11745d8,p0003,2024:4103120241025240869
c_5c674a62aa12b11745d8,p0003,2024:4103120241025240871
c_5c674a62aa12b11745d8,p0003,2024:4103120241025240872
c_5c674a62aa12b11745d8,p0003,2024:4103120241025240873
c_5c674a62aa12b11745d8,p0003,2024:4103120241025240874
c_5c674a62aa12b11745d8,p0003,2024:4103120241025240875
c_f4f25976a895b117f450,p0012,2024:4103120241034179997
c_f4f25976a895b117f450,p0012,2024:4103120241034180000
c_f4f25976a895b117f450,p0012,2024:4103120241034180001
c_edf43d35712559a1028d,p0012,2024:4103120241034180002
c_b13ce6be697c29cb4522,p0012,2024:4103120241034180005
c_f4f25976a895b117f450,p0012,2024:4103120241034180007
c_f4f25976a895b117f450,p0012,2024:4103120241034180011
c_f4f25976a895b117f450,p0012,2024:4103120241034180013
c_f4f25976a895b117f450,p0012,2024:4103120241034180018
c_f4f25976a895b117f450,p0012,2024:4103120241034180023
c_f4f25976a895b117f450,p0012,2024:4103120241034180027
c_f4f25976a895b117f450,p0012,2024:4103120241034180030
c_f4f25976a895b117f450,p0012,2024:4103120241034180031
c_f4f25976a895b117f450,p0012,2024:4103120241034180037
c_edf43d35712559a1028d,p0012,2024:4103120241034180041
c_f4f25976a895b117f450,p0012,2024:4103120241034180044
c_f4f25976a895b117f450,p0012,2024:4103120241034180049
c_edf43d35712559a1028d,p0012,2024:4103120241034180050
c_edf43d35712559a1028d,p0012,2024:4103120241034180051
c_f4f25976a895b117f450,p0012,2024:4103120241034180053
c_edf43d35712559a1028d,p0012,2024:4103120241034180054
c_f4f25976a895b117f450,p0012,2024:4103120241034180066
c_1822128dbb0e70f13b7d,p0014,2024:4103120241039201582
c_c61d41dcfafa8e10375a,p0013,2024:4103120241039368032
c_c61d41dcfafa8e10375a,p0013,2024:4103120241039368034
c_c61d41dcfafa8e10375a,p0013,2024:4103120241039368036
c_c61d41dcfafa8e10375a,p0013,2024:4103120241039368038
c_c61d41dcfafa8e10375a,p0013,2024:4103120241039368040
c_c61d41dcfafa8e10375a,p0013,2024:4103120241039368042
c_c61d41dcfafa8e10375a,p0013,2024:4103120241039368044
c_c55394898061fb1bce11,p0007,2024:4103120241039433328
c_c55394898061fb1bce11,p0007,2024:4103120241039433330
c_c55394898061fb1bce11,p0007,2024:4103120241039433332
c_845c34e3465c8e924984,p0012,2024:4103120241039442981
c_845c34e3465c8e924984,p0012,2024:4103120241039442983
c_845c34e3465c8e924984,p0012,2024:4103120241039442985
c_845c34e3465c8e924984,p0012,2024:4103120241039442987
c_845c34e3465c8e924984,p0012,2024:4103120241039442989
c_017d0ae7321d8ca855e5,p0017,2024:4103120241039845870
c_c61d41dcfafa8e10375a,p0013,2024:4103120241039934699
c_c55394898061fb1bce11,p0007,2024:4103120241039957223
c_845c34e3465c8e924984,p0012,2024:4103120241039960247
c_845c34e3465c8e924984,p0012,2024:4103120241039960249
c_845c34e3465c8e924984,p0012,2024:4103120241039960251
c_933c93315e52e2c60383,p0012,2024:4103120241039960253
c_c5b7995bf680414a0436,p0004,2024:4103120241040009567
c_edf43d35712559a1028d,p0012,2024:4103120241040013371
c_edf43d35712559a1028d,p0012,2024:4103120241040013373
c_524b26b63f43fa5adc9c,p0003,2024:4103120241041643003
c_c99e4c1e04a65f2743c2,p0004,2024:4110120231807878560
c_6f9ce1910d5bc217008c,p0012,2024:4110120231807878903
c_c99e4c1e04a65f2743c2,p0004,2024:4110120231807969027
c_c99e4c1e04a65f2743c2,p0004,2024:4110120231807969035
c_57d8e01958a38820d7b3,p0015,2024:4110120231809108097
c_f403b4b143a23ffe823d,p0013,2024:4110120241041805550
c_f403b4b143a23ffe823d,p0013,2024:4110120241041805587
c_b9c6825d43fd2209aee5,p0009,2024:4110120241041806104
c_1822128dbb0e70f13b7d,p0014,2024:4110120241041816158
c_edf43d35712559a1028d,p0012,2024:4110120241042165397
c_edf43d35712559a1028d,p0012,2024:4110120241042165399
c_dcb61ff9a92a3152957c,p0003,2024:4110120241042168374
c_1591be5e8178142e9efe,p0018,2024:4110120241042697275
c_1c3339c6d2a90f5d5a92,p0017,2024:4110120241042919496
c_b9c6825d43fd2209aee5,p0009,2024:4110120241043864878
c_5c674a62aa12b11745d8,p0003,2024:4110120241043981963
c_b9c6825d43fd2209aee5,p0009,2024:4110120241044022680
c_b9c6825d43fd2209aee5,p0009,2024:4110120241044027734
c_6d78c941e832e66bc5f5,p0011,2024:4110120241044378741
c_b9c6825d43fd2209aee5,p0009,2024:4110120241044523083
c_5c674a62aa12b11745d8,p0003,2024:4110120241044782675
c_b9c6825d43fd2209aee5,p0009,2024:4110120241044915619
c_b9c6825d43fd2209aee5,p0009,2024:4110120241045104303
c_b9c6825d43fd2209aee5,p0009,2024:4110120241045115077
c_c3bb1061e1c3587ba003,p0013,2024:4110120241046178799
c_bd54a3956759c08af068,p0012,2024:4110120241046406549
c_43263d10d8d42de66ef1,p0002,2024:4110120241046591971
c_43263d10d8d42de66ef1,p0002,2024:4110120241046591972
c_5c674a62aa12b11745d8,p0003,2024:4110120241046594610
c_5c674a62aa12b11745d8,p0003,2024:4110120241046594612
c_46254283d79950af0788,p0013,2024:4110120241049310907
c_46254283d79950af0788,p0013,2024:4110120241049312139
c_b9c6825d43fd2209aee5,p0009,2024:4110220231809190635
c_c99e4c1e04a65f2743c2,p0004,2024:4110220231809225524
c_c99e4c1e04a65f2743c2,p0004,2024:4110220231809225526
c_eb5f4b964135272e086d,p0008,2024:4110220231809250399
c_41a280f7ff85c63f35b9,p0015,2024:4110220231809250907
c_170cc6395e2eace939c9,p0013,2024:4110220231809297154
c_170cc6395e2eace939c9,p0013,2024:4110220231809297156
c_170cc6395e2eace939c9,p0013,2024:4110220231809297158
c_c3bb1061e1c3587ba003,p0013,2024:4110420241049459686
c_884c84e52d72451c50a8,p0017,2024:4110420241049496300
c_1822128dbb0e70f13b7d,p0014,2024:4110420241050485859
c_43263d10d8d42de66ef1,p0002,2024:4110420241050494757
c_dcb61ff9a92a3152957c,p0003,2024:4110420241050494763
c_dcb61ff9a92a3152957c,p0003,2024:4110420241050494765
c_6d78c941e832e66bc5f5,p0011,2024:4110420241050494996
c_28276834972bc20b7eea,p0002,2024:4110420241050528899
c_28276834972bc20b7eea,p0002,2024:4110420241050528900
c_5c674a62aa12b11745d8,p0003,2024:4110420241050529244
c_5c674a62aa12b11745d8,p0003,2024:4110420241050529246
c_433597abc27c16d5e313,p0010,2024:4110420241050534112
c_dd05fcb5866322438262,p0015,2024:4110420241050534427
c_dd05fcb5866322438262,p0015,2024:4110420241050534428
c_524b26b63f43fa5adc9c,p0003,2024:4110420241050642702
c_43263d10d8d42de66ef1,p0002,2024:4110520241050689856
c_dcb61ff9a92a3152957c,p0003,2024:4110520241050693039
c_433597abc27c16d5e313,p0010,2024:4110520241050694620
c_dcb61ff9a92a3152957c,p0003,2024:4110520241050755542
c_43263d10d8d42de66ef1,p0002,2024:4110520241050756073
c_62f041317a9dedf290d4,p0011,2024:4110520241050757945
c_5c674a62aa12b11745d8,p0003,2024:4110520241050760906
c_db11483102ea44f72255,p0002,2024:4110520241050761878
c_6d78c941e832e66bc5f5,p0011,2024:4110520241050875895
c_edf43d35712559a1028d,p0012,2024:4110520241050880467
c_1cacfa042d1455d24a46,p0019,2024:4110520241050883887
c_1cacfa042d1455d24a46,p0019,2024:4110520241050893911
c_1cacfa042d1455d24a46,p0019,2024:4110520241050905855
c_1cacfa042d1455d24a46,p0019,2024:4110520241050912489
c_1cacfa042d1455d24a46,p0019,2024:4110520241050920190
c_1cacfa042d1455d24a46,p0019,2024:4110520241050940923
c_1cacfa042d1455d24a46,p0019,2024:4110520241050940924
c_1cacfa042d1455d24a46,p0019,2024:4110520241050956651
c_87a30b378f23fbf058df,p0013,2024:4110520241050959475
c_1cacfa042d1455d24a46,p0019,2024:4110520241050969014
c_dcb61ff9a92a3152957c,p0003,2024:4110520241051141799
c_6ccfe4586ae14ba3af8d,p0012,2024:4110520241051202023
c_dcb61ff9a92a3152957c,p0003,2024:4110620241051295977
c_43263d10d8d42de66ef1,p0002,2024:4110620241051297269
c_c99e4c1e04a65f2743c2,p0004,2024:4110620241051297511
c_c3a7b8c95399e783947e,p0007,2024:4110620241051305030
c_43263d10d8d42de66ef1,p0002,2024:4110620241051325742
c_3f565dc57a11191b929b,p0003,2024:4110620241051325787
c_3f565dc57a11191b929b,p0003,2024:4110620241051325901
c_43263d10d8d42de66ef1,p0002,2024:4110620241051326017
c_f4a775e98fda668b17f7,p0019,2024:4110620241051523301
c_f4a775e98fda668b17f7,p0019,2024:4110620241051524165
c_f4a775e98fda668b17f7,p0019,2024:4110620241051525183
c_f4a775e98fda668b17f7,p0019,2024:4110620241051525905
c_dd05fcb5866322438262,p0015,2024:4110620241051609410
c_dd05fcb5866322438262,p0015,2024:4110620241051609412
c_5c674a62aa12b11745d8,p0003,2024:4110620241051610326
c_c99e4c1e04a65f2743c2,p0004,2024:4110620241051647454
c_6f9ce1910d5bc217008c,p0012,2024:4110720231809872961
c_c99e4c1e04a65f2743c2,p0004,2024:4110720231809884107
c_c99e4c1e04a65f2743c2,p0004,2024:4110720231809888973
c_c99e4c1e04a65f2743c2,p0004,2024:4110720231809906086
c_76e8b2ac6f7d7fb25c03,p0012,2024:4110720231809914112
c_2769a4150add3c0532b2,p0012,2024:4110720231809993675
c_d35fb27ff1ea01f18618,p0012,2024:4110720231809999486
c_437ce64814c1db55ad40,p0015,2024:4110720241054073241
c_437ce64814c1db55ad40,p0015,2024:4110720241054073245
c_017d0ae7321d8ca855e5,p0017,2024:4110720241056083602
c_017d0ae7321d8ca855e5,p0017,2024:4110720241056083603
c_017d0ae7321d8ca855e5,p0017,2024:4110720241056083604
c_017d0ae7321d8ca855e5,p0017,2024:4110720241056083605
c_017d0ae7321d8ca855e5,p0017,2024:4110720241056083606
c_c99e4c1e04a65f2743c2,p0004,2024:4110720241057470117
c_c99e4c1e04a65f2743c2,p0004,2024:4110720241057470118
c_c99e4c1e04a65f2743c2,p0004,2024:4110720241057470119
c_c99e4c1e04a65f2743c2,p0004,2024:4110720241057470120
c_c99e4c1e04a65f2743c2,p0004,2024:4110720241057470121
c_c99e4c1e04a65f2743c2,p0004,2024:4110720241057470122
c_e4ec6698802669b40c96,p0013,2024:4110720241061751246
c_3146b5bed5e5cbfd43a3,p0007,2024:4110720241063176991
c_16e11d14570a45a07938,p0007,2024:4110720241063178010
c_ff6993ba2f374406ac24,p0020,2024:4110720241063247848
c_f4f25976a895b117f450,p0012,2024:4110720241063409083
c_f4f25976a895b117f450,p0012,2024:4110720241063409086
c_f4f25976a895b117f450,p0012,2024:4110720241063409089
c_f4f25976a895b117f450,p0012,2024:4110720241063409090
c_127816033aeca7a4cf79,p0012,2024:4110720241063409094
c_127816033aeca7a4cf79,p0012,2024:4110720241063409095
c_127816033aeca7a4cf79,p0012,2024:4110720241063409096
c_127816033aeca7a4cf79,p0012,2024:4110720241063409097
c_127816033aeca7a4cf79,p0012,2024:4110720241063409098
c_127816033aeca7a4cf79,p0012,2024:4110720241063409099
c_f4f25976a895b117f450,p0012,2024:4110720241063409107
c_f4f25976a895b117f450,p0012,2024:4110720241063409108
c_f4f25976a895b117f450,p0012,2024:4110720241063409109
c_f4f25976a895b117f450,p0012,2024:4110720241063409114
c_f4f25976a895b117f450,p0012,2024:4110720241063409121
c_f4f25976a895b117f450,p0012,2024:4110720241063409129
c_f4f25976a895b117f450,p0012,2024:4110720241063409130
c_b20c0f97b2ee20bd113a,p0020,2024:4110720241066476040
c_7f5f11b0b0dbfadf9472,p0012,2024:4110720241066495424
c_57d8e01958a38820d7b3,p0015,2024:4110720241066677549
c_43263d10d8d42de66ef1,p0002,2024:4110820241067722060
c_dcb61ff9a92a3152957c,p0003,2024:4110820241067723156
c_dd05fcb5866322438262,p0015,2024:4110820241067818147
c_1822128dbb0e70f13b7d,p0014,2024:4110820241067823431
c_433597abc27c16d5e313,p0010,2024:4110820241067854799
c_c66c8aa0fc3efc9b439b,p0013,2024:4110920231810071772
c_c66c8aa0fc3efc9b439b,p0013,2024:4110920231810071773
c_458df3ce217eae5eebe8,p0012,2024:4110920231810073997
c_458df3ce217eae5eebe8,p0012,2024:4110920231810073998
c_b9c6825d43fd2209aee5,p0009,2024:4111220241068019033
c_b9c6825d43fd2209aee5,p0009,2024:4111220241068023556
c_dcb61ff9a92a3152957c,p0003,2024:4111220241068072748
c_c99e4c1e04a65f2743c2,p0004,2024:4111320231810143324
c_c99e4c1e04a65f2743c2,p0004,2024:4111320231810143325
c_43263d10d8d42de66ef1,p0002,2024:4111320241068162060
c_43263d10d8d42de66ef1,p0002,2024:4111320241068162061
c_3f565dc57a11191b929b,p0003,2024:4111320241068162180
c_3f565dc57a11191b929b,p0003,2024:4111320241068162182
c_c99e4c1e04a65f2743c2,p0004,2024:4111320241068239178
c_c99e4c1e04a65f2743c2,p0004,2024:4111320241068239179
c_ff6993ba2f374406ac24,p0020,2024:4111320241068240385
c_edf43d35712559a1028d,p0012,2024:4111320241068244885
c_dcb61ff9a92a3152957c,p0003,2024:4111320241068299646
c_6f9ce1910d5bc217008c,p0012,2024:4111320241068304806
c_127816033aeca7a4cf79,p0012,2024:4111320241068309700
c_48e9be9f9f0bb7ca1bd6,p0001,2024:4111320241068331913
c_c99e4c1e04a65f2743c2,p0004,2024:4111320241068342174
c_edf43d35712559a1028d,p0012,2024:4111320241068364219
c_6f9ce1910d5bc217008c,p0012,2024:4111320241068364677
c_edf43d35712559a1028d,p0012,2024:4111320241068371863
c_dd05fcb5866322438262,p0015,2024:4111320241068380532
c_fd14a930b959e917c8cf,p0001,2024:4111320241068410463
c_335b847383ae31e6e8e8,p0012,2024:4111420241068466054
c_6d78c941e832e66bc5f5,p0011,2024:4111420241068467111
c_9c859fb024183d8954a6,p0007,2024:4111420241068473080
c_9c859fb024183d8954a6,p0007,2024:4111420241068473081
c_9c859fb024183d8954a6,p0007,2024:4111420241068473082
c_edf43d35712559a1028d,p0012,2024:4111420241068478917
c_b9c6825d43fd2209aee5,p0009,2024:4111420241068557697
c_cf1ea8eb6c6cdf707757,p0007,2024:4111420241068558966
c_c0e269b9ba20b2de8232,p0004,2024:4111420241068588328
c_c99e4c1e04a65f2743c2,p0004,2024:4111420241068691750
c_3b4e2a05f2eee8ee1cdc,p0001,2024:4111420241068713117
c_3b4e2a05f2eee8ee1cdc,p0001,2024:4111420241068713118
c_3b4e2a05f2eee8ee1cdc,p0001,2024:4111420241068713119
c_3b4e2a05f2eee8ee1cdc,p0001,2024:4111420241068713120
c_3b4e2a05f2eee8ee1cdc,p0001,2024:4111420241068713121
c_3b4e2a05f2eee8ee1cdc,p0001,2024:4111420241068713122
c_3b4e2a05f2eee8ee1cdc,p0001,2024:4111420241068713123
c_4b64baaa01dc4eca3d70,p0002,2024:4111420241068781500
c_dcb61ff9a92a3152957c,p0003,2024:4111420241068781502
c_b806704e477f93ed9def,p0012,2024:4111420241068785722
c_dcb61ff9a92a3152957c,p0003,2024:4111420241068790527
c_b20c0f97b2ee20bd113a,p0020,2024:4111420241068794357
c_dcb61ff9a92a3152957c,p0003,2024:4111420241068853556
c_e7a14411d0a9767531a8,p0002,2024:4111420241068854284
c_5c674a62aa12b11745d8,p0003,2024:4111420241068855002
c_6f9ce1910d5bc217008c,p0012,2024:4111520241068938650
c_4b64baaa01dc4eca3d70,p0002,2024:4111520241068939702
c_4b64baaa01dc4eca3d70,p0002,2024:4111520241068939703
c_4b64baaa01dc4eca3d70,p0002,2024:4111520241068939704
c_dcb61ff9a92a3152957c,p0003,2024:4111520241068939829
c_dcb61ff9a92a3152957c,p0003,2024:4111520241068939830
c_dcb61ff9a92a3152957c,p0003,2024:4111520241068939831
c_43263d10d8d42de66ef1,p0002,2024:4111520241068968158
c_dcb61ff9a92a3152957c,p0003,2024:4111520241068968316
c_1cacfa042d1455d24a46,p0019,2024:4111520241069052608
c_1cacfa042d1455d24a46,p0019,2024:4111520241069054666
c_1cacfa042d1455d24a46,p0019,2024:4111520241069062912
c_43263d10d8d42de66ef1,p0002,2024:4111520241069104410
c_5c674a62aa12b11745d8,p0003,2024:4111520241069108902
c_20d263f44b2467388a67,p0012,2024:4111520241069122714
c_c99e4c1e04a65f2743c2,p0004,2024:4111520241069133849
c_433597abc27c16d5e313,p0010,2024:4111620241069703909
c_433597abc27c16d5e313,p0010,2024:4111620241069703910
c_433597abc27c16d5e313,p0010,2024:4111620241069703911
c_b9c6825d43fd2209aee5,p0009,2024:4111620241069716308
c_9482c33b8f0a32cee5b6,p0017,2024:4111720231810818727
c_6f9ce1910d5bc217008c,p0012,2024:4111820241069964212
c_7167c777a6026e5eb76f,p0017,2024:4111820241069966970
c_7167c777a6026e5eb76f,p0017,2024:4111820241069967281
c_7167c777a6026e5eb76f,p0017,2024:4111820241069968327
c_7167c777a6026e5eb76f,p0017,2024:4111820241069968619
c_c55394898061fb1bce11,p0007,2024:4111820241070160695
c_c55394898061fb1bce11,p0007,2024:4111820241070160697
c_c55394898061fb1bce11,p0007,2024:4111820241070160699
c_c55394898061fb1bce11,p0007,2024:4111820241070160701
c_c55394898061fb1bce11,p0007,2024:4111820241070160703
c_76e8b2ac6f7d7fb25c03,p0012,2024:4111820241070162697
c_76e8b2ac6f7d7fb25c03,p0012,2024:4111820241070162699
c_edf43d35712559a1028d,p0012,2024:4111820241070210476
c_edf43d35712559a1028d,p0012,2024:4111820241070210478
c_6f9ce1910d5bc217008c,p0012,2024:4111820241070213666
c_6f9ce1910d5bc217008c,p0012,2024:4111820241070225533
c_bbb8c644776346676e8d,p0013,2024:4111920241070329417
c_dcb61ff9a92a3152957c,p0003,2024:4111920241070342671
c_dcb61ff9a92a3152957c,p0003,2024:4111920241070528263
c_6f9ce1910d5bc217008c,p0012,2024:4111920241070528346
c_c99e4c1e04a65f2743c2,p0004,2024:4111920241070557259
c_c99e4c1e04a65f2743c2,p0004,2024:4111920241070557260
c_edf43d35712559a1028d,p0012,2024:4111920241070716518
c_edf43d35712559a1028d,p0012,2024:4111920241070716520
c_edf43d35712559a1028d,p0012,2024:4111920241070716522
c_c55394898061fb1bce11,p0007,2024:4111920241070877955
c_c55394898061fb1bce11,p0007,2024:4111920241070877957
c_c55394898061fb1bce11,p0007,2024:4111920241070877959
c_c55394898061fb1bce11,p0007,2024:4111920241070877961
c_c55394898061fb1bce11,p0007,2024:4111920241070877963
c_c55394898061fb1bce11,p0007,2024:4111920241070877965
c_c55394898061fb1bce11,p0007,2024:4111920241070877967
c_c55394898061fb1bce11,p0007,2024:4111920241070877969
c_5c674a62aa12b11745d8,p0003,2024:4111920241070898338
c_43263d10d8d42de66ef1,p0002,2024:4111920241070933414
c_5c674a62aa12b11745d8,p0003,2024:4111920241070933416
c_43263d10d8d42de66ef1,p0002,2024:4111920241070935691
c_5c674a62aa12b11745d8,p0003,2024:4111920241070935694
c_43263d10d8d42de66ef1,p0002,2024:4111920241070953522
c_5c674a62aa12b11745d8,p0003,2024:4111920241070953526
c_c3bb1061e1c3587ba003,p0013,2024:4111920241070975267
c_edf43d35712559a1028d,p0012,2024:4111920241070988659
c_edf43d35712559a1028d,p0012,2024:4111920241070991538
c_6f9ce1910d5bc217008c,p0012,2024:4111920241070996151
c_c3bb1061e1c3587ba003,p0013,2024:4111920241071073615
c_6f9ce1910d5bc217008c,p0012,2024:4111920241071147464
c_97c4030d3b75d0462008,p0012,2024:4112020231810969068
c_97c4030d3b75d0462008,p0012,2024:4112020231810969069
c_09b35a66d840670a116d,p0013,2024:4112020231810984110
c_e5cab3fd30bd1dfd643e,p0017,2024:4112020231810987033
c_9731e91f7ecfec50c1c0,p0012,2024:4112020231811018252
c_9731e91f7ecfec50c1c0,p0012,2024:4112020231811018253
c_20d263f44b2467388a67,p0012,2024:4112020231811026010
c_20d263f44b2467388a67,p0012,2024:4112020231811026011
c_1cacfa042d1455d24a46,p0019,2024:4112020231811050207
c_17421b39064e971177c5,p0013,2024:4112020231811081211
c_6f252e8bb998a2f912e3,p0012,2024:4112020241071236132
c_6f252e8bb998a2f912e3,p0012,2024:4112020241071236520
c_dd05fcb5866322438262,p0015,2024:4112020241071250228
c_dd05fcb5866322438262,p0015,2024:4112020241071250358
c_43263d10d8d42de66ef1,p0002,2024:4112020241071302544
c_5c674a62aa12b11745d8,p0003,2024:4112020241071302621
c_c66c8aa0fc3efc9b439b,p0013,2024:4112020241071388726
c_25ce6692a8862f1ed01e,p0002,2024:4112020241071475199
c_dcb61ff9a92a3152957c,p0003,2024:4112020241071475254
c_7167c777a6026e5eb76f,p0017,2024:4112020241071475823
c_c99e4c1e04a65f2743c2,p0004,2024:4112020241071476478
c_7167c777a6026e5eb76f,p0017,2024:4112020241071476827
c_dcb61ff9a92a3152957c,p0003,2024:4112020241071478016
c_43263d10d8d42de66ef1,p0002,2024:4112020241071478148
c_c99e4c1e04a65f2743c2,p0004,2024:4112020241071494365
c_6f9ce1910d5bc217008c,p0012,2024:4112020241071599278
c_572fc5a4feaed876d197,p0017,2024:4112120231811355873
c_572fc5a4feaed876d197,p0017,2024:4112120231811355874
c_7d161046ac9781475228,p0017,2024:4112120231811379534
c_950982e1729fc928ad53,p0012,2024:4112120231811386244
c_950982e1729fc928ad53,p0012,2024:4112120231811386715
c_d406572283b365b4b81a,p0017,2024:4112120241071819160
c_d406572283b365b4b81a,p0017,2024:4112120241071819161
c_5c674a62aa12b11745d8,p0003,2024:4112120241071823383
c_1822128dbb0e70f13b7d,p0014,2024:4112120241071823525
c_cf0c16d166a8d060e8cd,p0017,2024:4112120241071824503
c_57d8e01958a38820d7b3,p0015,2024:4112120241071878274
c_710a8c31b4a5e6923463,p0013,2024:4112120241071880318
c_c36487f09dc4a3432577,p0015,2024:4112120241071883616
c_c36487f09dc4a3432577,p0015,2024:4112120241071883617
c_c36487f09dc4a3432577,p0015,2024:4112120241071883618
c_c36487f09dc4a3432577,p0015,2024:4112120241071883619
c_c36487f09dc4a3432577,p0015,2024:4112120241071883620
c_c36487f09dc4a3432577,p0015,2024:4112120241071883621
c_c36487f09dc4a3432577,p0015,2024:4112120241071883622
c_c36487f09dc4a3432577,p0015,2024:4112120241071883623
c_c36487f09dc4a3432577,p0015,2024:4112120241071883624
c_c36487f09dc4a3432577,p0015,2024:4112120241071883625
c_c36487f09dc4a3432577,p0015,2024:4112120241071883626
c_c36487f09dc4a3432577,p0015,2024:4112120241071883627
c_c36487f09dc4a3432577,p0015,2024:4112120241071883628
c_437ce64814c1db55ad40,p0015,2024:4112120241071889420
c_437ce64814c1db55ad40,p0015,2024:4112120241071889422
c_437ce64814c1db55ad40,p0015,2024:4112120241071889424
c_437ce64814c1db55ad40,p0015,2024:4112120241071889426
c_437ce64814c1db55ad40,p0015,2024:4112120241071889428
c_437ce64814c1db55ad40,p0015,2024:4112120241071889430
c_437ce64814c1db55ad40,p0015,2024:4112120241071889432
c_437ce64814c1db55ad40,p0015,2024:4112120241071889434
c_43263d10d8d42de66ef1,p0002,2024:4112120241071942107
c_ff59c0ef8d551ff6dcf0,p0017,2024:4112120241071944419
c_d462176daa66ae6f7c0c,p0020,2024:4112120241071944716
c_433597abc27c16d5e313,p0010,2024:4112120241072067203
c_b9c6825d43fd2209aee5,p0009,2024:4112120241072093591
c_49d92bb1b68fd8a9aae9,p0012,2024:4112120241072102552
c_97c4030d3b75d0462008,p0012,2024:4112120241072103101
c_335b847383ae31e6e8e8,p0012,2024:4112220241072197682
c_433597abc27c16d5e313,p0010,2024:4112220241072220729
c_c99e4c1e04a65f2743c2,p0004,2024:4112220241072223750
c_3bf74b2cda2b9ec1dfdc,p0012,2024:4112220241072225845
c_edf43d35712559a1028d,p0012,2024:4112220241072225847
c_e4f65d797a4901ac0e60,p0015,2024:4112220241072298639
c_7b75b5d9652d280e4cf7,p0002,2024:4112220241072298703
c_b9c6825d43fd2209aee5,p0009,2024:4112220241072300104
c_c55394898061fb1bce11,p0007,2024:4112220241072342441
c_c55394898061fb1bce11,p0007,2024:4112220241072342443
c_6f9ce1910d5bc217008c,p0012,2024:4112220241072360041
c_b9c6825d43fd2209aee5,p0009,2024:4112220241072396051
c_fa3477e641ab6b2cf2a3,p0013,2024:4112220241072409664
c_865e960e015653e9cfd2,p0012,2024:4112220241072433717
c_865e960e015653e9cfd2,p0012,2024:4112220241072433719
c_c36487f09dc4a3432577,p0015,2024:4112220241072444573
c_c36487f09dc4a3432577,p0015,2024:4112220241072447837
c_c36487f09dc4a3432577,p0015,2024:4112220241072450550
c_c36487f09dc4a3432577,p0015,2024:4112220241072452923
c_c36487f09dc4a3432577,p0015,2024:4112220241072454275
c_c36487f09dc4a3432577,p0015,2024:4112220241072455391
c_c36487f09dc4a3432577,p0015,2024:4112220241072455441
c_c36487f09dc4a3432577,p0015,2024:4112220241072458308
c_c36487f09dc4a3432577,p0015,2024:4112220241072458428
c_c36487f09dc4a3432577,p0015,2024:4112220241072459324
c_c36487f09dc4a3432577,p0015,2024:4112220241072462979
c_c36487f09dc4a3432577,p0015,2024:4112220241072464733
c_c36487f09dc4a3432577,p0015,2024:4112220241072466231
c_c36487f09dc4a3432577,p0015,2024:4112220241072469721
c_c36487f09dc4a3432577,p0015,2024:4112220241072470043
c_c36487f09dc4a3432577,p0015,2024:4112220241072473556
c_c36487f09dc4a3432577,p0015,2024:4112220241072476776
c_c36487f09dc4a3432577,p0015,2024:4112220241072478476
c_c36487f09dc4a3432577,p0015,2024:4112220241072479343
c_c36487f09dc4a3432577,p0015,2024:4112220241072482055
c_c36487f09dc4a3432577,p0015,2024:4112220241072483352
c_c36487f09dc4a3432577,p0015,2024:4112220241072483967
c_c36487f09dc4a3432577,p0015,2024:4112220241072485693
c_c36487f09dc4a3432577,p0015,2024:4112220241072492654
c_c36487f09dc4a3432577,p0015,2024:4112220241072493778
c_c36487f09dc4a3432577,p0015,2024:4112220241072497290
c_437ce64814c1db55ad40,p0015,2024:4112220241072710427
c_437ce64814c1db55ad40,p0015,2024:4112220241072710429
c_437ce64814c1db55ad40,p0015,2024:4112220241072710431
c_437ce64814c1db55ad40,p0015,2024:4112220241072710433
c_437ce64814c1db55ad40,p0015,2024:4112220241072710435
c_437ce64814c1db55ad40,p0015,2024:4112220241072710437
c_437ce64814c1db55ad40,p0015,2024:4112220241072710439
c_437ce64814c1db55ad40,p0015,2024:4112220241072710441
c_437ce64814c1db55ad40,p0015,2024:4112220241072710443
c_437ce64814c1db55ad40,p0015,2024:4112220241072710445
c_437ce64814c1db55ad40,p0015,2024:4112220241072710447
c_c55394898061fb1bce11,p0007,2024:4112220241072770692
c_c55394898061fb1bce11,p0007,2024:4112220241072770694
c_c61d41dcfafa8e10375a,p0013,2024:4112320231811538497
c_281a97b25fddb4a0f5c6,p0012,2024:4112320241072931847
c_c3bb1061e1c3587ba003,p0013,2024:4112320241073057905
c_c3bb1061e1c3587ba003,p0013,2024:4112320241073057906
c_16e11d14570a45a07938,p0007,2024:4112320241073220060
c_d5accca598a03ce825f2,p0015,2024:4112420231811628541
c_d5accca598a03ce825f2,p0015,2024:4112420231811628542
c_c0e269b9ba20b2de8232,p0004,2024:4112420231811628770
c_eb5f4b964135272e086d,p0008,2024:4112420231811628830
c_9e36f74b929ac8e51254,p0016,2024:4112420231811652233
c_1cacfa042d1455d24a46,p0019,2024:4112520241073339210
c_c3bb1061e1c3587ba003,p0013,2024:4112520241073343055
c_c3bb1061e1c3587ba003,p0013,2024:4112520241073372748
c_20265d113088167dcd72,p0002,2024:4112520241073386383
c_7b75b5d9652d280e4cf7,p0002,2024:4112520241073391225
c_c99e4c1e04a65f2743c2,p0004,2024:4112520241073404583
c_43263d10d8d42de66ef1,p0002,2024:4112520241073446527
c_b9c6825d43fd2209aee5,p0009,2024:4112520241073465650
c_3e057e64bf7b275b9869,p0009,2024:4112520241073531651
c_0f5e8ed2c4d53927f49d,p0017,2024:4112620241073639954
c_dcb61ff9a92a3152957c,p0003,2024:4112620241073654342
c_43263d10d8d42de66ef1,p0002,2024:4112620241073687003
c_43263d10d8d42de66ef1,p0002,2024:4112620241073687124
c_9731e91f7ecfec50c1c0,p0012,2024:4112720241073788307
c_b9c6825d43fd2209aee5,p0009,2024:4112720241073806734
c_3fdba6477347f59d07e7,p0010,2024:4112720241073897727
c_58a4e001d26f1ec0d876,p0020,2024:4112720241073897882
c_1cacfa042d1455d24a46,p0019,2024:4112920241073971985
c_433597abc27c16d5e313,p0010,2024:4112920241073996335
c_1cacfa042d1455d24a46,p0019,2024:4120220241074089331
c_433597abc27c16d5e313,p0010,2024:4120220241074094372
c_69dd66cbe024a59873ba,p0013,2024:4120220241074101374
c_433597abc27c16d5e313,p0010,2024:4120220241074147170
c_dcb61ff9a92a3152957c,p0003,2024:4120220241074161766
c_6f9ce1910d5bc217008c,p0012,2024:4120220241074194653
c_127816033aeca7a4cf79,p0012,2024:4120320241074237929
c_43263d10d8d42de66ef1,p0002,2024:4120320241074288111
c_5c674a62aa12b11745d8,p0003,2024:4120320241074288115
c_43263d10d8d42de66ef1,p0002,2024:4120320241074347644
c_c5b7995bf680414a0436,p0004,2024:4120320251296782315
c_c66c8aa0fc3efc9b439b,p0013,2024:4120420241074436478
c_c66c8aa0fc3efc9b439b,p0013,2024:4120420241074436479
c_dcb61ff9a92a3152957c,p0003,2024:4120420241074438413
c_43263d10d8d42de66ef1,p0002,2024:4120420241074438833
c_c3a7b8c95399e783947e,p0007,2024:4120420241074459613
c_28dd82a9ee412ddcf89b,p0012,2024:4120420241074487101
c_7ab70f5f07011abc4353,p0019,2024:4120520241074572111
c_6d78c941e832e66bc5f5,p0011,2024:4120520241074578991
c_b9c6825d43fd2209aee5,p0009,2024:4120520241074602659
c_c55394898061fb1bce11,p0007,2024:4120520241074656413
c_43263d10d8d42de66ef1,p0002,2024:4120520241074709686
c_0e23ab4f855fffa4095e,p0007,2024:4120520241074759361
c_0e23ab4f855fffa4095e,p0007,2024:4120520241074759362
c_0e23ab4f855fffa4095e,p0007,2024:4120520241074759363
c_4d2b759b329bb58cbcfa,p0012,2024:4120520241074781083
c_4e965f98e7e4e73d4cc0,p0007,2024:4120520241074818145
c_87a30b378f23fbf058df,p0013,2024:4120520241074821405
c_c3a7b8c95399e783947e,p0007,2024:4120620231812031484
c_c36487f09dc4a3432577,p0015,2024:4120620241074996562
c_c36487f09dc4a3432577,p0015,2024:4120620241074996564
c_c36487f09dc4a3432577,p0015,2024:4120620241074996566
c_c36487f09dc4a3432577,p0015,2024:4120620241074996568
c_c36487f09dc4a3432577,p0015,2024:4120620241074996570
c_c36487f09dc4a3432577,p0015,2024:4120620241074996572
c_c36487f09dc4a3432577,p0015,2024:4120620241074996574
c_c36487f09dc4a3432577,p0015,2024:4120620241074996576
c_c36487f09dc4a3432577,p0015,2024:4120620241074996578
c_c36487f09dc4a3432577,p0015,2024:4120620241074996580
c_c36487f09dc4a3432577,p0015,2024:4120620241074996582
c_c36487f09dc4a3432577,p0015,2024:4120620241074996584
c_c36487f09dc4a3432577,p0015,2024:4120620241074996586
c_c36487f09dc4a3432577,p0015,2024:4120620241074996588
c_c36487f09dc4a3432577,p0015,2024:4120620241074996590
c_c36487f09dc4a3432577,p0015,2024:4120620241074996592
c_c36487f09dc4a3432577,p0015,2024:4120620241074996594
c_c36487f09dc4a3432577,p0015,2024:4120620241074996596
c_c36487f09dc4a3432577,p0015,2024:4120620241074996598
c_c36487f09dc4a3432577,p0015,2024:4120620241074996600
c_c36487f09dc4a3432577,p0015,2024:4120620241074996602
c_c36487f09dc4a3432577,p0015,2024:4120620241074996604
c_c36487f09dc4a3432577,p0015,2024:4120620241074996606
c_c36487f09dc4a3432577,p0015,2024:4120620241074996608
c_c36487f09dc4a3432577,p0015,2024:4120620241074996610
c_c36487f09dc4a3432577,p0015,2024:4120620241074996612
c_c36487f09dc4a3432577,p0015,2024:4120620241074996614
c_c36487f09dc4a3432577,p0015,2024:4120620241074996616
c_c36487f09dc4a3432577,p0015,2024:4120620241074996618
c_c36487f09dc4a3432577,p0015,2024:4120620241074996620
c_c36487f09dc4a3432577,p0015,2024:4120620241074996622
c_c36487f09dc4a3432577,p0015,2024:4120620241074996624
c_c36487f09dc4a3432577,p0015,2024:4120620241074996626
c_c36487f09dc4a3432577,p0015,2024:4120620241074996628
c_c36487f09dc4a3432577,p0015,2024:4120620241074996630
c_c36487f09dc4a3432577,p0015,2024:4120620241074996632
c_c36487f09dc4a3432577,p0015,2024:4120620241074996634
c_c99e4c1e04a65f2743c2,p0004,2024:4120620241075047996
c_6f9ce1910d5bc217008c,p0012,2024:4120620241075048381
c_43263d10d8d42de66ef1,p0002,2024:4120620241075053634
c_c5b7995bf680414a0436,p0004,2024:4120620241075062278
c_5c674a62aa12b11745d8,p0003,2024:4120620241075062279
c_433597abc27c16d5e313,p0010,2024:4120620241075114178
c_ff59c0ef8d551ff6dcf0,p0017,2024:4120720231812104831
c_c99e4c1e04a65f2743c2,p0004,2024:4120820231812129093
c_458df3ce217eae5eebe8,p0012,2024:4120820231812131258
c_458df3ce217eae5eebe8,p0012,2024:4120820231812131259
c_b9c6825d43fd2209aee5,p0009,2024:4120920241075232010
c_c99e4c1e04a65f2743c2,p0004,2024:4120920241075234623
c_4d2b759b329bb58cbcfa,p0012,2024:4120920241075248113
c_b9c6825d43fd2209aee5,p0009,2024:4120920241075261859
c_dd05fcb5866322438262,p0015,2024:4120920241075277891
c_43263d10d8d42de66ef1,p0002,2024:4120920241075278640
c_b9c6825d43fd2209aee5,p0009,2024:4120920241075278758
c_dd05fcb5866322438262,p0015,2024:4120920241075279160
c_b9c6825d43fd2209aee5,p0009,2024:4120920241075279897
c_3b4e2a05f2eee8ee1cdc,p0001,2024:4120920241075308743
c_c99e4c1e04a65f2743c2,p0004,2024:4121020241075369784
c_43263d10d8d42de66ef1,p0002,2024:4121020241075415819
c_c99e4c1e04a65f2743c2,p0004,2024:4121020241075490609
c_c99e4c1e04a65f2743c2,p0004,2024:4121020241075492179
c_437ce64814c1db55ad40,p0015,2024:4121020241075493461
c_437ce64814c1db55ad40,p0015,2024:4121020241075493463
c_437ce64814c1db55ad40,p0015,2024:4121020241075493465
c_437ce64814c1db55ad40,p0015,2024:4121020241075493467
c_437ce64814c1db55ad40,p0015,2024:4121020241075493469
c_437ce64814c1db55ad40,p0015,2024:4121020241075493471
c_437ce64814c1db55ad40,p0015,2024:4121020241075493473
c_437ce64814c1db55ad40,p0015,2024:4121020241075493475
c_437ce64814c1db55ad40,p0015,2024:4121020241075493477
c_437ce64814c1db55ad40,p0015,2024:4121020241075493479
c_437ce64814c1db55ad40,p0015,2024:4121020241075493481
c_437ce64814c1db55ad40,p0015,2024:4121020241075493483
c_437ce64814c1db55ad40,p0015,2024:4121020241075493485
c_6f9ce1910d5bc217008c,p0012,2024:4121020241075503919
c_43263d10d8d42de66ef1,p0002,2024:4121020241075508165
c_43263d10d8d42de66ef1,p0002,2024:4121020241075508166
c_43263d10d8d42de66ef1,p0002,2024:4121020241075508167
c_b9c6825d43fd2209aee5,p0009,2024:4121020251298065547
c_c66c8aa0fc3efc9b439b,p0013,2024:4121120231812219693
c_c66c8aa0fc3efc9b439b,p0013,2024:4121120231812219694
c_43263d10d8d42de66ef1,p0002,2024:4121120241075601772
c_dcb61ff9a92a3152957c,p0003,2024:4121120241075602197
c_8abbdbfc3416de5eee44,p0001,2024:4121120241075615468
c_43263d10d8d42de66ef1,p0002,2024:4121120241075632470
c_b9c6825d43fd2209aee5,p0009,2024:4121120241075669595
c_b9c6825d43fd2209aee5,p0009,2024:4121120241075675885
c_b9c6825d43fd2209aee5,p0009,2024:4121120241075675886
c_b9c6825d43fd2209aee5,p0009,2024:4121120241075675887
c_f403b4b143a23ffe823d,p0013,2024:4121120241075746681
c_f403b4b143a23ffe823d,p0013,2024:4121120241075747697
c_7f6679e9b620822a4285,p0013,2024:4121120241075776433
c_3b4e2a05f2eee8ee1cdc,p0001,2024:4121220241075795001
c_3b4e2a05f2eee8ee1cdc,p0001,2024:4121220241075795010
c_3b4e2a05f2eee8ee1cdc,p0001,2024:4121220241075795011
c_3b4e2a05f2eee8ee1cdc,p0001,2024:4121220241075795012
c_20d263f44b2467388a67,p0012,2024:4121220241075847769
c_43263d10d8d42de66ef1,p0002,2024:4121220241075853362
c_5c674a62aa12b11745d8,p0003,2024:4121220241075853369
c_b9c6825d43fd2209aee5,p0009,2024:4121220241075873071
c_b9c6825d43fd2209aee5,p0009,2024:4121220241075873073
c_b9c6825d43fd2209aee5,p0009,2024:4121220241075882270
c_d517f41871cdf58faa51,p0012,2024:4121220241075936617
c_437ce64814c1db55ad40,p0015,2024:4121320241076453119
c_437ce64814c1db55ad40,p0015,2024:4121320241076453283
c_437ce64814c1db55ad40,p0015,2024:4121320241076453385
c_437ce64814c1db55ad40,p0015,2024:4121320241076453574
c_437ce64814c1db55ad40,p0015,2024:4121320241076453592
c_437ce64814c1db55ad40,p0015,2024:4121320241076455763
c_437ce64814c1db55ad40,p0015,2024:4121320241076455991
c_437ce64814c1db55ad40,p0015,2024:4121320241076456136
c_1d973e01b564fccf8f8e,p0012,2024:4121320241076456161
c_437ce64814c1db55ad40,p0015,2024:4121320241076456303
c_57d8e01958a38820d7b3,p0015,2024:4121320241076457093
c_437ce64814c1db55ad40,p0015,2024:4121320241076457991
c_437ce64814c1db55ad40,p0015,2024:4121320241076460258
c_437ce64814c1db55ad40,p0015,2024:4121320241076461668
c_437ce64814c1db55ad40,p0015,2024:4121320241076464322
c_437ce64814c1db55ad40,p0015,2024:4121320241076465787
c_437ce64814c1db55ad40,p0015,2024:4121320241076466321
c_437ce64814c1db55ad40,p0015,2024:4121320241076470079
c_437ce64814c1db55ad40,p0015,2024:4121320241076470120
c_437ce64814c1db55ad40,p0015,2024:4121320241076471399
c_437ce64814c1db55ad40,p0015,2024:4121320241076471455
c_437ce64814c1db55ad40,p0015,2024:4121320241076472749
c_57d8e01958a38820d7b3,p0015,2024:4121420231812531917
c_f77092959014ce25e554,p0017,2024:4121520231812603664
c_43263d10d8d42de66ef1,p0002,2024:4121620241076626125
c_dcb61ff9a92a3152957c,p0003,2024:4121620241076628812
c_c55394898061fb1bce11,p0007,2024:4121620241076836051
c_c55394898061fb1bce11,p0007,2024:4121620241076836053
c_72bee3b135cc84fafaa8,p0012,2024:4121620241076840159
c_72bee3b135cc84fafaa8,p0012,2024:4121620241076840161
c_72bee3b135cc84fafaa8,p0012,2024:4121620241076840163
c_72bee3b135cc84fafaa8,p0012,2024:4121620241076840165
c_72bee3b135cc84fafaa8,p0012,2024:4121620241076840167
c_72bee3b135cc84fafaa8,p0012,2024:4121620241076840169
c_72bee3b135cc84fafaa8,p0012,2024:4121620241076840171
c_72bee3b135cc84fafaa8,p0012,2024:4121620241076840173
c_72bee3b135cc84fafaa8,p0012,2024:4121620241076840175
c_bf2cca26a88544bdcd1f,p0012,2024:4121620241076840177
c_72bee3b135cc84fafaa8,p0012,2024:4121620241076840179
c_94f47d86e8b177a8c9c1,p0012,2024:4121620241076840183
c_017d0ae7321d8ca855e5,p0017,2024:4121620241076896328
c_28dd82a9ee412ddcf89b,p0012,2024:4121620241077011053
c_28dd82a9ee412ddcf89b,p0012,2024:4121620241077011054
c_28dd82a9ee412ddcf89b,p0012,2024:4121620241077011055
c_edf43d35712559a1028d,p0012,2024:4121620241077027323
c_57d8e01958a38820d7b3,p0015,2024:4121720241077103389
c_1822128dbb0e70f13b7d,p0014,2024:4121720241077164175
c_cf0c16d166a8d060e8cd,p0017,2024:4121720241077212795
c_cf0c16d166a8d060e8cd,p0017,2024:4121720241077212796
c_cf0c16d166a8d060e8cd,p0017,2024:4121720241077212797
c_cf0c16d166a8d060e8cd,p0017,2024:4121720241077212798
c_f4a775e98fda668b17f7,p0019,2024:4121720241083807279
c_f4a775e98fda668b17f7,p0019,2024:4121720241083807281
c_f4a775e98fda668b17f7,p0019,2024:4121720241083807287
c_f4a775e98fda668b17f7,p0019,2024:4121720241083807288
c_f4a775e98fda668b17f7,p0019,2024:4121720241083807289
c_f4a775e98fda668b17f7,p0019,2024:4121720241083807290
c_f4a775e98fda668b17f7,p0019,2024:4121720241083807293
c_f4a775e98fda668b17f7,p0019,2024:4121720241083807296
c_f4a775e98fda668b17f7,p0019,2024:4121720241083807299
c_f4a775e98fda668b17f7,p0019,2024:4121720241083807300
c_f4a775e98fda668b17f7,p0019,2024:4121720241083807305
c_f4a775e98fda668b17f7,p0019,2024:4121720241083807308
c_f4a775e98fda668b17f7,p0019,2024:4121720241083807310
c_f4a775e98fda668b17f7,p0019,2024:4121720241083807313
c_f4a775e98fda668b17f7,p0019,2024:4121720241083807314
c_f4a775e98fda668b17f7,p0019,2024:4121720241083807315
c_f4a775e98fda668b17f7,p0019,2024:4121720241083807319
c_f4a775e98fda668b17f7,p0019,2024:4121720241083807321
c_f4a775e98fda668b17f7,p0019,2024:4121720241083807322
c_f4a775e98fda668b17f7,p0019,2024:4121720241083807329
c_f4a775e98fda668b17f7,p0019,2024:4121720241083807331
c_f4a775e98fda668b17f7,p0019,2024:4121720241083807332
c_f4a775e98fda668b17f7,p0019,2024:4121720241083807334
c_f4a775e98fda668b17f7,p0019,2024:4121720241083807335
c_f4a775e98fda668b17f7,p0019,2024:4121720241083807338
c_f4a775e98fda668b17f7,p0019,2024:4121720241083807340
c_f4a775e98fda668b17f7,p0019,2024:4121720241083807342
c_f4a775e98fda668b17f7,p0019,2024:4121720241083807345
c_f4a775e98fda668b17f7,p0019,2024:4121720241083807346
c_f4a775e98fda668b17f7,p0019,2024:4121720241083807348
c_f4a775e98fda668b17f7,p0019,2024:4121720241083807352
c_f4a775e98fda668b17f7,p0019,2024:4121720241083807353
c_f4a775e98fda668b17f7,p0019,2024:4121720241083807356
c_1c00ab362939bb8042b3,p0017,2024:4121720241085381367
c_1c00ab362939bb8042b3,p0017,2024:4121720241085381368
c_c99e4c1e04a65f2743c2,p0004,2024:4121720241087866161
c_5c674a62aa12b11745d8,p0003,2024:4121720241088087202
c_5c674a62aa12b11745d8,p0003,2024:4121720241088087203
c_5c674a62aa12b11745d8,p0003,2024:4121720241088087204
c_5c674a62aa12b11745d8,p0003,2024:4121720241088087205
c_5c674a62aa12b11745d8,p0003,2024:4121720241088087206
c_5c674a62aa12b11745d8,p0003,2024:4121720241088087207
c_5c674a62aa12b11745d8,p0003,2024:4121720241088087208
c_1822128dbb0e70f13b7d,p0014,2024:4121720241089786052
c_faacea0cb945261ce83a,p0013,2024:4121720241095574839
c_f4f25976a895b117f450,p0012,2024:4121720241098649021
c_127816033aeca7a4cf79,p0012,2024:4121720241098649026
c_127816033aeca7a4cf79,p0012,2024:4121720241098649027
c_127816033aeca7a4cf79,p0012,2024:4121720241098649028
c_127816033aeca7a4cf79,p0012,2024:4121720241098649029
c_127816033aeca7a4cf79,p0012,2024:4121720241098649030
c_127816033aeca7a4cf79,p0012,2024:4121720241098649031
c_127816033aeca7a4cf79,p0012,2024:4121720241098649032
c_127816033aeca7a4cf79,p0012,2024:4121720241098649033
c_f4f25976a895b117f450,p0012,2024:4121720241098649036
c_f4f25976a895b117f450,p0012,2024:4121720241098649038
c_edf43d35712559a1028d,p0012,2024:4121720241098649041
c_edf43d35712559a1028d,p0012,2024:4121720241098649042
c_f4f25976a895b117f450,p0012,2024:4121720241098649044
c_f4f25976a895b117f450,p0012,2024:4121720241098649049
c_f4f25976a895b117f450,p0012,2024:4121720241098649054
c_127816033aeca7a4cf79,p0012,2024:4121720241098649060
c_edf43d35712559a1028d,p0012,2024:4121720241098649061
c_f4f25976a895b117f450,p0012,2024:4121720241098649065
c_f4f25976a895b117f450,p0012,2024:4121720241098649066
c_f4f25976a895b117f450,p0012,2024:4121720241098649068
c_f4f25976a895b117f450,p0012,2024:4121720241098649074
c_f4f25976a895b117f450,p0012,2024:4121720241098649080
c_f4f25976a895b117f450,p0012,2024:4121720241098649083
c_1189dd78c15d1d5856ad,p0004,2024:4121720241106255245
c_20d263f44b2467388a67,p0012,2024:4121820231812662580
c_20d263f44b2467388a67,p0012,2024:4121820231812662581
c_4cace8d09b215d03173e,p0017,2024:4121820231812672297
c_ff59c0ef8d551ff6dcf0,p0017,2024:4121820231812705399
c_865e960e015653e9cfd2,p0012,2024:4121820241106425537
c_865e960e015653e9cfd2,p0012,2024:4121820241106425539
c_865e960e015653e9cfd2,p0012,2024:4121820241106425541
c_335b847383ae31e6e8e8,p0012,2024:4121820241109047877
c_b9c6825d43fd2209aee5,p0009,2024:4121920231812752129
c_40acb4087a015405b5f1,p0013,2024:4121920231812758847
c_fa36c342df32d6568701,p0008,2024:4121920241109739627
c_fa36c342df32d6568701,p0008,2024:4121920241109830707
c_c3bb1061e1c3587ba003,p0013,2024:4121920241110615147
c_fa36c342df32d6568701,p0008,2024:4121920241111086759
c_b806704e477f93ed9def,p0012,2024:4121920241112440303
c_5c674a62aa12b11745d8,p0003,2024:4121920241112904168
c_9bc9b39651db25dc90c3,p0013,2024:4121920241113527730
c_9bc9b39651db25dc90c3,p0013,2024:4121920241113533421
c_31a809a60280c6866878,p0017,2024:4121920241114107176
c_31a809a60280c6866878,p0017,2024:4121920241114113302
c_005044bc4f2ddebdcd93,p0012,2024:4121920241114196687
c_b9c6825d43fd2209aee5,p0009,2024:4121920241115423013
c_7487ef42f79287fc9422,p0015,2024:4121920241124320717
c_7487ef42f79287fc9422,p0015,2024:4121920241124442512
c_7487ef42f79287fc9422,p0015,2024:4121920241124461762
c_7487ef42f79287fc9422,p0015,2024:4121920241124474465
c_6d78c941e832e66bc5f5,p0011,2024:4122020231812887324
c_97c4030d3b75d0462008,p0012,2024:4122020231812923310
c_97c4030d3b75d0462008,p0012,2024:4122020231812923311
c_9731e91f7ecfec50c1c0,p0012,2024:4122020231812924163
c_9731e91f7ecfec50c1c0,p0012,2024:4122020231812924164
c_0bfed79429b1c89cc823,p0017,2024:4122020231812974798
c_09b35a66d840670a116d,p0013,2024:4122020231812979990
c_09b35a66d840670a116d,p0013,2024:4122020231812979991
c_09b35a66d840670a116d,p0013,2024:4122020231812979992
c_ff59c0ef8d551ff6dcf0,p0017,2024:4122120231813028899
c_950982e1729fc928ad53,p0012,2024:4122120231813037945
c_950982e1729fc928ad53,p0012,2024:4122120231813038445
c_572fc5a4feaed876d197,p0017,2024:4122120231813079813
c_572fc5a4feaed876d197,p0017,2024:4122120231813079814
c_1cacfa042d1455d24a46,p0019,2024:4122220231813236108
c_17421b39064e971177c5,p0013,2024:4122220231813267765
c_c3a7b8c95399e783947e,p0007,2024:4122620241124792974
c_fa3477e641ab6b2cf2a3,p0013,2024:4122620241124806259
c_ae93e5127b9a15b2e555,p0013,2024:4122620241124806260
c_ae93e5127b9a15b2e555,p0013,2024:4122620241124806261
c_334cfd4a63bde6659374,p0013,2024:4122720241124906843
c_4d2b759b329bb58cbcfa,p0012,2024:4123020241124963333
c_c36487f09dc4a3432577,p0015,2024:4123120241125247952
c_c36487f09dc4a3432577,p0015,2024:4123120241125247953
c_c36487f09dc4a3432577,p0015,2024:4123120241125247954
c_c36487f09dc4a3432577,p0015,2024:4123120241125247955
c_c36487f09dc4a3432577,p0015,2024:4123120241125247956
c_c36487f09dc4a3432577,p0015,2024:4123120241125247957
c_c36487f09dc4a3432577,p0015,2024:4123120241125247958
c_c36487f09dc4a3432577,p0015,2024:4123120241125247959
c_c36487f09dc4a3432577,p0015,2024:4123120241125247960
c_c36487f09dc4a3432577,p0015,2024:4123120241125247961
c_c36487f09dc4a3432577,p0015,2024:4123120241125247962
c_c36487f09dc4a3432577,p0015,2024:4123120241125247963
c_c36487f09dc4a3432577,p0015,2024:4123120241125247964
c_c36487f09dc4a3432577,p0015,2024:4123120241125247965
c_c36487f09dc4a3432577,p0015,2024:4123120241125247966
c_d2184d854731bd381ac8,p0012,2026:4010520261299973099
c_8f805b8c99894bf05c9e,p0019,2026:4010720261300023033
c_cd542770a05162888085,p0013,2026:4010720261300106449
c_cd3681efd13cb3833853,p0012,2026:4010720261300152862
c_7f43962c62cea7ecf4cb,p0003,2026:4010720261300215184
c_433597abc27c16d5e313,p0010,2026:4010720261300216867
c_433597abc27c16d5e313,p0010,2026:4010720261300216868
c_5c674a62aa12b11745d8,p0003,2026:4010720261300235700
c_9c7d52884fcd0cefb2d7,p0003,2026:4010720261300238648
c_5c674a62aa12b11745d8,p0003,2026:4010720261300305253
c_5c674a62aa12b11745d8,p0003,2026:4010720261300307151
c_5c674a62aa12b11745d8,p0003,2026:4010720261300309105
c_5c674a62aa12b11745d8,p0003,2026:4010720261300309106
c_0bfed79429b1c89cc823,p0017,2026:4010720261300346078
c_9092d251bee82feafeb0,p0010,2026:4010720261300346145
c_284f76bb2a6dfd397fdc,p0013,2026:4010820261300459502
c_284f76bb2a6dfd397fdc,p0013,2026:4010820261300459503
c_0d4c39cbf7eaf9d02782,p0012,2026:4010820261300474101
c_76e8b2ac6f7d7fb25c03,p0012,2026:4010820261300484945
c_76e8b2ac6f7d7fb25c03,p0012,2026:4010820261300484946
c_76e8b2ac6f7d7fb25c03,p0012,2026:4010820261300484947
c_b9c6825d43fd2209aee5,p0009,2026:4010820261300490948
c_c45d5a6fd1f3d47d8108,p0012,2026:4010920261300628443
c_c45d5a6fd1f3d47d8108,p0012,2026:4010920261300628444
c_c99e4c1e04a65f2743c2,p0004,2026:4010920261300646740
c_c99e4c1e04a65f2743c2,p0004,2026:4010920261300677478
c_c99e4c1e04a65f2743c2,p0004,2026:4010920261300677480
c_1cacfa042d1455d24a46,p0019,2026:4010920261300694414
c_1cacfa042d1455d24a46,p0019,2026:4010920261300698298
c_3fdba6477347f59d07e7,p0010,2026:4010920261300729030
c_3fdba6477347f59d07e7,p0010,2026:4010920261300729676
c_5c674a62aa12b11745d8,p0003,2026:4010920261300742932
c_5c674a62aa12b11745d8,p0003,2026:4010920261300747184
c_140f009e028a29449a1e,p0015,2026:4011220261300862001
c_140f009e028a29449a1e,p0015,2026:4011220261300862026
c_c61d41dcfafa8e10375a,p0013,2026:4011220261300901531
c_dd05fcb5866322438262,p0015,2026:4011220261300993050
c_b9c6825d43fd2209aee5,p0009,2026:4011220261301072123
c_8f805b8c99894bf05c9e,p0019,2026:4011220261301090567
c_7167c777a6026e5eb76f,p0017,2026:4011320261301239693
c_cd3681efd13cb3833853,p0012,2026:4011320261301254070
c_7d2c897ef5cafd4e73c9,p0012,2026:4011320261301381717
c_09b35a66d840670a116d,p0013,2026:4011320261301440078
c_09b35a66d840670a116d,p0013,2026:4011320261301440079
c_97c4030d3b75d0462008,p0012,2026:4011320261301453966
c_97c4030d3b75d0462008,p0012,2026:4011320261301453967
c_97c4030d3b75d0462008,p0012,2026:4011320261301453968
c_43263d10d8d42de66ef1,p0002,2026:4011320261301455809
c_3ca089090d1c726fec8b,p0003,2026:4011320261301455815
c_ad31e218ef3f5f13c332,p0006,2026:4011320261301505493
c_ad31e218ef3f5f13c332,p0006,2026:4011320261301505494
c_d2184d854731bd381ac8,p0012,2026:4011420261301567726
c_c61d41dcfafa8e10375a,p0013,2026:4011420261301602532
c_409beec465f28b179fb1,p0012,2026:4011420261301615851
c_409beec465f28b179fb1,p0012,2026:4011420261301615852
c_d2184d854731bd381ac8,p0012,2026:4011420261301720843
c_d2184d854731bd381ac8,p0012,2026:4011420261301720844
c_7452a5905f59ae54279d,p0013,2026:4011420261301748449
c_c61d41dcfafa8e10375a,p0013,2026:4011420261301748452
c_950982e1729fc928ad53,p0012,2026:4011420261301768981
c_950982e1729fc928ad53,p0012,2026:4011420261301769386
c_c45d5a6fd1f3d47d8108,p0012,2026:4011420261301795724
c_c45d5a6fd1f3d47d8108,p0012,2026:4011420261301795725
c_1cacfa042d1455d24a46,p0019,2026:4011420261301823078
c_cd542770a05162888085,p0013,2026:4011420261301918249
c_4b64baaa01dc4eca3d70,p0002,2026:4011420261301961812
c_dcb61ff9a92a3152957c,p0003,2026:4011420261301961814
c_d2184d854731bd381ac8,p0012,2026:4011420261301968542
c_d2184d854731bd381ac8,p0012,2026:4011420261301968543
c_72bee3b135cc84fafaa8,p0012,2026:4011520261302229532
c_72bee3b135cc84fafaa8,p0012,2026:4011520261302229534
c_72bee3b135cc84fafaa8,p0012,2026:4011520261302229536
c_72bee3b135cc84fafaa8,p0012,2026:4011520261302229538
c_bf2cca26a88544bdcd1f,p0012,2026:4011520261302229540
c_72bee3b135cc84fafaa8,p0012,2026:4011520261302229542
c_334cfd4a63bde6659374,p0013,2026:4011520261302305633
c_57d8e01958a38820d7b3,p0015,2026:4011520261302322217
c_5c674a62aa12b11745d8,p0003,2026:4011520261302322980
c_72bee3b135cc84fafaa8,p0012,2026:4011520261302396250
c_72bee3b135cc84fafaa8,p0012,2026:4011520261302396252
c_bf2cca26a88544bdcd1f,p0012,2026:4011520261302396254
c_72bee3b135cc84fafaa8,p0012,2026:4011520261302396256
c_72bee3b135cc84fafaa8,p0012,2026:4011520261302396258
c_72bee3b135cc84fafaa8,p0012,2026:4011520261302396260
c_57d8e01958a38820d7b3,p0015,2026:4011520261302414837
c_57d8e01958a38820d7b3,p0015,2026:4011520261302414838
c_5c674a62aa12b11745d8,p0003,2026:4011520261302414855
c_67a89f097a09cc915e32,p0012,2026:4011520261302423070
c_9d89a86f1adef6be4051,p0013,2026:4011620261302567276
c_9d89a86f1adef6be4051,p0013,2026:4011620261302567277
c_4b4b492bbc9e784affe5,p0019,2026:4011620261302572482
c_97c4030d3b75d0462008,p0012,2026:4011720261302656048
c_97c4030d3b75d0462008,p0012,2026:4011720261302656049
c_cd542770a05162888085,p0013,2026:4011820261302685600
c_43263d10d8d42de66ef1,p0002,2026:4012020261302789407
c_5c674a62aa12b11745d8,p0003,2026:4012020261302789409
c_409beec465f28b179fb1,p0012,2026:4012020261302790756
c_409beec465f28b179fb1,p0012,2026:4012020261302790757
c_69dd66cbe024a59873ba,p0013,2026:4012020261302817868
c_69dd66cbe024a59873ba,p0013,2026:4012020261302817869
c_950982e1729fc928ad53,p0012,2026:4012120261302992542
c_950982e1729fc928ad53,p0012,2026:4012120261302992968
c_43263d10d8d42de66ef1,p0002,2026:4012120261302995720
c_dcb61ff9a92a3152957c,p0003,2026:4012120261302995722
c_4e3d7b97a5d9e4944909,p0017,2026:4012120261303052265
c_3136cabed042209ae8b3,p0003,2026:4012120261303101558
c_3136cabed042209ae8b3,p0003,2026:4012120261303101559
c_3136cabed042209ae8b3,p0003,2026:4012120261303101560
c_3136cabed042209ae8b3,p0003,2026:4012120261303101561
c_3136cabed042209ae8b3,p0003,2026:4012120261303101562
c_3136cabed042209ae8b3,p0003,2026:4012120261303101563
c_3a558418cef06cdd09ec,p0012,2026:4012220261303253237
c_eec41f720c85f9d3634d,p0012,2026:4012220261303275954
c_b9c6825d43fd2209aee5,p0009,2026:4012220261303284098
c_e33e4241ffae021efe44,p0011,2026:4012320261303340693
c_e33e4241ffae021efe44,p0011,2026:4012320261303340694
c_01ef78e760b69155f959,p0015,2026:4012320261303341306
c_01ef78e760b69155f959,p0015,2026:4012320261303341307
c_4b64baaa01dc4eca3d70,p0002,2026:4012620261303460573
c_5c674a62aa12b11745d8,p0003,2026:4012620261303460575
c_dcb61ff9a92a3152957c,p0003,2026:4012620261303634313
c_1822128dbb0e70f13b7d,p0014,2026:4012720261303725561
c_8d34198e6b21589f79bf,p0012,2026:4012720261303731237
c_8f66f5c61abea3672ee5,p0002,2026:4012720261303732715
c_5c838b0926d30466bfe1,p0003,2026:4012720261303732731
c_c3a7b8c95399e783947e,p0007,2026:4012720261303778837
c_5fc5242c9b8edbe6edf2,p0003,2026:4012720261303789951
c_dd05fcb5866322438262,p0015,2026:4012720261303830630
c_5c674a62aa12b11745d8,p0003,2026:4012820261303928761
c_7dce0291ee0e3586a06a,p0012,2026:4012820261303932823
c_93614b10be574755f74e,p0013,2026:4012820261303991627
c_93614b10be574755f74e,p0013,2026:4012820261303991628
c_93614b10be574755f74e,p0013,2026:4012820261303991629
c_93614b10be574755f74e,p0013,2026:4012820261303991630
c_93614b10be574755f74e,p0013,2026:4012820261303991631
c_93614b10be574755f74e,p0013,2026:4012820261303991632
c_93614b10be574755f74e,p0013,2026:4012820261303991633
c_93614b10be574755f74e,p0013,2026:4012820261303991634
c_93614b10be574755f74e,p0013,2026:4012820261303991635
c_93614b10be574755f74e,p0013,2026:4012820261303991636
c_93614b10be574755f74e,p0013,2026:4012820261303991637
c_93614b10be574755f74e,p0013,2026:4012820261303991638
c_93614b10be574755f74e,p0013,2026:4012820261303991639
c_c45d5a6fd1f3d47d8108,p0012,2026:4012820261304001145
c_c45d5a6fd1f3d47d8108,p0012,2026:4012820261304001146
c_c45d5a6fd1f3d47d8108,p0012,2026:4012820261304001147
c_1cacfa042d1455d24a46,p0019,2026:4012820261304005804
c_cf0c16d166a8d060e8cd,p0017,2026:4012820261304018756
c_cf0c16d166a8d060e8cd,p0017,2026:4012820261304018757
c_cf0c16d166a8d060e8cd,p0017,2026:4012820261304018758
c_cf0c16d166a8d060e8cd,p0017,2026:4012820261304018759
c_cf0c16d166a8d060e8cd,p0017,2026:4012820261304018760
c_cf0c16d166a8d060e8cd,p0017,2026:4012820261304018761
c_334cfd4a63bde6659374,p0013,2026:4012920261304112725
c_43263d10d8d42de66ef1,p0002,2026:4012920261304129412
c_5c674a62aa12b11745d8,p0003,2026:4012920261304129414
c_901624a705dc2b59b73c,p0019,2026:4012920261304133062
c_4e965f98e7e4e73d4cc0,p0007,2026:4020120261304495125
c_46e09f740376e59b9c37,p0017,2026:4020120261304495888
c_67a89f097a09cc915e32,p0012,2026:4020420261304571545
c_4b64baaa01dc4eca3d70,p0002,2026:4020420261304588256
c_dcb61ff9a92a3152957c,p0003,2026:4020420261304588259
c_43263d10d8d42de66ef1,p0002,2026:4020420261304588286
c_5c674a62aa12b11745d8,p0003,2026:4020420261304588300
c_6d78c941e832e66bc5f5,p0011,2026:4020420261304588305
c_ff3c061d426e3231dc54,p0013,2026:4020420261304625464
c_ff3c061d426e3231dc54,p0013,2026:4020420261304625465
c_ff3c061d426e3231dc54,p0013,2026:4020420261304625466
c_43263d10d8d42de66ef1,p0002,2026:4020920261304845450
c_dcb61ff9a92a3152957c,p0003,2026:4020920261304845453
c_87a30b378f23fbf058df,p0013,2026:4021020261305448431
c_4e965f98e7e4e73d4cc0,p0007,2026:4021020261305480133
c_46e09f740376e59b9c37,p0017,2026:4021020261305480989
c_b9c6825d43fd2209aee5,p0009,2026:4021020261305507910
c_1cacfa042d1455d24a46,p0019,2026:4021020261305523653
c_69dd66cbe024a59873ba,p0013,2026:4021020261305571225
c_69dd66cbe024a59873ba,p0013,2026:4021020261305571226
c_72bee3b135cc84fafaa8,p0012,2026:4021020261305657884
c_72bee3b135cc84fafaa8,p0012,2026:4021020261305657886
c_72bee3b135cc84fafaa8,p0012,2026:4021020261305657888
c_72bee3b135cc84fafaa8,p0012,2026:4021020261305657890
c_bf2cca26a88544bdcd1f,p0012,2026:4021020261305657892
c_72bee3b135cc84fafaa8,p0012,2026:4021020261305657894
c_46e09f740376e59b9c37,p0017,2026:4021020261305710702
c_4e965f98e7e4e73d4cc0,p0007,2026:4021020261305718341
c_43263d10d8d42de66ef1,p0002,2026:4021020261305781932
c_dcb61ff9a92a3152957c,p0003,2026:4021020261305781936
c_710a8c31b4a5e6923463,p0013,2026:4021020261305782156
c_433597abc27c16d5e313,p0010,2026:4021120261305828017
c_dd05fcb5866322438262,p0015,2026:4021220261307949091
c_c5b7995bf680414a0436,p0004,2026:4021220261307949095
c_dd05fcb5866322438262,p0015,2026:4021220261307949106
c_c5b7995bf680414a0436,p0004,2026:4021220261307949108
c_433597abc27c16d5e313,p0010,2026:4021220261308083257
c_cd542770a05162888085,p0013,2026:4021220261308133710
c_dd05fcb5866322438262,p0015,2026:4021220261308171575
c_b05fb31d3b8cc52fa1e0,p0015,2026:4021320261308395570
c_b05fb31d3b8cc52fa1e0,p0015,2026:4021320261308405186
c_c61d41dcfafa8e10375a,p0013,2026:4021320261308590790
c_c61d41dcfafa8e10375a,p0013,2026:4021320261308600628
c_1cacfa042d1455d24a46,p0019,2026:4021820261308941652
c_1cacfa042d1455d24a46,p0019,2026:4021820261308950979
c_1cacfa042d1455d24a46,p0019,2026:4021820261308960360
c_1cacfa042d1455d24a46,p0019,2026:4021820261308969748
c_1cacfa042d1455d24a46,p0019,2026:4021820261308978772
c_1cacfa042d1455d24a46,p0019,2026:4021820261308986552
c_43263d10d8d42de66ef1,p0002,2026:4021920261309041006
c_cefdcb0f4ea440898e65,p0012,2026:4022020261309553146
c_b9c6825d43fd2209aee5,p0009,2026:4022020261309562216
c_4b64baaa01dc4eca3d70,p0002,2026:4022020261309567754
c_5c674a62aa12b11745d8,p0003,2026:4022020261309567769
c_1cacfa042d1455d24a46,p0019,2026:4022320261311156290
c_1cacfa042d1455d24a46,p0019,2026:4022320261311156388
c_1cacfa042d1455d24a46,p0019,2026:4022320261311156465
c_1cacfa042d1455d24a46,p0019,2026:4022320261311156540
c_1cacfa042d1455d24a46,p0019,2026:4022320261311156625
c_1cacfa042d1455d24a46,p0019,2026:4022320261311156695
c_97c4030d3b75d0462008,p0012,2026:4022320261311165121
c_97c4030d3b75d0462008,p0012,2026:4022320261311165122
c_1c00ab362939bb8042b3,p0017,2026:4022320261311694520
c_1c00ab362939bb8042b3,p0017,2026:4022320261311694522
c_57d8e01958a38820d7b3,p0015,2026:4022420251178344769
c_57d8e01958a38820d7b3,p0015,2026:4022420251178344770
c_57d8e01958a38820d7b3,p0015,2026:4022420251178344771
c_57d8e01958a38820d7b3,p0015,2026:4022420251178344772
c_57d8e01958a38820d7b3,p0015,2026:4022420251178346787
c_57d8e01958a38820d7b3,p0015,2026:4022420251178346788
c_3fdba6477347f59d07e7,p0010,2026:4022420261311842774
c_4e965f98e7e4e73d4cc0,p0007,2026:4022420261311881730
c_46e09f740376e59b9c37,p0017,2026:4022420261311882345
c_4e965f98e7e4e73d4cc0,p0007,2026:4022420261312044664
c_46e09f740376e59b9c37,p0017,2026:4022420261312045492
c_87a30b378f23fbf058df,p0013,2026:4022420261312074698
c_4e965f98e7e4e73d4cc0,p0007,2026:4022420261312094834
c_46e09f740376e59b9c37,p0017,2026:4022420261312095769
c_4e965f98e7e4e73d4cc0,p0007,2026:4022420261312219160
c_46e09f740376e59b9c37,p0017,2026:4022420261312220028
c_1cacfa042d1455d24a46,p0019,2026:4022420261312239108
c_1cacfa042d1455d24a46,p0019,2026:4022420261312244104
c_1cacfa042d1455d24a46,p0019,2026:4022420261312255056
c_1cacfa042d1455d24a46,p0019,2026:4022420261312260000
c_1cacfa042d1455d24a46,p0019,2026:4022420261312270265
c_1cacfa042d1455d24a46,p0019,2026:4022420261312279310
c_1cacfa042d1455d24a46,p0019,2026:4022420261312279311
c_1cacfa042d1455d24a46,p0019,2026:4022420261312290121
c_1cacfa042d1455d24a46,p0019,2026:4022420261312298149
c_c99e4c1e04a65f2743c2,p0004,2026:4022420261312410056
c_0414e8dce7a1828d7a68,p0015,2026:4022420261312422655
c_c3a7b8c95399e783947e,p0007,2026:4022420261312427768
c_1cacfa042d1455d24a46,p0019,2026:4022420261312520014
c_1cacfa042d1455d24a46,p0019,2026:4022420261312525554
c_1cacfa042d1455d24a46,p0019,2026:4022420261312526886
c_749bd723a33cee824a04,p0012,2026:4022420261312532088
c_749bd723a33cee824a04,p0012,2026:4022420261312536969
c_749bd723a33cee824a04,p0012,2026:4022420261312537195
c_749bd723a33cee824a04,p0012,2026:4022420261312537558
c_749bd723a33cee824a04,p0012,2026:4022420261312545511
c_749bd723a33cee824a04,p0012,2026:4022420261312545650
c_749bd723a33cee824a04,p0012,2026:4022420261312551857
c_749bd723a33cee824a04,p0012,2026:4022420261312556990
c_749bd723a33cee824a04,p0012,2026:4022420261312561245
c_749bd723a33cee824a04,p0012,2026:4022420261312571839
c_749bd723a33cee824a04,p0012,2026:4022420261312573340
c_749bd723a33cee824a04,p0012,2026:4022420261312574775
c_4e3d7b97a5d9e4944909,p0017,2026:4022420261312591882
c_950982e1729fc928ad53,p0012,2026:4022520261358959904
c_950982e1729fc928ad53,p0012,2026:4022520261358960337
c_57d8e01958a38820d7b3,p0015,2026:4022520261359007055
c_dd05fcb5866322438262,p0015,2026:4022520261359021053
c_b9c6825d43fd2209aee5,p0009,2026:4022520261359023024
c_409beec465f28b179fb1,p0012,2026:4022520261359034124
c_409beec465f28b179fb1,p0012,2026:4022520261359034125
c_5c674a62aa12b11745d8,p0003,2026:4022520261359037571
c_ba311ac8533b0668af49,p0019,2026:4022520261359056559
c_3fdba6477347f59d07e7,p0010,2026:4022520261359057035
c_b9c6825d43fd2209aee5,p0009,2026:4022520261359164106
c_8333860d441128d96f43,p0002,2026:4022520261359182116
c_18687d96ce344d8db794,p0003,2026:4022520261359182137
c_140f009e028a29449a1e,p0015,2026:4022520261359183076
c_41645df146712ff21625,p0009,2026:4022520261359197347
c_57d8e01958a38820d7b3,p0015,2026:4022620261359280341
c_1822128dbb0e70f13b7d,p0014,2026:4022620261359282489
c_6d78c941e832e66bc5f5,p0011,2026:4022620261359291215
c_3f565dc57a11191b929b,p0003,2026:4022620261359325154
c_3f565dc57a11191b929b,p0003,2026:4022620261359344223
c_dcb61ff9a92a3152957c,p0003,2026:4022620261359368685
c_4b64baaa01dc4eca3d70,p0002,2026:4022620261359368690
c_894542e5a0b84b022698,p0017,2026:4022720261359641384
c_3c31843c73f7c30dd119,p0016,2026:4022720261359642256
c_57d8e01958a38820d7b3,p0015,2026:4022720261359728904
c_c99e4c1e04a65f2743c2,p0004,2026:4022720261359728928
c_57d8e01958a38820d7b3,p0015,2026:4022720261359793092
c_57d8e01958a38820d7b3,p0015,2026:4022720261359793093
c_ef3a9355c89b3cd82ea4,p0015,2026:4022720261359868119
c_1c00ab362939bb8042b3,p0017,2026:4022820261359991915
c_1c00ab362939bb8042b3,p0017,2026:4022820261359991917
c_1c00ab362939bb8042b3,p0017,2026:4022820261359991919
c_1c00ab362939bb8042b3,p0017,2026:4022820261360021660
c_1c00ab362939bb8042b3,p0017,2026:4022820261360021662
c_4b64baaa01dc4eca3d70,p0002,2026:4030120261360203849
c_43263d10d8d42de66ef1,p0002,2026:4030120261360205679
c_5c674a62aa12b11745d8,p0003,2026:4030120261360209476
c_4b64baaa01dc4eca3d70,p0002,2026:4030120261360228789
c_dcb61ff9a92a3152957c,p0003,2026:4030120261360228791
c_87a30b378f23fbf058df,p0013,2026:4030120261360265678
c_1c00ab362939bb8042b3,p0017,2026:4030120261360391695
c_1c00ab362939bb8042b3,p0017,2026:4030120261360391697
c_1c00ab362939bb8042b3,p0017,2026:4030120261360391699
c_1c00ab362939bb8042b3,p0017,2026:4030120261360406595
c_1c00ab362939bb8042b3,p0017,2026:4030120261360406597
c_1c00ab362939bb8042b3,p0017,2026:4030120261360406599
c_1c00ab362939bb8042b3,p0017,2026:4030120261360406601
c_1c00ab362939bb8042b3,p0017,2026:4030120261360406603
c_1c00ab362939bb8042b3,p0017,2026:4030120261360406605
c_d2add8e8e44618bef589,p0009,2026:4030120261360430370
c_d2add8e8e44618bef589,p0009,2026:4030120261360430443
c_1c00ab362939bb8042b3,p0017,2026:4030220261360460891
c_1c00ab362939bb8042b3,p0017,2026:4030220261360460893
c_1c00ab362939bb8042b3,p0017,2026:4030220261360474924
c_1c00ab362939bb8042b3,p0017,2026:4030220261360474926
c_1c00ab362939bb8042b3,p0017,2026:4030220261360474928
c_1c00ab362939bb8042b3,p0017,2026:4030220261360474930
c_1c00ab362939bb8042b3,p0017,2026:4030220261360474932
c_c0e269b9ba20b2de8232,p0004,2026:4030220261360498941
c_5c674a62aa12b11745d8,p0003,2026:4030220261360501179
c_43263d10d8d42de66ef1,p0002,2026:4030220261360520373
c_43263d10d8d42de66ef1,p0002,2026:4030220261360520374
c_5c674a62aa12b11745d8,p0003,2026:4030220261360520380
c_5c674a62aa12b11745d8,p0003,2026:4030220261360520381
c_c99e4c1e04a65f2743c2,p0004,2026:4030220261360753552
c_c99e4c1e04a65f2743c2,p0004,2026:4030220261360753554
c_6d78c941e832e66bc5f5,p0011,2026:4030220261362127022
c_0a295c204e338bd50bff,p0012,2026:4030220261362952053
c_76e8b2ac6f7d7fb25c03,p0012,2026:4030220261363776086
c_0f1f65463c319e118a2d,p0013,2026:4030220261363912062
c_6d78c941e832e66bc5f5,p0011,2026:4030220261364301942
c_6d78c941e832e66bc5f5,p0011,2026:4030220261364783309
c_8756c7efcdd7b4ae447e,p0012,2026:4030220261366109741
c_0f1f65463c319e118a2d,p0013,2026:4030220261366676272
c_1591be5e8178142e9efe,p0018,2026:4030220261366845440
c_b9c6825d43fd2209aee5,p0009,2026:4030220261367530556
c_f926e34e381620c17dd1,p0017,2026:4030220261368333120
c_0f1f65463c319e118a2d,p0013,2026:4030220261368909330
c_f926e34e381620c17dd1,p0017,2026:4030220261369188510
c_f926e34e381620c17dd1,p0017,2026:4030220261369653041
c_87a30b378f23fbf058df,p0013,2026:4030220261369935023
c_f926e34e381620c17dd1,p0017,2026:4030220261370003566
c_f926e34e381620c17dd1,p0017,2026:4030220261370409675
c_6d78c941e832e66bc5f5,p0011,2026:4030220261370594675
c_0f1f65463c319e118a2d,p0013,2026:4030220261371409923
c_87a30b378f23fbf058df,p0013,2026:4030220261372038446
c_b9c6825d43fd2209aee5,p0009,2026:4030220261372957576
c_f926e34e381620c17dd1,p0017,2026:4030220261373003995
c_6d78c941e832e66bc5f5,p0011,2026:4030220261373397831
c_0f1f65463c319e118a2d,p0013,2026:4030220261373463941
c_6d78c941e832e66bc5f5,p0011,2026:4030220261373586370
c_dd05fcb5866322438262,p0015,2026:4030320261385687172
c_dd05fcb5866322438262,p0015,2026:4030320261385687583
c_43263d10d8d42de66ef1,p0002,2026:4030320261385695074
c_3ca089090d1c726fec8b,p0003,2026:4030320261385702064
c_c99e4c1e04a65f2743c2,p0004,2026:4030320261385714246
c_43263d10d8d42de66ef1,p0002,2026:4030320261385714293
c_dcb61ff9a92a3152957c,p0003,2026:4030320261385714295
c_43263d10d8d42de66ef1,p0002,2026:4030320261385740124
c_43263d10d8d42de66ef1,p0002,2026:4030320261385740125
c_43263d10d8d42de66ef1,p0002,2026:4030320261385740126
c_dcb61ff9a92a3152957c,p0003,2026:4030320261385740219
c_dcb61ff9a92a3152957c,p0003,2026:4030320261385740220
c_dcb61ff9a92a3152957c,p0003,2026:4030320261385740221
c_5c674a62aa12b11745d8,p0003,2026:4030320261385925941
c_edff13caa61075e2d07b,p0015,2026:4030320261385972002
c_e49a9ca92cbe99ff85a0,p0007,2026:4030320261385972030
c_6d78c941e832e66bc5f5,p0011,2026:4030420261386019028
c_57d8e01958a38820d7b3,p0015,2026:4030420261386043463
c_1c00ab362939bb8042b3,p0017,2026:4030420261386057706
c_1c00ab362939bb8042b3,p0017,2026:4030420261386057708
c_43263d10d8d42de66ef1,p0002,2026:4030420261386079636
c_5c674a62aa12b11745d8,p0003,2026:4030420261386079637
c_dd05fcb5866322438262,p0015,2026:4030420261386080924
c_c5b7995bf680414a0436,p0004,2026:4030420261386103917
c_4b64baaa01dc4eca3d70,p0002,2026:4030420261386103982
c_dcb61ff9a92a3152957c,p0003,2026:4030420261386103983
c_dd05fcb5866322438262,p0015,2026:4030420261386103989
c_433597abc27c16d5e313,p0010,2026:4030420261386107051
c_5c674a62aa12b11745d8,p0003,2026:4030420261386107195
c_43263d10d8d42de66ef1,p0002,2026:4030420261386107196
c_5c674a62aa12b11745d8,p0003,2026:4030420261390005987
c_5c674a62aa12b11745d8,p0003,2026:4030420261390155319
c_5c674a62aa12b11745d8,p0003,2026:4030420261390301407
c_b9c6825d43fd2209aee5,p0009,2026:4030420261390417367
c_b9c6825d43fd2209aee5,p0009,2026:4030420261390432185
c_b9c6825d43fd2209aee5,p0009,2026:4030420261390458200
c_b9c6825d43fd2209aee5,p0009,2026:4030420261390485111
c_b9c6825d43fd2209aee5,p0009,2026:4030420261390562340
c_b9c6825d43fd2209aee5,p0009,2026:4030420261390612635
c_b9c6825d43fd2209aee5,p0009,2026:4030420261390632143
c_b9c6825d43fd2209aee5,p0009,2026:4030420261390678385
c_b9c6825d43fd2209aee5,p0009,2026:4030420261390704316
c_b9c6825d43fd2209aee5,p0009,2026:4030420261390767508
c_b9c6825d43fd2209aee5,p0009,2026:4030420261390809080
c_b9c6825d43fd2209aee5,p0009,2026:4030420261390820787
c_b9c6825d43fd2209aee5,p0009,2026:4030420261390834059
c_b9c6825d43fd2209aee5,p0009,2026:4030420261390879493
c_b9c6825d43fd2209aee5,p0009,2026:4030420261390931447
c_b9c6825d43fd2209aee5,p0009,2026:4030420261390951456
c_b9c6825d43fd2209aee5,p0009,2026:4030420261391054075
c_b9c6825d43fd2209aee5,p0009,2026:4030420261391080724
c_b9c6825d43fd2209aee5,p0009,2026:4030420261391139131
c_b9c6825d43fd2209aee5,p0009,2026:4030420261391147066
c_b9c6825d43fd2209aee5,p0009,2026:4030420261391149708
c_b9c6825d43fd2209aee5,p0009,2026:4030420261391157747
c_b9c6825d43fd2209aee5,p0009,2026:4030420261391170186
c_b9c6825d43fd2209aee5,p0009,2026:4030420261391225279
c_b9c6825d43fd2209aee5,p0009,2026:4030420261391298043
c_b9c6825d43fd2209aee5,p0009,2026:4030420261391320058
c_b9c6825d43fd2209aee5,p0009,2026:4030420261391325101
c_b9c6825d43fd2209aee5,p0009,2026:4030420261391326546
c_6d78c941e832e66bc5f5,p0011,2026:4030420261391600432
c_eb5f4b964135272e086d,p0008,2026:4030420261391783923
c_3b4e2a05f2eee8ee1cdc,p0001,2026:4030420261391824162
c_eb5f4b964135272e086d,p0008,2026:4030420261391829916
c_3b4e2a05f2eee8ee1cdc,p0001,2026:4030420261391842246
c_3b4e2a05f2eee8ee1cdc,p0001,2026:4030420261391848046
c_3b4e2a05f2eee8ee1cdc,p0001,2026:4030420261391969804
c_3b4e2a05f2eee8ee1cdc,p0001,2026:4030420261392001514
c_eb5f4b964135272e086d,p0008,2026:4030420261392094165
c_eb5f4b964135272e086d,p0008,2026:4030420261392137046
c_3b4e2a05f2eee8ee1cdc,p0001,2026:4030420261392210054
c_3b4e2a05f2eee8ee1cdc,p0001,2026:4030420261392212210
c_3b4e2a05f2eee8ee1cdc,p0001,2026:4030420261392220022
c_3b4e2a05f2eee8ee1cdc,p0001,2026:4030420261392244822
c_3b4e2a05f2eee8ee1cdc,p0001,2026:4030420261392258721
c_b9c6825d43fd2209aee5,p0009,2026:4030420261392260825
c_3b4e2a05f2eee8ee1cdc,p0001,2026:4030420261392269347
c_3b4e2a05f2eee8ee1cdc,p0001,2026:4030420261392294234
c_b9c6825d43fd2209aee5,p0009,2026:4030420261392298152
c_3b4e2a05f2eee8ee1cdc,p0001,2026:4030420261392328731
c_3b4e2a05f2eee8ee1cdc,p0001,2026:4030420261392351366
c_b9c6825d43fd2209aee5,p0009,2026:4030420261392353489
c_b9c6825d43fd2209aee5,p0009,2026:4030420261392418894
c_3b4e2a05f2eee8ee1cdc,p0001,2026:4030420261392429042
c_3b4e2a05f2eee8ee1cdc,p0001,2026:4030420261392506269
c_b9c6825d43fd2209aee5,p0009,2026:4030420261392593951
c_5c674a62aa12b11745d8,p0003,2026:4030420261392647779
c_5c674a62aa12b11745d8,p0003,2026:4030420261392657905
c_b9c6825d43fd2209aee5,p0009,2026:4030420261392663806
c_b9c6825d43fd2209aee5,p0009,2026:4030420261392667494
c_b9c6825d43fd2209aee5,p0009,2026:4030420261392686532
c_b9c6825d43fd2209aee5,p0009,2026:4030420261392746250
c_b9c6825d43fd2209aee5,p0009,2026:4030420261392765533
c_5c674a62aa12b11745d8,p0003,2026:4030420261392828912
c_eb5f4b964135272e086d,p0008,2026:4030420261392927012
c_b9c6825d43fd2209aee5,p0009,2026:4030420261393086872
c_b9c6825d43fd2209aee5,p0009,2026:4030420261393485332
c_b9c6825d43fd2209aee5,p0009,2026:4030420261395294223
c_87a30b378f23fbf058df,p0013,2026:4030420261396280612
c_b9c6825d43fd2209aee5,p0009,2026:4030420261397085420
c_b9c6825d43fd2209aee5,p0009,2026:4030420261399483180
c_b9c6825d43fd2209aee5,p0009,2026:4030420261399526002
c_bf6fcd5ff63bf7c72f75,p0019,2026:4030520261411242025
c_bf6fcd5ff63bf7c72f75,p0019,2026:4030520261411242026
c_bf6fcd5ff63bf7c72f75,p0019,2026:4030520261411242027
c_1822128dbb0e70f13b7d,p0014,2026:4030520261411244124
c_6d78c941e832e66bc5f5,p0011,2026:4030520261411248239
c_c55394898061fb1bce11,p0007,2026:4030520261411305045
c_dcb61ff9a92a3152957c,p0003,2026:4030520261411354799
c_dcb61ff9a92a3152957c,p0003,2026:4030520261411356286
c_2eb0926ad4a9823dcbb0,p0007,2026:4030520261411358585
c_9092d251bee82feafeb0,p0010,2026:4030520261411415759
c_79d82a83c0673ddaf64b,p0011,2026:4030520261411415775
c_41645df146712ff21625,p0009,2026:4030520261411415778
c_b9a5e7e193ecf8972f61,p0001,2026:4030520261411418403
c_ff679f50e36719296940,p0007,2026:4030620261411453137
c_62d24496f273eeca3de6,p0020,2026:4030620261411469858
c_62d24496f273eeca3de6,p0020,2026:4030620261411469860
c_43263d10d8d42de66ef1,p0002,2026:4030920261411588317
c_43263d10d8d42de66ef1,p0002,2026:4030920261411588318
c_dcb61ff9a92a3152957c,p0003,2026:4030920261411588390
c_dcb61ff9a92a3152957c,p0003,2026:4030920261411588391
c_16e11d14570a45a07938,p0007,2026:4030920261417926899
c_5c674a62aa12b11745d8,p0003,2026:4030920261419935161
c_5c674a62aa12b11745d8,p0003,2026:4030920261419935162
c_5c674a62aa12b11745d8,p0003,2026:4031020261420534349
c_6d78c941e832e66bc5f5,p0011,2026:4031020261420555112
c_ff679f50e36719296940,p0007,2026:4031020261420574713
c_57d8e01958a38820d7b3,p0015,2026:4031020261420655895
c_57d8e01958a38820d7b3,p0015,2026:4031020261420656072
c_8ee7127ec0557e56d635,p0006,2026:4031020261420659763
c_8ee7127ec0557e56d635,p0006,2026:4031020261420659764
c_1c00ab362939bb8042b3,p0017,2026:4031020261420668399
c_c55394898061fb1bce11,p0007,2026:4031120261420896171
c_c55394898061fb1bce11,p0007,2026:4031120261420896173
c_3b4e2a05f2eee8ee1cdc,p0001,2026:4031220261421087755
c_3b4e2a05f2eee8ee1cdc,p0001,2026:4031220261421093476
c_3b4e2a05f2eee8ee1cdc,p0001,2026:4031220261421093477
c_3b4e2a05f2eee8ee1cdc,p0001,2026:4031220261421093479
c_3b4e2a05f2eee8ee1cdc,p0001,2026:4031220261421093481
c_3b4e2a05f2eee8ee1cdc,p0001,2026:4031220261421093483
c_c99e4c1e04a65f2743c2,p0004,2026:4031220261421097928
c_18316ee9bbb438c97bfc,p0003,2026:4031220261421107674
c_03ba22d51cc1a080ff3b,p0010,2026:4031220261421140774
c_22e9f26ccfbf5553797d,p0012,2026:4031220261421150897
c_43263d10d8d42de66ef1,p0002,2026:4031320261423297004
c_43263d10d8d42de66ef1,p0002,2026:4031320261423297005
c_5c674a62aa12b11745d8,p0003,2026:4031320261423297016
c_5c674a62aa12b11745d8,p0003,2026:4031320261423297017
c_3136cabed042209ae8b3,p0003,2026:4031320261423339560
c_f926e34e381620c17dd1,p0017,2026:4031320261423346070
c_c3a7b8c95399e783947e,p0007,2026:4031620261423513650
c_3136cabed042209ae8b3,p0003,2026:4031620261423572494
c_1cacfa042d1455d24a46,p0019,2026:4031620261423598158
c_8f805b8c99894bf05c9e,p0019,2026:4031620261423621486
c_0e23ab4f855fffa4095e,p0007,2026:4031620261423688754
c_c45d5a6fd1f3d47d8108,p0012,2026:4031720251180261718
c_c3bb1061e1c3587ba003,p0013,2026:4031720261423873162
c_9d89a86f1adef6be4051,p0013,2026:4031720261423876737
c_9d89a86f1adef6be4051,p0013,2026:4031720261423876738
c_c3bb1061e1c3587ba003,p0013,2026:4031720261423894053
c_b9c6825d43fd2209aee5,p0009,2026:4031720261423908036
c_7b29ab5a87215a17969c,p0013,2026:4031820261424049796
c_7b29ab5a87215a17969c,p0013,2026:4031820261424049797
c_43263d10d8d42de66ef1,p0002,2026:4031920251180349557
c_5c674a62aa12b11745d8,p0003,2026:4031920251180349563
c_c5b7995bf680414a0436,p0004,2026:4031920261424751938
c_c5b7995bf680414a0436,p0004,2026:4031920261424751987
c_4b64baaa01dc4eca3d70,p0002,2026:4032320261424905020
c_dcb61ff9a92a3152957c,p0003,2026:4032320261424905590
c_4b64baaa01dc4eca3d70,p0002,2026:4032320261425006546
c_dcb61ff9a92a3152957c,p0003,2026:4032320261425006556
c_e33e4241ffae021efe44,p0011,2026:4032320261425022998
c_e33e4241ffae021efe44,p0011,2026:4032320261425058773
c_43263d10d8d42de66ef1,p0002,2026:4032420251180889745
c_dcb61ff9a92a3152957c,p0003,2026:4032420251180890089
c_72bee3b135cc84fafaa8,p0012,2026:4032420251180904858
c_72bee3b135cc84fafaa8,p0012,2026:4032420251180904860
c_72bee3b135cc84fafaa8,p0012,2026:4032420251180904862
c_72bee3b135cc84fafaa8,p0012,2026:4032420251180904864
c_4b64baaa01dc4eca3d70,p0002,2026:4032420251181180418
c_dcb61ff9a92a3152957c,p0003,2026:4032420251181180714
c_57d8e01958a38820d7b3,p0015,2026:4032420261425199642
c_57d8e01958a38820d7b3,p0015,2026:4032420261425235204
c_5c674a62aa12b11745d8,p0003,2026:4032420261425235551
c_c55394898061fb1bce11,p0007,2026:4032420261425253163
c_72bee3b135cc84fafaa8,p0012,2026:4032420261425253477
c_72bee3b135cc84fafaa8,p0012,2026:4032420261425253479
c_72bee3b135cc84fafaa8,p0012,2026:4032420261425253481
c_72bee3b135cc84fafaa8,p0012,2026:4032420261425253483
c_57d8e01958a38820d7b3,p0015,2026:4032420261425258115
c_57d8e01958a38820d7b3,p0015,2026:4032420261425258116
c_5c674a62aa12b11745d8,p0003,2026:4032520261425460152
c_34f8c4482acbcd3eea9d,p0017,2026:4032620261427506026
c_16e11d14570a45a07938,p0007,2026:4032620261431496586
c_16e11d14570a45a07938,p0007,2026:4032620261431496591
c_62d24496f273eeca3de6,p0020,2026:4032620261431538196
c_73c345a36c2005a0af3d,p0012,2026:4032620261431634417
c_f8aa0ed50bda94b54e87,p0012,2026:4032620261431634431
c_f8aa0ed50bda94b54e87,p0012,2026:4032620261431634432
c_fea535f599b1b3cb8d57,p0012,2026:4032620261431634433
c_5c420e2b74b4d54e24fd,p0012,2026:4032620261431634445
c_3abe3c748788da6047cf,p0008,2026:4033020261434670904
c_f8aa0ed50bda94b54e87,p0012,2026:4033120261434791948
c_c0e269b9ba20b2de8232,p0004,2026:4033120261434797287
c_c2e797b31f2c87a94fdf,p0015,2026:4033120261434798610
c_ff679f50e36719296940,p0007,2026:4033120261434804305
c_ff679f50e36719296940,p0007,2026:4033120261434804313
c_3136cabed042209ae8b3,p0003,2026:4040120261434876923
c_57d8e01958a38820d7b3,p0015,2026:4040120261434885669
c_57d8e01958a38820d7b3,p0015,2026:4040120261434885671
c_0e23ab4f855fffa4095e,p0007,2026:4040120261434885674
c_b9c6825d43fd2209aee5,p0009,2026:4040620251183273035
c_1c00ab362939bb8042b3,p0017,2026:4040620261435083971
c_1c00ab362939bb8042b3,p0017,2026:4040620261435108872
c_140f009e028a29449a1e,p0015,2026:4040620261435110092
c_1c00ab362939bb8042b3,p0017,2026:4040620261435131747
c_140f009e028a29449a1e,p0015,2026:4040620261435135440
c_140f009e028a29449a1e,p0015,2026:4040620261435136217
c_140f009e028a29449a1e,p0015,2026:4040620261435136618
c_1822128dbb0e70f13b7d,p0014,2026:4040620261435136625
c_433597abc27c16d5e313,p0010,2026:4040720251183312283
c_b9c6825d43fd2209aee5,p0009,2026:4040920261435352131
c_eb5f4b964135272e086d,p0008,2026:4040920261435422730
c_b9c6825d43fd2209aee5,p0009,2026:4040920261435432412
c_3b4e2a05f2eee8ee1cdc,p0001,2026:4041020251183601424
c_3b4e2a05f2eee8ee1cdc,p0001,2026:4041020251183601425
c_3b4e2a05f2eee8ee1cdc,p0001,2026:4041020251183601426
c_433597abc27c16d5e313,p0010,2026:4041120251183644585
c_433597abc27c16d5e313,p0010,2026:4041120251183644586
c_b9c6825d43fd2209aee5,p0009,2026:4041120251183644588
c_3b4e2a05f2eee8ee1cdc,p0001,2026:4041120251183905270
c_3b4e2a05f2eee8ee1cdc,p0001,2026:4041120251183905271
c_b9c6825d43fd2209aee5,p0009,2026:4041120251183908742
c_b9c6825d43fd2209aee5,p0009,2026:4041420251184023026
c_e33e4241ffae021efe44,p0011,2026:4041420251184023477
c_f8aa0ed50bda94b54e87,p0012,2026:4041420261435697411
c_b9c6825d43fd2209aee5,p0009,2026:4041420261435700622
c_57d8e01958a38820d7b3,p0015,2026:4041420261435701720
c_0d281a01c065153b520a,p0015,2026:4041520251184200748
c_0d281a01c065153b520a,p0015,2026:4041520251184202726
c_0d281a01c065153b520a,p0015,2026:4041520251184209956
c_57d8e01958a38820d7b3,p0015,2026:4041520251184229052
c_b9c6825d43fd2209aee5,p0009,2026:4041520251184232586
c_b9c6825d43fd2209aee5,p0009,2026:4041520251184232588
c_b9c6825d43fd2209aee5,p0009,2026:4041520251184273119
c_6d78c941e832e66bc5f5,p0011,2026:4041520261435764716
c_57d8e01958a38820d7b3,p0015,2026:4041520261435776384
c_57d8e01958a38820d7b3,p0015,2026:4041520261435776385
c_1cacfa042d1455d24a46,p0019,2026:4041520261435781006
c_433597abc27c16d5e313,p0010,2026:4041620251184317559
c_433597abc27c16d5e313,p0010,2026:4041620251184392358
c_1cacfa042d1455d24a46,p0019,2026:4041620251184412510
c_1cacfa042d1455d24a46,p0019,2026:4041620251184415115
c_1cacfa042d1455d24a46,p0019,2026:4041620251184420871
c_1cacfa042d1455d24a46,p0019,2026:4041620251184423528
c_1cacfa042d1455d24a46,p0019,2026:4041620251184428874
c_1cacfa042d1455d24a46,p0019,2026:4041620251184435384
c_1cacfa042d1455d24a46,p0019,2026:4041620251184435385
c_1cacfa042d1455d24a46,p0019,2026:4041620251184440322
c_1cacfa042d1455d24a46,p0019,2026:4041620251184444839
c_3b4e2a05f2eee8ee1cdc,p0001,2026:4041620251184523696
c_3b4e2a05f2eee8ee1cdc,p0001,2026:4041620251184523697
c_3b4e2a05f2eee8ee1cdc,p0001,2026:4041620251184523698
c_1f85837f806a7c541efe,p0006,2026:4041620251184618568
c_3fdba6477347f59d07e7,p0010,2026:4041620251184618640
c_43263d10d8d42de66ef1,p0002,2026:4041620251184618795
c_43263d10d8d42de66ef1,p0002,2026:4041620251184618796
c_43263d10d8d42de66ef1,p0002,2026:4041620251184618797
c_dcb61ff9a92a3152957c,p0003,2026:4041620251184618824
c_c3a7b8c95399e783947e,p0007,2026:4041620251184682657
c_b9c6825d43fd2209aee5,p0009,2026:4041620251184684678
c_4b64baaa01dc4eca3d70,p0002,2026:4041620251184685632
c_4b64baaa01dc4eca3d70,p0002,2026:4041620251184685633
c_5c674a62aa12b11745d8,p0003,2026:4041620251184685645
c_fa36c342df32d6568701,p0008,2026:4041620251184696474
c_3b4e2a05f2eee8ee1cdc,p0001,2026:4041620251184878267
c_b9c6825d43fd2209aee5,p0009,2026:4041620251184878275
c_b9c6825d43fd2209aee5,p0009,2026:4041620251184897654
c_0d281a01c065153b520a,p0015,2026:4041620261435966115
c_0d281a01c065153b520a,p0015,2026:4041620261435966117
c_43263d10d8d42de66ef1,p0002,2026:4041720251185007295
c_5c674a62aa12b11745d8,p0003,2026:4041720251185007368
c_43263d10d8d42de66ef1,p0002,2026:4041720251185008070
c_dcb61ff9a92a3152957c,p0003,2026:4041720251185008215
c_6d78c941e832e66bc5f5,p0011,2026:4041720251185070238
c_3b4e2a05f2eee8ee1cdc,p0001,2026:4041720251185226275
c_3b4e2a05f2eee8ee1cdc,p0001,2026:4041720251185226276
c_3b4e2a05f2eee8ee1cdc,p0001,2026:4041720251185226277
c_b9c6825d43fd2209aee5,p0009,2026:4041720251185228622
c_b9c6825d43fd2209aee5,p0009,2026:4041720251185237115
c_3b4e2a05f2eee8ee1cdc,p0001,2026:4041720251185290819
c_3b4e2a05f2eee8ee1cdc,p0001,2026:4041720251185290820
c_8ef2e50972c4c43e728a,p0003,2026:4041720261436000809
c_43263d10d8d42de66ef1,p0002,2026:4041720261436000810
c_c45d5a6fd1f3d47d8108,p0012,2026:4041820251185359520
c_c45d5a6fd1f3d47d8108,p0012,2026:4041820251185359521
c_3b4e2a05f2eee8ee1cdc,p0001,2026:4041820251185366901
c_3b4e2a05f2eee8ee1cdc,p0001,2026:4041820251185366905
c_8f805b8c99894bf05c9e,p0019,2026:4041920261436058082
c_b9c6825d43fd2209aee5,p0009,2026:4042020261436115388
c_43263d10d8d42de66ef1,p0002,2026:4042020261436120551
c_5c674a62aa12b11745d8,p0003,2026:4042020261436120554
c_77e5bcca8e14acd601c3,p0007,2026:4042120251185544246
c_b9c6825d43fd2209aee5,p0009,2026:4042120251185591003
c_b9c6825d43fd2209aee5,p0009,2026:4042120251185593366
c_edff13caa61075e2d07b,p0015,2026:4042120251185621296
c_eec2a0a10697a413c6b2,p0010,2026:4042120261436182414
c_57d8e01958a38820d7b3,p0015,2026:4042120261436183056
c_1822128dbb0e70f13b7d,p0014,2026:4042120261436183716
c_b9c6825d43fd2209aee5,p0009,2026:4042220251185682291
c_b9c6825d43fd2209aee5,p0009,2026:4042220251185686348
c_3b4e2a05f2eee8ee1cdc,p0001,2026:4042220251185734037
c_3b4e2a05f2eee8ee1cdc,p0001,2026:4042220251185734038
c_3b4e2a05f2eee8ee1cdc,p0001,2026:4042220251185734039
c_b9c6825d43fd2209aee5,p0009,2026:4042220251185906684
c_433597abc27c16d5e313,p0010,2026:4042220251185906878
c_433597abc27c16d5e313,p0010,2026:4042220251185906879
c_433597abc27c16d5e313,p0010,2026:4042220251185906880
c_fa36c342df32d6568701,p0008,2026:4042220251186013670
c_f4f25976a895b117f450,p0012,2026:4042220261436806736
c_7d2c897ef5cafd4e73c9,p0012,2026:4042220261437323439
c_1822128dbb0e70f13b7d,p0014,2026:4042220261437325280
c_f4f25976a895b117f450,p0012,2026:4042220261437364019
c_62d24496f273eeca3de6,p0020,2026:4042220261437703773
c_f4f25976a895b117f450,p0012,2026:4042220261437937961
c_f4f25976a895b117f450,p0012,2026:4042220261438089894
c_f4f25976a895b117f450,p0012,2026:4042220261438485264
c_f4f25976a895b117f450,p0012,2026:4042220261439389080
c_f4f25976a895b117f450,p0012,2026:4042220261439400882
c_c99e4c1e04a65f2743c2,p0004,2026:4042220261440156845
c_c99e4c1e04a65f2743c2,p0004,2026:4042220261440304274
c_f4f25976a895b117f450,p0012,2026:4042220261441715633
c_f4f25976a895b117f450,p0012,2026:4042220261442024660
c_f4f25976a895b117f450,p0012,2026:4042220261442094546
c_1822128dbb0e70f13b7d,p0014,2026:4042220261442309486
c_f4f25976a895b117f450,p0012,2026:4042220261442651211
c_c99e4c1e04a65f2743c2,p0004,2026:4042220261442857685
c_f4f25976a895b117f450,p0012,2026:4042220261443271922
c_f4f25976a895b117f450,p0012,2026:4042220261443677349
c_f4f25976a895b117f450,p0012,2026:4042220261443929370
c_f4f25976a895b117f450,p0012,2026:4042220261444930926
c_0fd42dcea3bc783c9277,p0015,2026:4042220261445517469
c_f4f25976a895b117f450,p0012,2026:4042220261446272414
c_c99e4c1e04a65f2743c2,p0004,2026:4042220261446451890
c_f4f25976a895b117f450,p0012,2026:4042220261447048295
c_f4f25976a895b117f450,p0012,2026:4042220261447130637
c_1822128dbb0e70f13b7d,p0014,2026:4042220261447807334
c_f4f25976a895b117f450,p0012,2026:4042220261448353920
c_f4f25976a895b117f450,p0012,2026:4042220261448359495
c_0fd42dcea3bc783c9277,p0015,2026:4042220261448766737
c_c99e4c1e04a65f2743c2,p0004,2026:4042220261448991614
c_f4f25976a895b117f450,p0012,2026:4042220261450747885
c_c99e4c1e04a65f2743c2,p0004,2026:4042220261452423228
c_0fd42dcea3bc783c9277,p0015,2026:4042220261453261044
c_62d24496f273eeca3de6,p0020,2026:4042220261453980466
c_f4f25976a895b117f450,p0012,2026:4042220261455213486
c_f4f25976a895b117f450,p0012,2026:4042220261455395763
c_f4f25976a895b117f450,p0012,2026:4042220261455784710
c_f4f25976a895b117f450,p0012,2026:4042220261455906575
c_4e3d7b97a5d9e4944909,p0017,2026:4042220261456312875
c_f4f25976a895b117f450,p0012,2026:4042220261456585028
c_62d24496f273eeca3de6,p0020,2026:4042220261457116441
c_f4f25976a895b117f450,p0012,2026:4042220261457251440
c_c99e4c1e04a65f2743c2,p0004,2026:4042220261458936056
c_f4f25976a895b117f450,p0012,2026:4042220261459038949
c_f4f25976a895b117f450,p0012,2026:4042220261459449850
c_f4f25976a895b117f450,p0012,2026:4042220261459524500
c_f4f25976a895b117f450,p0012,2026:4042220261459538345
c_f4f25976a895b117f450,p0012,2026:4042220261460204632
c_f4f25976a895b117f450,p0012,2026:4042220261460727878
c_f4f25976a895b117f450,p0012,2026:4042220261461157920
c_f4f25976a895b117f450,p0012,2026:4042220261461639642
c_f4f25976a895b117f450,p0012,2026:4042220261461657900
c_62d24496f273eeca3de6,p0020,2026:4042220261462143747
c_62f041317a9dedf290d4,p0011,2026:4042220261482548584
c_b9c6825d43fd2209aee5,p0009,2026:4042220261482580101
c_b9c6825d43fd2209aee5,p0009,2026:4042220261482580102
c_b9c6825d43fd2209aee5,p0009,2026:4042220261482580103
c_4b64baaa01dc4eca3d70,p0002,2026:4042220261482643408
c_4b64baaa01dc4eca3d70,p0002,2026:4042220261482670752
c_4b64baaa01dc4eca3d70,p0002,2026:4042220261482670756
c_4b64baaa01dc4eca3d70,p0002,2026:4042220261482670760
c_4b64baaa01dc4eca3d70,p0002,2026:4042320251186095525
c_dcb61ff9a92a3152957c,p0003,2026:4042320251186095594
c_dcb61ff9a92a3152957c,p0003,2026:4042320251186095595
c_dcb61ff9a92a3152957c,p0003,2026:4042320251186095596
c_b9c6825d43fd2209aee5,p0009,2026:4042320251186118646
c_b9c6825d43fd2209aee5,p0009,2026:4042320251186134753
c_cd542770a05162888085,p0013,2026:4042320251186147753
c_b9c6825d43fd2209aee5,p0009,2026:4042320251186196969
c_b9c6825d43fd2209aee5,p0009,2026:4042320251186207245
c_dd05fcb5866322438262,p0015,2026:4042320251186218371
c_6f9ce1910d5bc217008c,p0012,2026:4042320251186218403
c_dd05fcb5866322438262,p0015,2026:4042320251186218678
c_dd05fcb5866322438262,p0015,2026:4042320251186219144
c_dd05fcb5866322438262,p0015,2026:4042320251186219356
c_dd05fcb5866322438262,p0015,2026:4042320251186219580
c_dd05fcb5866322438262,p0015,2026:4042320251186219837
c_6f9ce1910d5bc217008c,p0012,2026:4042320251186220261
c_edf43d35712559a1028d,p0012,2026:4042320251186223627
c_eec2a0a10697a413c6b2,p0010,2026:4042320251186224028
c_eec2a0a10697a413c6b2,p0010,2026:4042320251186224029
c_eec2a0a10697a413c6b2,p0010,2026:4042320251186224030
c_b9c6825d43fd2209aee5,p0009,2026:4042320251186226980
c_3b4e2a05f2eee8ee1cdc,p0001,2026:4042320251186314698
c_3b4e2a05f2eee8ee1cdc,p0001,2026:4042320251186314813
c_72bee3b135cc84fafaa8,p0012,2026:4042320251186347379
c_72bee3b135cc84fafaa8,p0012,2026:4042320251186347381
c_72bee3b135cc84fafaa8,p0012,2026:4042320251186347383
c_72bee3b135cc84fafaa8,p0012,2026:4042320251186347385
c_72bee3b135cc84fafaa8,p0012,2026:4042320251186347387
c_b9c6825d43fd2209aee5,p0009,2026:4042420251186425440
c_43263d10d8d42de66ef1,p0002,2026:4042420251186426197
c_5c674a62aa12b11745d8,p0003,2026:4042420251186426573
c_b9c6825d43fd2209aee5,p0009,2026:4042420251186481274
c_3b4e2a05f2eee8ee1cdc,p0001,2026:4042420251186585934
c_3b4e2a05f2eee8ee1cdc,p0001,2026:4042420251186586048
c_b9c6825d43fd2209aee5,p0009,2026:4042420251186594736
c_b9c6825d43fd2209aee5,p0009,2026:4042420251186596478
c_b9c6825d43fd2209aee5,p0009,2026:4042420251186598562
c_b9c6825d43fd2209aee5,p0009,2026:4042420251186607182
c_03c7c6670557a4a9a5fc,p0009,2026:4042420251186607307
c_03c7c6670557a4a9a5fc,p0009,2026:4042420251186607310
c_03c7c6670557a4a9a5fc,p0009,2026:4042420251186607311
c_b9c6825d43fd2209aee5,p0009,2026:4042420251186608003
c_1cacfa042d1455d24a46,p0019,2026:4042420251186611052
c_bf6fcd5ff63bf7c72f75,p0019,2026:4042420261482867995
c_4b64baaa01dc4eca3d70,p0002,2026:4042420261482872822
c_8f805b8c99894bf05c9e,p0019,2026:4042420261482872826
c_62f041317a9dedf290d4,p0011,2026:4042420261483451613
c_b9c6825d43fd2209aee5,p0009,2026:4042420261483617221
c_b9c6825d43fd2209aee5,p0009,2026:4042520251186666300
c_3b4e2a05f2eee8ee1cdc,p0001,2026:4042520251186667232
c_3b4e2a05f2eee8ee1cdc,p0001,2026:4042520251186667233
c_03c7c6670557a4a9a5fc,p0009,2026:4042520251186667276
c_3b4e2a05f2eee8ee1cdc,p0001,2026:4042520251186674162
c_3b4e2a05f2eee8ee1cdc,p0001,2026:4042520251186674163
c_3b4e2a05f2eee8ee1cdc,p0001,2026:4042520251186674164
c_b9c6825d43fd2209aee5,p0009,2026:4042520251186685810
c_b9c6825d43fd2209aee5,p0009,2026:4042520251186686008
c_b9c6825d43fd2209aee5,p0009,2026:4042520251186686087
c_c99e4c1e04a65f2743c2,p0004,2026:4042720261483736223
c_79d82a83c0673ddaf64b,p0011,2026:4042720261483739957
c_5bb2d70e54363f70fa7f,p0006,2026:4042720261483740043
c_433597abc27c16d5e313,p0010,2026:4042820251186792669
c_433597abc27c16d5e313,p0010,2026:4042820251186792670
c_b9c6825d43fd2209aee5,p0009,2026:4042820251186792682
c_c99e4c1e04a65f2743c2,p0004,2026:4042820251186795916
c_b9c6825d43fd2209aee5,p0009,2026:4042820251187144688
c_3b4e2a05f2eee8ee1cdc,p0001,2026:4042820251187144885
c_3b4e2a05f2eee8ee1cdc,p0001,2026:4042820251187144886
c_3b4e2a05f2eee8ee1cdc,p0001,2026:4042820251187144887
c_3b4e2a05f2eee8ee1cdc,p0001,2026:4042820251187146301
c_3b4e2a05f2eee8ee1cdc,p0001,2026:4042820251187146302
c_3b4e2a05f2eee8ee1cdc,p0001,2026:4042820251187146303
c_e33e4241ffae021efe44,p0011,2026:4042820251187152914
c_b9c6825d43fd2209aee5,p0009,2026:4042820251187200503
c_6f252e8bb998a2f912e3,p0012,2026:4042820251187230185
c_4b64baaa01dc4eca3d70,p0002,2026:4042820261483765367
c_dcb61ff9a92a3152957c,p0003,2026:4042820261483765368
c_3b4e2a05f2eee8ee1cdc,p0001,2026:4042820261483875651
c_3b4e2a05f2eee8ee1cdc,p0001,2026:4042820261483875653
c_3b4e2a05f2eee8ee1cdc,p0001,2026:4042820261483875655
c_b9c6825d43fd2209aee5,p0009,2026:4042920251187857776
c_3b4e2a05f2eee8ee1cdc,p0001,2026:4042920251187858329
c_3b4e2a05f2eee8ee1cdc,p0001,2026:4042920251187858330
c_b9c6825d43fd2209aee5,p0009,2026:4042920251187858872
c_3b4e2a05f2eee8ee1cdc,p0001,2026:4042920251187860627
c_3b4e2a05f2eee8ee1cdc,p0001,2026:4042920251187860628
c_3b4e2a05f2eee8ee1cdc,p0001,2026:4042920251187860629
c_b9c6825d43fd2209aee5,p0009,2026:4042920251187863186
c_b9c6825d43fd2209aee5,p0009,2026:4042920251187910514
c_b9c6825d43fd2209aee5,p0009,2026:4042920251187910616
c_fa36c342df32d6568701,p0008,2026:4042920251187912475
c_8f805b8c99894bf05c9e,p0019,2026:4042920261484488822
c_3b4e2a05f2eee8ee1cdc,p0001,2026:4043020251188032329
c_3b4e2a05f2eee8ee1cdc,p0001,2026:4043020251188032330
c_3b4e2a05f2eee8ee1cdc,p0001,2026:4043020251188032331
c_c55394898061fb1bce11,p0007,2026:4043020261484567755
c_c61d41dcfafa8e10375a,p0013,2026:4043020261484619876
c_c61d41dcfafa8e10375a,p0013,2026:4043020261484697861
c_c61d41dcfafa8e10375a,p0013,2026:4043020261484719788
c_43263d10d8d42de66ef1,p0002,2026:4043020261484827801
c_5c674a62aa12b11745d8,p0003,2026:4043020261484827835
c_dd05fcb5866322438262,p0015,2026:4043020261484961738
c_a61d74688e8ce4cec0e0,p0007,2026:4043020261484968289
c_a61d74688e8ce4cec0e0,p0007,2026:4043020261485016905
c_b9c6825d43fd2209aee5,p0009,2026:4043020261485296094
c_b2b19b7d6c1891b2acd2,p0012,2026:4043020261486082264
c_0f1f65463c319e118a2d,p0013,2026:4043020261486793999
c_f891515b94bcc727e934,p0017,2026:4043020261487365414
c_6d78c941e832e66bc5f5,p0011,2026:4043020261489501126
c_0f1f65463c319e118a2d,p0013,2026:4043020261489629035
c_b9c6825d43fd2209aee5,p0009,2026:4043020261490867669
c_b9c6825d43fd2209aee5,p0009,2026:4043020261490882543
c_b9c6825d43fd2209aee5,p0009,2026:4043020261490890518
c_b9c6825d43fd2209aee5,p0009,2026:4043020261490906355
c_b9c6825d43fd2209aee5,p0009,2026:4043020261490933889
c_b9c6825d43fd2209aee5,p0009,2026:4043020261490941539
c_b9c6825d43fd2209aee5,p0009,2026:4043020261490952367
c_b9c6825d43fd2209aee5,p0009,2026:4043020261490986501
c_b9c6825d43fd2209aee5,p0009,2026:4043020261490987530
c_b9c6825d43fd2209aee5,p0009,2026:4043020261490991105
c_b9c6825d43fd2209aee5,p0009,2026:4043020261491000757
c_b9c6825d43fd2209aee5,p0009,2026:4043020261491003491
c_b9c6825d43fd2209aee5,p0009,2026:4043020261491014634
c_b9c6825d43fd2209aee5,p0009,2026:4043020261491015214
c_b9c6825d43fd2209aee5,p0009,2026:4043020261491030352
c_b9c6825d43fd2209aee5,p0009,2026:4043020261491091662
c_b9c6825d43fd2209aee5,p0009,2026:4043020261491101852
c_b9c6825d43fd2209aee5,p0009,2026:4043020261491114518
c_b9c6825d43fd2209aee5,p0009,2026:4043020261491115111
c_b9c6825d43fd2209aee5,p0009,2026:4043020261491130104
c_b9c6825d43fd2209aee5,p0009,2026:4043020261491139497
c_b9c6825d43fd2209aee5,p0009,2026:4043020261491139683
c_b9c6825d43fd2209aee5,p0009,2026:4043020261491148694
c_b9c6825d43fd2209aee5,p0009,2026:4043020261491167125
c_b9c6825d43fd2209aee5,p0009,2026:4043020261491176940
c_b9c6825d43fd2209aee5,p0009,2026:4043020261491211240
c_b9c6825d43fd2209aee5,p0009,2026:4043020261491244614
c_b9c6825d43fd2209aee5,p0009,2026:4043020261491269513
c_b9c6825d43fd2209aee5,p0009,2026:4043020261491278596
c_b9c6825d43fd2209aee5,p0009,2026:4043020261491301376
c_b9c6825d43fd2209aee5,p0009,2026:4043020261491304040
c_b9c6825d43fd2209aee5,p0009,2026:4043020261491327303
c_b9c6825d43fd2209aee5,p0009,2026:4043020261491348444
c_b9c6825d43fd2209aee5,p0009,2026:4043020261491536110
c_b9c6825d43fd2209aee5,p0009,2026:4043020261491636678
c_0f1f65463c319e118a2d,p0013,2026:4043020261491667429
c_b9c6825d43fd2209aee5,p0009,2026:4043020261491889479
c_b9c6825d43fd2209aee5,p0009,2026:4043020261492381979
c_72bee3b135cc84fafaa8,p0012,2026:4043020261492909815
c_72bee3b135cc84fafaa8,p0012,2026:4043020261492909817
c_72bee3b135cc84fafaa8,p0012,2026:4043020261492909819
c_72bee3b135cc84fafaa8,p0012,2026:4043020261492909821
c_72bee3b135cc84fafaa8,p0012,2026:4043020261492909823
c_1cacfa042d1455d24a46,p0019,2026:4050120261498833643
c_1cacfa042d1455d24a46,p0019,2026:4050120261498839372
c_1cacfa042d1455d24a46,p0019,2026:4050120261498845667
c_1cacfa042d1455d24a46,p0019,2026:4050120261498845668
c_1cacfa042d1455d24a46,p0019,2026:4050120261498851304
c_1cacfa042d1455d24a46,p0019,2026:4050120261498858109
c_1cacfa042d1455d24a46,p0019,2026:4050120261498858110
c_b9c6825d43fd2209aee5,p0009,2026:4050120261498862820
c_1cacfa042d1455d24a46,p0019,2026:4050120261498865143
c_1cacfa042d1455d24a46,p0019,2026:4050120261498870537
c_dd05fcb5866322438262,p0015,2026:4050220251188568587
c_51dd507b7582ae8d3c92,p0012,2026:4050420261498947060
c_51dd507b7582ae8d3c92,p0012,2026:4050420261498947062
c_105485716a971991d958,p0007,2026:4050420261498952168
c_62d24496f273eeca3de6,p0020,2026:4050420261498954656
c_b9c6825d43fd2209aee5,p0009,2026:4050420261499010230
c_b9c6825d43fd2209aee5,p0009,2026:4050420261499015221
c_b9c6825d43fd2209aee5,p0009,2026:4050420261499036257
c_105485716a971991d958,p0007,2026:4050420261499066453
c_6d78c941e832e66bc5f5,p0011,2026:4050420261499068700
c_1cacfa042d1455d24a46,p0019,2026:4050420261499216295
c_1cacfa042d1455d24a46,p0019,2026:4050420261499221298
c_3b4e2a05f2eee8ee1cdc,p0001,2026:4050520251188620554
c_3b4e2a05f2eee8ee1cdc,p0001,2026:4050520251188620555
c_3b4e2a05f2eee8ee1cdc,p0001,2026:4050520251188620556
c_b9c6825d43fd2209aee5,p0009,2026:4050520261499305361
c_b9c6825d43fd2209aee5,p0009,2026:4050520261499375262
c_f403b4b143a23ffe823d,p0013,2026:4050520261499396974
c_c55394898061fb1bce11,p0007,2026:4050520261499435717
c_c55394898061fb1bce11,p0007,2026:4050520261499435719
c_c55394898061fb1bce11,p0007,2026:4050520261499479352
c_ba311ac8533b0668af49,p0019,2026:4050520261499559400
c_0fd42dcea3bc783c9277,p0015,2026:4050520261500680487
c_eeb931e4a1f8ec77d588,p0017,2026:4050520261501940138
c_a194ee1d2f16dbf8c69b,p0017,2026:4050520261501940159
c_1822128dbb0e70f13b7d,p0014,2026:4050520261503323696
c_b9c6825d43fd2209aee5,p0009,2026:4050520261503960499
c_b9c6825d43fd2209aee5,p0009,2026:4050520261503960500
c_62d24496f273eeca3de6,p0020,2026:4050520261506178601
c_fea535f599b1b3cb8d57,p0012,2026:4050520261506280784
c_73c345a36c2005a0af3d,p0012,2026:4050520261506280790
c_5c420e2b74b4d54e24fd,p0012,2026:4050520261508224786
c_57d8e01958a38820d7b3,p0015,2026:4050620261509609158
c_57d8e01958a38820d7b3,p0015,2026:4050620261509609161
c_b9c6825d43fd2209aee5,p0009,2026:4050720261509678796
c_b9c6825d43fd2209aee5,p0009,2026:4050720261509709891
c_43263d10d8d42de66ef1,p0002,2026:4050720261509711512
c_dcb61ff9a92a3152957c,p0003,2026:4050720261509711516
c_e33e4241ffae021efe44,p0011,2026:4050720261509716633
c_3b4e2a05f2eee8ee1cdc,p0001,2026:4050820251189302248
c_3b4e2a05f2eee8ee1cdc,p0001,2026:4050820251189302249
c_3b4e2a05f2eee8ee1cdc,p0001,2026:4050820251189302250
c_c45d5a6fd1f3d47d8108,p0012,2026:4050920251189339292
c_c45d5a6fd1f3d47d8108,p0012,2026:4050920251189339293
c_c99e4c1e04a65f2743c2,p0004,2026:4051220261510044979
c_c99e4c1e04a65f2743c2,p0004,2026:4051220261510045121
c_43263d10d8d42de66ef1,p0002,2026:4051220261510046879
c_43263d10d8d42de66ef1,p0002,2026:4051220261510046880
c_375ac66b540935ddf8cd,p0003,2026:4051220261510046927
c_b9c6825d43fd2209aee5,p0009,2026:4051220261510061112
c_b9c6825d43fd2209aee5,p0009,2026:4051220261510062751
c_f8aa0ed50bda94b54e87,p0012,2026:4051220261510066683
c_34f8c4482acbcd3eea9d,p0017,2026:4051220261510076840
c_b9c6825d43fd2209aee5,p0009,2026:4051220261510078578
c_b9c6825d43fd2209aee5,p0009,2026:4051220261510078579
c_b9c6825d43fd2209aee5,p0009,2026:4051220261510078580
c_b9c6825d43fd2209aee5,p0009,2026:4051220261510097900
c_43263d10d8d42de66ef1,p0002,2026:4051320261510219742
c_43263d10d8d42de66ef1,p0002,2026:4051320261510219839
c_5c674a62aa12b11745d8,p0003,2026:4051320261510220465
c_43263d10d8d42de66ef1,p0002,2026:4051320261510220805
c_43263d10d8d42de66ef1,p0002,2026:4051320261510220806
c_43263d10d8d42de66ef1,p0002,2026:4051320261510220807
c_43263d10d8d42de66ef1,p0002,2026:4051320261510220808
c_43263d10d8d42de66ef1,p0002,2026:4051320261510220809
c_43263d10d8d42de66ef1,p0002,2026:4051420261510343394
c_5c674a62aa12b11745d8,p0003,2026:4051420261510343467
c_6d78c941e832e66bc5f5,p0011,2026:4051420261510385715
c_1822128dbb0e70f13b7d,p0014,2026:4051520261510431792
c_a194ee1d2f16dbf8c69b,p0017,2026:4051520261510444967
c_a194ee1d2f16dbf8c69b,p0017,2026:4051520261510444969
c_d2184d854731bd381ac8,p0012,2026:4051620251202914762
c_c66c8aa0fc3efc9b439b,p0013,2026:4051620251202931114
c_fea535f599b1b3cb8d57,p0012,2026:4051820261510536264
c_fea535f599b1b3cb8d57,p0012,2026:4051820261510536776
c_f8aa0ed50bda94b54e87,p0012,2026:4051820261510538645
c_b9c6825d43fd2209aee5,p0009,2026:4051820261510572174
c_b9c6825d43fd2209aee5,p0009,2026:4051820261510595167
c_dd05fcb5866322438262,p0015,2026:4051820261510596329
c_dd05fcb5866322438262,p0015,2026:4051820261510596330
c_03c7c6670557a4a9a5fc,p0009,2026:4051820261510596858
c_db11483102ea44f72255,p0002,2026:4051820261510643111
c_dcb61ff9a92a3152957c,p0003,2026:4051820261510643119
c_db11483102ea44f72255,p0002,2026:4051820261510643126
c_dcb61ff9a92a3152957c,p0003,2026:4051820261510643128
c_c3a7b8c95399e783947e,p0007,2026:4051920251202992326
c_3fdba6477347f59d07e7,p0010,2026:4051920251203023167
c_8af82d72621210aa7a22,p0012,2026:4051920261510712913
c_63a9128cba55774dd3c4,p0002,2026:4051920261510723560
c_63a9128cba55774dd3c4,p0002,2026:4051920261510723561
c_63a9128cba55774dd3c4,p0002,2026:4051920261510723562
c_464e137902127b8db163,p0003,2026:4051920261510723563
c_b9c6825d43fd2209aee5,p0009,2026:4051920261510727733
c_b9c6825d43fd2209aee5,p0009,2026:4051920261510731452
c_b9c6825d43fd2209aee5,p0009,2026:4051920261510731769
c_b9c6825d43fd2209aee5,p0009,2026:4051920261510734285
c_b9c6825d43fd2209aee5,p0009,2026:4051920261510734286
c_b9c6825d43fd2209aee5,p0009,2026:4051920261510734287
c_5c674a62aa12b11745d8,p0003,2026:4051920261510734858
c_5c674a62aa12b11745d8,p0003,2026:4051920261510734895
c_b9c6825d43fd2209aee5,p0009,2026:4051920261510736934
c_1189dd78c15d1d5856ad,p0004,2026:4051920261510753855
c_cd542770a05162888085,p0013,2026:4052020251203272880
c_43263d10d8d42de66ef1,p0002,2026:4052020261510782723
c_43263d10d8d42de66ef1,p0002,2026:4052020261510782724
c_ad0072fdb81c09727da2,p0003,2026:4052020261510782769
c_ad0072fdb81c09727da2,p0003,2026:4052020261510782770
c_53654ac94ce35912cbcc,p0010,2026:4052020261510782778
c_53654ac94ce35912cbcc,p0010,2026:4052020261510782779
c_b9c6825d43fd2209aee5,p0009,2026:4052020261510783475
c_b9c6825d43fd2209aee5,p0009,2026:4052020261510784351
c_43263d10d8d42de66ef1,p0002,2026:4052020261510793951
c_5c674a62aa12b11745d8,p0003,2026:4052020261510794000
c_b9c6825d43fd2209aee5,p0009,2026:4052020261510795186
c_5c674a62aa12b11745d8,p0003,2026:4052020261510864652
c_4b64baaa01dc4eca3d70,p0002,2026:4052020261510864663
c_b9c6825d43fd2209aee5,p0009,2026:4052020261510867050
c_6d78c941e832e66bc5f5,p0011,2026:4052020261510874537
c_b9c6825d43fd2209aee5,p0009,2026:4052020261510874558
c_901624a705dc2b59b73c,p0019,2026:4052020261510874561
c_77e5bcca8e14acd601c3,p0007,2026:4052120251203401181
c_ed73df4dc55eab5c3e10,p0012,2026:4052120251203437734
c_433597abc27c16d5e313,p0010,2026:4052120251203589305
c_72bee3b135cc84fafaa8,p0012,2026:4052120251203621436
c_72bee3b135cc84fafaa8,p0012,2026:4052120251203621438
c_72bee3b135cc84fafaa8,p0012,2026:4052120251203621440
c_72bee3b135cc84fafaa8,p0012,2026:4052120251203621442
c_72bee3b135cc84fafaa8,p0012,2026:4052120251203621444
c_03c7c6670557a4a9a5fc,p0009,2026:4052120251203648618
c_b9c6825d43fd2209aee5,p0009,2026:4052120261511053689
c_b9c6825d43fd2209aee5,p0009,2026:4052220261511155789
c_b9c6825d43fd2209aee5,p0009,2026:4052320251204077213
c_c45d5a6fd1f3d47d8108,p0012,2026:4052620261511369797
c_c45d5a6fd1f3d47d8108,p0012,2026:4052620261511369798
c_cd542770a05162888085,p0013,2026:4052820261511739189
c_dd05fcb5866322438262,p0015,2026:4052820261511740939
c_dd05fcb5866322438262,p0015,2026:4052820261511740941
c_c99e4c1e04a65f2743c2,p0004,2026:4052920261511815961
c_c99e4c1e04a65f2743c2,p0004,2026:4052920261511824696
c_c99e4c1e04a65f2743c2,p0004,2026:4052920261511824697
c_73588ee63381eaf67498,p0006,2026:4060120261511947291
c_d403cd0fb2ff974799ef,p0002,2026:4060220261512109019
c_ad0072fdb81c09727da2,p0003,2026:4060220261512109023
c_43263d10d8d42de66ef1,p0002,2026:4060220261512143733
c_5c674a62aa12b11745d8,p0003,2026:4060220261512143735
c_901624a705dc2b59b73c,p0019,2026:4060220261512144325
c_a194ee1d2f16dbf8c69b,p0017,2026:4060220261513977820
c_1822128dbb0e70f13b7d,p0014,2026:4060220261515176970
c_73c345a36c2005a0af3d,p0012,2026:4060220261517610321
c_5c674a62aa12b11745d8,p0003,2026:4060220261519209533
c_43263d10d8d42de66ef1,p0002,2026:4060220261519209541
c_33341a93ce067cd42b81,p0012,2026:4060220261519209673
c_3136cabed042209ae8b3,p0003,2026:4060220261519314829
c_b9c6825d43fd2209aee5,p0009,2026:4060320261520027756
c_5c674a62aa12b11745d8,p0003,2026:4060320261520089076
c_5c674a62aa12b11745d8,p0003,2026:4060320261520089077
c_5c674a62aa12b11745d8,p0003,2026:4060320261520089078
c_c61d41dcfafa8e10375a,p0013,2026:4060320261520133755
c_9d89a86f1adef6be4051,p0013,2026:4060420261520186113
c_9d89a86f1adef6be4051,p0013,2026:4060420261520186114
c_c45d5a6fd1f3d47d8108,p0012,2026:4060420261520193660
c_c45d5a6fd1f3d47d8108,p0012,2026:4060420261520193661
c_3b4e2a05f2eee8ee1cdc,p0001,2026:4060420261520203423
c_3b4e2a05f2eee8ee1cdc,p0001,2026:4060420261520203425
c_87a30b378f23fbf058df,p0013,2026:4060420261520210224
c_87a30b378f23fbf058df,p0013,2026:4060420261520210226
c_43263d10d8d42de66ef1,p0002,2026:4060420261520217987
c_5c674a62aa12b11745d8,p0003,2026:4060420261520217993
c_20d263f44b2467388a67,p0012,2026:4060420261520264242
c_43263d10d8d42de66ef1,p0002,2026:4060520261520329719
c_5c674a62aa12b11745d8,p0003,2026:4060520261520329732
c_b9c6825d43fd2209aee5,p0009,2026:4060820261520442516
c_5c674a62aa12b11745d8,p0003,2026:4060820261520524400
c_5c674a62aa12b11745d8,p0003,2026:4060820261520524453
c_c3a7b8c95399e783947e,p0007,2026:4060920261520590384
c_f891515b94bcc727e934,p0017,2026:4060920261520676787
c_f891515b94bcc727e934,p0017,2026:4060920261520679858
c_7167c777a6026e5eb76f,p0017,2026:4060920261520751535
c_cd3681efd13cb3833853,p0012,2026:4060920261520755577
c_9dd729cbe97d71e49695,p0017,2026:4060920261520764420
c_7167c777a6026e5eb76f,p0017,2026:4060920261520861959
c_cd3681efd13cb3833853,p0012,2026:4060920261520873046
c_c45d5a6fd1f3d47d8108,p0012,2026:4061020251204974676
c_c45d5a6fd1f3d47d8108,p0012,2026:4061020251204974677
c_3b4e2a05f2eee8ee1cdc,p0001,2026:4061020261521066048
c_c34366b9812edc5d7584,p0012,2026:4061020261521071090
c_dd05fcb5866322438262,p0015,2026:4061020261521086085
c_b9c6825d43fd2209aee5,p0009,2026:4061020261521113122
c_b9c6825d43fd2209aee5,p0009,2026:4061020261521113123
c_b9c6825d43fd2209aee5,p0009,2026:4061020261521113124
c_5c674a62aa12b11745d8,p0003,2026:4061120261521189382
c_5c674a62aa12b11745d8,p0003,2026:4061120261521189383
c_4af7ff1462cce2e8f544,p0007,2026:4061220261521244822
c_5c674a62aa12b11745d8,p0003,2026:4061220261521266439
c_5c674a62aa12b11745d8,p0003,2026:4061220261521266477
c_93074feb823a261ff6ac,p0002,2026:4061220261521266567
c_93074feb823a261ff6ac,p0002,2026:4061220261521266602
c_c66c8aa0fc3efc9b439b,p0013,2026:4061320251205806991
c_c66c8aa0fc3efc9b439b,p0013,2026:4061320251205806992
c_c66c8aa0fc3efc9b439b,p0013,2026:4061320251205806993
c_cd542770a05162888085,p0013,2026:4061520261521397217
c_d2184d854731bd381ac8,p0012,2026:4061720251205963195
c_d2184d854731bd381ac8,p0012,2026:4061720251205963196
c_f9d6cae5e802a6ac2f1b,p0012,2026:4061720251206033471
c_22e9f26ccfbf5553797d,p0012,2026:4061720261521502847
c_b9c6825d43fd2209aee5,p0009,2026:4061720261521513176
c_6e9672f70e9ef45e5382,p0015,2026:4061720261521524683
c_c61faf2eb8037da907c0,p0002,2026:4061720261521558865
c_23a649ab363450f40f26,p0003,2026:4061720261521558867
c_c3a7b8c95399e783947e,p0007,2026:4061820251206091546
c_97c4030d3b75d0462008,p0012,2026:4061820251206100713
c_b9c6825d43fd2209aee5,p0009,2026:4061820261521615750
c_b9c6825d43fd2209aee5,p0009,2026:4061820261521615751
c_b9c6825d43fd2209aee5,p0009,2026:4061820261521615752
c_b9c6825d43fd2209aee5,p0009,2026:4061820261521630116
c_43263d10d8d42de66ef1,p0002,2026:4062220261521891102
c_43263d10d8d42de66ef1,p0002,2026:4062220261521891108
c_2c052641807a04c085cf,p0003,2026:4062220261521891115
c_2c052641807a04c085cf,p0003,2026:4062220261521891116
c_b9c6825d43fd2209aee5,p0009,2026:4062220261521891580
c_f403b4b143a23ffe823d,p0013,2026:4062220261521930698
c_f403b4b143a23ffe823d,p0013,2026:4062220261521930700
c_f403b4b143a23ffe823d,p0013,2026:4062220261521930701
c_3b4e2a05f2eee8ee1cdc,p0001,2026:4062220261522023342
c_8f805b8c99894bf05c9e,p0019,2026:4062220261522093913
c_cd542770a05162888085,p0013,2026:4062320251206744324
c_e33e4241ffae021efe44,p0011,2026:4062320251206787326
c_b9c6825d43fd2209aee5,p0009,2026:4062320251206807751
c_b9c6825d43fd2209aee5,p0009,2026:4062320251206833564
c_b9c6825d43fd2209aee5,p0009,2026:4062320251206833565
c_4b64baaa01dc4eca3d70,p0002,2026:4062320251206848448
c_dcb61ff9a92a3152957c,p0003,2026:4062320251206848985
c_4b64baaa01dc4eca3d70,p0002,2026:4062320251206895241
c_dcb61ff9a92a3152957c,p0003,2026:4062320251206895252
c_4e965f98e7e4e73d4cc0,p0007,2026:4062320251206944594
c_4264ddcc954e744c1b38,p0013,2026:4062320261522291740
c_8d52e946707e48f82aa2,p0012,2026:4062320261522318577
c_43263d10d8d42de66ef1,p0002,2026:4062320261522364627
c_dcb61ff9a92a3152957c,p0003,2026:4062320261522365352
c_b9c6825d43fd2209aee5,p0009,2026:4062420251207000109
c_f891515b94bcc727e934,p0017,2026:4062420261522431461
c_4e965f98e7e4e73d4cc0,p0007,2026:4062420261522456163
c_7c54637b98c00eb89001,p0012,2026:4062420261522549946
c_1cacfa042d1455d24a46,p0019,2026:4062420261522568398
c_72bee3b135cc84fafaa8,p0012,2026:4062520251207217035
c_72bee3b135cc84fafaa8,p0012,2026:4062520251207217037
c_72bee3b135cc84fafaa8,p0012,2026:4062520251207217039
c_72bee3b135cc84fafaa8,p0012,2026:4062520251207217041
c_72bee3b135cc84fafaa8,p0012,2026:4062520251207217043
c_c45d5a6fd1f3d47d8108,p0012,2026:4062520261522768493
c_c45d5a6fd1f3d47d8108,p0012,2026:4062520261522768494
c_b9c6825d43fd2209aee5,p0009,2026:4062620261522831036
c_c55394898061fb1bce11,p0007,2026:4062620261522870961
c_c55394898061fb1bce11,p0007,2026:4062620261522870963
c_72bee3b135cc84fafaa8,p0012,2026:4062620261522871721
c_72bee3b135cc84fafaa8,p0012,2026:4062620261522871723
c_72bee3b135cc84fafaa8,p0012,2026:4062620261522871725
c_72bee3b135cc84fafaa8,p0012,2026:4062620261522871727
c_72bee3b135cc84fafaa8,p0012,2026:4062620261522871729
c_f403b4b143a23ffe823d,p0013,2026:4062620261522899578
c_f403b4b143a23ffe823d,p0013,2026:4062620261522899580
c_f403b4b143a23ffe823d,p0013,2026:4062620261522900020
c_f403b4b143a23ffe823d,p0013,2026:4062620261522900021
c_f403b4b143a23ffe823d,p0013,2026:4062620261522900022
c_f403b4b143a23ffe823d,p0013,2026:4062620261522902698
c_f403b4b143a23ffe823d,p0013,2026:4062620261522902700
c_4c87f72fac6f21863992,p0015,2026:4063020261523206579
c_62d24496f273eeca3de6,p0020,2026:4063020261523207089
c_b9c6825d43fd2209aee5,p0009,2026:4070120251207354122
c_b9c6825d43fd2209aee5,p0009,2026:4070120251207386768
c_b9c6825d43fd2209aee5,p0009,2026:4070120251207386769
c_b9c6825d43fd2209aee5,p0009,2026:4070120251207386770
c_9eea336bb0f4a186aa88,p0012,2026:4070120261523288612
c_36b1afe0f354e143f620,p0017,2026:4070120261523392202
c_62d24496f273eeca3de6,p0020,2026:4070220261523467800
c_c3a7b8c95399e783947e,p0007,2026:4070220261523473226
c_77e5bcca8e14acd601c3,p0007,2026:4070320261523518410
c_c55394898061fb1bce11,p0007,2026:4070720261523695518
c_72bee3b135cc84fafaa8,p0012,2026:4070720261523696408
c_72bee3b135cc84fafaa8,p0012,2026:4070720261523696410
c_72bee3b135cc84fafaa8,p0012,2026:4070720261523696412
c_72bee3b135cc84fafaa8,p0012,2026:4070720261523696414
c_72bee3b135cc84fafaa8,p0012,2026:4070720261523696416
c_0fd42dcea3bc783c9277,p0015,2026:4070720261524670144
c_4e3d7b97a5d9e4944909,p0017,2026:4070720261525760004
c_c99e4c1e04a65f2743c2,p0004,2026:4070720261526561199
c_1822128dbb0e70f13b7d,p0014,2026:4070720261527090853
c_1822128dbb0e70f13b7d,p0014,2026:4070720261527090854
c_762ca9a1aa00d8c259fd,p0013,2026:4070720261528930996
c_762ca9a1aa00d8c259fd,p0013,2026:4070720261528930997
c_762ca9a1aa00d8c259fd,p0013,2026:4070720261528930998
c_762ca9a1aa00d8c259fd,p0013,2026:4070720261528930999
c_762ca9a1aa00d8c259fd,p0013,2026:4070720261528931000
c_762ca9a1aa00d8c259fd,p0013,2026:4070720261528932001
c_762ca9a1aa00d8c259fd,p0013,2026:4070720261528932002
c_762ca9a1aa00d8c259fd,p0013,2026:4070720261528932003
c_762ca9a1aa00d8c259fd,p0013,2026:4070720261528932004
c_762ca9a1aa00d8c259fd,p0013,2026:4070720261528932005
c_762ca9a1aa00d8c259fd,p0013,2026:4070720261528932006
c_762ca9a1aa00d8c259fd,p0013,2026:4070720261528932007
c_762ca9a1aa00d8c259fd,p0013,2026:4070720261528932008
c_762ca9a1aa00d8c259fd,p0013,2026:4070720261528932009
c_762ca9a1aa00d8c259fd,p0013,2026:4070720261528932010
c_762ca9a1aa00d8c259fd,p0013,2026:4070720261528932011
c_762ca9a1aa00d8c259fd,p0013,2026:4070720261528932012
c_762ca9a1aa00d8c259fd,p0013,2026:4070720261528932013
c_762ca9a1aa00d8c259fd,p0013,2026:4070720261528932014
c_762ca9a1aa00d8c259fd,p0013,2026:4070720261528932015
c_62d24496f273eeca3de6,p0020,2026:4070720261529844395
c_20d263f44b2467388a67,p0012,2026:4070820261533600783
c_43263d10d8d42de66ef1,p0002,2026:4070820261533602628
c_5c674a62aa12b11745d8,p0003,2026:4070820261533602629
c_b9c6825d43fd2209aee5,p0009,2026:4070820261533604616
c_ba6b8c476a6afc66cf9a,p0002,2026:4070820261533606257
c_524b26b63f43fa5adc9c,p0003,2026:4070820261533606259
c_cd542770a05162888085,p0013,2026:4070820261533611510
c_93614b10be574755f74e,p0013,2026:4070820261533612922
c_9d89a86f1adef6be4051,p0013,2026:4070920261533650881
c_9d89a86f1adef6be4051,p0013,2026:4070920261533650882
c_3136cabed042209ae8b3,p0003,2026:4070920261533655245
c_43263d10d8d42de66ef1,p0002,2026:4070920261533665212
c_5c674a62aa12b11745d8,p0003,2026:4070920261533665214
c_c66c8aa0fc3efc9b439b,p0013,2026:4071020251208114558
c_c66c8aa0fc3efc9b439b,p0013,2026:4071020251208114559
c_97c4030d3b75d0462008,p0012,2026:4071120251208165262
c_97c4030d3b75d0462008,p0012,2026:4071120251208165263
c_5c674a62aa12b11745d8,p0003,2026:4071220261533751566
c_18316ee9bbb438c97bfc,p0003,2026:4071320261533896907
c_4b64baaa01dc4eca3d70,p0002,2026:4071320261533911817
c_3f565dc57a11191b929b,p0003,2026:4071320261533911819
c_ba6b8c476a6afc66cf9a,p0002,2026:4071320261533936105
c_524b26b63f43fa5adc9c,p0003,2026:4071320261533936107
c_6d78c941e832e66bc5f5,p0011,2026:4071420251208282296
c_6d0b0448efe8bd44b4d8,p0012,2026:4071420251208283062
c_43263d10d8d42de66ef1,p0002,2026:4071420251208369327
c_5c674a62aa12b11745d8,p0003,2026:4071420251208369565
c_f403b4b143a23ffe823d,p0013,2026:4071420261533996456
c_f403b4b143a23ffe823d,p0013,2026:4071420261533996457
c_f403b4b143a23ffe823d,p0013,2026:4071420261533996458
c_43263d10d8d42de66ef1,p0002,2026:4071420261534043345
c_5c674a62aa12b11745d8,p0003,2026:4071420261534043348
c_d2184d854731bd381ac8,p0012,2026:4071520251208409106
c_b9c6825d43fd2209aee5,p0009,2026:4071520251208486609
c_6d78c941e832e66bc5f5,p0011,2026:4071520251208486629
c_5c674a62aa12b11745d8,p0003,2026:4071520251208516115
c_43263d10d8d42de66ef1,p0002,2026:4071520251208516116
c_dd05fcb5866322438262,p0015,2026:4071520261534086674
c_dd05fcb5866322438262,p0015,2026:4071520261534086675
c_3136cabed042209ae8b3,p0003,2026:4071520261534178665
c_b9c6825d43fd2209aee5,p0009,2026:4071520261534186388
c_c45d5a6fd1f3d47d8108,p0012,2026:4071520261534195505
c_c45d5a6fd1f3d47d8108,p0012,2026:4071520261534195506
c_1cacfa042d1455d24a46,p0019,2026:4071520261534233473
c_93614b10be574755f74e,p0013,2026:4071520261534262315
c_93614b10be574755f74e,p0013,2026:4071520261534262316
c_b9c6825d43fd2209aee5,p0009,2026:4071520261534477558
c_b9c6825d43fd2209aee5,p0009,2026:4071520261534477559
c_b9c6825d43fd2209aee5,p0009,2026:4071520261534477560
c_1cacfa042d1455d24a46,p0019,2026:4071620251208590737
c_1cacfa042d1455d24a46,p0019,2026:4071620251208596917
c_1cacfa042d1455d24a46,p0019,2026:4071620251208605191
c_1cacfa042d1455d24a46,p0019,2026:4071620251208609358
c_1cacfa042d1455d24a46,p0019,2026:4071620251208613159
c_1cacfa042d1455d24a46,p0019,2026:4071620251208625504
c_1cacfa042d1455d24a46,p0019,2026:4071620251208625505
c_1cacfa042d1455d24a46,p0019,2026:4071620251208634281
c_1cacfa042d1455d24a46,p0019,2026:4071620251208642978
c_dd05fcb5866322438262,p0015,2026:4071620251208808564
c_43263d10d8d42de66ef1,p0002,2026:4071620251208904076
c_5c674a62aa12b11745d8,p0003,2026:4071620251208904079
c_f20555fd7fcbfd000e4f,p0011,2026:4071620251208931766
c_b9c6825d43fd2209aee5,p0009,2026:4071620251208932121
c_3b4e2a05f2eee8ee1cdc,p0001,2026:4071620251208954137
c_6d78c941e832e66bc5f5,p0011,2026:4071620261534553140
c_93614b10be574755f74e,p0013,2026:4071720251209042813
c_93614b10be574755f74e,p0013,2026:4071720251209042814
c_93614b10be574755f74e,p0013,2026:4071720251209042815
c_c45d5a6fd1f3d47d8108,p0012,2026:4071720251209051064
c_c45d5a6fd1f3d47d8108,p0012,2026:4071720251209051065
c_c99e4c1e04a65f2743c2,p0004,2026:4071720251209057661
c_b9c6825d43fd2209aee5,p0009,2026:4071720251209090150
c_b9c6825d43fd2209aee5,p0009,2026:4071720251209092614
c_b9c6825d43fd2209aee5,p0009,2026:4071720251209144979
c_4b64baaa01dc4eca3d70,p0002,2026:4071720251209148412
c_5c674a62aa12b11745d8,p0003,2026:4071720251209148414
c_b9c6825d43fd2209aee5,p0009,2026:4071720251209149310
c_433597abc27c16d5e313,p0010,2026:4071720251209149891
c_e3dbff0472096b50e707,p0013,2026:4071720261534669534
c_e3dbff0472096b50e707,p0013,2026:4071720261534669536
c_43263d10d8d42de66ef1,p0002,2026:4071720261534685792
c_5c674a62aa12b11745d8,p0003,2026:4071720261534685795
c_c3a7b8c95399e783947e,p0007,2026:4071820251209426246
c_c55394898061fb1bce11,p0007,2026:4071820251209449884
c_c55394898061fb1bce11,p0007,2026:4071820251209453875
c_c55394898061fb1bce11,p0007,2026:4071820251209467064
c_c55394898061fb1bce11,p0007,2026:4071820251209474115
c_c55394898061fb1bce11,p0007,2026:4071820251209485570
c_c55394898061fb1bce11,p0007,2026:4071820251209491327
c_c55394898061fb1bce11,p0007,2026:4071820251209493059
c_9e74f9052c804e2cb54a,p0019,2026:4071820251209501732
c_b9c6825d43fd2209aee5,p0009,2026:4071820251209507275
c_b9c6825d43fd2209aee5,p0009,2026:4071820251209507276
c_b9c6825d43fd2209aee5,p0009,2026:4071820251209507277
c_caf1940e3540af63d97c,p0012,2026:4071820261534788934
c_43263d10d8d42de66ef1,p0002,2026:4071820261534794731
c_0fd42dcea3bc783c9277,p0015,2026:4071820261534807936
c_f403b4b143a23ffe823d,p0013,2026:4071920261534868519
c_4e3d7b97a5d9e4944909,p0017,2026:4071920261534870433
c_dd05fcb5866322438262,p0015,2026:4072020261534904544
c_dd05fcb5866322438262,p0015,2026:4072020261534904545
c_dd05fcb5866322438262,p0015,2026:4072020261534909209
c_dd05fcb5866322438262,p0015,2026:4072020261534932242
c_576acaf26c17eaeb9e7a,p0012,2026:4072020261535061315
c_dd05fcb5866322438262,p0015,2026:4072020261535087924
c_cd542770a05162888085,p0013,2026:4072120251209707319
c_901624a705dc2b59b73c,p0019,2026:4072120251209709159
c_1cacfa042d1455d24a46,p0019,2026:4072120261535212271
c_1cacfa042d1455d24a46,p0019,2026:4072120261535216906
c_1cacfa042d1455d24a46,p0019,2026:4072120261535225557
c_1cacfa042d1455d24a46,p0019,2026:4072120261535230021
c_1cacfa042d1455d24a46,p0019,2026:4072120261535238316
c_1cacfa042d1455d24a46,p0019,2026:4072120261535248484
c_1cacfa042d1455d24a46,p0019,2026:4072120261535248485
c_1cacfa042d1455d24a46,p0019,2026:4072120261535258506
c_1cacfa042d1455d24a46,p0019,2026:4072120261535266886
c_a3c18ab1c250b6ce6cb5,p0015,2026:4072120261535439871
c_eb5f4b964135272e086d,p0008,2026:4072220251209938303
c_1822128dbb0e70f13b7d,p0014,2026:4072220261537632872
c_433597abc27c16d5e313,p0010,2026:4072320251210253697
c_d2add8e8e44618bef589,p0009,2026:4072320251211259906
c_d2add8e8e44618bef589,p0009,2026:4072320251211259907
c_dd05fcb5866322438262,p0015,2026:4072320251211331529
c_dd05fcb5866322438262,p0015,2026:4072320251211331530
c_5c674a62aa12b11745d8,p0003,2026:4072320251211331540
c_c99e4c1e04a65f2743c2,p0004,2026:4072320251211331624
c_c99e4c1e04a65f2743c2,p0004,2026:4072320251211331770
c_5c674a62aa12b11745d8,p0003,2026:4072320251211331817
c_585e3c3ae6f9154d0a9c,p0002,2026:4072320251211332128
c_585e3c3ae6f9154d0a9c,p0002,2026:4072320251211332430
c_dd05fcb5866322438262,p0015,2026:4072320251211332453
c_dd05fcb5866322438262,p0015,2026:4072320251211332454
c_c99e4c1e04a65f2743c2,p0004,2026:4072320261537766905
c_f403b4b143a23ffe823d,p0013,2026:4072320261537827978
c_43263d10d8d42de66ef1,p0002,2026:4072320261537828220
c_5c674a62aa12b11745d8,p0003,2026:4072320261537828245
c_433597abc27c16d5e313,p0010,2026:4072420251211643318
c_433597abc27c16d5e313,p0010,2026:4072420251211643439
c_dd05fcb5866322438262,p0015,2026:4072420251211675210
c_8f805b8c99894bf05c9e,p0019,2026:4072420251211696430
c_c61d41dcfafa8e10375a,p0013,2026:4072420261537956113
c_c61d41dcfafa8e10375a,p0013,2026:4072420261537956115
c_c61d41dcfafa8e10375a,p0013,2026:4072420261537956117
c_c55394898061fb1bce11,p0007,2026:4072420261537968156
c_c55394898061fb1bce11,p0007,2026:4072420261537968158
c_72bee3b135cc84fafaa8,p0012,2026:4072520251211863043
c_72bee3b135cc84fafaa8,p0012,2026:4072520251211863045
c_72bee3b135cc84fafaa8,p0012,2026:4072520251211863047
c_72bee3b135cc84fafaa8,p0012,2026:4072520251211863049
c_72bee3b135cc84fafaa8,p0012,2026:4072520251211863051
c_43263d10d8d42de66ef1,p0002,2026:4072520251211939088
c_ad0072fdb81c09727da2,p0003,2026:4072520251211939139
c_f403b4b143a23ffe823d,p0013,2026:4072620261538216181
c_f403b4b143a23ffe823d,p0013,2026:4072620261538216182
c_62d24496f273eeca3de6,p0020,2026:4072620261538348745
c_0ef163fbe7f0ed7d04b0,p0012,2026:4072620261538349523
c_43263d10d8d42de66ef1,p0002,2026:4072620261538350991
c_5c674a62aa12b11745d8,p0003,2026:4072620261538350994
c_43263d10d8d42de66ef1,p0002,2026:4072620261538351018
c_dcb61ff9a92a3152957c,p0003,2026:4072620261538351020
c_f403b4b143a23ffe823d,p0013,2026:4072720261538403315
c_f403b4b143a23ffe823d,p0013,2026:4072720261538403316
c_f403b4b143a23ffe823d,p0013,2026:4072720261538403317
c_dd05fcb5866322438262,p0015,2026:4072720261538500654
c_c99e4c1e04a65f2743c2,p0004,2026:4072720261538500675
c_c3bb1061e1c3587ba003,p0013,2026:4072720261538547863
c_43263d10d8d42de66ef1,p0002,2026:4072720261538812498
c_57d8e01958a38820d7b3,p0015,2026:4072820251212005112
c_dd05fcb5866322438262,p0015,2026:4072820251212006534
c_c5b7995bf680414a0436,p0004,2026:4072820251212016378
c_c99e4c1e04a65f2743c2,p0004,2026:4072820251212027844
c_c99e4c1e04a65f2743c2,p0004,2026:4072820251212027846
c_433597abc27c16d5e313,p0010,2026:4072820251212030788
c_17256bbd9b27cf71596a,p0017,2026:4072820261538856411
c_4e965f98e7e4e73d4cc0,p0007,2026:4072820261538895215
c_fa3426fbc72a6b8d6c27,p0013,2026:4072820261539109907
c_1cacfa042d1455d24a46,p0019,2026:4072820261539119464
c_f891515b94bcc727e934,p0017,2026:4072820261539177492
c_f891515b94bcc727e934,p0017,2026:4072820261539177657
c_f891515b94bcc727e934,p0017,2026:4072820261539177658
c_f891515b94bcc727e934,p0017,2026:4072820261539178102
c_f891515b94bcc727e934,p0017,2026:4072820261539178103
c_f891515b94bcc727e934,p0017,2026:4072820261539178104
c_f891515b94bcc727e934,p0017,2026:4072820261539178476
c_f891515b94bcc727e934,p0017,2026:4072820261539178477
c_f891515b94bcc727e934,p0017,2026:4072820261539178810
c_f891515b94bcc727e934,p0017,2026:4072820261539178811
c_f891515b94bcc727e934,p0017,2026:4072820261539178812
c_f891515b94bcc727e934,p0017,2026:4072820261539178813
c_b9c6825d43fd2209aee5,p0009,2026:4072820261539190196
c_b9a5e7e193ecf8972f61,p0001,2026:4072820261539208950
c_41645df146712ff21625,p0009,2026:4072820261539223769
c_dd05fcb5866322438262,p0015,2026:4072920251212250865
c_cf0c16d166a8d060e8cd,p0017,2026:4072920251212255940
c_cf0c16d166a8d060e8cd,p0017,2026:4072920251212255941
c_cf0c16d166a8d060e8cd,p0017,2026:4072920251212255942
c_cf0c16d166a8d060e8cd,p0017,2026:4072920251212255943
c_4b64baaa01dc4eca3d70,p0002,2026:4072920251212268104
c_dcb61ff9a92a3152957c,p0003,2026:4072920251212268106
c_dd05fcb5866322438262,p0015,2026:4072920251212291686
c_4b64baaa01dc4eca3d70,p0002,2026:4072920251212317553
c_8f805b8c99894bf05c9e,p0019,2026:4072920251212317561
c_5c674a62aa12b11745d8,p0003,2026:4072920251212317566
c_43263d10d8d42de66ef1,p0002,2026:4072920251212345535
c_5c674a62aa12b11745d8,p0003,2026:4072920251212345537
c_6d78c941e832e66bc5f5,p0011,2026:4072920251212428741
c_3136cabed042209ae8b3,p0003,2026:4072920251212430864
c_3136cabed042209ae8b3,p0003,2026:4072920251212430865
c_3136cabed042209ae8b3,p0003,2026:4072920251212430866
c_3136cabed042209ae8b3,p0003,2026:4072920251212430867
c_3136cabed042209ae8b3,p0003,2026:4072920251212430868
c_43263d10d8d42de66ef1,p0002,2026:4072920251212434350
c_43263d10d8d42de66ef1,p0002,2026:4072920251212434351
c_5c674a62aa12b11745d8,p0003,2026:4072920251212434367
c_bf6fcd5ff63bf7c72f75,p0019,2026:4072920261539260501
c_bf6fcd5ff63bf7c72f75,p0019,2026:4072920261539260502
c_bf6fcd5ff63bf7c72f75,p0019,2026:4072920261539260503
c_abf35d9c28f3a0f3c606,p0007,2026:4072920261539261303
c_57d8e01958a38820d7b3,p0015,2026:4072920261539297410
c_c99e4c1e04a65f2743c2,p0004,2026:4072920261539307423
c_a24d2cc4c4b0d9fdc45d,p0012,2026:4072920261539434565
c_c3a7b8c95399e783947e,p0007,2026:4072920261539441514
c_2f5fc6e063fd29cc45dc,p0013,2026:4072920261539459840
c_a61d74688e8ce4cec0e0,p0007,2026:4072920261539531740
c_dd05fcb5866322438262,p0015,2026:4073020251212601736
c_433597abc27c16d5e313,p0010,2026:4073020251212725094
c_b9c6825d43fd2209aee5,p0009,2026:4073020251212743660
c_5c674a62aa12b11745d8,p0003,2026:4073020261539721068
c_9c859fb024183d8954a6,p0007,2026:4073020261539800731
c_9c859fb024183d8954a6,p0007,2026:4073020261539816319
c_9c859fb024183d8954a6,p0007,2026:4073020261539816320
c_9c859fb024183d8954a6,p0007,2026:4073020261539816321
c_1822128dbb0e70f13b7d,p0014,2026:4073020261539817263
c_b87beb082bea1c30de47,p0013,2026:4073020261539923970
c_b87beb082bea1c30de47,p0013,2026:4073020261539923971
c_43263d10d8d42de66ef1,p0002,2026:4073120251212833072
c_dcb61ff9a92a3152957c,p0003,2026:4073120251212833077
c_dd05fcb5866322438262,p0015,2026:4073120251212867866
c_5c674a62aa12b11745d8,p0003,2026:4073120251212998072
c_5c674a62aa12b11745d8,p0003,2026:4073120251212998073
c_e958a769a7d677c7c9eb,p0017,2026:4073120261539993834
c_e958a769a7d677c7c9eb,p0017,2026:4073120261539993836
c_03c7c6670557a4a9a5fc,p0009,2026:4073120261540029250
c_03c7c6670557a4a9a5fc,p0009,2026:4073120261540029251
c_03c7c6670557a4a9a5fc,p0009,2026:4073120261540029252
c_03c7c6670557a4a9a5fc,p0009,2026:4073120261540029253
c_03c7c6670557a4a9a5fc,p0009,2026:4073120261540029254
c_b9c6825d43fd2209aee5,p0009,2026:4073120261540035931
c_57d8e01958a38820d7b3,p0015,2026:4080120251213056781
c_f403b4b143a23ffe823d,p0013,2026:4080120261540161965
c_f403b4b143a23ffe823d,p0013,2026:4080120261540162029
c_f403b4b143a23ffe823d,p0013,2026:4080120261540307357
c_f403b4b143a23ffe823d,p0013,2026:4080120261540307359
c_f403b4b143a23ffe823d,p0013,2026:4080120261540324827
c_1f85837f806a7c541efe,p0006,2026:4080120261540364474
c_a7ffec653fec9be1017b,p0012,2026:4080220261540423284
c_a7ffec653fec9be1017b,p0012,2026:4080220261540423285
c_3b4e2a05f2eee8ee1cdc,p0001,2026:4080220261540425636
c_3b4e2a05f2eee8ee1cdc,p0001,2026:4080220261540425638
c_3b4e2a05f2eee8ee1cdc,p0001,2026:4080220261540425640
c_3b4e2a05f2eee8ee1cdc,p0001,2026:4080220261540425642
c_3b4e2a05f2eee8ee1cdc,p0001,2026:4080220261540428960
c_f403b4b143a23ffe823d,p0013,2026:4080220261540450854
c_f403b4b143a23ffe823d,p0013,2026:4080220261540450856
c_eeb931e4a1f8ec77d588,p0017,2026:4080320261540593598
c_5c674a62aa12b11745d8,p0003,2026:4080320261540661583
c_f403b4b143a23ffe823d,p0013,2026:4080320261540675494
c_f403b4b143a23ffe823d,p0013,2026:4080320261540675576
c_f403b4b143a23ffe823d,p0013,2026:4080320261540822028
c_f403b4b143a23ffe823d,p0013,2026:4080320261540822030
c_1cacfa042d1455d24a46,p0019,2026:4080320261540845960
c_1cacfa042d1455d24a46,p0019,2026:4080320261540850328
c_1cacfa042d1455d24a46,p0019,2026:4080320261540859004
c_265d709e11c2b925c13f,p0012,2026:4080320261540922466
c_265d709e11c2b925c13f,p0012,2026:4080320261540922467
c_b9c6825d43fd2209aee5,p0009,2026:4080320261540926727
c_d2add8e8e44618bef589,p0009,2026:4080320261540964801
c_d2add8e8e44618bef589,p0009,2026:4080320261540964858
c_6d78c941e832e66bc5f5,p0011,2026:4080420251213165996
c_4b64baaa01dc4eca3d70,p0002,2026:4080420251213169801
c_5c674a62aa12b11745d8,p0003,2026:4080420251213169805
c_43263d10d8d42de66ef1,p0002,2026:4080420251213174192
c_dcb61ff9a92a3152957c,p0003,2026:4080420251213174194
c_62f041317a9dedf290d4,p0011,2026:4080420251213174512
c_8c6264f7bb6623d99078,p0012,2026:4080420261541048420
c_8c6264f7bb6623d99078,p0012,2026:4080420261541061622
c_6cb3cb01bc156ed415b7,p0012,2026:4080420261541065286
c_b9c6825d43fd2209aee5,p0009,2026:4080420261541065629
c_f403b4b143a23ffe823d,p0013,2026:4080420261541070147
c_f403b4b143a23ffe823d,p0013,2026:4080420261541070148
c_f403b4b143a23ffe823d,p0013,2026:4080420261541070149
c_43263d10d8d42de66ef1,p0002,2026:4080420261541117748
c_5c674a62aa12b11745d8,p0003,2026:4080420261541117751
c_f403b4b143a23ffe823d,p0013,2026:4080420261541178815
c_f403b4b143a23ffe823d,p0013,2026:4080420261541178816
c_f403b4b143a23ffe823d,p0013,2026:4080420261541178817
c_f403b4b143a23ffe823d,p0013,2026:4080420261541201338
c_f403b4b143a23ffe823d,p0013,2026:4080420261541201339
c_5c674a62aa12b11745d8,p0003,2026:4080420261541261010
c_5c674a62aa12b11745d8,p0003,2026:4080420261541261050
c_edff13caa61075e2d07b,p0015,2026:4080420261542013675
c_b9c6825d43fd2209aee5,p0009,2026:4080420261549218009
c_c44e1a1d4d50f3a4b6cb,p0013,2026:4080420261549232830
c_c44e1a1d4d50f3a4b6cb,p0013,2026:4080420261549232884
c_f403b4b143a23ffe823d,p0013,2026:4080420261549232930
c_f403b4b143a23ffe823d,p0013,2026:4080420261549232951
c_62d24496f273eeca3de6,p0020,2026:4080420261549233057
c_6d78c941e832e66bc5f5,p0011,2026:4080420261549233134
c_62d24496f273eeca3de6,p0020,2026:4080520251213281786
c_43263d10d8d42de66ef1,p0002,2026:4080520251213319085
c_43263d10d8d42de66ef1,p0002,2026:4080520251213319086
c_5c674a62aa12b11745d8,p0003,2026:4080520251213319127
c_5c674a62aa12b11745d8,p0003,2026:4080520251213319128
c_57d8e01958a38820d7b3,p0015,2026:4080520261555568749
c_57d8e01958a38820d7b3,p0015,2026:4080520261555568750
c_f403b4b143a23ffe823d,p0013,2026:4080520261555574810
c_f403b4b143a23ffe823d,p0013,2026:4080520261555574812
c_b9c6825d43fd2209aee5,p0009,2026:4080520261555596635
c_f403b4b143a23ffe823d,p0013,2026:4080520261555600791
c_f403b4b143a23ffe823d,p0013,2026:4080520261555600793
c_d03740cd5d2a614f2dc9,p0012,2026:4080520261555736949
c_f891515b94bcc727e934,p0017,2026:4080520261557134935
c_0f1f65463c319e118a2d,p0013,2026:4080520261557262511
c_6d78c941e832e66bc5f5,p0011,2026:4080520261557297280
c_6d78c941e832e66bc5f5,p0011,2026:4080520261558485587
c_6ac67509a75bd90285ff,p0012,2026:4080520261558694404
c_0f1f65463c319e118a2d,p0013,2026:4080520261559799030
c_f403b4b143a23ffe823d,p0013,2026:4080520261559986846
c_f403b4b143a23ffe823d,p0013,2026:4080520261560052624
c_f403b4b143a23ffe823d,p0013,2026:4080520261560282404
c_f403b4b143a23ffe823d,p0013,2026:4080520261560396003
c_b9c6825d43fd2209aee5,p0009,2026:4080520261560397215
c_f403b4b143a23ffe823d,p0013,2026:4080520261560475530
c_f403b4b143a23ffe823d,p0013,2026:4080520261560528381
c_f403b4b143a23ffe823d,p0013,2026:4080520261560588552
c_f403b4b143a23ffe823d,p0013,2026:4080520261560624253
c_f403b4b143a23ffe823d,p0013,2026:4080520261560624913
c_f403b4b143a23ffe823d,p0013,2026:4080520261560629491
c_f403b4b143a23ffe823d,p0013,2026:4080520261560659625
c_f403b4b143a23ffe823d,p0013,2026:4080520261560746319
c_f403b4b143a23ffe823d,p0013,2026:4080520261560845215
c_f403b4b143a23ffe823d,p0013,2026:4080520261560857347
c_f403b4b143a23ffe823d,p0013,2026:4080520261560893795
c_f403b4b143a23ffe823d,p0013,2026:4080520261560899617
c_f403b4b143a23ffe823d,p0013,2026:4080520261560907699
c_1822128dbb0e70f13b7d,p0014,2026:4080520261561232890
c_b9c6825d43fd2209aee5,p0009,2026:4080520261563444454
c_b9c6825d43fd2209aee5,p0009,2026:4080520261563452209
c_b9c6825d43fd2209aee5,p0009,2026:4080520261563455421
c_b9c6825d43fd2209aee5,p0009,2026:4080520261563458974
c_b9c6825d43fd2209aee5,p0009,2026:4080520261563487524
c_b9c6825d43fd2209aee5,p0009,2026:4080520261563494648
c_f403b4b143a23ffe823d,p0013,2026:4080520261563798213
c_f403b4b143a23ffe823d,p0013,2026:4080520261563798214
c_3c4381231eeaf4ed1cf3,p0013,2026:4080520261563801080
c_3c4381231eeaf4ed1cf3,p0013,2026:4080520261563801082
c_ab59e8afb75032c13440,p0002,2026:4080520261563811643
c_f403b4b143a23ffe823d,p0013,2026:4080520261563885221
c_f403b4b143a23ffe823d,p0013,2026:4080520261563885222
c_f403b4b143a23ffe823d,p0013,2026:4080520261563885223
c_7483de417888bfb565df,p0002,2026:4080520261563964652
c_32cf668c13defe40068b,p0003,2026:4080520261563964655
c_f403b4b143a23ffe823d,p0013,2026:4080520261563975212
c_524b26b63f43fa5adc9c,p0003,2026:4080520261570240739
c_ba6b8c476a6afc66cf9a,p0002,2026:4080520261570240781
c_1822128dbb0e70f13b7d,p0014,2026:4080620251215503106
c_c99e4c1e04a65f2743c2,p0004,2026:4080620251215503209
c_4b64baaa01dc4eca3d70,p0002,2026:4080620251215507126
c_5c674a62aa12b11745d8,p0003,2026:4080620251215507154
c_433597abc27c16d5e313,p0010,2026:4080620251215512735
c_1822128dbb0e70f13b7d,p0014,2026:4080620251215532320
c_5c674a62aa12b11745d8,p0003,2026:4080620251215532450
c_57d8e01958a38820d7b3,p0015,2026:4080620251215533596
c_7111142612a4e6f36dab,p0015,2026:4080620251215533776
c_eb5f4b964135272e086d,p0008,2026:4080620251215533897
c_43263d10d8d42de66ef1,p0002,2026:4080620251215534664
c_5c674a62aa12b11745d8,p0003,2026:4080620251215534671
c_c99e4c1e04a65f2743c2,p0004,2026:4080620251215545268
c_c99e4c1e04a65f2743c2,p0004,2026:4080620251215545270
c_c99e4c1e04a65f2743c2,p0004,2026:4080620251215545271
c_f403b4b143a23ffe823d,p0013,2026:4080620261570288497
c_f403b4b143a23ffe823d,p0013,2026:4080620261570288499
c_f403b4b143a23ffe823d,p0013,2026:4080620261570364035
c_f403b4b143a23ffe823d,p0013,2026:4080620261570364036
c_f403b4b143a23ffe823d,p0013,2026:4080620261570364037
c_c55394898061fb1bce11,p0007,2026:4080620261570395694
c_c55394898061fb1bce11,p0007,2026:4080620261570395696
c_f403b4b143a23ffe823d,p0013,2026:4080620261570425518
c_f403b4b143a23ffe823d,p0013,2026:4080620261570425520
c_f403b4b143a23ffe823d,p0013,2026:4080620261570425778
c_f403b4b143a23ffe823d,p0013,2026:4080620261570425780
c_bb9af8b91632d1a8b3e3,p0003,2026:4080620261570426231
c_5c674a62aa12b11745d8,p0003,2026:4080620261570437172
c_524b26b63f43fa5adc9c,p0003,2026:4080620261570447648
c_79d82a83c0673ddaf64b,p0011,2026:4080620261570452385
c_4b5b997b9da430e98c9d,p0002,2026:4080720251215594882
c_dcb61ff9a92a3152957c,p0003,2026:4080720251215594887
c_6d78c941e832e66bc5f5,p0011,2026:4080720251215605876
c_6d78c941e832e66bc5f5,p0011,2026:4080720251215605877
c_433597abc27c16d5e313,p0010,2026:4080720251215619991
c_433597abc27c16d5e313,p0010,2026:4080720251215619992
c_b9c6825d43fd2209aee5,p0009,2026:4080720251215626754
c_8f805b8c99894bf05c9e,p0019,2026:4080720251215630961
c_8f805b8c99894bf05c9e,p0019,2026:4080720251215630962
c_8f805b8c99894bf05c9e,p0019,2026:4080720251215630963
c_fa49063352bb702b8079,p0010,2026:4080720251215653153
c_fa49063352bb702b8079,p0010,2026:4080720251215653154
c_f403b4b143a23ffe823d,p0013,2026:4080720261570492597
c_f403b4b143a23ffe823d,p0013,2026:4080720261570492599
c_5c674a62aa12b11745d8,p0003,2026:4080720261570524215
c_f403b4b143a23ffe823d,p0013,2026:4080720261570537985
c_f403b4b143a23ffe823d,p0013,2026:4080720261570537987
c_f403b4b143a23ffe823d,p0013,2026:4080720261570537988
c_ff679f50e36719296940,p0007,2026:4080720261570542566
c_f403b4b143a23ffe823d,p0013,2026:4080720261570564149
c_f403b4b143a23ffe823d,p0013,2026:4080720261570564151
c_3b4e2a05f2eee8ee1cdc,p0001,2026:4080820251215677526
c_3b4e2a05f2eee8ee1cdc,p0001,2026:4080820251215677527
c_3b4e2a05f2eee8ee1cdc,p0001,2026:4080820251215677528
c_eb5f4b964135272e086d,p0008,2026:4080820251215706872
c_48d52fd38cd72bd4af64,p0002,2026:4080820251215706874
c_dcb61ff9a92a3152957c,p0003,2026:4080820251215706981
c_25346886cb66823b3264,p0020,2026:4080820251215712944
c_25346886cb66823b3264,p0020,2026:4080820251215712946
c_f403b4b143a23ffe823d,p0013,2026:4081020261570652057
c_f403b4b143a23ffe823d,p0013,2026:4081020261570652059
c_f403b4b143a23ffe823d,p0013,2026:4081020261570669733
c_f403b4b143a23ffe823d,p0013,2026:4081020261570708478
c_f403b4b143a23ffe823d,p0013,2026:4081020261570708480
c_f403b4b143a23ffe823d,p0013,2026:4081020261570717997
c_f403b4b143a23ffe823d,p0013,2026:4081020261570718444
c_8d2a273f9bc22596f7f1,p0002,2026:4081020261570735734
c_524b26b63f43fa5adc9c,p0003,2026:4081020261570735864
c_b9a5e7e193ecf8972f61,p0001,2026:4081020261570739434
c_651f7ed35a1ac790deb7,p0009,2026:4081020261570744028
c_db11483102ea44f72255,p0002,2026:4081120251215773038
c_dcb61ff9a92a3152957c,p0003,2026:4081120251215773045
c_4b64baaa01dc4eca3d70,p0002,2026:4081120251215775022
c_5c674a62aa12b11745d8,p0003,2026:4081120251215789686
c_433597abc27c16d5e313,p0010,2026:4081120251215803123
c_433597abc27c16d5e313,p0010,2026:4081120251215803124
c_433597abc27c16d5e313,p0010,2026:4081120251215803125
c_433597abc27c16d5e313,p0010,2026:4081120251215803126
c_433597abc27c16d5e313,p0010,2026:4081120251215803127
c_dd05fcb5866322438262,p0015,2026:4081120251215805479
c_b3e9661b3b039eac4939,p0012,2026:4081120251215810192
c_433597abc27c16d5e313,p0010,2026:4081120251215810573
c_433597abc27c16d5e313,p0010,2026:4081120251215810574
c_433597abc27c16d5e313,p0010,2026:4081120251215810575
c_48d52fd38cd72bd4af64,p0002,2026:4081120251215830374
c_5c674a62aa12b11745d8,p0003,2026:4081120251215830393
c_3b4e2a05f2eee8ee1cdc,p0001,2026:4081120251215831409
c_3b4e2a05f2eee8ee1cdc,p0001,2026:4081120251215831410
c_3b4e2a05f2eee8ee1cdc,p0001,2026:4081120251215831411
c_762ca9a1aa00d8c259fd,p0013,2026:4081120261570799219
c_762ca9a1aa00d8c259fd,p0013,2026:4081120261570799221
c_f403b4b143a23ffe823d,p0013,2026:4081120261570804152
c_f403b4b143a23ffe823d,p0013,2026:4081120261570804154
c_b9c6825d43fd2209aee5,p0009,2026:4081120261570806266
c_f403b4b143a23ffe823d,p0013,2026:4081120261570818816
c_c99e4c1e04a65f2743c2,p0004,2026:4081120261570819270
c_1822128dbb0e70f13b7d,p0014,2026:4081120261570819336
c_f403b4b143a23ffe823d,p0013,2026:4081120261570821017
c_f403b4b143a23ffe823d,p0013,2026:4081120261570821019
c_8f805b8c99894bf05c9e,p0019,2026:4081120261570826889
c_6d78c941e832e66bc5f5,p0011,2026:4081120261570958518
c_f403b4b143a23ffe823d,p0013,2026:4081120261570970884
c_87a30b378f23fbf058df,p0013,2026:4081120261570973327
c_8a1a5855130904f79704,p0013,2026:4081120261570989363
c_8a1a5855130904f79704,p0013,2026:4081120261570989365
c_f403b4b143a23ffe823d,p0013,2026:4081120261570992367
c_f403b4b143a23ffe823d,p0013,2026:4081120261570998714
c_43263d10d8d42de66ef1,p0002,2026:4081120261571016862
c_43263d10d8d42de66ef1,p0002,2026:4081120261571016863
c_5c674a62aa12b11745d8,p0003,2026:4081120261571016922
c_5c674a62aa12b11745d8,p0003,2026:4081120261571016923
c_43263d10d8d42de66ef1,p0002,2026:4081120261571025515
c_43263d10d8d42de66ef1,p0002,2026:4081120261571025516
c_5c674a62aa12b11745d8,p0003,2026:4081120261571025589
c_5c674a62aa12b11745d8,p0003,2026:4081120261571025590
c_1b90a827020ec629fb4b,p0002,2026:4081120261572009325
c_524b26b63f43fa5adc9c,p0003,2026:4081120261572009487
c_7f6679e9b620822a4285,p0013,2026:4081120261572009576
c_a194ee1d2f16dbf8c69b,p0017,2026:4081120261573251083
c_c99e4c1e04a65f2743c2,p0004,2026:4081120261574007754
c_c99e4c1e04a65f2743c2,p0004,2026:4081120261574007755
c_1822128dbb0e70f13b7d,p0014,2026:4081120261574564702
c_762ca9a1aa00d8c259fd,p0013,2026:4081120261576576558
c_762ca9a1aa00d8c259fd,p0013,2026:4081120261576576559
c_762ca9a1aa00d8c259fd,p0013,2026:4081120261576576560
c_62d24496f273eeca3de6,p0020,2026:4081120261577500037
c_7322dbff25c5f604edd6,p0002,2026:4081120261579504951
c_7322dbff25c5f604edd6,p0002,2026:4081120261579504952
c_5e279189c3b095cd6c64,p0003,2026:4081120261579506008
c_5e279189c3b095cd6c64,p0003,2026:4081120261579506009
c_43263d10d8d42de66ef1,p0002,2026:4081220251215897257
c_5c674a62aa12b11745d8,p0003,2026:4081220251215897263
c_6d78c941e832e66bc5f5,p0011,2026:4081220251215964068
c_43263d10d8d42de66ef1,p0002,2026:4081220251215971103
c_dd05fcb5866322438262,p0015,2026:4081220251215971151
c_5c674a62aa12b11745d8,p0003,2026:4081220251215971239
c_dd05fcb5866322438262,p0015,2026:4081220251215982076
c_dd05fcb5866322438262,p0015,2026:4081220251215983795
c_3fdba6477347f59d07e7,p0010,2026:4081220251215983829
c_dd05fcb5866322438262,p0015,2026:4081220261580775111
c_36b1afe0f354e143f620,p0017,2026:4081220261580808706
c_61fa0b900dde4b7b5909,p0015,2026:4081220261580840123
c_dd05fcb5866322438262,p0015,2026:4081220261580865286
c_dd05fcb5866322438262,p0015,2026:4081220261580865287
c_dcb61ff9a92a3152957c,p0003,2026:4081220261580865923
c_dcb61ff9a92a3152957c,p0003,2026:4081220261580865924
c_62d24496f273eeca3de6,p0020,2026:4081220261580868891
c_b9c6825d43fd2209aee5,p0009,2026:4081320251216028332
c_b9c6825d43fd2209aee5,p0009,2026:4081320251216028486
c_3ca089090d1c726fec8b,p0003,2026:4081320251216037036
c_28276834972bc20b7eea,p0002,2026:4081320251217635173
c_5c674a62aa12b11745d8,p0003,2026:4081320251217635272
c_c45d5a6fd1f3d47d8108,p0012,2026:4081320251217652276
c_c45d5a6fd1f3d47d8108,p0012,2026:4081320251217652277
c_c45d5a6fd1f3d47d8108,p0012,2026:4081320251217652278
c_c66c8aa0fc3efc9b439b,p0013,2026:4081320251217732886
c_c66c8aa0fc3efc9b439b,p0013,2026:4081320251217732887
c_57d8e01958a38820d7b3,p0015,2026:4081320251217783445
c_dd05fcb5866322438262,p0015,2026:4081320251217865703
c_d2184d854731bd381ac8,p0012,2026:4081320251217948688
c_67a89f097a09cc915e32,p0012,2026:4081320261580917112
c_3ca089090d1c726fec8b,p0003,2026:4081420261580986779
c_43263d10d8d42de66ef1,p0002,2026:4081420261580996094
c_dcb61ff9a92a3152957c,p0003,2026:4081420261580996095
c_b9c6825d43fd2209aee5,p0009,2026:4081420261580996372
c_8f805b8c99894bf05c9e,p0019,2026:4081420261580996470
c_b9c6825d43fd2209aee5,p0009,2026:4081420261580996490
c_1822128dbb0e70f13b7d,p0014,2026:4081420261581018017
c_1822128dbb0e70f13b7d,p0014,2026:4081420261581018019
c_433597abc27c16d5e313,p0010,2026:4081520251218419085
c_433597abc27c16d5e313,p0010,2026:4081520251218419161
c_5c674a62aa12b11745d8,p0003,2026:4081720261581116304
c_5c674a62aa12b11745d8,p0003,2026:4081720261581116305
c_f926e34e381620c17dd1,p0017,2026:4081720261581152897
c_f926e34e381620c17dd1,p0017,2026:4081720261581153760
c_f926e34e381620c17dd1,p0017,2026:4081720261581154165
c_3b4e2a05f2eee8ee1cdc,p0001,2026:4081820251218491747
c_3b4e2a05f2eee8ee1cdc,p0001,2026:4081820251218491749
c_3b4e2a05f2eee8ee1cdc,p0001,2026:4081820251218491750
c_3b4e2a05f2eee8ee1cdc,p0001,2026:4081820251218491751
c_3b4e2a05f2eee8ee1cdc,p0001,2026:4081820251218491756
c_3b4e2a05f2eee8ee1cdc,p0001,2026:4081820251218491758
c_3b4e2a05f2eee8ee1cdc,p0001,2026:4081820251218491760
c_3b4e2a05f2eee8ee1cdc,p0001,2026:4081820251218491767
c_3b4e2a05f2eee8ee1cdc,p0001,2026:4081820251218491769
c_3b4e2a05f2eee8ee1cdc,p0001,2026:4081820251218491771
c_b9c6825d43fd2209aee5,p0009,2026:4081820261583776229
c_b9c6825d43fd2209aee5,p0009,2026:4081820261583776230
c_b9c6825d43fd2209aee5,p0009,2026:4081820261583776231
c_6d78c941e832e66bc5f5,p0011,2026:4081820261583782938
c_1822128dbb0e70f13b7d,p0014,2026:4081820261583860094
c_1822128dbb0e70f13b7d,p0014,2026:4081820261583860096
c_140f009e028a29449a1e,p0015,2026:4081920251218696201
c_edf43d35712559a1028d,p0012,2026:4081920251218699802
c_bf6fcd5ff63bf7c72f75,p0019,2026:4081920251218727063
c_4b64baaa01dc4eca3d70,p0002,2026:4081920251218730852
c_4b64baaa01dc4eca3d70,p0002,2026:4081920251218730853
c_5c674a62aa12b11745d8,p0003,2026:4081920251218730892
c_5c674a62aa12b11745d8,p0003,2026:4081920251218730893
c_3b4e2a05f2eee8ee1cdc,p0001,2026:4081920251218730917
c_57d8e01958a38820d7b3,p0015,2026:4081920251218732137
c_97c4030d3b75d0462008,p0012,2026:4081920251218747127
c_97c4030d3b75d0462008,p0012,2026:4081920251218747128
c_b9c6825d43fd2209aee5,p0009,2026:4081920261583911394
c_f403b4b143a23ffe823d,p0013,2026:4081920261583924750
c_f403b4b143a23ffe823d,p0013,2026:4081920261583925169
c_f403b4b143a23ffe823d,p0013,2026:4081920261583925171
c_c99e4c1e04a65f2743c2,p0004,2026:4081920261583961998
c_72bee3b135cc84fafaa8,p0012,2026:4081920261584019291
c_72bee3b135cc84fafaa8,p0012,2026:4081920261584019293
c_72bee3b135cc84fafaa8,p0012,2026:4081920261584019295
c_72bee3b135cc84fafaa8,p0012,2026:4081920261584019297
c_72bee3b135cc84fafaa8,p0012,2026:4081920261584019299
c_c99e4c1e04a65f2743c2,p0004,2026:4081920261584033062
c_c99e4c1e04a65f2743c2,p0004,2026:4081920261584033063
c_284f76bb2a6dfd397fdc,p0013,2026:4082020261584267612
c_284f76bb2a6dfd397fdc,p0013,2026:4082020261584267613
c_c3a7b8c95399e783947e,p0007,2026:4082020261584269701
c_87a30b378f23fbf058df,p0013,2026:4082020261584288032
c_87a30b378f23fbf058df,p0013,2026:4082020261584288034
c_87a30b378f23fbf058df,p0013,2026:4082020261584288036
c_87a30b378f23fbf058df,p0013,2026:4082020261584288038
c_87a30b378f23fbf058df,p0013,2026:4082020261584288040
c_87a30b378f23fbf058df,p0013,2026:4082020261584288042
c_87a30b378f23fbf058df,p0013,2026:4082020261584288044
c_67a89f097a09cc915e32,p0012,2026:4082120261584484583
c_93614b10be574755f74e,p0013,2026:4082120261584491194
c_93614b10be574755f74e,p0013,2026:4082120261584491195
c_93614b10be574755f74e,p0013,2026:4082120261584491196
c_c45d5a6fd1f3d47d8108,p0012,2026:4082320261584534550
c_c45d5a6fd1f3d47d8108,p0012,2026:4082320261584534551
c_c45d5a6fd1f3d47d8108,p0012,2026:4082320261584534552
c_4e965f98e7e4e73d4cc0,p0007,2026:4082420261584622535
c_5c674a62aa12b11745d8,p0003,2026:4082420261584639554
c_4b64baaa01dc4eca3d70,p0002,2026:4082420261584639613
c_e985b2b60bfec40b9aab,p0015,2026:4082420261584655197
c_c3a7b8c95399e783947e,p0007,2026:4082520251233287069
c_cd542770a05162888085,p0013,2026:4082520251233330257
c_8f805b8c99894bf05c9e,p0019,2026:4082520251233342235
c_1cacfa042d1455d24a46,p0019,2026:4082520251233355069
c_8f805b8c99894bf05c9e,p0019,2026:4082520251233399844
c_b9c6825d43fd2209aee5,p0009,2026:4082520261584705073
c_b9c6825d43fd2209aee5,p0009,2026:4082520261584705074
c_b9c6825d43fd2209aee5,p0009,2026:4082520261584705075
c_dd05fcb5866322438262,p0015,2026:4082520261584716762
c_7f6679e9b620822a4285,p0013,2026:4082520261584828817
c_7f6679e9b620822a4285,p0013,2026:4082520261584828818
c_7f6679e9b620822a4285,p0013,2026:4082520261584828819
c_1cacfa042d1455d24a46,p0019,2026:4082520261584855974
c_17256bbd9b27cf71596a,p0017,2026:4082520261584964880
c_c55394898061fb1bce11,p0007,2026:4082520261584987447
c_c55394898061fb1bce11,p0007,2026:4082520261584987449
c_e958a769a7d677c7c9eb,p0017,2026:4082520261584992454
c_72bee3b135cc84fafaa8,p0012,2026:4082620251244752774
c_72bee3b135cc84fafaa8,p0012,2026:4082620251244752776
c_72bee3b135cc84fafaa8,p0012,2026:4082620251244752778
c_72bee3b135cc84fafaa8,p0012,2026:4082620251244752780
c_72bee3b135cc84fafaa8,p0012,2026:4082620251244752782
c_0e23ab4f855fffa4095e,p0007,2026:4082720261585267136
c_0e23ab4f855fffa4095e,p0007,2026:4082720261585267137
c_ff679f50e36719296940,p0007,2026:4082720261585276208
c_a194ee1d2f16dbf8c69b,p0017,2026:4082720261587781661
c_f8aa0ed50bda94b54e87,p0012,2026:4082720261592313361
c_f8aa0ed50bda94b54e87,p0012,2026:4082720261592313362
c_b9c6825d43fd2209aee5,p0009,2026:4082720261594276807
c_b9c6825d43fd2209aee5,p0009,2026:4082720261594276808
c_b9c6825d43fd2209aee5,p0009,2026:4082720261594276809
c_ebee47ee22db9162a500,p0012,2026:4082720261595276462
c_dcb61ff9a92a3152957c,p0003,2026:4082820251250637092
c_1822128dbb0e70f13b7d,p0014,2026:4082820251254591209
c_0fd42dcea3bc783c9277,p0015,2026:4082820251254729774
c_eb5f4b964135272e086d,p0008,2026:4082820251255074375
c_c99e4c1e04a65f2743c2,p0004,2026:4082820251256021647
c_c99e4c1e04a65f2743c2,p0004,2026:4082820251256265661
c_b9c6825d43fd2209aee5,p0009,2026:4082820251256439472
c_b9c6825d43fd2209aee5,p0009,2026:4082820251256448704
c_dcb61ff9a92a3152957c,p0003,2026:4082820251256813778
c_dcb61ff9a92a3152957c,p0003,2026:4082820251256822981
c_dcb61ff9a92a3152957c,p0003,2026:4082820251256836431
c_dcb61ff9a92a3152957c,p0003,2026:4082820251256841134
c_dcb61ff9a92a3152957c,p0003,2026:4082820251256841328
c_dcb61ff9a92a3152957c,p0003,2026:4082820251256847273
c_dd05fcb5866322438262,p0015,2026:4082820251259748237
c_dd05fcb5866322438262,p0015,2026:4082820251259748238
c_dd05fcb5866322438262,p0015,2026:4082820251259748239
c_dd05fcb5866322438262,p0015,2026:4082820251259748240
c_dd05fcb5866322438262,p0015,2026:4082820251259748241
c_dd05fcb5866322438262,p0015,2026:4082820251259749758
c_dd05fcb5866322438262,p0015,2026:4082820251259749759
c_dd05fcb5866322438262,p0015,2026:4082820251259749761
c_dd05fcb5866322438262,p0015,2026:4082820251259749762
c_dd05fcb5866322438262,p0015,2026:4082820251259749763
c_4264ddcc954e744c1b38,p0013,2026:4082820251260177244
c_6d78c941e832e66bc5f5,p0011,2026:4082820251261095852
c_6d78c941e832e66bc5f5,p0011,2026:4082820251261111353
c_c99e4c1e04a65f2743c2,p0004,2026:4082820251263882970
c_25346886cb66823b3264,p0020,2026:4082820251268193850
c_1822128dbb0e70f13b7d,p0014,2026:4082820251268364751
c_c99e4c1e04a65f2743c2,p0004,2026:4082820251269896226
c_b9c6825d43fd2209aee5,p0009,2026:4082820251290071147
c_d7cbfb640cbdfe7aef75,p0003,2026:4082820261595338050
c_d7cbfb640cbdfe7aef75,p0003,2026:4082820261595338051
c_5c674a62aa12b11745d8,p0003,2026:4082820261595354536
c_72bee3b135cc84fafaa8,p0012,2026:4090120261595518027
c_72bee3b135cc84fafaa8,p0012,2026:4090120261595518029
c_72bee3b135cc84fafaa8,p0012,2026:4090120261595518031
c_72bee3b135cc84fafaa8,p0012,2026:4090120261595518033
c_72bee3b135cc84fafaa8,p0012,2026:4090120261595518035
c_b87beb082bea1c30de47,p0013,2026:4090120261595541388
c_b87beb082bea1c30de47,p0013,2026:4090120261595541389
c_f403b4b143a23ffe823d,p0013,2026:4090120261595547913
c_b9c6825d43fd2209aee5,p0009,2026:4090120261595550249
c_39e1edb4b819f7c7b285,p0012,2026:4090120261595608701
c_39e1edb4b819f7c7b285,p0012,2026:4090120261595608702
c_b3e9661b3b039eac4939,p0012,2026:4090220261595639961
c_3fdba6477347f59d07e7,p0010,2026:4090320251290262502
c_3fdba6477347f59d07e7,p0010,2026:4090320251290262503
c_3fdba6477347f59d07e7,p0010,2026:4090320251290262504
c_dd05fcb5866322438262,p0015,2026:4090420251290293840
c_3136cabed042209ae8b3,p0003,2026:4090420261595776166
c_43263d10d8d42de66ef1,p0002,2026:4090820261595851228
c_5c674a62aa12b11745d8,p0003,2026:4090820261595851229
c_b9c6825d43fd2209aee5,p0009,2026:4090920251290437605
c_3b4e2a05f2eee8ee1cdc,p0001,2026:4090920251290437613
c_3b4e2a05f2eee8ee1cdc,p0001,2026:4090920251290437614
c_3b4e2a05f2eee8ee1cdc,p0001,2026:4090920251290437615
c_335b847383ae31e6e8e8,p0012,2026:4090920261595992987
c_335b847383ae31e6e8e8,p0012,2026:4090920261595992988
c_335b847383ae31e6e8e8,p0012,2026:4090920261595993199
c_335b847383ae31e6e8e8,p0012,2026:4090920261595993200
c_335b847383ae31e6e8e8,p0012,2026:4090920261595993341
c_b9c6825d43fd2209aee5,p0009,2026:4090920261596048899
c_576acaf26c17eaeb9e7a,p0012,2026:4091020261596256798
c_c66c8aa0fc3efc9b439b,p0013,2026:4091120251290861668
c_c66c8aa0fc3efc9b439b,p0013,2026:4091120251290861669
c_aa177931ba347d08c9ec,p0015,2026:4091120261598187909
c_aa177931ba347d08c9ec,p0015,2026:4091120261598187910
c_aa177931ba347d08c9ec,p0015,2026:4091120261598197689
c_62d24496f273eeca3de6,p0020,2026:4091120261598207055
c_62d24496f273eeca3de6,p0020,2026:4091120261598207057
c_62d24496f273eeca3de6,p0020,2026:4091120261598207058
c_d23181f6cb71f137ce57,p0015,2026:4091120261598247371
c_b9c6825d43fd2209aee5,p0009,2026:4091220251291083986
c_c45d5a6fd1f3d47d8108,p0012,2026:4091620251291182769
c_c45d5a6fd1f3d47d8108,p0012,2026:4091620251291182770
c_d2184d854731bd381ac8,p0012,2026:4091720251291295216
c_c3a7b8c95399e783947e,p0007,2026:4091720251291306271
c_dcb61ff9a92a3152957c,p0003,2026:4091820251291356833
c_43263d10d8d42de66ef1,p0002,2026:4091820251291356842
c_cd542770a05162888085,p0013,2026:4091820251291368682
c_97c4030d3b75d0462008,p0012,2026:4091920251291476990
c_97c4030d3b75d0462008,p0012,2026:4091920251291476991
c_1cacfa042d1455d24a46,p0019,2026:4092320251292107505
c_43263d10d8d42de66ef1,p0002,2026:4092420251292200530
c_5c674a62aa12b11745d8,p0003,2026:4092420251292200573
c_72bee3b135cc84fafaa8,p0012,2026:4092420251292263721
c_72bee3b135cc84fafaa8,p0012,2026:4092420251292263723
c_72bee3b135cc84fafaa8,p0012,2026:4092420251292263725
c_72bee3b135cc84fafaa8,p0012,2026:4092420251292263727
c_72bee3b135cc84fafaa8,p0012,2026:4092420251292263729
c_433597abc27c16d5e313,p0010,2026:4092920251292465825
c_1cacfa042d1455d24a46,p0019,2026:4102020251292928981
c_43263d10d8d42de66ef1,p0002,2026:4103020251293133019
c_5c674a62aa12b11745d8,p0003,2026:4103020251293133021
c_4d74cb315747df2aa4d2,p0012,2026:4112020251294211845
c_1cacfa042d1455d24a46,p0019,2026:4112120251294255132
c_1cacfa042d1455d24a46,p0019,2026:4112120251294261602
c_1cacfa042d1455d24a46,p0019,2026:4112120251294272146
c_1cacfa042d1455d24a46,p0019,2026:4112120251294277383
c_1cacfa042d1455d24a46,p0019,2026:4112120251294287132
c_1cacfa042d1455d24a46,p0019,2026:4112120251294295801
c_1cacfa042d1455d24a46,p0019,2026:4112120251294295802
c_1cacfa042d1455d24a46,p0019,2026:4112120251294305400
c_1cacfa042d1455d24a46,p0019,2026:4112120251294313389
c_4e3d7b97a5d9e4944909,p0017,2026:4112120251294385448
c_4e3d7b97a5d9e4944909,p0017,2026:4112120251294385450
c_b9c6825d43fd2209aee5,p0009,2026:4112420251294614282
c_f4eba26291c5ee8f8787,p0012,2026:4112420251294655950
c_1cacfa042d1455d24a46,p0019,2026:4112520251294758542
c_3fdba6477347f59d07e7,p0010,2026:4112520251294834057
c_b9c6825d43fd2209aee5,p0009,2026:4112520251294834503
c_c45d5a6fd1f3d47d8108,p0012,2026:4112520251294838198
c_c45d5a6fd1f3d47d8108,p0012,2026:4112520251294838199
c_57d8e01958a38820d7b3,p0015,2026:4112620251294876009
c_5c674a62aa12b11745d8,p0003,2026:4112620251294880560
c_8eb595baffbef3c23fb4,p0015,2026:4112620251294966387
c_7e4fd8b95a6200e98887,p0011,2026:4112820251295012055
c_c66c8aa0fc3efc9b439b,p0013,2026:4120120251295148776
c_c66c8aa0fc3efc9b439b,p0013,2026:4120120251295148777
c_c66c8aa0fc3efc9b439b,p0013,2026:4120120251295148778
c_3fdba6477347f59d07e7,p0010,2026:4120120251295154676
c_c66c8aa0fc3efc9b439b,p0013,2026:4120120251295187650
c_c66c8aa0fc3efc9b439b,p0013,2026:4120120251295187651
c_43263d10d8d42de66ef1,p0002,2026:4120120251295189262
c_dcb61ff9a92a3152957c,p0003,2026:4120120251295196628
c_1cacfa042d1455d24a46,p0019,2026:4120120251296381656
c_8f805b8c99894bf05c9e,p0019,2026:4120220251296451080
c_57d8e01958a38820d7b3,p0015,2026:4120220251296459472
c_b3e9661b3b039eac4939,p0012,2026:4120320251296638157
c_8f805b8c99894bf05c9e,p0019,2026:4120320251296697170
c_43263d10d8d42de66ef1,p0002,2026:4120320251296697260
c_dcb61ff9a92a3152957c,p0003,2026:4120320251296697262
c_433597abc27c16d5e313,p0010,2026:4120320251296700714
c_7d7cb7c29cca5e24886a,p0002,2026:4120320251296700725
c_927e2ea7aeaab6c6dadc,p0003,2026:4120320251296700726
c_4b64baaa01dc4eca3d70,p0002,2026:4120320251296701601
c_dcb61ff9a92a3152957c,p0003,2026:4120320251296701666
c_e33e4241ffae021efe44,p0011,2026:4120320251296701681
c_4b64baaa01dc4eca3d70,p0002,2026:4120320251296784396
c_5c674a62aa12b11745d8,p0003,2026:4120320251296784398
c_c3a7b8c95399e783947e,p0007,2026:4120320251296805949
c_97c4030d3b75d0462008,p0012,2026:4120320251296814354
c_97c4030d3b75d0462008,p0012,2026:4120320251296814355
c_ad31e218ef3f5f13c332,p0006,2026:4120320251296858749
c_43263d10d8d42de66ef1,p0002,2026:4120420251296889060
c_5c674a62aa12b11745d8,p0003,2026:4120420251296889061
c_3b4e2a05f2eee8ee1cdc,p0001,2026:4120420251296889100
c_4e3d7b97a5d9e4944909,p0017,2026:4120420251296928678
c_433597abc27c16d5e313,p0010,2026:4120420251296956348
c_433597abc27c16d5e313,p0010,2026:4120420251296956351
c_4e3d7b97a5d9e4944909,p0017,2026:4120420251297031868
c_4e3d7b97a5d9e4944909,p0017,2026:4120420251297031870
c_5c674a62aa12b11745d8,p0003,2026:4120920251297543687
c_5c674a62aa12b11745d8,p0003,2026:4120920251297544894
c_62d24496f273eeca3de6,p0020,2026:4121020251297680951
c_5c674a62aa12b11745d8,p0003,2026:4121020251297741867
c_5c674a62aa12b11745d8,p0003,2026:4121020251297741868
c_3b4e2a05f2eee8ee1cdc,p0001,2026:4121020251297765338
c_5c674a62aa12b11745d8,p0003,2026:4121020251297767186
c_5c674a62aa12b11745d8,p0003,2026:4121020251297770974
c_c3bb1061e1c3587ba003,p0013,2026:4121020251297833263
c_c3bb1061e1c3587ba003,p0013,2026:4121020251297834963
c_dd05fcb5866322438262,p0015,2026:4121120251298298011
c_dd05fcb5866322438262,p0015,2026:4121120251298298012
c_c55394898061fb1bce11,p0007,2026:4121220251298457208
c_c55394898061fb1bce11,p0007,2026:4121220251298503651
c_58f369ac388c080e2ff2,p0003,2026:4121520251298710165
c_57d8e01958a38820d7b3,p0015,2026:4121620251298873575
c_57d8e01958a38820d7b3,p0015,2026:4121620251298873576
c_dcb61ff9a92a3152957c,p0003,2026:4121620251298874033
c_5c674a62aa12b11745d8,p0003,2026:4121620251298905267
c_1822128dbb0e70f13b7d,p0014,2026:4121620251298905429
c_433597abc27c16d5e313,p0010,2026:4121720251299015959
c_433597abc27c16d5e313,p0010,2026:4121720251299015960
c_433597abc27c16d5e313,p0010,2026:4121720251299015961
c_dcb61ff9a92a3152957c,p0003,2026:4121820251299084300
c_5c674a62aa12b11745d8,p0003,2026:4121820251299116453
c_5c674a62aa12b11745d8,p0003,2026:4121820251299133848
c_72bee3b135cc84fafaa8,p0012,2026:4121820251299390568
c_72bee3b135cc84fafaa8,p0012,2026:4121820251299390570
c_72bee3b135cc84fafaa8,p0012,2026:4121820251299390572
c_72bee3b135cc84fafaa8,p0012,2026:4121820251299390574
c_bf2cca26a88544bdcd1f,p0012,2026:4121820251299390576
c_72bee3b135cc84fafaa8,p0012,2026:4121820251299390578
c_5d63e693b133df68764a,p0015,2026:4121920251299489481
c_5d63e693b133df68764a,p0015,2026:4121920251299489483
c_dd05fcb5866322438262,p0015,2026:4121920251299513534
c_48d52fd38cd72bd4af64,p0002,2026:4122320251299629214
c_48d52fd38cd72bd4af64,p0002,2026:4122320251299629215
c_dcb61ff9a92a3152957c,p0003,2026:4122320251299629305
c_dcb61ff9a92a3152957c,p0003,2026:4122320251299629306
